global_signal	global_signal_derivative1	global_signal_power2	global_signal_derivative1_power2	csf	csf_derivative1	csf_derivative1_power2	csf_power2	white_matter	white_matter_derivative1	white_matter_derivative1_power2	white_matter_power2	csf_wm	tcompcor	std_dvars	dvars	framewise_displacement	rmsd	t_comp_cor_00	t_comp_cor_01	t_comp_cor_02	t_comp_cor_03	c_comp_cor_00	c_comp_cor_01	c_comp_cor_02	c_comp_cor_03	c_comp_cor_04	w_comp_cor_00	w_comp_cor_01	w_comp_cor_02	w_comp_cor_03	w_comp_cor_04	w_comp_cor_05	w_comp_cor_06	w_comp_cor_07	w_comp_cor_08	w_comp_cor_09	w_comp_cor_10	w_comp_cor_11	w_comp_cor_12	w_comp_cor_13	w_comp_cor_14	w_comp_cor_15	w_comp_cor_16	w_comp_cor_17	w_comp_cor_18	w_comp_cor_19	w_comp_cor_20	w_comp_cor_21	w_comp_cor_22	w_comp_cor_23	w_comp_cor_24	w_comp_cor_25	w_comp_cor_26	w_comp_cor_27	w_comp_cor_28	w_comp_cor_29	a_comp_cor_00	a_comp_cor_01	a_comp_cor_02	a_comp_cor_03	a_comp_cor_04	a_comp_cor_05	a_comp_cor_06	a_comp_cor_07	a_comp_cor_08	a_comp_cor_09	a_comp_cor_10	a_comp_cor_11	a_comp_cor_12	a_comp_cor_13	a_comp_cor_14	a_comp_cor_15	a_comp_cor_16	a_comp_cor_17	a_comp_cor_18	a_comp_cor_19	a_comp_cor_20	a_comp_cor_21	a_comp_cor_22	a_comp_cor_23	a_comp_cor_24	a_comp_cor_25	edge_comp_00	edge_comp_01	edge_comp_02	edge_comp_03	edge_comp_04	edge_comp_05	edge_comp_06	edge_comp_07	edge_comp_08	edge_comp_09	edge_comp_10	edge_comp_11	edge_comp_12	edge_comp_13	edge_comp_14	edge_comp_15	edge_comp_16	edge_comp_17	edge_comp_18	edge_comp_19	edge_comp_20	edge_comp_21	edge_comp_22	edge_comp_23	cosine00	cosine01	cosine02	trans_x	trans_x_derivative1	trans_x_derivative1_power2	trans_x_power2	trans_y	trans_y_derivative1	trans_y_power2	trans_y_derivative1_power2	trans_z	trans_z_derivative1	trans_z_derivative1_power2	trans_z_power2	rot_x	rot_x_derivative1	rot_x_derivative1_power2	rot_x_power2	rot_y	rot_y_derivative1	rot_y_derivative1_power2	rot_y_power2	rot_z	rot_z_derivative1	rot_z_derivative1_power2	rot_z_power2	motion_outlier00	motion_outlier01	motion_outlier02
851.1191941611041	n/a	724403.8826694472	n/a	780.5177839906423	n/a	n/a	609208.011125663	814.3004504142381	n/a	n/a	663085.223544831	806.3851119112377	708.2707406679789	n/a	n/a	n/a	n/a	-0.1670707981	0.1524512869	-0.0149216516	0.0309480261	-0.1279517476	0.0334315404	-0.1852501547	0.2706462843	-0.0026696524	-0.1123590523	0.1878348865	-0.0707869814	0.1242124528	-0.0006030386	0.2731344559	-0.1511636715	0.094960488	-0.0671444418	0.1097622858	-0.1638467512	0.0209025198	-0.0579657471	0.1071587251	-0.0495079563	0.0398005109	-0.0277232567	0.1358091201	-0.0370052501	0.0444666473	-0.050494172	0.1054396762	-0.0607211664	0.0867502749	-0.1478820819	0.0439734337	0.0752829415	0.1502280042	-0.093371879	0.0664350828	-0.052282207	0.1004987035	-0.2146233942	0.0691885948	-0.0256712342	0.3538245897	-0.0249052187	0.0188083643	-0.0568921655	0.1747016329	-0.0324902722	0.0875593286	-0.0172775787	-0.0073964755	0.1073987883	-0.1710330332	0.146159485	-0.0191340249	0.1641377183	-0.040216156	0.0650930991	-0.0225277384	0.0705891454	-0.0148111513	0.1687471147	-0.0907372973	-0.2772429886	0.1030783469	-0.0226094037	0.1545270959	-0.1464716186	0.0302874334	0.0535092333	-0.2140426289	0.1542846719	-0.1605593277	0.0236660817	-0.3097398136	0.0515472194	-0.0079585225	0.1510461182	-0.004524665	0.114389702	0.1144062418	-0.2605434068	0.1057493456	-0.3491304883	0.1818231123	-0.0666774116	0.0003820862	0.1290883846	0.1290552057	0.1289999139	-0.0002730704882338	n/a	n/a	7.456749154424592e-08	-0.0238154705942008	n/a	0.0005671766396232	n/a	-0.2756998986437082	n/a	n/a	0.0760104341121509	0.0003210003216152	n/a	n/a	1.0304120647706184e-07	-0.0009950002489875	n/a	n/a	9.900254954851867e-07	1.5979466676238946e-07	n/a	n/a	2.5534335525703097e-14	0.0	0.0	0.0
849.495779704474	-1.6234144566301438	721643.0797357121	2.635474497995745	768.1442907448583	-12.37349324578406	153.1033351034638	590045.6514039213	815.0871504161366	0.7867000018985664	0.6188968929872043	664367.0627734978	807.9020874780072	701.3309725882515	1.400561	20.44058	0.1688466849426665	0.0914492142776282	-0.1315557861	0.0576163924	-0.0305567004	-0.0191148177	-0.0681186794	-0.0059214807	-0.087240745	0.1848513242	0.1489578623	-0.0749428762	0.1853415063	-0.0770689844	0.1521990748	-0.1248645624	0.1101467675	-0.1814630417	-0.0769432716	-0.0952621512	-0.0425290792	-0.1144803544	0.1480523672	-0.0278540281	0.1613399813	0.0937702433	0.1335626744	-0.1049363429	-0.0628718986	-0.0163377485	-0.0199618193	-0.0345323764	0.0370767063	0.0116315821	-0.0600716271	0.221000967	0.1142058062	-0.0575237768	-0.0502777001	0.0763566537	-0.0240359352	-0.0234581823	0.0569716342	-0.2023052528	0.0629270223	0.1455712829	0.220637577	0.1262180963	-0.0846743413	-0.1366122507	-0.0222923208	-0.0591829986	0.0783827131	-0.2099907801	0.2396713642	0.0640420121	-0.0898383943	0.0956981412	0.1762798913	-0.2084702297	0.065823812	-0.0373767577	-0.0521374879	-0.1306920477	0.0504955434	-0.064774409	-0.1301692334	-0.3153860717	-0.038175569	0.1289008458	0.1523248732	-0.1778210319	0.0621606195	-0.0607949575	-0.0365749217	-0.1616758502	-0.1154992964	0.1359414007	-0.2908068255	0.1098682947	-0.0829114723	0.0979509449	0.0951846189	0.0862994689	0.1091876188	-0.1313580548	0.0954040997	0.400320106	-0.132530733	0.0580096609	-0.0109152847	0.1289999139	0.1287014744	0.1282045865	-4.9670205228835584e-05	0.0002234002830049	4.99076864466982e-08	2.467129287474646e-09	0.032771771802416	0.0565872423966168	0.0010739890270696	0.0032021160020534	-0.2727218490258565	0.0029780496178516	8.868779526386638e-06	0.074377206936082	0.000855550958594	0.0005345506369788	2.857443834944408e-07	7.319674427511124e-07	0.0002658354703095	0.0012608357192969	1.589706711055183e-06	7.066849727467306e-08	-0.0003856137019613	-0.000385773496628	1.4882119070064168e-07	1.486979271402983e-07	0.0	0.0	0.0
849.3422979369511	-0.1534817675228623	721382.3390648207	0.0235566529619419	763.055695066516	-5.088595678342244	25.893805977643368	582253.9937734439	816.2469841364957	1.1598337203590745	1.3452142588819718	666259.1391119247	808.7533118129762	691.7660650223021	1.440928	21.029715	0.211332660311044	0.1217191020915938	-0.0835745206	0.0099799452	-0.2125843538	-0.0700933848	-0.0136139881	-0.0484098006	-0.163827465	0.0753779227	0.1036371621	0.0976260076	0.1190502756	-0.0568853836	-0.0669841628	-0.0790833356	0.0864433628	-0.1765047495	-0.1294679129	-0.0462423771	-0.0783176585	0.1213642903	0.0394659818	-0.174012246	0.1558376051	0.198271565	-0.1082035134	-0.1108512417	-0.1642473659	0.0901440194	0.0652066593	0.0321292282	-0.0511232288	0.0657837845	-0.0627163725	0.0361870228	-0.0701333284	-0.1427991789	-0.0002954497	0.1037282935	-0.032154104	0.1260882617	-0.0209800957	-0.0215211759	0.1295334149	0.0702642279	0.1615042729	0.1514023573	-0.1524334703	-0.042633306	0.0066396081	-0.002288836	-0.0114710676	0.0562666524	0.2913520282	-0.1316643873	0.0529741764	0.0524940186	0.0306715791	-0.0403012847	0.0392149997	-0.1565073726	0.005535397	-0.0538779806	0.0683788845	-0.0992074916	0.1525336038	-0.184604092	0.1453501937	0.2233489361	0.080132997	-0.0627855978	-0.0923350843	0.0560342317	-0.0297018803	-0.0078039767	0.0115400623	-0.0054910959	-0.113817882	0.0618597478	-0.002489068	-0.0563947865	0.0373737372	-0.3808171404	-0.0216662367	0.2537772534	-0.011896127	-0.0290688392	-0.2379322542	0.1891871906	-0.1381040173	0.1288230331	0.1279949812	0.1266188352	-8.584633393127206e-05	-3.617612870243647e-05	1.308712287895248e-09	7.369593049439472e-09	-0.0729332694173336	-0.1057050412197496	0.0053192617879013	0.0111735557392689	-0.2338953597137845	0.038826489312072	0.0015074962723004	0.0547070392956406	0.0004649098878785	-0.0003906410707155	1.526004461297523e-07	2.1614120384719947e-07	-0.0005960700050315	-0.000861905475341	7.428810484227953e-07	3.552994508982525e-07	-0.0003028611750074	8.275252695390001e-05	6.847980717255948e-09	9.172489132686297e-08	0.0	0.0	0.0
845.7925388878807	-3.549759049070417	715365.0188384072	12.60078930645731	756.3526248035815	-6.703070262934489	44.93115094983664	572069.2930472674	815.3854944871089	-0.86148964938684	0.7421644160006605	664853.5046199871	807.6841729534559	685.0770356844342	1.282433	18.716558	0.1772014314767724	0.1132792100271316	-0.035337064	-0.0292817684	-0.1206706538	-0.1827910138	0.0856397986	-0.1671299703	-0.1279064316	0.0675143274	-0.0030501092	0.0849463129	0.2069473201	-0.0783005779	-0.0993772298	0.0413892255	0.1649099228	0.0162101421	-0.1177871376	-0.0513768915	-0.0713138902	0.1081832632	-0.0752615511	-0.0616926351	0.05969324	-0.0078439901	-0.0687039009	-0.1300257606	0.0829401279	-0.057106137	0.2028866172	0.0559467685	0.0052022718	-0.0123682035	-0.0599413691	0.0872003071	-0.0293185636	0.079958883	0.0156330717	0.0063767186	-0.0643163782	0.1697811464	0.0362174548	-0.0911402539	0.1678684082	-0.024660214	0.1114112887	-0.0864231734	-0.0856152362	-0.1442856895	-0.0227755879	0.0214062647	0.037272392	0.1537383358	0.0523025329	-0.1536543485	0.0558060554	0.1360492491	-0.0651783504	0.0115402461	-0.0455147541	0.1164640472	-0.1010655544	-0.0260183374	-0.0935370113	-0.0991518243	0.0035225947	-0.1336383144	0.1338606819	0.106841832	0.0351671364	0.0285991012	0.1655692655	0.1263095714	0.1006675726	0.1964685883	0.0698283299	0.062560033	-0.0407747911	0.1005498533	-0.0373996775	-0.1201307207	-0.062414415	0.0060959348	-0.0563994705	0.0544989186	0.0483089258	0.0823154836	0.0838564199	-0.0309823292	-0.0162817442	0.1285578634	0.1269376627	0.1242524367	-0.0046743675227958	-0.0045885211888645	2.1054526700658743e-05	2.1849711738168145e-05	0.0160824731003828	0.0890157425177163	0.0002586459410245	0.0079238024159803	-0.1737084959068369	0.0601868638069476	0.003622458574916	0.0301746415502155	2.6900735902720763e-05	-0.0004380091519757	1.918520172145413e-07	7.236495921079298e-10	-0.0005960040805956	6.592443590005582e-08	4.346031248740569e-15	3.552208640866065e-07	-0.0003329921778606	-3.0131002853200017e-05	9.078773329395475e-10	1.108837905163455e-07	0.0	0.0	0.0
845.7448578202795	-0.0476810676011609	715284.3645294448	0.0022734842075864	751.760482685678	-4.592142117903563	21.087769231023824	565143.8233278035	814.6404457509445	-0.7450487361643354	0.5550976192600735	663639.0558532976	806.58602806911	656.1336971615988	1.47688	21.554424	0.1361844957856455	0.0717206012707781	0.011144591	-0.0988686943	0.0311825212	-0.1316890149	0.0524918898	-0.1039081371	0.0590658587	-0.0403051189	0.1683604408	-0.1072814958	0.2045489367	-0.1336091164	0.0749520106	-0.1523221462	0.0199431781	0.141544505	0.0574134528	0.0726606017	-0.1403614993	0.0061937367	0.0886432404	0.0485402315	-0.0996681431	0.1074503263	-0.0612079302	-0.0285579443	-0.1739679078	-0.1416408189	0.0400583036	0.1324507794	0.0250290316	-0.0899553922	-0.0966938629	-0.2041801414	0.0570449073	0.1183992375	-0.1165202724	0.0377015096	-0.0316108267	-0.0244606255	0.0155838588	-0.2237279065	0.1564504933	0.1710213382	-0.0305912639	-0.1166182952	0.0878322758	0.0124140019	-0.126632721	-0.1052455089	-0.0867229768	0.0712186	-0.0241967889	-0.1017867898	0.1326448935	0.0324082932	0.0948041312	-0.1158601042	-0.1035347154	-0.0591519733	0.0159821515	0.2110911121	0.1634256421	0.0125802721	-0.0193255511	-0.1257707013	-0.1243856193	0.1140639879	-0.0117955718	-0.0475031834	0.0307169462	0.0904144567	0.1794911607	0.0114033604	0.053782147	-0.1709172448	0.0556596839	-0.007176426	-0.16528964	0.1248448988	-0.0902057346	-0.036939367	-0.1180794042	0.0449914858	-0.1016781472	-0.0573803778	0.0009607976	-0.0565702019	0.0777596129	0.1282045865	0.1255324169	0.1211199807	-0.0219021659708857	-0.0172277984480899	0.000296797039368	0.0004797048742162	-0.0427026967499273	-0.0587851698503101	0.0018235203097162	0.0034556961943298	-0.1459275470600687	0.0277809488467682	0.0007717811188267	0.0212948489909685	-0.0002880002317971	-0.0003149009676998	9.916261945828357e-08	8.294413351518334e-08	-0.0005959999076328	4.172962799961488e-09	1.7413618529862424e-17	3.5521588989830617e-07	-8.574571367368258e-08	0.0003329064321469	1.1082669256479607e-07	7.352327413409156e-15	0.0	0.0	0.0
849.5001692583918	3.755311438112244	721650.5375700362	14.102363997216653	754.1876944215505	2.427211735872561	5.8913568107574905	568799.0784168941	815.8155169017695	1.1750711508249196	1.380792209501001	665554.9576177013	808.3431896115137	665.9004098952763	1.273511	18.586344	0.0490716112967979	0.0337039163958627	-0.0491806631	-0.1096965954	-0.0191243871	0.0944783966	-0.0382175204	-0.0513668494	0.0408656838	-0.0507932117	-0.0490477423	0.0078241578	0.0618964822	-0.2073141327	-0.1010985939	-0.0760540417	0.0750842348	0.0323214452	-0.092318409	0.1639685868	0.072125452	-0.0049849069	0.0721621971	0.0854554348	-0.0484127596	-0.0194625978	-0.0265391249	0.0542462245	0.1033845044	0.0788083559	0.0502735822	0.1102092671	0.0255614706	-0.0021444454	0.1291650475	-0.0741081036	-0.0561538109	0.0121672278	0.0068334561	0.1149457244	0.15183262	0.0242003686	-0.1464788598	-0.0503346733	0.2141183893	-0.0075930126	0.0154122768	-0.0595640472	-0.1410988937	0.1778664172	-0.0219581461	-0.0808090957	-0.0662566105	0.0833364723	-0.1358754034	0.0754140359	0.0180260475	0.0210036877	-0.0443422442	0.108234082	-0.0216034113	-0.1087713772	-0.0056502154	0.0756943284	-0.0457105345	-0.0288537829	0.1253570891	-0.0966398209	0.1315213734	0.0520405559	-0.0126055848	0.024513445	-0.0753694603	0.0180059669	0.1665616002	0.069338218	0.1012723252	-0.1690557535	-0.0154465606	-0.1115180846	-0.0194841864	0.0404795171	-0.0286357877	-0.0151226824	-0.1054464292	0.0645074267	0.031477485	-0.0436336095	0.0280532722	-0.0335178721	0.0052640276	0.1277634447	0.1237830955	0.1172407796	-0.0219106484409508	-8.482470065102055e-06	7.195229840535246e-11	0.0004800765151029	-0.069890866088528	-0.0271881693386007	0.0048847331626045	0.0007391965519844	-0.1520477710453462	-0.0061202239852775	3.745714162996608e-05	0.023118524679858	2.699999815207951e-05	0.0003150002299491	9.9225144868036e-08	7.28999900212297e-10	-0.0005959994281234	4.795094000684118e-10	2.299292647539683e-19	3.5521531832341977e-07	8.254884839726249e-09	9.400059851340884e-08	8.836112520879081e-15	6.814312371714226e-17	0.0	0.0	0.0
851.5334434210343	2.033274162642556	725109.2052644839	4.134203820469787	761.6132281514622	7.425533729911649	55.13855117405561	580054.7092952912	816.976439168937	1.160922267167507	1.3477405104053446	667450.5021571558	809.6135554794438	689.4030497490413	1.017908	14.85593	0.075105796166021	0.0489149032832358	-0.1296560798	-0.0538536734	-0.1051912114	0.0134990386	-0.0744100122	-0.104664265	-0.1100620145	-0.0378208274	-0.065408686	0.0872139005	0.020513735	-0.1276290035	-0.0687228934	-0.0365950855	0.189006168	0.0177531751	0.0381180882	0.0509436819	0.0144030565	-0.1149253191	-0.0275048879	-0.0309183492	-0.0911654035	-0.2647340469	0.0292136535	-0.0515838496	0.0631877999	0.0721754787	-0.2214528701	-0.11921681	-0.0928924618	0.1555098323	-0.0603341614	-0.0118230857	-0.0835251117	-0.1338374126	-9.9956e-06	-0.2626878099	-0.0162679354	0.0873776454	-0.1108719	-0.0009382759	0.1073707176	-0.020206601	0.0693058024	-0.1323821113	0.0219877201	-0.0321447112	-0.0632060581	-0.0434275985	0.0906994258	0.0382381049	-0.2459849316	0.1613062144	-0.0548114571	-0.0765856096	0.0168097678	-0.0526888339	0.0932841202	0.0767392627	0.0512552687	-0.2389795862	-0.1430447098	0.0843835976	-0.1678206906	-0.1146832265	0.0876733498	0.0378336461	-0.0257097038	0.1279423919	0.0112478061	0.0568216158	0.0998239439	0.085823416	0.1276197518	0.0460755145	0.0817032465	-0.1209822415	-0.0034264651	0.0421992783	-0.0100204917	0.0004427929	-0.0146584611	0.0672345335	0.0122943307	-0.0475551301	0.0851398896	-0.1802822453	0.044085764	0.1272347401	0.1216944932	0.1126387502	-0.021884952483802	2.569595714880038e-05	6.602822137929854e-10	0.0004789511452182	-0.0268118856611181	0.0430789804274099	0.0007188772127048	0.0018557985546651	-0.1520937295186826	-4.5958473336410455e-05	2.112181271413551e-09	0.0231325025589021	-0.0002720251762704	-0.0002990251744224	8.94160549383943e-08	7.399769652494219e-08	-0.000386982084473	0.0002090173436503	4.36882499466694e-08	1.4975513370306814e-07	-0.0001310524532048	-0.0001310607080896	1.7176909204957753e-08	1.717474549099629e-08	0.0	0.0	0.0
847.221626359908	-4.311817061126362	717784.4841719276	18.59176636862038	757.2103319616126	-4.402896189849571	19.38549485859187	573367.4868294155	816.9352514885755	-0.0411876803614177	0.0016964250135543	667383.2051247022	808.504868285124	680.3714064492119	1.239035	18.083179	0.0814717979799399	0.0372440811796364	-0.0743656654	-0.0340768712	0.0078319272	-0.1625199212	-0.0083636896	-0.1123505393	-0.0375586122	0.0625292774	0.073262096	0.0304593205	0.0252583163	0.0004825565	0.1680753054	0.0122010948	0.0605702275	0.0151394177	0.2237850068	0.0135019032	0.0299385477	-0.0699009651	-0.100057763	-0.0333984155	-0.0367717055	-0.0237265615	-0.0642877839	0.0476020101	0.0446222571	-0.1330735144	-0.1001543495	-0.0963401263	-0.0972101774	0.1726573601	0.1690494689	-0.0488444669	0.1469248711	0.009474278	-0.010568564	-0.0176749878	0.1094696916	0.0389824382	-0.0048172347	-0.1170612096	-0.0814109866	0.0382743509	0.0712944114	-0.088704398	0.2242435813	-0.0135929964	-0.0368313399	0.0162851014	0.065302457	0.0506195042	-0.0448589805	-0.0560920557	-0.0858088701	-0.0781270038	0.0400395562	0.1366086511	-0.0818736647	0.0143336183	0.0117722153	0.0135160908	-0.1881080947	0.1569244279	0.019158356	-0.0855209692	-0.0594812204	-0.0031316461	-0.0542068299	-0.011551557	0.1080249648	0.1534900817	-0.0507228731	-0.0338705522	-0.0331367506	0.0511637037	0.1849350747	-0.012001107	0.0010872884	-0.0106030391	-0.088554404	0.0552839183	0.0007845051	0.0813513077	-0.1164977356	0.1006351349	0.1069687367	-0.0615689915	0.1410766349	0.1266188352	0.1192723348	0.1073422654	-0.0004365479104535	0.0214484045733485	0.000460034058742	1.9057407812131705e-07	-0.0268686222681111	-5.673660699300268e-05	0.0007219228625864	3.21904257307844e-09	-0.1303739128480003	0.0217198166706823	0.000471750436208	0.0169973571512979	2.698706649048604e-05	0.0002990122427608	8.940832132089503e-08	7.283017577619144e-10	-8.700407034756275e-05	0.0002999780141254	8.998680895864104e-08	7.569708257043646e-09	-0.0002969989988968	-0.000165946545692	2.753825602710705e-08	8.82084053457014e-08	0.0	0.0	0.0
847.3793803415392	0.157753981631231	718051.814228011	0.0248863187205067	753.6459570251055	-3.564374936507079	12.704768687999843	567982.2285402872	817.6767521762036	0.7415006876281041	0.5498232697529511	668595.2710494248	809.724929380811	654.2604157356989	1.18545	17.301134	0.0448063821645956	0.0268235218366401	0.0163441138	-0.0727134991	0.1102534133	-0.0824927639	-0.0025917892	-0.0282169189	0.1409438552	0.0114691021	0.0920440334	-0.0122033746	-0.0265769517	-0.0227185433	0.1569648448	-0.0515682991	-0.0969278577	0.0022336091	0.0685857968	0.0727412802	-0.0063619322	0.0708481447	0.0196375526	0.2043574918	0.0681596684	-0.0232400285	0.0231803681	-0.1004587766	-0.1037118976	0.0780204879	-0.0605012658	-0.0305414045	0.0533413993	-0.1159797569	-0.0311997097	0.1087675846	-0.0405641192	-0.0055378579	0.1511607931	-0.0338193476	0.1732314956	-0.0475013776	-0.0297690007	-0.070475487	-0.0894449329	0.0873908502	-0.0091172092	0.0476891555	0.0640185876	0.0413322907	-0.0440449381	0.0520187736	-0.1428964143	-0.072407734	-0.0322647578	-0.1735491891	-0.1066691165	0.0831182637	-0.0188852053	-0.1024976309	0.0879592989	-0.0657985711	0.0442652757	0.1178615723	0.103360086	-0.0122682195	-0.0567212773	-0.0338731084	-0.0771233662	0.0058532786	-0.0327172834	-0.1019184999	-0.0979443145	0.0181632229	0.0737909361	-0.1746601795	-0.0117606929	-0.1005817585	0.1003406265	0.0421154398	-0.0189023266	-0.0116473621	-0.0714936785	0.0333657671	-0.0080977905	0.1749255422	-0.1107147005	-0.1189871963	0.0088184314	-0.0203704572	-0.0647046434	0.1259161521	0.1165232592	0.1013839798	0.0007290425904074	0.0011655905008609	1.358601215697164e-06	5.31503098627932e-07	-0.0511116910522133	-0.0242430687841021	0.0026124049622169	0.0005877263840707	-0.1251768689200503	0.0051970439279499	2.7009265589041748e-05	0.0156692485126274	0.0002079780045754	0.0001809909380849	3.2757719668857166e-08	4.325485038716511e-08	-0.0001200381483232	-3.3034077975637255e-05	1.0912503077004822e-09	1.4409157052862564e-08	-0.0003669875618699	-6.998856297309999e-05	4.8983989470395835e-09	1.346798705672137e-07	0.0	0.0	0.0
848.6736021484213	1.294221806882092	720246.8829835769	1.6750100854091472	761.019230272946	7.373273247840416	54.36515838731916	579150.2688452271	817.7539129987232	0.077160822519545	0.0059537925318927	668721.4622247233	809.9072718596656	673.9710877585032	1.227355	17.912708	0.0657727940838834	0.0390651689806522	-0.0179371067	-0.0109420491	0.1098850159	0.0561415366	-0.0382321721	0.0047014037	0.0399411687	0.0236479293	-0.1123349192	0.0264695259	-0.0496368538	-0.0327826285	0.0118633024	0.1221486001	-0.0178374095	-0.0020559226	0.1210436718	0.158115373	-0.096849295	0.1574022787	-0.0368525936	0.0592533446	-0.1535859355	-0.0437896514	0.0597190534	-0.0765873041	-0.0137223575	-0.0718283011	0.0351016084	-0.0640073665	-0.0285806423	-0.0771328914	0.0898181476	-0.1998562657	-0.0531598018	-0.0044169389	0.1198487792	0.0330453158	0.0141994831	-0.0082518618	-0.0533384943	-0.0289867564	-0.0210237529	-0.119408677	0.014941038	0.0572524143	0.0797896854	0.1629167859	-0.052729347	0.1160406977	-0.1136415606	0.0707184219	-0.0425828546	-0.072108182	0.1356276186	0.0697556741	-0.0946677879	-0.0383254146	0.0798510176	0.1101710837	0.001708793	0.1371463879	-0.048814562	0.0436679055	-0.0026615116	0.0184020882	0.1026276123	-0.0896930687	-0.0483524764	-0.0583917617	-0.057145547	0.0276940655	0.0083416228	-0.091433403	-0.0552019225	-0.1259744465	0.0854193608	-0.0753059096	0.0618559845	-0.052978601	-0.0244789023	-0.0118977143	0.0537449602	0.0965479469	0.0509024724	0.0359326236	0.0254087544	-0.0296987835	-0.0625809417	0.1251271724	0.1134548014	0.0948006283	0.0007158728661522	-1.3169724255200023e-05	1.7344163695800384e-10	5.124739604929656e-07	-0.0755327624809325	-0.0244210714287192	0.0057051982080009	0.0005963887297266	-0.0956893372139262	0.0294875317061241	0.0008695145261196	0.0091564492564404	0.0002540017539017	4.602374932629997e-05	2.118185502050097e-09	6.451689098513977e-08	8.945052486497573e-06	0.0001289832008096	1.6636666091114773e-08	8.00139639861964e-11	-0.0004290010362296	-6.201347435969999e-05	3.845671002161168e-09	1.840418890860706e-07	0.0	0.0	0.0
847.8809407449788	-0.7926614034424802	718902.0896785903	0.6283121005074023	764.2044523866384	3.1852221136924754	10.14563991355556	584008.4450475619	816.7123252896463	-1.0415877090769072	1.0849049557000798	667019.022280021	810.0581313456386	679.2498164101253	1.192121	17.398491	0.0990700789410484	0.0529979376206611	0.0281075242	0.1234809039	0.0008283868	0.0757117108	0.0090309019	0.1056149599	-0.0368530835	0.0170970508	-0.0862644792	-0.0894656146	0.0239479985	0.0493963979	-0.0756639666	0.0869234524	0.0076831229	0.0569871628	0.0001703404	0.0562710608	-0.0209681551	0.0633113136	0.0113497473	0.1600843705	0.0439175835	0.0001501712	0.0983422893	0.0838840388	0.114063546	0.1698936319	0.0309421275	-0.0203413068	-0.0049183863	0.0368845709	-0.0011349333	0.0677579509	-0.0032757639	0.0126340834	-0.0078757773	0.0463385618	-0.0255667975	-0.0611784253	0.0882689922	0.0175166519	0.0315452547	-0.1074972806	-0.0110693016	-0.0186358972	-0.0376280582	-0.0156757553	-0.0579228682	0.0562780999	-0.1406506468	-0.1300258782	-0.0981050675	0.039744636	0.0204027438	-0.0284191299	-0.0731795438	0.0685359625	-0.0171220986	0.0504357587	0.0858573228	-0.1249371602	0.0302492589	0.0125804577	0.0019871733	0.0597875995	0.039058518	-0.1286358176	0.0915639385	0.0202109246	0.0479813902	-0.0107801405	0.0186871829	0.0334520315	-0.0060921046	0.0047007711	0.1376525202	-0.0528944815	0.0487649488	-0.0102031249	0.0568454318	-0.050996554	0.0551152146	-0.0680730535	-0.022308119	-0.0684877421	-0.0053475696	-0.0092772872	-0.1623660025	0.1242524367	0.1100753719	0.0876327994	0.0006663326919209	-4.954017423130001e-05	2.454228862867561e-09	4.43999256322553e-07	-0.0323723287159936	0.0431604337649389	0.0010479676664963	0.0018628230427776	-0.0778317509886079	0.0178575862253183	0.0003188933857946	0.0060577814619526	8.399995132103056e-05	-0.0001700018025806	2.8900612880676905e-08	7.055991821935503e-09	0.000169999640168	0.0001610545876815	2.5938580213258752e-08	2.889987765724948e-08	-7.0509605733416625e-09	0.000428993985269	1.8403583939700185e-07	4.971604500681859e-17	0.0	0.0	0.0
847.7378562914685	-0.1430844535103688	718659.4729896544	0.0204731608363608	759.148203958601	-5.056248428037407	25.565648166030744	576305.9955735697	816.9699994037392	0.2576741140928789	0.0663959490735499	667439.9799257455	809.9182629041435	663.9720785163697	1.067277	15.576451	0.0305247449852604	0.0171035983456925	0.0604583212	0.1313986403	-0.021691695	0.0056249782	0.0161416932	0.1825175089	0.0038182048	0.0134355819	0.0417093666	-0.1228721196	-0.0070809358	0.0683846713	-0.1126682988	-0.0325758137	0.0048357757	0.0930762734	-0.1259952717	0.0408916641	-0.0895205047	-0.0521451481	0.069452527	0.0468668633	-0.1122263095	-0.0185883262	-0.0394066311	0.1120448968	-0.1686892953	0.0336499821	-0.0806134521	-0.1450828122	-0.0736642471	0.042201448	0.1744054748	0.0538257506	-0.0146805253	0.025802665	-0.1572223693	0.1271109167	-0.0006537505	-0.1120203183	0.0856112766	0.1042107795	0.0787462357	0.0064423227	-0.0359287385	-0.0518216138	-0.1335429683	-0.0301565303	-0.0514619229	-0.0906845211	-0.0119297015	-0.0233404394	-0.0017366925	0.0907273545	0.017080345	-0.2471835074	-0.092758985	-0.0692915231	0.0344605597	-0.0886582171	0.0963290258	0.0679031833	-0.0710744245	0.0314278919	0.1371417707	0.0570228167	-0.1027501696	-0.0534285995	0.1152434995	0.024868839	0.0741177401	-0.0255716117	-0.0322401905	0.0677558562	0.0630011809	-0.0019015992	0.127220997	-0.129939563	0.021482378	-0.0592947956	0.0630087409	-0.027903102	0.1903874079	0.0780667209	-0.2007422068	0.0129697142	-0.0131809452	0.1102943386	-0.019236173	0.1232925447	0.1063942335	0.0799246852	0.0006805847937982	1.425210187730008e-05	2.031224079209404e-10	4.631956615493385e-07	-0.0320729544790907	0.0002993742369028	0.0010286744090178	8.96249337211926e-08	-0.0641728278153124	0.0136589231732954	0.0001865661822539	0.0041181518298137	0.0002120145823987	0.0001280146310776	1.638774576995181e-08	4.495018314969515e-08	0.0001559800162549	-1.4019623913099992e-05	1.9654985466476516e-10	2.4329765470878865e-08	-0.0001890167054335	-0.0001890096544729	3.5724649483975126e-08	3.57273149329345e-08	0.0	0.0	0.0
849.673443928752	1.935587637283561	721944.9613177461	3.746499501604958	761.9930412753316	2.8448373167306045	8.093099358662986	580633.3949520292	818.7200549509226	1.7500555471834789	3.062694418227665	670302.5283788418	811.6553399708646	672.9615362712315	1.027198	14.991509	0.0619795680482765	0.0344396153028985	0.0249859017	0.1369197356	0.0655023477	0.0635054943	-0.0660296058	0.1324276413	0.0431279433	-0.0398587988	0.0643674899	-0.0737801984	-0.1525682621	0.1057034106	-0.0279022547	-0.0831912086	-0.0376796623	0.0651663212	-0.1195673711	-0.0277738811	0.0346069103	-0.1111601605	0.0327473349	0.078114575	0.1270632645	-0.1115576396	-0.1768707123	0.1765541603	0.0415378308	-0.0774020254	-0.0272339787	0.1734163181	0.0571768903	-0.0925214335	-0.0823054293	0.1564744198	-0.0312802102	0.0544785609	-0.1345431672	-0.0538361342	-0.0758202077	-0.1323891024	0.0004095414	0.1532656085	-0.0593209831	0.0595346058	-0.0425599554	-0.0224373139	-0.1102761118	-0.0173659665	-0.0007385177	-0.0854533516	0.0786717337	-0.0425346406	-0.0885992376	0.0477048795	-0.1574547371	-0.1630610616	-0.0079269979	0.0755136583	-0.0343680211	0.0308320663	-0.0937273543	-0.0226566392	0.1171042289	-0.1879698959	0.1303649201	0.0449118617	-0.1230710907	-0.0797031555	0.0597113779	-0.0262022719	-0.06812895	-0.1010992254	0.0295404506	0.060624652	0.0402610729	0.027517163	0.0309989212	-0.1623774125	0.1415544927	-0.1027278172	0.0735146691	-0.1004543444	-0.0014566185	-0.0480506328	-0.1648262939	0.086412484	0.0102235087	-0.0718871737	-0.005380361	0.1222481541	0.1024214758	0.0717238087	-0.0136070656947424	-0.0142876504885406	0.0002041369564826	0.000185152236821	-0.061101239438372	-0.0290282849592813	0.0037333614609052	0.0008426413276772	-0.0640112429009178	0.0001615849143946	2.6109684559912788e-08	0.0040974392177202	0.0003350436209766	0.0001230290385779	1.5136144333402405e-08	1.1225422795711161e-07	0.0003219548140833	0.0001659747978284	2.7547633514178263e-08	1.0365490231141228e-07	-0.0002700538227484	-8.103711731489999e-05	6.567014382708863e-09	7.292906718102425e-08	0.0	0.0	0.0
849.8780865354745	0.2046426067224729	722292.7619731994	0.0418785964861687	766.1759353996123	4.182894124280665	17.49660325494171	587025.5639854709	818.9648304008771	0.2447754499544316	0.0599150209003944	670703.3934335373	811.9650380032122	671.8744986397879	0.8772149999999999	12.802569	0.0523675591224813	0.0277653138455355	0.0021511079	0.0861339691	0.0428716146	0.1502655891	-0.0962890284	0.1535145706	0.0024876361	-0.0557643255	0.0259345002	-0.0261100601	-0.1701491338	0.1518904175	0.0618422647	-0.0368311654	0.0260130812	0.0410181323	-0.1135074861	0.0011354456	0.1035451725	-0.0319664068	0.0337326612	-0.082867388	-0.0496358963	-0.0584917788	0.0124969705	0.1073112409	0.043019118	-0.0345607462	0.0139452938	-0.1244017352	-0.0257749699	0.0898177825	-0.0087383641	0.0079210587	0.087931459	0.1303209097	0.2034097861	-0.2007479763	-0.0865102343	-0.0950279536	0.0085771604	0.1608592218	-0.1796888807	0.0421550386	0.0094076839	-0.0469955345	-0.0947901344	0.0350021115	0.0463447792	-0.0898322491	0.0587198287	0.0335350765	-0.0046401112	0.097818445	0.0290748073	-0.0440566852	0.0105263106	0.0783605464	-0.0674754107	0.0184797114	0.0196984268	0.0936743429	-0.071118834	-0.034433782	-0.1424773183	0.0509240064	-0.1069410494	-0.107871262	0.0316540024	0.01576729	-0.1004618744	-0.140573734	0.040820988	0.074086051	-0.0206160986	0.0327274662	0.0052377213	-0.1422017129	0.096796034	-0.1106131138	0.1019743443	0.0248863	-0.0252717623	-0.0506951726	-0.0593906468	-0.0896041831	-0.077019108	-0.0631691347	-0.0187601524	0.1211199807	0.098167988	0.063080731	-0.0228456816587367	-0.0092386159639943	8.535202493017032e-05	0.0005219251704523	-0.0542935999786209	0.0068076394597511	0.0029477949986385	4.634395501396028e-05	-0.0478138445909905	0.0161973983099272	0.0002623557120104	0.0022861637345713	2.7557901034725937e-05	-0.0003074857199418	9.45474679681726e-08	7.594379094397487e-10	0.0003899957589081	6.80409448248e-05	4.629570172651478e-09	1.5209669196630488e-07	-0.0002970052657579	-2.6951443009500008e-05	7.263802802943267e-10	8.82121278879208e-08	0.0	0.0	0.0
849.9985786494992	0.1204921140247279	722497.5837061689	0.014518349542148	764.9178655739598	-1.2580698256524556	1.5827396862172	585099.3410742225	818.6323538834675	-0.3324765174095319	0.1105406346287707	670158.9308247869	811.6876124358374	680.6407831131465	0.978319	14.278146	0.0420288209972072	0.0229559061091221	-0.0147662019	0.0816941855	0.0589069829	0.1717926085	-0.0661194649	0.1242237776	0.0179909391	0.0200132621	-0.0621713163	-0.0410748594	-0.1593445133	0.1263949679	0.0535060631	0.0534488691	-0.0167887072	-0.0856006936	-0.1631719399	0.0132451054	0.0562876278	0.0370652624	0.0948052589	-0.0371272259	-0.0312847504	-0.0097705107	0.0454092794	0.0928149482	0.07828538	0.0790402153	-0.0583326415	0.0766715463	0.0086429802	-0.0459559836	-0.0508499679	-0.0991906072	-0.0186572445	-0.0373211954	0.0331480007	0.1455673998	-0.195075326	-0.091990202	0.0285172838	0.12392994	-0.1710461088	-0.0414724188	0.0093280482	0.078657051	-0.1355210931	0.0371998054	0.032883623	-0.0111654883	-0.0556582417	0.0122073122	-0.0785125114	0.0512165325	0.0123403378	0.0012080885	0.0852556267	-0.0120714275	-0.0379136118	-0.0347525704	0.0365595304	-0.1163825999	0.0524329586	-0.0375301004	-0.0612713577	0.0666556997	0.0220209875	-0.1438899372	-0.000708941	0.0115819397	-0.1191999832	-0.1571686962	0.0713893569	0.0791512348	0.0269945265	0.1044169422	0.0070750101	-0.034570674	0.1370726994	-0.0004624685	0.0515707842	0.0433807173	-0.1614787619	-0.029123399	0.040374613	-0.0224626529	0.0055948726	-0.0241121936	0.082074933	0.1199087977	0.0936454286	0.0540487397	-0.019589742695814	0.0032559389629227	1.0601138530278146e-05	0.0003837580188881	-0.0454277564032992	0.0088658435753216	0.0020636810518374	7.860318230207303e-05	-0.0478975145680635	-8.366997707300039e-05	7.000665063396411e-09	0.0022941719017978	0.0001840017427645	0.0001564438417297	2.4474675615170597e-08	3.3856641340373226e-08	8.967441733176429e-06	-0.0003810283171749	1.4518257848915418e-07	8.041501123791427e-11	-0.000356000476491	-5.899521073310002e-05	3.48043488944288e-09	1.2673633926181904e-07	0.0	0.0	0.0
849.7010071525532	-0.2975714969460341	721991.8015560632	0.0885487957947036	763.4960388081186	-1.4218267658412742	2.0215913520626576	582926.2012756881	819.1748538567692	0.5424999733016875	0.2943062210323316	671047.4411912592	812.0360201496724	669.6681599919758	1.046078	15.267054	0.0692853127997149	0.058477293615029	-0.0207948436	0.0224905705	0.0942160574	0.0426510234	-0.0212285545	0.0687310603	0.0644397651	0.049932026	-0.0072947511	-0.0196221183	-0.1278422434	0.0639354378	0.0277015037	-0.0282505849	-0.1083901516	-0.0761362432	-0.0488853456	0.0895701099	-0.1114567069	0.0735509787	-0.0099010066	-0.0569956579	0.0473478728	0.0933496846	-0.012741576	0.0681404379	-0.0206032254	0.1066670927	-0.0039519648	-0.0755237996	0.0076179665	-0.1714168155	0.1304095423	0.0260870204	-0.0610875116	-0.0789498563	-0.0230136801	-0.0177045302	-0.1152897508	-0.077074176	-0.025455677	0.0764999712	-0.1049112567	0.0116435027	-0.0622033215	0.1418699676	-0.0692181165	0.0584198582	-0.1424046361	0.0179555102	-0.0793377876	0.0100142364	0.0944863254	0.057154023	0.0521976954	-0.0843400756	-0.0013011206	0.006986755	0.1476989033	-0.0463075495	-0.0201213642	0.0444548622	0.0444392823	-0.0429661121	0.0131407463	0.0227507996	-0.0830455209	-0.1012463866	-0.0475986187	0.0066728321	-0.0240942353	-0.1515400166	0.0847533194	-0.0041355883	-0.0170773882	0.1700726359	0.017931213	0.0170015397	0.0933681458	-0.0817327965	-0.1083132293	0.1643646996	-0.1391061496	0.0633346042	-0.0137529508	-0.094871177	0.0261850204	0.0893066812	0.0355352327	0.1186154352	0.0888661936	0.0446835199	-0.0196155513323645	-2.5808636550498504e-05	6.660857205957273e-10	0.0003847698540726	0.0120223920561386	0.0574501484594378	0.0001445379107515	0.0033005195580114	-0.0478869656357261	1.054893233740084e-05	1.1127997345906115e-10	0.0022931614777972	2.6997888731946528e-05	-0.0001570038540325	2.465021018107535e-08	7.288859959825654e-10	-1.4004050493454656e-05	-2.2971492226631085e-05	5.276894551181724e-10	1.9611343022322757e-10	-0.0002999996873224	5.60007891686e-05	3.136088387505986e-09	8.999981239353777e-08	0.0	0.0	0.0
849.7491680093977	0.0481608568445608	722073.6485326637	0.0023194681320022	761.3896960060068	-2.106342802111726	4.436680000007878	579714.2691841195	818.1469028700021	-1.0279509867671095	1.056683231195474	669364.3546757767	810.8645990040677	672.3596452682738	0.925707	13.510294	0.1287052842483258	0.113789162589295	-0.0341687265	0.0229896565	0.1068984034	0.0157815837	-0.049757894	0.0946506292	0.0573320598	0.0203888079	-0.051178416	-0.0707309745	-0.0841741316	0.0620033172	0.0298832656	0.0610537882	-0.058143562	-0.079796166	-0.1227183453	0.1041930876	0.0440296029	0.0911397282	-0.1712459283	0.0859162392	0.0084385333	0.0111098156	-0.112754604	0.0612943664	0.0558915214	-0.0941856099	-0.1655437844	0.0563240405	0.0481497359	-0.0004763096	-0.0492751331	0.0790938603	-0.0573369951	-0.0214959799	-0.0960395425	-0.0452289948	-0.0241495328	-0.110758113	0.005419681	0.0269471941	-0.089895083	-0.047580347	-0.0136036841	0.1210716974	-0.0926986069	0.0777896927	0.0044533246	0.1537685198	0.013469437	0.0799814878	-0.1768597647	-0.0306274596	-0.0520697491	-0.2002817259	0.0006464831	-0.0306388919	-0.0175171249	0.065758261	-0.104340078	-0.0307982068	0.0700756009	-0.0335253476	0.0362766687	0.0799017185	0.0467627255	-0.0832195978	-0.0863327451	-0.0824908508	-0.1851945083	-0.0292214483	-0.0177148998	-0.079763024	0.0323969745	0.0295586528	0.0638996418	-0.0498721915	0.1460900916	0.041475955	-0.0223006154	0.1245565439	-0.0445944657	0.0201483511	0.1009818526	0.0307698973	0.073551394	0.164258088	-9.28927e-05	0.1172407796	0.0838433825	0.0350428114	-0.0196167295105738	-1.1781782093024662e-06	1.3881038928751658e-12	0.000384816076691	-0.0994599143049015	-0.1114823063610401	0.0098922745535383	0.0124283046315768	-0.0479069845643209	-2.0018928594801862e-05	4.0075750208377575e-10	0.002295079170046	0.0003109982039315	0.0002840003151995	8.065617903344575e-08	9.671988284861886e-08	-1.4037320546833598e-05	-3.3270053378942066e-08	1.1068964518376544e-15	1.9704636813455667e-10	-0.0002399976569657	6.000203035670001e-05	3.600243646926349e-09	5.759887534902582e-08	0.0	0.0	0.0
848.3839302616557	-1.3652377477420714	719755.2931262138	1.863874107859844	763.0436170949232	1.653921088916377	2.7354549683623337	582235.5615893038	818.479641401029	0.3327385310268482	0.1107149300299048	669908.9233879569	811.3176300301039	673.4095800339229	1.214288	17.722	0.116140053385784	0.0972356874259622	-0.0097387656	-0.0203679488	0.0752852485	0.0114973446	0.0128039278	0.0302407819	-0.0100929196	0.1102047626	-0.219080573	-0.0385927252	-0.0653367911	-0.0278358857	-0.0907946815	0.1939511844	-0.0873306813	-0.0587657055	0.0620099595	0.0672728655	-0.0767920979	0.0314482553	-0.1434942678	-0.077065211	-0.1183879906	0.1207325329	-0.0321029097	0.0223177539	0.1241723975	-0.074659246	-0.0592007407	-0.1274811247	-0.0190050521	-0.0618509251	0.0587955723	0.0521446269	-0.0289891623	-0.0004172422	-0.0549058155	-0.1405326044	-0.0271492491	-0.0329250312	-0.0219845482	0.0140858977	0.0227789576	-0.2214211042	-0.081610119	0.1190060425	0.0600668783	-0.0106945742	-0.1111627456	0.1577079256	0.0301260291	-0.046957783	0.003511076	-0.0038880376	0.1003903656	-0.1644735752	0.0945195348	0.0759452446	0.0744853326	0.0262010716	-0.1561898785	0.0073348727	-0.119974147	0.0374987544	0.0685431146	0.0651084744	0.1067916061	-0.0996920483	-0.0603101315	-0.0296528265	0.1267537229	0.0572298637	-0.0467455269	-0.1578631802	-0.0694635858	0.0983776185	0.1084294609	-0.045399891	0.1824459305	-0.0489817538	-0.0312241129	0.1097472265	-0.039544605	-0.0872511001	0.1057385597	0.1502434708	-0.017026659	0.1308721057	0.0744009419	0.1157857731	0.0785907625	0.0251860523	-0.0032467127556117	0.0163700167549621	0.0002679774485577	1.0541143717451718e-05	-0.0037580994242745	0.095701814880627	1.412331128273233e-05	0.0091588373714457	-0.0477893661406625	0.0001176184236583	1.3834093583886851e-08	0.0022838235161262	0.0003259978739311	1.4999669999599986e-05	2.2499010009689984e-10	1.0627461380759737e-07	-1.4049600347565416e-05	-1.2279800731818112e-08	1.5079350601316068e-16	1.9739126992631028e-10	-0.0003039977736961	-6.400011673039999e-05	4.096014941504824e-09	9.241464641218522e-08	0.0	0.0	0.0
846.9512360470355	-1.4326942146201418	717326.3962416013	2.0526127126060247	757.788714773703	-5.254902321220243	27.61399840556589	574243.7362383805	818.9117100879025	0.4320686868735492	0.1866833501766331	670616.388919093	811.2295755938065	650.8085674615133	1.658801	24.209486	0.0889302453675085	0.0487450106299937	0.0464049841	-0.0519425446	0.11009447	-0.0366524635	-0.0124680622	-0.0136936975	0.1101662967	-0.0006944999	0.1426189339	-0.0443780968	-0.1136618971	0.0606733486	0.1712225569	-0.0458714899	-0.1805819368	0.0008288578	-0.0983254125	-0.0822976274	-0.1470015696	-0.0196417084	-0.0552058319	0.0414779033	0.0147875471	-0.1700631987	-0.0349842747	-0.0662888163	-0.0724541654	-0.0618900428	-0.0307677738	0.0476459742	-0.1129776338	0.071535028	0.0365264603	0.1386787201	-0.0630996693	-0.0387811786	-0.1421778085	0.0743868346	0.0797028472	-0.0893879246	-0.006254537	0.0048820221	-0.2017893864	0.1271206945	-0.141979301	0.0912599093	0.0317633627	-0.099746392	-0.0798537164	-0.0050389709	0.0331998895	0.0571964234	-0.0687659494	0.0460393417	-0.0712126763	-0.0274784171	-0.0460821151	-0.1762440678	-0.0361505866	0.05052261	-0.01527752	0.0850159101	0.0449677962	0.0059643607	0.1792128154	0.0514425896	-0.2355440076	-0.0106628044	-0.0912751807	-0.0659299024	-0.0494488975	-0.0418080514	0.0525902458	-0.068900509	-0.0600058008	0.0579238607	0.0397436871	0.0265407278	0.042317006	-0.1348631418	-0.0102045265	0.0849540141	0.0673071899	-0.0419087554	0.0013565351	-0.1135481828	-0.0683978697	-0.1087464988	-0.0516849794	0.1142514127	0.0731227308	0.0151740128	-0.0032815072035248	-3.4794447913099723e-05	1.2106536055774095e-09	1.0768289526785151e-05	-0.0399129967037055	-0.036154897279431	0.00159304730587	0.0013071765972862	-0.0268962250125213	0.0208931411281412	0.0004365233462004	0.0007234069199241	0.0002590277169018	-6.697015702929995e-05	4.485001932529094e-09	6.709535812335905e-08	0.0003929815427436	0.0004070311430911	1.6567435144610076e-07	1.5443449293713994e-07	-0.0001410508235761	0.00016294695012	2.6551708553409768e-08	1.9895334831496084e-08	1.0	0.0	0.0
846.7007005962028	-0.2505354508327855	716902.0763901005	0.062768012123987	755.3578252088304	-2.4308895648725866	5.909224076606433	570565.444104214	819.4490408358569	0.5373307479543428	0.2887243326971734	671496.7305268059	811.6856810010169	652.5628329761445	1.570659	22.923088	0.0815562818013669	0.0578037390965987	0.0427330968	-0.113466147	0.1078848647	0.0474504969	0.0554712492	0.0303954737	0.1025551358	0.0475415596	-0.2097330742	0.1046694879	-0.1166497717	0.1067401697	0.0278690228	0.2145519239	-0.0800997707	-0.0658925082	0.0019897957	0.0316269852	0.0796457179	-0.0249169346	-0.0098217104	0.0661362603	-0.0020558185	0.1086318027	0.1561326153	-0.1556983651	-0.1027901417	-0.078071731	-0.0528673004	0.0328419213	-0.0467298206	-0.0572161214	-0.1153046772	-0.0990824301	0.0252405243	-0.1334082574	-0.0936779399	-0.0288827235	0.0847559831	0.0479241458	0.0075070921	0.0455330128	-0.1895961273	-0.2036181529	-0.0339303358	0.0751012958	0.0209854436	0.1788375484	0.0952522136	0.0337042184	0.0051645409	-0.0794580272	0.0439355728	-0.0935462417	0.0632544323	0.133295181	-0.0466121957	-0.0626240594	0.0668523634	0.1106814247	-0.0299671334	0.0309899018	0.1428825416	0.0730920226	0.0577278781	0.1438370758	0.1681963316	-0.0936805335	-0.1370488356	-0.031284916	-0.0545760257	0.0180651363	0.0415117495	-0.1200389513	-0.1022517781	-0.0221458953	0.0434522171	-0.0222366125	-0.0670308168	-0.0734889343	-0.1024506554	0.0028582233	0.0359703539	-0.1176196721	0.0481824362	0.0435043361	-0.0814986369	0.0295711453	-0.0731596757	0.1126387502	0.0674542747	0.0050684204	-0.0032338327364556	4.767446706919988e-05	2.2728548103322236e-09	1.0457674167371912e-05	-0.0949522651178256	-0.0550392684141201	0.0090159326510058	0.0030293210675615	-0.0148752255947499	0.0120209994177714	0.000144504427002	0.0002212723364947	0.0002989999786595	3.997226175769998e-05	1.597781710026084e-09	8.940098723838146e-08	0.0005009997472107	0.0001080182044671	1.1667932496296228e-08	2.5100074670518533e-07	-7.449975277502396e-08	0.0001409763238233	1.9874323878738985e-08	5.550213163539691e-15	0.0	1.0	0.0
847.6817078371351	0.9810072409323992	718564.2778016821	0.9623752067617986	757.1886965860457	1.830871377215317	3.3520899999063114	573334.7222376748	819.9321931303634	0.4831522945065671	0.2334361396869606	672288.8013315676	812.6037449103742	661.2746372809486	1.211735	17.684746	0.1458024826117998	0.1148150596358247	0.0213431034	-0.1415577221	0.0251424628	0.0259065024	0.0496333488	-0.1342134356	0.0335096165	-0.0502712592	-0.14746676	0.1238055266	-0.1065859291	0.0237238448	0.0561843442	0.1678526997	-0.1060207575	0.1457568771	0.171217424	-0.0338250885	-0.0975111021	-0.0140902514	-0.0816420699	0.1870224724	0.1391145008	0.140023141	0.093133282	-0.0194420409	0.2121279196	-0.0881609552	0.0818976888	0.0402003191	0.0459946245	0.1204012021	-0.1391051375	-0.1225937988	0.1161546286	-0.0430598046	0.0065273742	-0.0217378856	-0.083984392	0.0771338406	-0.0485486796	0.025805175	-0.1583566934	-0.1399550766	-0.1202545619	-0.0595030728	0.1602754617	-0.0228213683	-0.1437914345	-0.0297731178	-0.0503794523	-0.2147484433	0.0180909341	-0.1630328401	0.0236012093	0.0929852203	-0.0418062688	0.1380833307	0.0131509006	0.2170978984	0.0301768434	-0.0713579684	-0.0234661632	-0.1258947346	-0.1260311814	0.0743864931	-0.0239563063	-0.0286730687	-0.1108994331	0.082437803	0.1969841376	0.0091375838	0.0655859157	-0.1067214331	-0.0288468476	0.0637010935	0.0637537032	0.0513961244	-0.0853539008	0.0633535512	0.029365881	0.0331537934	0.1357261426	-0.1565080743	-0.0431814576	-0.003103173	-0.162896187	-0.1031060054	-0.0032291739	0.1109488906	0.0616009311	-0.0050684204	-0.0033369134018528	-0.0001030806653972	1.0625623578729546e-08	1.1134991051464829e-05	0.0165790211884626	0.1115312863062882	0.0002748639435674	0.0124392278251352	-0.0095108599058164	0.0053643656889335	2.8776419244606984e-05	9.045645614806592e-05	-6.000010097995125e-06	-0.0003049999887574	9.302499314207216e-08	3.6000121176043464e-11	0.0002299999165116	-0.0002709998306991	7.344090823894087e-08	5.289996159534297e-08	6.798142485504798e-10	7.517956702357444e-08	5.651967297852122e-15	4.621474125322535e-19	0.0	0.0	0.0
844.5916730616296	-3.090034775505501	713335.0942050427	9.54831491383333	747.841994612009	-9.346701974036703	87.36083779146163	559267.648905268	818.4435849751766	-1.4886081551868529	2.215954239688805	669849.9017870191	809.7389231532073	656.8466121544914	1.225953	17.892246	0.1583788790971569	0.1141688467459127	0.0658917806	-0.1484760429	-0.0174597071	-0.1028653198	0.0936185919	-0.1486656031	0.1069142402	0.0319429731	0.1368759675	0.0641281479	0.0070845531	0.0418741662	0.1862416356	-0.0817724532	-0.1793580802	0.1147736664	0.0994376832	-0.0681692634	-0.0622575158	-0.0620356022	-0.0650307229	0.0037624484	-0.1757109205	0.0902894169	0.0805838294	0.224175591	0.0272883468	0.1258708167	0.0618074211	-0.1023493529	0.0477394279	0.0551504957	-0.0323215772	-0.0202228246	-0.0403011216	-0.1884042246	0.0321983035	0.1030115444	-0.0896262291	0.0650444384	0.0333467071	-0.0865876713	-0.1853925669	0.1499576581	-0.1199018759	-0.0520153525	0.1165253689	-0.0049619662	-0.0249722633	0.0167329749	0.0315406786	-0.1684533834	-0.0189602618	-0.0195351777	0.1365289718	-0.0479230746	-0.0535066077	0.0985874824	-0.0799618431	-0.116284977	-0.0734109252	0.0015522937	-0.1093399324	-0.0610498703	-0.0127288302	0.1219839379	-0.1452670558	0.0876027995	-0.1702283511	-0.0021544492	-0.0516838895	0.1094315458	-0.0305838729	-0.0232838696	-0.0687332783	0.0538721288	0.0940594698	0.0601864213	-0.0967831322	0.1182648682	0.086460876	-0.0763381509	0.0043073284	-0.2375731658	-0.1095252249	0.1339514864	0.0239006259	-0.0478920378	0.1207834006	0.1091829923	0.0555787436	-0.0151740128	-0.0033014491391156	3.5464262737200294e-05	1.257713931493173e-09	1.0899566418167135e-05	-0.0933677891787709	-0.1099468103672335	0.0087175440561314	0.0120883011099284	0.0130356779797011	0.0225465378855174	0.000508346370623	0.0001699289003904	0.0002670002128518	0.0002730002229497	7.452912173063787e-08	7.128911366290652e-08	-1.4000018018656135e-05	-0.0002439999345302	5.953596805076928e-08	1.9600050452269646e-10	1.8539675710436963e-09	1.1741533224932163e-09	1.3786360247218593e-18	3.437195754481663e-18	0.0	0.0	0.0
843.3963056143779	-1.1953674472517832	711317.328323981	1.4289033339492447	744.1475515845638	-3.694443027445232	13.648909283038687	553755.578529301	818.0634641033187	-0.3801208718579119	0.144491877222019	669227.8313007217	810.6119559295906	640.3051235533896	1.201668	17.537825	0.0445254811871742	0.0320989225830308	0.1443239311	-0.2127107126	-0.0030766151	-0.0166003322	0.1681724987	-0.145810729	0.134918414	-0.0683831798	-0.0231131449	0.0826763117	0.0477167505	-0.0335726892	-0.0272986371	0.022748988	-0.203006116	0.1527324305	-0.0739359875	-0.0165305005	0.1348200113	-0.0134555978	-0.0946200953	0.0082888557	-0.1053409647	0.1596157713	-0.0179383784	-0.0692165008	0.151625313	-0.0145362479	0.1574391777	0.1593617852	0.0298331739	-0.1262660335	0.1806386173	0.0440669157	-0.0388087605	0.003381348	0.0201917976	-0.1189308569	0.0202485758	0.1180489617	0.0049744279	-0.0418765204	-0.0157485115	-0.0071482131	-0.2652427835	-0.0529044913	-0.0776342504	0.0908267245	0.0054051576	0.0918649743	0.0703391516	-0.100730845	-0.0782283419	-0.0875931535	0.123102924	0.0502259163	0.0552506411	0.0680411802	-0.0240543841	-0.053862823	-0.1232194781	-0.0384387304	-0.0675415565	-0.1112734584	0.0607070819	0.2088447666	0.0541598926	0.0682655638	-0.1477177807	0.057702855	-0.0636900564	0.0613890477	0.1144339386	0.0025797313	0.0425807504	-0.0071017407	-0.0504293041	0.0948508855	-0.1078656754	0.0038713131	0.0724114708	-0.0058552504	0.04283962	-0.0980483012	0.0594784111	0.0609893664	0.0199242051	-0.0542458227	-0.0516292701	0.1073422654	0.0494042187	-0.0251860523	-0.0070441409062453	-0.0037426917671297	1.400774166374044e-05	4.961992110703836e-05	-0.088153476938217	0.0052143122405538	0.0077710354962967	2.7189052141990185e-05	0.044153861771619	0.0311181837919179	0.0009683413625075	0.0019495635093472	0.0002310001667824	-3.600004606940004e-05	1.296003316998925e-09	5.3361077053496614e-08	-6.699997188719387e-05	-5.299995386853773e-05	2.8089951100671274e-09	4.488996232884768e-09	7.721781087956822e-09	5.867813516913125e-09	3.4431235469268385e-17	5.962590317032763e-17	0.0	0.0	0.0
844.7888991485996	1.39259353422176	713668.2841247028	1.939316751556252	746.5802602447919	2.4327086602281724	5.91807142554915	557382.0849871812	818.2357254121023	0.172261308783618	0.0296739585038449	669509.7023406692	810.5830012550039	636.3819499507783	1.294066	18.886333	0.0757723064210197	0.0630798607335125	0.1628009418	-0.1057582767	-0.1301399383	0.1505476312	0.1706573845	-0.0649094099	-0.0181570538	-0.2053126447	-0.1167816447	0.1441294005	0.0728059135	-0.0079608318	-0.1989675867	0.011687066	-0.1477412868	0.0477357305	-0.0283138601	-0.1409053433	-0.0137799638	-0.0846373824	0.0624159141	0.0706042007	-0.0849310008	0.0036459355	0.108957681	-0.07511374	0.0094455535	0.0261161594	-0.0632937936	0.1895008529	0.1105617899	-0.0378871419	-0.0417376821	-0.0803484141	-0.0046929655	0.0046110638	-0.0893752005	-0.103971072	0.0108410476	0.1778562076	0.0006132764	0.0731391302	0.0985303429	-0.0626721654	-0.1507188367	0.0229601517	-0.0016199651	-0.0180166144	0.1513376569	-0.1262743945	0.0177856443	-0.0739395437	-0.1015553678	0.0461464043	0.0694680168	0.0200296006	-0.0176480116	-0.0729782508	-0.0205430037	0.139894178	0.1013196631	0.0100106278	0.1627625843	-0.0138692444	0.0720709752	0.2195061167	0.0928689692	0.0817127015	-0.0044029169	0.1638779332	0.0811212231	-0.0775481132	0.0437056828	-0.0450586668	-0.0688275851	0.0048805005	-0.1080496667	0.1009314017	0.0070649729	0.0174632854	0.0497204435	-0.0912144457	0.0132905397	-0.0521722251	0.0181568933	-0.0587042625	-0.0541287623	0.0652074446	0.0474241174	0.1054279714	0.0430942802	-0.0350428114	-0.0118863759016534	-0.0048422349954081	2.3447239750754888e-05	0.0001412859320754	-0.025495956356309	0.062657520581908	0.0006500437905228	0.0039259648854722	0.0454256543360855	0.0012717925644665	1.6174563270322815e-06	0.0020634900718615	0.0002539999688217	2.2999802039299996e-05	5.289908938469881e-10	6.451598416142456e-08	-0.0001839997168942	-0.000116999745007	1.3688940331704457e-08	3.3855895817145746e-08	2.3340319524415566e-08	1.561853843645874e-08	2.4393874289113903e-16	5.447705155018143e-16	0.0	0.0	0.0
843.6447630541982	-1.1441360944014605	711736.4862287742	1.3090474025122276	750.7532597996244	4.172999554832472	17.41392528463201	563630.4570997623	817.8631230628939	-0.3726023492083641	0.1388325106355917	668900.0880661904	810.4865443962665	643.1565826052711	0.922061	13.457084	0.061366256507444	0.044570044627021	0.1769331556	-0.0529117424	-0.1467672088	0.0580462009	0.1817947264	-0.1024940508	-0.0310843571	-0.1490120748	-0.0489961473	0.1507367532	0.0873332155	0.025574429	-0.1003302139	0.0658015919	-0.0262326821	-0.0132863092	0.0093409915	-0.2961909235	0.0632138696	-0.0926879383	0.0799680081	-0.1151182804	-0.1605860777	-0.0438452223	-0.0453045746	0.0555448507	-0.0067747474	-0.0039584406	0.0405322088	-0.0498272489	-0.0256827908	-0.0465944204	-0.1354553502	-0.0965973327	0.0239058995	0.0512620346	-0.0856916338	0.0083164424	0.0095295688	0.202534281	0.054588428	0.0573686019	-0.0062240116	-0.0676984591	-0.1103674772	-0.02719376	0.0642034436	-0.1241581357	0.2293168345	-0.2171505272	0.1196378674	0.1230049293	0.032506593	0.0534162866	0.1437432504	-0.0100584841	-0.0229093056	0.0473520694	-0.0186703892	-0.0166525943	-0.0323997897	0.051327993	0.0135216884	0.0579127447	-0.0509468495	0.2366156804	0.0301296623	0.0964425244	-0.0373726615	0.1136587962	0.0393230233	0.0097735051	-0.046963925	0.0364261867	-0.0929711687	0.0514961788	-0.0608440945	0.066388937	-0.0027647446	0.0767313195	0.02527368	-0.172573409	0.0517119296	0.0746877795	0.1178304219	-0.0779509203	0.1092084287	0.0744736815	0.0648359146	0.1034414224	0.0366662233	-0.0446835199	-0.0086178534942149	0.0032685224074385	1.0683238727927572e-05	7.426739884775196e-05	-0.0685723236631332	-0.0430763673068242	0.0047021635725614	0.0018555734203524	0.0494459796403106	0.004020325304225	1.61630155517926e-05	0.00244490490259	0.0003039998685966	4.99998997749e-05	2.4999899775000444e-09	9.241592010675005e-08	-1.3999987402923963e-05	0.0001699997294912	2.8899908027107024e-08	1.9599964728202966e-10	2.139806576422149e-09	-2.1200512947993414e-08	4.494617492580364e-16	4.5787721844994784e-18	0.0	0.0	0.0
841.5874898693241	-2.0572731848740204	708269.5031045497	4.232372957201696	746.6365521834201	-4.11670761620428	16.94728159731433	557466.1410563451	817.6499667903488	-0.2131562725451203	0.0454355965253296	668551.4681922585	810.2522882382732	628.0567463783044	0.983108	14.348028	0.089642451719624	0.042427399007325	0.2167635219	-0.1193794792	-0.1469898461	0.0961094525	0.2383231468	-0.1016631	0.0063401537	-0.1256152882	-0.0692387973	0.1590013952	0.1498582225	0.0424152935	-0.1079791526	0.0890072507	-0.1595743902	0.0248665575	0.1111002418	-0.2663240942	0.0890584248	-0.0244413509	-0.052221737	0.014922626	0.0233611011	0.032811105	0.0173403381	0.055953161	-0.0414004943	0.0136554453	-0.0040864698	-0.0052982252	0.164294454	0.0339713178	-0.0203432043	-0.0416249278	0.1268964028	-0.0065505319	0.1486225562	-0.0227648616	-0.0115847927	0.2271969673	0.0850178032	0.0281838384	0.0212147812	-0.0520542367	-0.1689443529	-0.028517282	0.0986962446	-0.1457156133	0.1896692424	-0.1176417895	0.0183601822	-0.0482216628	0.0829088371	-0.0610790295	0.0219030639	-0.0203533544	-0.0055017683	0.0962503477	-0.077716607	0.0349844099	0.2014910881	0.113637931	0.0662909019	-0.1013801098	-0.1169475608	0.1834743971	0.0321520752	0.1597701751	0.0057472148	0.1299573372	0.1209247517	0.0248749516	0.0118802839	0.0618624319	-0.0845343803	-0.1474730759	-0.0476728454	0.1141610719	0.124494755	0.1360406164	0.0775606494	-0.0864033239	0.0412971044	-0.0045967892	0.0815765669	-0.0764858487	0.0351929072	0.1517487361	0.3160289484	0.1013839798	0.0301376669	-0.0540487397	-0.0032754885929193	0.0053423649012955	2.8540862738595135e-05	1.0728825522344456e-05	-0.0487098369395653	0.0198624867235679	0.002372648214679	0.0003945183788439	0.034983387897725	-0.0144625917425855	0.0002091665599127	0.0012238374288026	-0.0003229830482174	-0.000626982916814	3.931075779765913e-07	1.0431804943580335e-07	-0.000132540913573	-0.00011854092617	1.4051951177259417e-08	1.7567093770765453e-08	0.000253978463866	0.0002539763240594	6.450397318273734e-08	6.450506010773306e-08	0.0	0.0	0.0
845.1115803051787	3.524090435854532	714213.5831659165	12.419213400081386	751.181770145493	4.545217962072911	20.659006322750223	564274.0517989163	818.9247931924219	1.2748264020731312	1.625182355422725	670637.816905251	811.4435165783591	634.3287646041977	1.283864	18.737444	0.0558726513363968	0.0349849402204446	0.1866143744	-0.0529572278	-0.1119759692	0.1246407684	0.1258603343	-0.0616233877	0.0204567241	-0.222760278	0.1634628505	0.0568915359	-0.0547439321	0.0834386547	-0.0740926167	-0.1909652328	-0.2162660588	0.0173781539	0.1329996644	-0.1195221683	-0.0640365864	-0.0652076384	0.1019803564	-0.1256503669	0.0497646417	-0.0614469341	-0.0439916089	-0.0025671324	-0.0416686511	0.1837574979	-0.0359418685	0.0763357819	-0.1690586323	0.0804170802	-0.033912	-0.0104507387	0.0397411528	0.0634713801	0.1411264737	0.0138086427	-0.081160237	0.0621038266	-0.005515336	0.1406302694	-0.0096912712	0.2201963466	-0.1993727429	0.073986581	0.1443869878	-0.0977049115	-0.0295985137	-0.1460998544	0.015805123	0.018529187	0.0304546456	0.0318949603	-0.0546387996	0.0796617004	0.1295873933	-0.0100799159	0.0432533986	-0.202175268	0.1537533476	-0.2262265155	0.0299957597	0.0560110306	0.0101537775	0.1364834285	-0.2086481344	0.1802714176	0.0075355092	0.0640336189	-0.0420516468	-0.0617705036	-0.0213908592	0.0432191984	-0.1038813613	-0.1485884021	0.0048827168	0.069945564	0.0252355002	0.1204598583	0.0496885933	-0.1577000165	0.0399048199	0.0447869663	0.0509234561	0.0502695716	-0.0116870658	-0.1177286676	0.2001858542	0.0992570537	0.0235265052	-0.063080731	-0.0032942773488997	-1.878875598039986e-05	3.530173512910114e-10	1.0852263251473636e-05	-0.0812315834779013	-0.032521746538336	0.0065985701543272	0.0010576639979037	0.0332764962286233	-0.0017068916691017	2.91347917004881e-06	0.0011073252012535	-0.0002629997677646	5.998328045280003e-05	3.5979939338792627e-09	6.916887784423352e-08	-1.4000001319347533e-05	0.0001185409122536	1.4051947877928132e-08	1.9600003694173263e-10	-1.830887123171771e-09	-0.0002539802947531	6.450599012288333e-08	3.352147657796204e-18	0.0	0.0	0.0
844.5848920785188	-0.5266882266598714	713323.6399272833	0.27740048810212	754.1042541401498	2.9224839946567727	8.540912699025007	568673.2261122717	818.2321430266555	-0.6926501657663948	0.4797642521362142	669503.8398819932	810.0114536506086	633.2088732908643	1.449479	21.154522	0.0867523598607685	0.052021949219795	0.15450466	-0.0154003708	-0.1428138393	0.0701458937	0.1132444956	0.0684248223	-0.107810065	-0.1061967214	-0.1006299466	0.1004927828	0.0519189331	0.1066218396	-0.0927880132	0.0339052622	0.0216804192	-0.1356046645	0.2085410241	0.1129122899	0.1723504392	-0.078057302	-0.198831762	-0.1936346655	0.0887999475	-0.2623558278	-0.0004276468	0.0256780934	-0.0911776101	-0.0180264899	0.1200247882	-0.0187418039	-0.1594561134	-0.2096778329	0.0108337266	0.0669889986	-0.1695250557	-0.0366170777	-0.1006614359	0.0869418727	-0.0480964553	0.1288522385	0.0730576591	0.0925264872	0.0945657578	-0.019971216	0.0492885306	0.0304544579	0.2103001906	0.1690572177	0.1270136369	0.2037661114	0.1738066251	0.1062377374	0.0216297535	0.2428958843	-0.1970803567	0.0445550925	-0.1268588976	0.0591843476	0.1332512814	-0.0846682884	-0.1562180189	0.007634878	0.0491874122	-0.0516885762	0.189440155	0.199999143	0.106783687	0.1192527072	0.0144608019	0.0584479259	0.0091730309	0.0314594233	-0.3373141046	0.0753625977	-0.1551603061	-0.1132316642	-0.1703170205	-0.1605852334	-0.0917415098	-0.1049279726	-0.0950520132	0.2042227939	-0.2653876521	-0.1207788295	-0.1936791578	-0.0366728096	0.1400079609	-0.0469141828	-0.1606448768	0.0970621018	0.016850859	-0.0717238087	-0.0120490618206616	-0.0087547844717618	7.664625114700327e-05	0.0001451798907581	-0.1177334240912131	-0.0365018406133118	0.0138611591482414	0.0013323843681596	0.0194809320304187	-0.0137955641982045	0.0001903175915467	0.0003795067127737	0.0002909996914163	0.0005539994591809	3.069154007727297e-07	8.468082040438181e-08	-1.3999968006883634e-05	3.331246389848275e-11	1.1097202509877165e-21	1.9599910419376527e-10	2.088169317554468e-09	3.919056440726239e-09	1.5359003385597817e-17	4.360451098775893e-18	0.0	0.0	0.0
846.8185901438422	2.2336980653234377	717101.7246132047	4.989407047029669	754.6633435959784	0.5590894558285981	0.312581019618718	569516.7621674618	819.7526724943993	1.5205294677438133	2.312009862277284	671994.4440617099	812.2298269476772	650.5960912590936	1.38276	20.180779	0.1746674448566599	0.1481751830188632	0.1111017179	0.0749531627	0.047324677	-0.1060275103	0.0679669792	0.0525619295	0.0478239722	-0.1209867763	-0.0949787913	0.0386654663	-0.1334823434	0.084038131	-0.0821861313	0.1592352288	0.0255458489	0.0979310933	0.0477941888	-0.0796155573	0.1133840402	0.0201454799	0.1721997391	-0.1265754092	0.0175667661	-0.1326032391	-0.0651985945	-0.0851159449	-0.2582260287	-0.1018035399	-0.1470945185	-0.0549117086	0.036971075	0.030913841	0.0531344251	0.0491984921	0.0643282958	-0.0131145987	0.0157267484	0.1333063519	0.0248086954	-0.0050837353	0.0109005318	0.1479358211	-0.0588821992	-0.1416890795	-0.0828865842	-0.1113883936	0.1193087123	-0.0716095043	0.0439355447	0.0325363938	0.0154997596	0.164471743	0.0417903384	0.0485064512	-0.2081131705	0.0397364417	0.2156772656	-0.1498848217	0.0077578427	-0.1465232648	0.0436502439	0.1891006237	-0.0453656552	-0.0155107041	-0.0898872981	0.133856791	-0.0576192219	-0.0522342052	0.0429856516	0.0007396424	0.1743982145	-0.0345001278	-0.0740126823	-0.0568809829	0.1411043522	0.069695419	-0.131743828	0.1066320001	-0.056676446	-0.010447784	0.0307420475	0.0963266689	-0.0343208686	0.0554551015	-0.0558629436	-0.0858482226	-0.1385536269	-0.0027463126	-0.1139213705	0.0948006283	0.0101290257	-0.0799246852	-0.0033259265796914	0.0087231352409701	7.60930884322562e-05	1.1061787613497731e-05	0.0294812632559029	0.1472146873471159	0.0008691448831638	0.0216721641707091	0.0334102767025257	0.0139293446721069	0.0001940266429943	0.0011162465893393	0.0002510007223216	-3.999896909469996e-05	1.5999175286387624e-09	6.300136260596496e-08	-1.3993011688917534e-05	6.9563179661003005e-09	4.8390359645489815e-17	1.9580437612618276e-10	5.600171468598538e-05	5.599962651666783e-05	3.135958170006286e-09	3.1361920477705104e-09	0.0	0.0	0.0
844.2288370694723	-2.5897530743699235	712722.3293396736	6.706820986208471	759.2453285831733	4.5819849871949145	20.994586422879586	576453.4689753709	818.0123371110362	-1.7403353833631172	3.028767246585648	669144.1836658596	810.0765626261057	654.8245993682316	1.136736	16.590166	0.1805969655175649	0.1367249650615887	0.128846176	0.0736286264	0.0121694992	-0.0968281166	0.0648603031	0.1038498616	-0.0128217396	0.019392776	-0.0173114766	-0.0100387975	0.0406583051	0.1166425277	-0.0069161319	0.0359777857	0.0099983702	0.0666387759	0.0761858601	-0.0055965232	0.2263947963	0.0799222161	0.0468210758	0.0008875735	-0.0600144052	-0.0071767681	0.103722353	-0.1440323585	-0.0033182814	0.0431312291	0.0122544873	-0.1391585314	0.1148047454	-0.0241157574	-0.1840501223	0.1833449313	-0.2253206953	0.151123783	-0.1240143884	0.059597234	0.0760598677	0.0270352436	0.1118534224	0.0176456123	-0.0181744806	-0.0083271036	-0.0476589157	-0.0725814435	0.0296459953	0.1459079751	0.1843711037	0.0960866279	-0.054639985	0.0455921776	0.0910019314	0.0563695585	0.0307083452	-0.0020653634	0.0565149308	-0.1549077574	0.1928888434	0.0233871901	-0.0377427522	-0.1280316129	-0.0863461404	-0.0101560383	-0.2640443923	0.2042151545	0.0187503157	-0.0040687715	0.0221515538	-0.0245202684	-0.0564944297	0.1100944977	-0.0914085514	0.1158815429	0.0455865281	0.053671794	-0.0231532641	0.0488381474	-0.0903664293	0.0656841373	-0.0489359901	-0.0814681967	0.0305304298	0.1081303599	0.1778443332	0.1289963849	0.1029807801	-0.0778131795	-0.1929709631	0.0924741833	0.0033794295	-0.0876327994	-0.0033282291334444	-2.3025537530000847e-06	5.301753785454775e-12	1.107710916470806e-05	-0.1046735561390761	-0.134154819394979	0.0109565533548003	0.0179975155668994	0.0564995667777168	0.0230892900751911	0.0005331153161763	0.0031922010460696	0.0001189999502473	-0.0001320007720743	1.7424203828211302e-08	1.4160988158859876e-08	0.0002649998320216	0.0002789928437105	7.783700684168125e-08	7.022491097147622e-08	-1.5739402034017805e-08	-5.60174540880194e-05	3.137955162503361e-09	2.477287763884438e-16	0.0	0.0	0.0
843.1089313539345	-1.1199057155378114	710832.6701287734	1.2541888116942572	747.2271098706547	-12.01821871251866	144.43758102193368	558348.3537256514	817.5029362878996	-0.509400823136616	0.259489198612262	668311.0508393376	809.148559759471	620.931114597926	1.200099	17.514927	0.1759233692518852	0.1187545710633137	0.1976310587	0.0239173506	-0.0080891152	-0.0474895376	0.1591224277	0.1222369437	0.0352745682	-0.1378313845	-0.0031722615	-0.0284753477	0.0956775703	0.1107742657	-0.1797945171	-0.0137774951	0.1093485745	0.1459148392	0.2293682219	-0.0087851384	0.0438719352	0.1460700727	0.0295815729	-0.0176281269	-0.0122768883	-0.0619355816	0.078498651	0.1854545902	-0.0722058751	-0.0050400583	0.0431989364	0.2158010512	-0.1604846433	0.1733060467	-0.1260390431	0.0174417969	-0.0427778252	0.0617298104	0.0524960347	0.0195211158	0.1870390455	0.0249965674	0.1402145627	0.1043675641	0.1503749747	0.0206930617	-0.0401772425	-0.1804944874	0.1930820917	0.0603123359	0.1319968464	0.1108654006	-0.1698778251	-0.0356513103	0.1002710119	0.0626880327	0.0828712711	0.0361803233	-0.1827872595	-0.1233575284	-0.240398234	-0.0675310632	-0.0292382924	-0.2397929694	0.1028387672	0.1546490066	0.0869723983	0.1695587545	-0.0275731894	0.0200094047	0.1264000712	0.0833141019	0.154362705	-0.0007456237	0.0100049909	-0.0315756857	0.0562096909	-0.0462579335	-0.0998085969	-0.0030004827	-0.1783476991	-0.0278406646	-0.1519494009	0.0895526539	0.1365607791	0.1188062499	0.1016058884	-0.0132885528	-0.0638013658	0.0698731219	-0.0716962282	0.090084361	-0.0033794295	-0.0948006283	-0.0033174884238889	1.0740709555499828e-05	1.1536284175560529e-10	1.1005729442636858e-05	0.0030212930086577	0.1076948491477337	9.128211444163896e-06	0.0115981805329531	0.05816254556035	0.0016629787826331	2.765498431488189e-06	0.0033828817060597	-0.0006729982172413	-0.0007919981674886	6.272610973053005e-07	4.52926600409968e-07	-1.4087161248621529e-05	-0.0002790869932702	7.788954981261266e-08	1.9844811204466408e-10	0.0002599951120784	0.0002600108514804	6.760564288758032e-08	6.759745830465979e-08	0.0	0.0	0.0
849.4343656142045	6.325434260269958	721538.741486406	40.01111858099695	754.6847479135398	7.457638042885151	55.616365178687865	569549.0687333231	818.8905208026798	1.387584514780201	1.925390785657806	670581.6850604842	811.7225092359811	647.1792497937641	1.443732	21.070646	0.1395248572654739	0.07940824504041	0.0520695375	0.1193747815	0.0733806359	0.0234542095	-0.0521261966	0.1429686324	0.1046974926	-0.2108983479	0.140044865	-0.1294570972	-0.1134313067	-0.0063550379	-0.1333423198	-0.1641887649	-0.0199152958	0.0759046769	-0.1185217472	-0.0402276965	0.096433438	0.057370028	-0.1329837535	-0.0922236369	-0.0440228282	0.0869206753	0.1211299035	0.0309771899	-0.165878058	-0.0062175973	0.1489127403	-0.0016617549	-0.0638228873	0.0132475332	0.0105546225	-0.0116709864	0.2734708923	0.0727081705	0.0441206929	0.0521582595	0.0049132741	-0.162512207	-0.0411699264	0.1648649435	0.0952258917	0.1261590537	-0.0758341837	-0.0910843401	-0.0743706826	-0.084127039	0.0674091765	0.1763882633	0.1256479032	-0.0240132721	0.0476984702	-0.0574489263	0.0820540456	0.1957976861	-0.0272592648	0.0365917066	-0.1635681283	-0.1790085243	-0.0133451691	0.0366736391	0.0345485211	0.079340139	0.0246343676	0.0681452038	-0.1347737255	-0.038731964	0.0649187126	-0.0233955216	-0.0925194917	-0.138000867	-0.0833196325	-0.0290283761	0.224577121	-0.0772369177	-0.123504432	-0.0484206063	-0.025566888	0.000174505	0.1256172988	-0.0315232239	0.1237294188	-0.1038538023	-0.0147178189	0.0665565608	-0.0356261271	0.0733911623	-0.0738694837	0.0876327994	-0.0101290257	-0.1013839798	-0.0106920897399334	-0.0073746013160444	5.4384744570605264e-05	0.0001143207830067	-0.0507620099001115	-0.0537833029087692	0.002576781649099	0.0028926436717764	0.0228997528694492	-0.0352627926909007	0.0012434645483614	0.0005243986814818	4.300081356877417e-05	0.00071599903081	5.126546121209655e-07	1.849069967576473e-09	-1.3997431366208346e-05	8.972988241318261e-08	8.051451797883578e-15	1.9592808485171323e-10	0.0001140006657757	-0.0001459944463027	2.1314378351231962e-08	1.2996151797302857e-08	0.0	0.0	0.0
851.9818898074827	2.547524193278264	725873.1405599297	6.489879515338068	758.1475932998145	3.4628453862746937	11.991298169243931	574787.773226301	819.689677464426	0.799156661746224	0.6386513700133687	671891.1673417347	812.1111955879148	667.6008982128567	1.118488	16.323841	0.0755872356347157	0.0455840174500922	-0.0706196536	0.1049221315	0.1108577176	0.0479810087	-0.1369442513	0.0967733734	0.0936417173	-0.1046166128	0.041340041	-0.1141352791	-0.2148017343	0.0123030757	-0.0269754722	-0.1185318371	-0.0234786487	-0.0171000514	-0.030177329	-0.0590450724	0.1184471281	0.0267520388	0.0778253582	-0.0230814904	-0.0222867596	-0.0752552932	-0.0059932624	-0.1040630838	0.0026057742	-0.107004868	0.1921715419	0.0557067728	-0.0353329968	-0.1436224306	0.0155270038	-0.028025338	0.017096486	-0.091240851	0.0154715552	-0.0394118062	-0.1556531108	-0.1922596313	-0.0946625471	0.1296052884	-0.0256011568	0.0640965868	-0.0200448965	0.0192099968	-0.0183635142	0.024982153	0.1284804398	-0.0225590674	0.0296386269	0.074708314	0.0305187908	0.0047973325	-0.0286884644	0.1895610455	-0.0573488088	-0.0595997034	-0.0279910213	0.0515458993	-0.1254711514	0.1181327007	-0.1109777721	3.30771e-05	-0.0137436852	0.0014143331	-0.1079080063	-0.1279925261	-0.0039186037	0.0477050382	-0.0606629528	-0.165088441	-0.0361516832	-0.1150043958	0.0435958775	0.0714099004	-0.1177737846	0.074342737	-0.0187412597	0.0310848404	-0.0468654225	-0.0297924705	-0.1242691133	-0.10891753	0.1980084724	-0.0347189389	0.1177422544	-0.0162170858	-0.1030409601	0.0851211787	-0.016850859	-0.1073422654	-0.0179979157268519	-0.0073058259869185	5.33750933511337e-05	0.0003239249705108	-0.0100681789602248	0.0406938309398867	0.0001013682275751	0.001655987876564	0.0102129795686778	-0.0126867733007714	0.0001609542167851	0.0001043049516702	-0.0002279988769392	-0.0002709996905079	7.344083225541778e-08	5.1983487885536474e-08	-1.4016080814416298e-05	-1.864944820795245e-08	3.478019184611007e-16	1.9645052139624863e-10	0.0001409984339623	2.69977681866e-05	7.288794870573909e-10	1.9880558379821077e-08	0.0	0.0	0.0
852.1780363980371	0.1961465905543491	726207.4057192142	0.0384734849860954	758.4897653464503	0.3421720466358238	0.1170817094989483	575306.7241353133	820.0503295305143	0.3606520660882779	0.1300699127737436	672482.5429631051	811.7803382306059	669.7357542098515	1.279991	18.680914	0.1829712379703502	0.1121315730653758	-0.1440424303	-0.0352096331	0.0618009921	-0.019415379	-0.1977341299	-0.0131920904	0.0417183827	-0.0871289234	0.0104041958	0.0248484859	-0.1751755157	-0.1197229408	0.0361251566	-0.0039138251	0.0519795202	-0.0428113718	0.1100553298	-0.1011579216	0.1301514215	-0.1887902316	-0.1157905719	-0.0955438842	0.1614037617	0.1786676549	-0.2146121428	0.0646468422	-0.0089531518	-0.1537527966	0.0876716232	0.025313038	0.0460029098	-0.0292954718	0.1124486174	-0.0444631852	-0.0447233566	0.0345447243	0.0771630032	0.0539688492	0.061187149	-0.0800493589	-0.1889335685	0.0093719835	-0.0453054328	-0.0303132734	0.0533936383	-0.0452436606	0.0813656878	0.0188435209	0.1566883427	0.0293092362	0.221553869	-0.0052402696	0.2386427911	-0.1446849811	-0.1495078313	-0.1597570731	0.0877121888	0.1399503886	-0.0249546629	0.0922846785	-0.0258385654	-0.0280895514	0.1544312082	0.1482207052	0.0321047896	-0.0501944977	0.0127281278	-0.0375817094	-0.1391573007	0.0243031791	-0.1249082288	0.0981906784	-0.284799336	0.0502758204	0.0478728008	-0.1529468836	-0.0751928675	-0.1927829671	0.0509885865	0.2252283306	-0.0421346837	0.1401864991	-0.0279903371	0.1163260936	-0.0331881561	0.0654586716	-0.3186948742	-0.0225592696	0.0007033552	0.0825512202	-0.0235265052	-0.1126387502	-0.0233489747290747	-0.0053510590022228	2.863383244526967e-05	0.0005451746208989	-0.1174975176625139	-0.1074293387022891	0.0138056666568527	0.0115410628140111	-0.0145274604719247	-0.0247404400406025	0.0006120893734026	0.0002110471077633	-0.0008590196158979	-0.0006310207389586	3.981871729959838e-07	7.379147004973757e-07	0.0001668977560531	0.0001809138368675	3.27298163701263e-08	2.785486097556008e-08	0.0002380718626408	9.707342867850002e-05	9.423250555399827e-09	5.6678211781259956e-08	0.0	0.0	0.0
854.0288137675856	1.850777369548496	729365.2147452694	3.425376871632849	766.2789212169263	7.789155870475952	60.670949174569984	587183.3851013763	821.1847841209513	1.134454590437031	1.286987217763651	674344.4496717735	814.0304475642433	695.308458820222	1.542007	22.504925	0.2200073338766563	0.1534211813534411	-0.14648546	0.1589330825	-0.1435270368	-0.0729445861	-0.1625929583	0.0647989517	-0.1811841475	-0.0260271605	0.1374053943	0.070737985	-0.1868289957	0.0580729373	-0.0401427742	-0.1082444894	0.0860727281	0.0264613416	-0.0003001637	0.0084525088	-0.2146337791	0.0775884972	0.0579907962	-0.1600245251	0.1496681205	0.1135527208	0.0306694302	0.0174388053	0.0574974199	0.056828258	0.0082503283	-0.2047471697	0.1151159427	0.1357843872	0.0586605526	-0.0715492184	-0.1258248592	0.1479168993	0.009614354	-0.0456288475	0.2110341879	-0.0089357427	-0.1171441875	0.1854358442	-0.0649035892	0.0649134952	0.088250612	-0.006117807	-0.0590620895	-0.1046739417	-0.1185356738	0.0652423634	-0.1263452524	-0.0198598415	0.2641175923	0.1421124205	0.0315068068	-0.1036639045	0.0556390592	0.1566858167	0.0035368667	0.2142941313	0.0855274442	0.0380686272	-0.1538624885	0.206325576	0.0084822775	-0.1296869604	-0.0812134608	0.0453646994	0.0947448661	0.132063131	0.0595196167	-0.1710851582	-0.2078624448	-0.0722533102	0.1519208403	0.1156422004	0.047370115	0.0127848146	0.0237827615	0.0313917241	-0.020502631	-0.0118105141	-0.1460736964	0.0657930611	-0.0702579065	0.1150545367	-0.0842585748	-0.0903638394	-0.011606808	0.0799246852	-0.0301376669	-0.1172407796	-0.0314953848124019	-0.0081464100833271	6.636399724573501e-05	0.0009919592644812	0.0264634319142231	0.143960949576737	0.0007003132286787	0.0207247550030358	-0.0605796220988992	-0.0460521616269745	0.0021208015905169	0.0036698906136454	-0.0008770001277293	-1.7980511831399977e-05	3.232988057191145e-10	7.691292240372085e-07	-1.3999993111690756e-05	-0.0001808977491647	3.272399565288756e-08	1.9599980712738863e-10	-6.128155363206451e-09	-0.0002380779907961	5.6681129701537987e-08	3.755428815559599e-17	0.0	0.0	1.0
850.1711152153547	-3.857698552230886	722790.9251465199	14.881838119884272	762.2310527827116	-4.047868434214706	16.385238860711816	580996.1778262409	819.7086903976497	-1.4760937233016875	2.178852679970639	671922.3371134299	812.1894138556867	690.2190389935932	1.396335	20.378897	0.1604333751887982	0.0940742332333536	-0.0858423228	0.2256849988	-0.0760954098	-0.2342917769	-0.0356600406	0.0881278698	-0.1186592233	0.1687622963	0.1028605278	0.0299572281	-0.0121792101	0.1945813874	0.1338672747	-0.0170877182	0.0751777957	-0.0204247119	-0.1299661142	0.2408954343	-0.0102211317	0.1462896591	0.0045186671	-0.1217625984	-0.0664989023	0.0610977538	0.004679046	-0.096181656	0.1510405402	0.0322777094	0.1125625055	0.1281363566	0.1228363508	0.0847527593	-0.0793582955	0.0575445104	0.0654016584	-0.0103080391	0.0210342225	-0.0007855519	0.1864146166	-0.0080375978	0.0961705906	0.0665523895	-0.1330471043	0.0712810967	0.1394607454	0.0362450887	-0.0927665155	0.1763352203	-0.1318057718	0.0625069096	-0.0615093108	0.2279571272	0.0935071402	-0.0579124705	0.1112870029	0.1050863082	0.0017978308	-0.0480783836	-0.1464133717	0.1574476463	0.0587114759	-0.1193973374	-0.0208243621	0.0548108682	-0.0541888731	-0.0424897273	0.003251638	0.0013668182	0.0976202409	-0.0858305626	-0.1648334774	-0.0701522118	-0.1969361703	-0.0064166802	0.2126671386	0.2588904692	0.1823877891	0.1118064704	-0.1981902916	0.0283061501	0.0671136238	0.0333085337	0.0425473669	0.1263328551	0.0881017336	-0.1277598767	0.0564472138	0.1253688757	0.0468734335	0.0772433738	-0.0366662233	-0.1211199807	-0.0151486523112254	0.0163467325011765	0.000267215663465	0.0002294816668463	-0.0538225255035342	-0.0802859574177573	0.0028968642515785	0.0064458349584859	-0.0287291763084311	0.0318504457904681	0.0010144508970515	0.0008253655713609	-0.0002379998615177	0.0006390002662116	4.083213402184957e-07	5.6643934082444377e-08	-1.4000039713968349e-05	-4.660227759245572e-11	2.171772276804301e-21	1.9600111199269095e-10	-1.651381314218781e-09	4.476774048987669e-09	2.0041505885689447e-17	2.727060244950949e-18	0.0	0.0	0.0
846.8244908743703	-3.346624340984363	717111.7183446365	11.19989447966902	756.7671619389681	-5.463890843743457	29.854103152343583	572696.5373891604	818.5446968681177	-1.163993529531922	1.3548809367921812	670015.4207709187	811.5030344813323	658.6294591767447	1.409367	20.569096	0.1019560763167814	0.0582531460221919	0.0531852148	0.150923103	-0.0325081027	-0.1379543597	0.0869800158	0.1087489673	-0.0701345311	0.0860697568	-0.0424019947	-0.0398985771	0.0855795138	0.0852997393	-0.131355593	0.0846331353	0.0868663574	0.108332183	-0.0900071036	0.0878192164	-0.1102902453	0.1219096023	0.0653346232	0.0803767265	-0.0567293433	0.0906225219	-0.132781821	0.0345904349	-0.0980572412	0.0381189927	-0.0566263195	-0.0473448595	0.1829105964	-0.0441833205	0.0919816295	0.0482072285	0.0723836696	0.0778625202	0.1821801454	0.015304831	-0.0692894241	0.0078903463	0.1324311714	0.0717239149	0.1081941589	-0.1124374672	0.0309924263	-0.0831749766	-0.1186967621	-0.0648043436	-0.1485841506	0.0826922892	-0.1217351733	-0.0059827796	0.0754365148	-0.1099728851	-0.0249812441	-0.107045499	0.0289945283	-0.1238599714	-0.0451005928	-0.1429180301	0.0093893013	0.0669829373	-0.0489329211	0.1237057912	-0.078384657	0.0108743091	0.1145165444	-0.0513313468	0.1335038385	-0.0311076868	0.0757651837	0.0317800377	-0.0588809692	0.0702403281	0.184769724	-0.0226928703	0.1167307068	0.0624239564	-0.0199885905	0.0411432768	-0.0448397785	0.0900994975	-0.120427138	0.0094127297	-0.0620322406	0.125525458	0.0433343789	0.2516656966	0.0355444729	0.0745091236	-0.0430942802	-0.1242524367	-0.0078404288840658	0.0073082234271596	5.3410129661284414e-05	6.147232508609328e-05	-0.017069998079819	0.0367525274237152	0.000291384834445	0.0013507482720309	-0.0067856896259712	0.0219434866824599	0.0004815166077832	4.6045583700013166e-05	-0.0008620000099369	-0.0006240001484192	3.893761852271836e-07	7.430440171312156e-07	8.100000047006617e-05	9.500004018403452e-05	9.025007634968173e-09	6.5610000761507195e-09	3.4935684386464435e-08	3.6587065700683216e-08	1.3386133765861102e-15	1.2205020435506549e-15	0.0	0.0	0.0
850.6183455976643	3.793854723293976	723551.5698673074	14.393333661460009	756.0476776225455	-0.7194843164226086	0.5176576815781083	571608.0908384445	818.9068856407341	0.3621887726163777	0.1311807070093581	670608.4873498064	811.7649321627026	664.1331678118024	1.313483	19.169714	0.065657109716666	0.0336756129396542	-0.0521127259	0.1352456464	0.1442479139	-0.1049208184	-0.079512065	0.0867212825	0.0894397596	-0.0394524313	-0.0356811336	-0.2076103786	-0.0580047675	-0.0989747045	-0.1438321868	0.0387517073	-0.0304625334	0.0181911726	-0.0461541859	-0.0943891402	-0.2268794039	0.0540006442	-0.0444452542	0.1471506363	0.0228068412	-0.0437588719	0.0082004642	-0.0530447013	-0.0321761244	-0.0298843301	-0.0455007791	-0.1630788392	-0.0877147707	0.0656208061	0.0190146497	-0.0514769513	-0.0293230127	0.012073071	0.0673710288	0.1438209716	0.0232564042	-0.1944320466	-0.0345373723	0.0247120869	0.1540458689	-0.0488221221	-0.0780433373	0.044435713	0.0114527627	-0.226554777	-0.1086366543	0.0200518388	-0.0534985165	0.033178745	-0.0233703487	-0.0941572802	-0.0029319773	-0.0024808512	-0.0784201583	-0.0924366245	0.0674074242	0.0646468796	0.0315758386	0.0675394962	-0.0699513113	0.053665373	-0.0353677746	-0.0776651036	-0.0506408655	-0.1180453484	0.0623046081	-0.006922016	0.1097028863	-0.0344091847	-0.0256942172	0.0124340191	0.1441560489	-0.1111517043	0.0059005044	0.1295117871	0.1029530222	0.0160472565	-0.057211717	0.0136945584	0.0042773688	0.2026383302	0.025589954	-0.1155133634	0.1220117618	0.0181280324	0.0830934888	0.0717238087	-0.0494042187	-0.1266188352	-0.0161811426535365	-0.0083407137694706	6.956750618423811e-05	0.000261829377574	0.0100229381885696	0.0270929362683886	0.0001004592899318	0.0007340271956429	-0.0189554681497412	-0.01216977852377	0.0001481035093176	0.0003593097727758	-0.0010679986027827	-0.0002059985928458	4.243542025444968e-08	1.1406210155457993e-06	-7.400062159979015e-05	-0.0001550006220698	2.402519284204243e-08	5.476091997155328e-09	-3.94725006929407e-08	-7.440818507940514e-08	5.536578006811008e-15	1.558078310954204e-15	0.0	0.0	0.0
851.7193107718193	1.1009651741550217	725425.784341623	1.2121243147021967	757.4652358189526	1.4175581964070716	2.00947124020087	573753.5834742615	818.6213872823796	-0.2854983583545163	0.0815093126231238	670140.9757161278	810.7358457202754	668.2709232663351	1.188467	17.345163	0.0851405631437159	0.0424046446387251	-0.1441755549	-0.020611826	0.0833834309	-0.123488682	-0.1733422723	-0.0347712209	0.0952236601	0.0198493216	0.0775772579	-0.1436914303	-0.0756234754	-0.1920580148	-0.0064220231	-0.0857398749	-0.0503850832	-0.0329747449	0.120209482	0.089730423	-0.0291653729	0.0364653846	-0.009242169	-0.1884647111	-0.0446014744	0.0294616304	-0.0331297125	-0.0596172366	0.0514611536	0.0800084523	-0.2130781806	0.0073458863	-0.0148129735	-0.0286766099	0.0286574706	-0.108156675	-0.0797185241	0.1131647025	-0.0828366168	0.0140898346	0.001191059	-0.1506262524	-0.1427600078	-0.0867897731	0.0863407051	0.0722221101	-0.0624017492	0.0413180387	0.0502214013	0.0471673939	-0.0442514298	-0.0386635393	-0.0094663937	0.1102747739	0.079304314	0.0902248149	0.042621692	-0.0951012884	0.0042591234	0.0364961658	0.158844577	-0.0175438215	0.0700380482	-0.1017910931	0.0031984605	0.082381189	0.0723485538	-0.1500464963	-0.119911809	-0.0428051631	-0.0625020447	0.0302618362	-0.0359557561	0.038412502	-0.0404267032	-0.0740285064	0.0451706452	-0.1091668709	0.0427085289	0.0466340926	-0.0066863582	0.0626558857	-0.100949386	0.036738996	-0.1600773445	0.0696940708	-0.0371599258	0.0700987965	0.1178275227	0.0886956879	0.0904671363	0.0688893378	-0.0555787436	-0.1282045865	-0.0078479961439086	0.0083331465096278	6.944133075092363e-05	6.159104347480426e-05	-0.0251206187383274	-0.0351435569268969	0.0006310454857964	0.001235069593474	-0.0300261721781822	-0.0110707040284409	0.0001225604876853	0.0009015710156738	-0.001380997044179	-0.0003129984413963	9.796802431651309e-08	1.907152836031135e-06	-1.416550057298238e-05	5.983512102680777e-05	3.580241708292733e-09	2.006614064831641e-10	0.0002389900786512	0.0002390295511518	5.71351263238754e-08	5.711625769370676e-08	0.0	0.0	0.0
852.5290496309104	0.8097388590911123	726805.7804645833	0.6556770199221762	757.6657796770135	0.2005438580608824	0.0402178390059433	574057.4336935767	819.591371186304	0.9699839039243444	0.9408687738723116	671730.0157230458	812.3705768427573	687.0408810774485	1.276745	18.633537	0.0834357150247979	0.0513829802897144	-0.1578570417	-0.0103984685	-0.0739218715	-0.0812454921	-0.1216385832	-0.0926948505	0.0132640381	0.0210720757	-0.0285469297	0.1001881441	-0.0187045032	-0.1227856888	-0.0226478631	-0.0482961373	0.0406266363	0.0297103868	-0.1245598997	0.0285572687	0.1186960356	-0.1403505303	-0.0067088943	0.0038979274	0.0981696272	-0.0133469886	0.0168142865	-0.0938907664	0.0581039711	0.0506669772	-0.1365203986	0.0746743618	-0.12733793	0.0412548515	0.1480914048	0.0442989922	0.0360153429	0.0730640123	0.1423231153	-0.0161053399	0.0046520593	0.059637942	-0.1361914891	-0.0072983107	0.0183758669	-0.0066330575	0.0015329191	-0.0569500193	-0.2098317703	0.0352082062	0.000494589	-0.0087918959	0.1161737414	-0.0725635148	-0.0707708	0.0448797548	-0.0924140776	0.0413375205	0.0860480788	-0.0040515745	0.1078885977	-0.0511641844	0.1071019002	-0.0833270421	-0.1049005072	0.0665637718	0.0327439486	-0.1046711354	0.105921014	0.0182783687	-0.0755175711	0.1057848072	-0.1162104207	0.0081006663	-0.0156447015	0.1179293482	0.1817967313	-0.0168996614	0.0550187664	0.0528763777	-0.0326167069	-0.0518732837	0.0694999353	-0.0283907462	0.0379608217	-0.0161376331	0.0979971373	0.017684689	0.1423543743	-0.0477670306	0.0773403118	0.0660076536	-0.0616009311	-0.1289999139	-0.0078425474581251	5.448685783499344e-06	2.968817676730785e-11	6.150555063294447e-05	-0.0708876466456729	-0.0457670279073455	0.0050250584469617	0.0020946208434717	-0.0171401008015124	0.0128860713766697	0.0001660508355246	0.000293783055486	-0.0010710172063108	0.0003099798378681	9.608749988479549e-08	1.147077856213791e-06	0.0001003340494476	0.0001144995500205	1.3110146954915848e-08	1.0066921478553445e-08	0.0003100540318624	7.106395321120003e-05	5.050085446003627e-09	9.613350267413016e-08	0.0	0.0	0.0
849.7286095472668	-2.800440083643593	722038.7098831314	7.842464662077736	758.8678010518119	1.2020213747983917	1.4448553854722157	575880.3394732123	819.4312568377173	-0.1601143485866032	0.0256366046233122	671467.5846826411	811.6649749251436	678.5826855651916	1.20409	17.573177	0.087532827544836	0.0592642142972329	-0.1074485628	-0.0974491106	-0.0341633674	-0.0539483405	-0.0231741533	-0.1797679459	-0.0876610621	-0.000284522	-0.0664515474	0.1100354469	0.0528858338	-0.12118695	0.039943538	0.1353132756	0.0608395554	0.0477895296	0.0096700649	0.053023922	0.0245649966	-0.0714637459	-0.0806160999	0.1349541341	0.0797872883	-0.1650816802	-0.0615653513	-0.0288383304	0.1092590214	0.1485182329	0.0482350697	-0.0260934607	0.0832780819	0.15983156	0.0277274393	0.0821503719	0.0856253764	0.2271822638	-0.0575555699	0.2328124886	-0.0702481441	0.1014865836	-0.0762512123	-0.1113839979	0.0072928063	-0.1104597757	0.041338088	-0.0859520705	0.0736675353	-0.0515050171	-0.1047680693	0.0080584355	0.0761575712	-0.0569377787	-0.1334746503	-0.0674498648	-0.1584438253	0.0331052896	-0.0798515496	0.0030178546	-0.0451276609	-0.0393888084	0.178983163	-0.0746789868	-0.1786021513	-0.0605926808	0.0110339699	-0.0925962858	0.0775797569	-0.0381800615	-0.1082897067	0.0665132375	0.1064757718	0.0954115125	-0.0041663515	0.0734753901	-0.0004783182	0.0851189293	0.0769414484	0.0301136838	-0.1306158984	-0.056303375	-0.0174910113	0.0401681517	0.090864937	-0.1502688133	0.0211405372	0.0321472066	-0.0468933345	-0.0943879741	0.0973373705	0.063080731	-0.0674542747	-0.1289999139	-0.0078643243187599	-2.177686063479893e-05	4.742316591074551e-10	6.184759699063835e-05	-0.015190930037022	0.0556967166086509	0.0002307643553896	0.0031021242409843	0.0024472948387881	0.0195873956403005	0.0003836660679696	5.989252027958874e-06	-0.0010009990322801	7.001817403070004e-05	4.9025446945933975e-09	1.0019990626256968e-06	-1.4125341509796384e-05	-0.0001144593909573	1.3100952178338114e-08	1.995252727683768e-10	0.0002499928281455	-6.006120371689999e-05	3.607348191922961e-09	6.249641412418551e-08	0.0	0.0	0.0
846.8112757565953	-2.9173337906715915	717089.3367485123	8.510836446194277	757.5060519020029	-1.3617491498089294	1.854360747005342	573815.41866816	817.9862900799998	-1.444966757717566	2.087928930908815	669101.5707588416	810.5494199138043	648.9981394939953	1.408831	20.561272	0.0656804113181107	0.0333050277316535	-0.020355264	-0.0861250912	0.1530423658	-0.0101159068	-0.0465632165	-0.0333364487	0.0945071924	0.048720152	0.1180062957	-0.1257223297	0.0557137328	-0.0834836762	0.1820919056	-0.056734318	0.0158774501	-0.0584585603	0.0471261483	-0.0661169851	0.0520196388	0.2456279872	0.0412995103	0.0883095557	0.0005786008	-0.1666736602	0.0609364967	-0.0192942618	-0.0156528614	0.0127538992	0.0181841537	0.0268196016	-0.0611666986	0.0866803627	0.0290048897	-0.0110516915	0.1057626403	-0.0587916574	0.1909542816	0.13536741	-0.1833829301	-0.1002664704	0.0082613475	-0.1773330082	-0.064275159	0.088125358	0.0564803974	0.0279402071	0.051372463	-0.1058063986	0.0667366636	0.0558558305	-0.2148290324	0.0521470365	-0.2020006816	0.0068117481	-0.0479282198	0.1398084532	-0.0650538867	0.0530314866	-0.046145904	-0.1362521573	0.0917806453	0.0101526522	-0.0295002899	-0.0157892897	-0.0162950698	-0.0645714147	-0.1086611191	-0.0757868824	-0.0977528178	-0.0775299823	-0.0709849385	0.0311134112	0.0505189056	0.0119986702	-0.1107203004	-0.0428171602	-0.028901926	0.1789372923	-0.0861464079	-0.1381189832	-0.0734910093	0.0827402061	0.0715519122	0.0143921069	0.0367167849	-0.1043458515	-0.0968861218	-0.0083831696	-0.1605910645	0.0601105761	-0.0731227308	-0.1282045865	-0.0078491986237736	1.5125694986298928e-05	2.287866488185485e-10	6.160991903544939e-05	-0.0372232160358407	-0.0220322859988187	0.0013855678120508	0.0004854216263337	0.0208299427683016	0.0183826479295135	0.0003379217449004	0.0004338865157307	-0.0010289977058064	-2.7998673526299835e-05	7.839257192323231e-10	1.0588362785548343e-06	0.0002129996830648	0.0002271250245745	5.1585776788011014e-08	4.5368864985705254e-08	1.0949235055223665e-07	-0.0002498833357949	6.244168150801065e-08	1.1988574829453878e-14	0.0	0.0	0.0
848.2622918448614	1.4510160882661012	719548.9157658968	2.105447688407058	759.8324551166304	2.326403214627476	5.412151917029053	577345.3598485661	817.8112928684833	-0.1749972115164837	0.0306240240385449	668815.3107432202	810.1902849433836	657.5986116197374	1.232063	17.981424	0.0537336496744858	0.0268750216382087	-0.0206213579	-0.0060389968	0.1509245124	0.1063011649	-0.0728187792	0.0638197918	0.0786086937	0.0253842693	-0.0785265645	-0.1635425959	0.0228437623	-0.1137608821	-0.0262718583	0.0889308849	-0.0762228704	-0.1311025166	-0.0029931196	0.0175281742	0.1840439778	0.0708394525	0.1454747036	0.1380028244	0.0950301408	-0.0407892693	-0.020461557	-0.0461494284	0.1271417015	0.0245195446	-0.0152719431	-0.1445889226	-0.0705611187	0.1069419712	-0.0350502086	-0.0581119964	-0.0427564233	-0.2205255178	-0.071248976	0.0009271873	-0.0439721788	-0.1333504733	-0.0165109458	-0.1195915505	0.0904686851	-0.1026218965	-0.0164500729	0.1359298479	-0.070066913	0.0874261229	0.1589496869	-0.1025533867	-0.1707738675	0.0122724675	-0.1113968312	-0.0603559439	-0.1408993991	-0.0143855694	-0.0758972815	0.0906184846	0.1042436596	0.0543836108	0.0517555445	-0.1113033515	-0.1109367128	-0.1015768048	-0.0097685942	-0.0605651394	0.1056847738	-0.1247209537	-0.0078278218	-0.0651413711	-0.0080123963	-0.0437643356	0.0522116078	0.0203897374	-0.05504554	-0.1939593226	-0.0327082647	0.1058133283	0.0294908393	-0.1495303897	-0.0740717376	0.0090160362	-0.0086761239	-0.0149189842	0.0262229561	0.0624244625	-0.0383165942	-0.0125131164	-0.0359845916	0.0570992244	-0.0785907625	-0.1266188352	-0.0028893370482734	0.0049598615755002	2.4600226848123333e-05	8.348268578525245e-06	-0.04614754574213	-0.0089243297062893	0.0021295959780219	7.964366070655766e-05	-0.0007634772245665	-0.0215934199928681	0.0004662757869883	5.828974724317658e-07	-0.0011670015679305	-0.0001380038621241	1.904506596116761e-08	1.3618926595522451e-06	-1.399954976810669e-05	-0.0002269992328329	5.152865170672818e-08	1.9598739370969607e-10	-8.180689006092624e-09	-1.1767303955832929e-07	1.3846944238896128e-14	6.692367261440473e-17	0.0	0.0	0.0
850.4589095404657	2.196617695604345	723280.356816758	4.825129300642145	760.9553489941079	1.1228938774775088	1.2608906600764744	579053.0431627446	818.2185948535275	0.4073019850442279	0.1658949070209684	669481.668964081	811.0010280136235	668.1689838681903	0.95295	13.907887	0.1188287130280201	0.0601272110361215	-0.0737842437	0.0370308228	0.1296724639	0.1447745859	-0.1372536481	-0.0004818299	0.0580624072	-0.0137807664	-0.0842895404	-0.1663254479	0.0203628256	-0.1300521703	-0.0543385848	0.0359816232	0.0533792657	-0.052398488	0.0463722119	0.0111644681	-0.0269207034	0.0193307228	0.1575360463	-0.1119210179	0.0657791864	0.0025465093	0.1152761592	0.0784561909	0.1283402382	0.0434538146	-0.0638682773	0.0663046099	0.0718456534	-0.1170608714	-0.2081314754	0.048500259	0.0420059669	-0.1690690226	-0.0474321353	-0.0707122688	0.0957369412	-0.133184111	-0.0333747972	-0.0823363141	0.1272525077	-0.0702796708	0.0142107527	0.026910239	-0.0159257772	-0.0113962378	0.0213795559	-0.0895742568	-0.1471352734	-0.0459941472	0.0120309466	0.0988394081	0.0025112911	0.0711865117	0.0583845939	0.1265466561	-0.0333114589	-0.0022751317	-0.1444798722	-0.1793296498	0.1492199052	-0.0835703477	-0.0964165886	-0.1160502867	0.0328987499	-0.1626225848	0.0093861019	-0.0033863664	0.0899898608	-0.0928087049	0.0363917982	-0.0197136225	-0.0616004654	-0.1464986955	-0.0237067558	0.0194617443	0.0353079834	-0.157217832	0.0331135058	-0.0760319152	0.139735606	-0.0402483493	0.0678403354	0.0142292318	-0.0219472825	-0.0043777652	-0.0173895287	0.0540487397	-0.0838433825	-0.1242524367	-0.001624846912577	0.0012644901356964	1.5989353032735005e-06	2.640127489311009e-06	-0.0018573020388572	0.0442902437032728	3.449570863543112e-06	0.0019616256872952	-0.0084757806565818	-0.0077123034320153	5.947962422747497e-05	7.183885773848621e-05	-0.0013811434639125	-0.000214141895982	4.585675161476576e-08	1.9075572679082195e-06	0.000602168216027	0.0006161677657951	3.796627156049335e-07	3.626065603931398e-07	0.0004809156726746	0.0004809238533636	2.312877527340993e-07	2.31279884224063e-07	0.0	0.0	0.0
850.7560116831106	0.2971021426449169	723785.7914149531	0.0882696831642005	755.479081889927	-5.47626710418092	29.98950139633408	570748.643173247	818.5860215994741	0.3674267459465454	0.1350024136368672	670083.0747580546	810.1591555256489	661.7657022031527	1.238003	18.068117	0.0866246518253921	0.0571200049103679	-0.1175923322	-0.0763207397	0.1055851299	0.0381473907	-0.1787917824	-0.0396457226	0.1134350607	0.0129045666	0.0482039554	-0.1110069673	-0.0246416999	-0.1237360575	0.1051456613	-0.0489198226	0.0357509825	-0.0262352651	0.1061987597	-0.0327617846	0.0538622682	0.0025508584	0.0253019212	-0.092150997	-0.1749278252	0.0515852672	-0.0617004829	-0.0491560683	-0.0725083716	0.0361969472	0.0339248427	-0.0224190267	0.1117358869	0.1302800475	0.0542216523	-0.0165169608	0.046951262	-0.1751993181	-0.1458486003	-0.0401301707	0.0288288478	-0.1195713618	-0.0922672801	-0.1473088063	0.0185586153	0.0693474985	0.0451409981	-0.016876653	0.1008534774	0.0539503643	0.0817554616	-0.1109085332	0.0127802658	0.0899589989	0.0412943953	-0.0055940508	0.1013647724	-0.0855792416	0.0084395121	-0.0034625896	-0.000998866	-0.0015946539	0.1214669142	0.0692378699	-0.105733843	-0.0754292117	0.027623484	-0.1387933198	-0.1278297083	-0.0772909291	-0.0833602658	0.0038816954	-0.0128108694	0.0453931169	-0.0663779796	-0.0494734339	-0.1705619393	-0.1261460723	0.0386398536	-0.1040229833	-0.0386007528	-0.1304548093	-0.0554850784	-0.0345699218	0.1552630188	-0.0306838573	-0.0048755807	0.0606230656	0.0006120603	0.0418408537	-0.0205329215	0.0509612127	-0.0888661936	-0.1211199807	0.0083870003707318	0.0100118472833087	0.0001002370860242	7.034177521865535e-05	-0.0571759060297836	-0.0553186039909264	0.0032690842303266	0.0030601479475049	-0.0084679266138749	7.854042706900363e-06	6.168598684181479e-11	7.170578113797083e-05	-0.001381057370198	8.609371449997198e-08	7.412127676402684e-15	1.907319459778216e-06	0.0007128853725268	0.0001107171564997	1.2258288743401198e-08	5.082055543626744e-07	0.0001659919927199	-0.0003149236799547	9.917692419621033e-08	2.7553341647123336e-08	0.0	0.0	0.0
851.5555730994557	0.7995614163451137	725146.8940767425	0.6392984585078042	757.5697941108037	2.090712220876753	4.371077590523406	573911.9929490855	819.9326376561551	1.3466160566810004	1.8133748041110875	672289.5302937797	812.0580353665943	681.6561460873437	1.239575	18.091057	0.0918768653003102	0.0477400746230178	-0.1601222004	-0.0850455722	0.0109164077	-0.005890226	-0.1189979692	-0.1147776083	0.0432081954	0.0835165649	-0.0080478333	0.0512639004	-0.0292987857	-0.1218648815	0.164234351	-0.0475732352	0.0683496352	-0.0184772919	-0.1055252155	0.0838744326	0.0386988021	-0.1142599687	0.0422158503	0.0916455858	0.0620757035	0.0232087128	0.0658405017	0.0574210478	-0.2014911572	0.0983650931	-0.0470980539	0.1603684949	0.0774652101	-0.0415941045	-0.082657257	-0.0708325507	-0.0629149737	0.1187001937	0.0051726	-0.0619232921	0.0059528269	0.0044251381	-0.1104788418	-0.1323271236	-0.0792935347	0.0274278839	0.1007112595	-0.0556904204	-0.1037696148	0.0978292869	-0.0191870222	0.0032970921	0.0348464576	-0.152290457	-0.0759220102	0.0586321463	-0.0108766415	0.0098112428	0.0336679732	-0.0709350582	-0.0712257562	-0.014500761	0.1876697775	0.0852942839	0.1925453687	0.0477615613	0.0396843978	-0.1596360574	0.0735606663	-0.030481152	-0.1142361548	0.0027910946	-0.0836185889	-0.0167851066	0.0221033859	0.0245581921	0.0996512006	-0.0972840662	0.0753411849	0.062371236	-0.1268262105	-0.0287716822	0.0526776778	-0.0305706666	0.0937798153	-0.0903035074	-0.1231448752	-0.0190241836	-0.078226253	-0.1317344022	0.1155829411	0.0478387595	-0.0936454286	-0.1172407796	-0.0095250182185822	-0.017912018589314	0.0003208404099439	9.072597206432284e-05	-0.0478245464980773	0.0093513595317063	0.0022871872477467	8.744792509123428e-05	-0.0262360613892269	-0.017768134775352	0.000315706613395	0.0006883309172192	-0.0012860035810065	9.505378919150002e-05	9.035222839662124e-09	1.6538052103615418e-06	3.700024215502751e-05	-0.0006758851303717	4.568207094576679e-07	1.3690179195306744e-09	2.386420441336316e-08	-0.0001659681285154	2.7545419682933093e-08	5.695002522827817e-16	0.0	0.0	0.0
851.5009405333511	-0.0546325661046012	725053.8517291816	0.0029847172791736	758.0736952916088	0.5039011808050873	0.2539164000167612	574675.727493075	819.7019085240972	-0.2307291320578315	0.0532359323801602	671911.2188380475	812.4522798144128	667.428245144231	1.369346	19.985018	0.1071777946452023	0.0577928121822425	-0.103832998	-0.0342127924	-0.1936979937	0.1366121278	-0.0310526643	-0.1044071775	-0.1317063571	-0.0203050516	-0.120560308	0.1206486661	0.0222953247	-0.1062067108	-0.0779575392	-0.0017834937	0.0109092774	-0.1839149366	-0.0467518016	0.0616320752	0.0288643667	0.1196982878	0.0104165644	0.0275777353	-0.0414120827	0.0147646429	8.42688e-05	0.0657036384	-0.2050090507	-0.0582866849	0.0950513621	0.0010455181	0.0821446552	0.0707165055	-0.0634817828	-0.0071785205	0.1305268245	-0.0120054817	-0.0442291799	-0.1407513389	0.0039716783	0.1191584631	-0.1154603105	0.0031833919	0.098607437	-0.0434924566	0.0705226631	0.1589374945	-0.0719932707	0.0035231575	0.0237106881	0.0926925281	-0.0609030131	-0.0309829816	0.0016832938	0.0674233599	0.0205499118	-0.0624401957	-0.0378693101	-0.0708172317	-0.098112104	-0.1073678223	0.0762549611	0.0780430118	0.0887750073	-0.0891679705	-0.0347940341	-0.1082761528	0.1537721044	0.0439674739	0.0416827885	0.1321895156	-0.0175255657	-0.0939451065	0.0354337976	-0.0129032263	-0.1066851221	-0.0171353842	0.0439366515	0.105768363	-0.0041841084	-0.1486971168	-0.0521711335	-0.0420650966	0.0317481801	-0.0215795404	-0.0876824438	-0.0575694227	0.0241542215	0.017959903	-0.0357127761	0.0446835199	-0.098167988	-0.1126387502	-0.0097443237968803	-0.000219305578298	4.8094936672664016e-08	9.495184625844772e-05	0.0007490691396441	0.0485736156377214	5.611045759671522e-07	0.002359396136121	-0.008499256529177	0.0177368048600499	0.0003145942466434	7.223736154875786e-05	-0.0013810691344738	-9.506555346729984e-05	9.037459456044048e-09	1.9073519541962107e-06	0.0003196992724348	0.0002826990302797	7.991874172112371e-08	1.0220762479534047e-07	0.00043522065184	0.0004351967876355	1.893962439683339e-07	1.894170157880345e-07	0.0	0.0	0.0
852.4705768760628	0.969636342711624	726706.0844394072	0.9401946371071738	765.2650375366211	7.191342245012265	51.715403284898045	585630.577675926	820.0025383357145	0.3006298116172274	0.0903782836330096	672404.1628770148	812.6841703556786	686.3281773536925	1.291874	18.854347	0.0343696166277779	0.0175312950267831	-0.0966800468	0.1383441789	-0.1311972589	0.1192651373	-0.023008717	0.0624143539	-0.2119012768	-0.0162048195	-0.0569692064	0.0168148525	0.0065081639	0.0936325913	-0.0485726271	0.0256469584	0.1398926589	-0.0262280078	0.0787635986	0.0925248063	-0.0447726095	0.1004864622	0.1303828756	0.1542087638	0.0987561267	-0.0135140137	0.0091107416	0.0333930656	-0.0060278717	0.0926644757	0.0023493933	0.0928227618	0.0033091068	-0.0274424648	-0.0748504384	-0.0828397924	-0.1230470731	0.0268302668	0.1178614624	-0.3235895021	-0.0970071443	0.0212089182	0.0533324012	0.0897407227	0.0464576519	-0.0647318033	0.1676587474	-0.0127525067	0.0520185731	0.0077397855	-0.1008744951	-0.0763030175	-0.212870339	-0.0932932313	-0.1063164654	0.0294144739	-0.0388971722	-0.0035911388	-0.0093690745	0.0694531931	-0.0537477503	0.0929897696	0.1155168967	0.0636846055	0.0283860384	-0.0198670167	0.080498088	-0.0899293808	0.0611881058	-0.0461867111	0.1609274429	0.0860707358	0.0831933406	-0.0756736952	-0.0278903828	0.0388512228	-0.0576177584	-0.0318342522	0.1174861496	-0.0651139057	-0.0293421067	0.0374369047	0.0475553855	-0.1362658244	0.086593098	0.0421711758	-0.0447103771	-0.0023402177	0.0851359393	-0.09665001	0.0194530004	0.0414976565	-0.1024214758	-0.1073422654	-0.0070919322912175	0.0026523915056628	7.035180699312177e-06	5.029550362321351e-05	-0.0071950236838205	-0.0079440928234646	5.176836581073792e-05	6.310861078782176e-05	-0.0084078598082015	9.13967209754986e-05	8.353360605073143e-09	7.069210655437018e-05	-0.0014950661554143	-0.0001139970209405	1.2995320783308797e-08	2.2352228090652955e-06	0.000202992758767	-0.0001167065136677	1.3620410332492385e-08	4.1206060111837464e-08	0.0006781518287852	0.0002429311769451	5.9015556731980066e-08	4.598899028847112e-07	0.0	0.0	0.0
851.7198653502553	-0.7507115258074464	725426.729032257	0.5635677949801442	760.9094618214857	-4.355575715135387	18.97103981027714	578983.209089463	820.2012838593085	0.1987455235940842	0.0394997831486867	672730.146044458	812.7537293741526	681.8588525227138	1.166841	17.029531	0.0471864059271496	0.0209532449841495	-0.1233423879	0.0648712238	0.0139269462	0.0995712055	-0.0706949534	0.0175821398	-0.0188057573	0.1176770171	-0.067755008	-0.0459416114	-0.0105759445	0.078693462	0.1398974361	0.075797957	0.1227715791	-0.0799252374	-0.0933956146	-0.0565544809	-0.1943153944	0.0236835405	-0.0043878206	0.0048145131	-0.0070200833	-0.0521531279	0.0943014826	0.0418391242	0.1230707443	0.0224270911	0.006368756	0.1840440248	-0.0574854487	-0.0806608186	0.1745589324	0.0173209361	-0.0207008725	-0.0102336041	-0.1289491536	-0.1212377558	0.0604189664	-0.0490086497	0.0426871378	-0.0435158395	-0.1204328164	-0.0454236773	0.14276414	0.0456293059	0.0083346235	-0.126341565	-0.0721838929	-0.0415660426	-0.0363596566	0.0647436971	-0.0689188971	0.1263104355	0.1297264346	0.096757166	0.0624053666	-0.0161841707	-0.0702193749	0.0691049692	-0.0461681794	-0.0401844964	0.0402875198	-0.1520665372	0.1633423698	-0.1296758266	-0.0753280527	-0.1115260997	0.0257787911	0.0348799684	0.0566323954	0.0057167981	-0.0276618572	0.1519914652	-0.1446091165	0.0697910516	0.0655443746	0.0182303016	0.0383910791	0.1177897101	0.0451012459	-0.0531235728	0.0116099023	-0.0610658918	-0.0318982475	-0.1824835868	-0.0716918564	-0.0531532708	-0.0137533273	0.0382833527	-0.1063942335	-0.1013839798	-0.0103903652165229	-0.0032984329253054	1.0879659762738742e-05	0.0001079596893327	-0.019862093916771	-0.0126670702329505	0.0003945027747586	0.0001604546682865	-0.0019905714463277	0.0064172883618738	4.118158991944093e-05	3.962374682935151e-06	-0.0013810828048525	0.0001139833505617	1.299220420529416e-08	1.907389713859249e-06	0.0003666830861404	0.0001636903273734	2.6794523275610872e-08	1.34456485661448e-07	0.00045975321858	-0.0002183986102051	4.7697952939562885e-08	2.1137302199466925e-07	0.0	0.0	0.0
848.8012028101699	-2.9186625400853927	720463.4818919912	8.518591022897716	757.368341074694	-3.541120746791762	12.539536143359046	573606.8040622339	819.5298414450515	-0.6714424142570579	0.4508349156633465	671629.1610189512	811.9591179461519	667.1514857080248	1.418622	20.704174	0.150782862294434	0.0748316294177243	-0.0469709364	-0.149107223	0.0634290906	0.0431742334	-0.0270352387	-0.1179685462	0.0725376343	0.1676317655	-0.0158496811	-0.0283632586	0.0329396995	-0.04074016	0.1767799883	0.029821507	-0.1011486308	-0.1864953866	-0.0336565236	-0.064697983	-0.0849289015	-0.0301229007	-0.0295397339	0.0265462587	0.0418655695	0.0229162781	-0.0083982066	0.029257153	0.0008537632	-0.0894091767	-0.0202471503	0.0098952835	-0.062489406	-0.0649721421	0.0667529923	0.0469759678	0.0054008992	0.1426672996	0.0157117408	-0.0900547081	0.1400154716	-0.0194133824	0.01371877	-0.1587314118	-0.1316591424	0.0257081428	0.0357923298	0.2179324272	0.0169112917	-0.0693172782	-0.0361512598	0.0708395024	0.0838914404	-0.1144861854	-0.0048067978	-0.0232332696	0.0181255925	0.0470438084	0.0327699949	0.0329733164	-0.0621961865	-0.0801261834	-0.1728553646	0.0492780811	0.0075229021	0.0511434443	-0.015820028	-0.0779933502	0.0171611489	0.0041435362	-0.165453175	-0.1149172249	-0.1044928981	0.1028151921	-0.0099359198	0.0683130244	-0.2043305994	0.0222930231	0.0222496003	0.0885442953	0.0393323869	0.0018147868	0.2168545354	-0.0299202026	-0.0830284807	0.0853613717	0.0366440613	0.1112375203	-0.0720975317	-0.0094884255	0.073411762	0.0350428114	-0.1100753719	-0.0948006283	0.0082629689750177	0.0186533341915406	0.0003479468764612	6.827665628210504e-05	-0.0821191647246593	-0.0622570708078882	0.0067435572150757	0.0038759428655784	0.0233734358684785	0.0253640073148062	0.0006433328670655	0.0005463175042978	-0.0008950067116282	0.0004860760932243	2.362699684041984e-07	8.01037013859524e-07	3.632717474522096e-05	-0.0003303559113951	1.091350281937394e-07	1.3196636249698194e-09	0.0003860162235955	-7.373699498449998e-05	5.437144429344176e-09	1.490085248789311e-07	0.0	0.0	0.0
848.2992425966354	-0.5019602135345167	719611.6049900253	0.2519640559716176	759.8144927440874	2.44615166939343	5.9836579896762645	577318.0633839548	819.5199618333745	-0.009879611676979	9.760672688790058e-05	671612.9678433756	812.4665243101514	653.6645975415669	1.37177	20.020388	0.1203714208007615	0.0664013355054757	0.0559894054	-0.070433351	-0.1147960775	0.0821682019	0.0954089106	-0.0598372519	-0.1421934425	0.1028347935	-0.0558788718	0.1165557264	0.1195550788	-0.0242960112	-0.0784408345	0.0614730374	-0.0539583474	-0.1933499046	-0.0897160593	0.0012359187	-0.0930258597	-0.0777568962	-0.088710445	0.1503171509	-0.0833885127	0.0710998037	-0.0116226668	0.0287205047	-0.0735996688	0.160261243	0.1222122131	-0.2011899245	-0.1473473709	-0.023640278	0.0054875363	0.0573709496	-0.0493361796	0.2012824671	-0.1319286197	-0.1260555697	-0.0185505217	0.1653607065	0.0229227421	-0.0259296643	0.0635042844	-0.0537913297	0.0185012228	0.2309654093	-0.1173050466	0.0013976173	-0.0461990172	-0.0281518404	0.1105311418	-0.1292865325	0.1243765302	-0.0274345373	0.1725340043	-0.0872460145	-0.2603907295	-0.0319258193	0.155758069	-0.1030356683	-0.0032979855	-0.0274936182	-0.1369764203	0.0588896134	-0.1091488978	-0.0140762024	0.1596374384	0.1135363905	0.0514990766	-0.0155601689	0.0403820717	-0.0566853479	0.0795720725	-0.0817074816	-0.1274486178	0.0143124719	0.0491034244	0.0643132449	-0.0587414181	-0.1029549267	0.0548613747	-0.1066524095	-0.1992693518	0.0346884798	-0.0853152372	0.0966324255	0.0231316931	-0.0762118264	-0.0398425431	0.0317782535	-0.1134548014	-0.0876327994	-0.0119662163748159	-0.0202291853498336	0.0004092199399179	0.0001431903343289	-0.0208860031560931	0.0612331615685662	0.0004362251278363	0.0037495000756821	0.0235598635130713	0.0001864276445928	3.475526666842016e-08	0.0005550671687545	-0.0007361288550438	0.0001588778565843	2.5242173312853162e-08	5.418856912280959e-07	0.0004097683778285	0.0003734412030832	1.394583321602869e-07	1.6791012346820034e-07	0.0006281500886832	0.0002421338650876	5.862880862230848e-08	3.94572533912712e-07	0.0	0.0	0.0
847.6410070085277	-0.6582355881076865	718495.2767624309	0.4332740894514718	759.0186322359431	-0.7958605081443011	0.6333939484237051	576109.2840813218	819.1283113240906	-0.3916505092838633	0.1533901214223095	670971.1904126564	811.6169003825543	652.944686931277	1.133714	16.546059	0.0427339323066931	0.0203243959995713	0.0825379293	0.0360649638	-0.0557204846	-0.0144645022	0.0982421917	0.0070168132	-0.1305037481	0.0771198977	0.0646549667	0.0178178023	0.1087636616	0.0810059766	0.0247754061	0.0070721277	0.0237282687	-0.1106463888	-0.0082045152	0.125864409	-0.1471023412	-0.1108229268	-0.0090836629	-0.0294732341	-0.0327565538	-0.0983978984	-0.0022743973	0.0484819906	-0.056123833	-0.1827955963	0.0056120746	-0.205906338	-0.1497837764	0.0333448532	-0.0852081965	0.0595924736	0.160711131	-0.0555836443	0.007272301	-0.0002479581	0.0190274153	0.0556137615	0.1262430007	-0.0354322753	0.0184356585	0.015118496	0.0893437239	0.0691101982	0.0504581136	0.017742815	-0.1527088915	-0.10449865	0.1093735037	0.1157570402	-0.0130614141	0.0088756138	-0.0330590282	-0.0331745591	-0.1056861154	0.019036797	-0.0368175744	0.1049334861	-0.0309546728	0.1695978395	0.0117702329	0.054329451	-0.1648556802	-0.0150132524	-0.0178914541	0.0972043528	0.1038933684	-0.1023161551	0.0904815064	-0.0114719183	0.0182451895	-0.0609391336	-0.1226705848	0.0374612822	0.0791441646	-0.1133024873	-0.053202544	-0.1854752161	0.1016729397	-0.0569065395	0.0046479997	0.1273500118	-0.0295131937	-0.0812614315	0.2260213063	-0.1428510563	-0.0954839627	0.0284919163	-0.1165232592	-0.0799246852	-0.0076213443320938	0.0043448720427221	1.887791306762812e-05	5.808488942833829e-05	-0.0091014422557265	0.0117845609003666	8.283625113432389e-05	0.0001388758756144	0.0293918100181258	0.0058319465050544	3.401160003781739e-05	0.0008638784961416	-0.0007006593459506	3.546950909319999e-05	1.2580860753125967e-09	4.909235190679226e-07	0.0006518282299532	0.0002420598521246	5.85929720106316e-08	4.248800413639217e-07	0.0004902283927301	-0.0001379216959531	1.9022394214579362e-08	2.403238770387371e-07	0.0	0.0	0.0
846.4292901989277	-1.211716809600034	716442.5433066605	1.468257626667285	759.2716062660985	0.2529740301554284	0.0639958599330796	576493.3720819013	819.0389292312566	-0.0893820928340574	0.007989158519396	670824.7675962833	812.0474937249807	643.2238519882399	0.996442	14.54264	0.1485646532322602	0.0866321576422488	0.1163178755	0.0215968149	-0.0195693472	-0.0278259518	0.0813217491	0.071255829	-0.0510319996	0.0932974288	0.0615190625	-0.0199188033	0.136983532	0.1217662731	0.0080557489	-0.0718644626	0.0287257685	-0.0002030695	-0.0759921426	0.2285272015	0.0151019412	-0.1111442419	-0.1227827126	0.0115615444	0.0232311812	-0.0591621757	0.0172448101	0.2218995864	0.0467016303	-0.0521911243	0.0413228126	0.0251719398	0.12455911	0.0784464117	-0.1470093351	0.0038281809	-0.0416038172	0.027166522	-0.0958823974	0.1241500705	0.0673705374	0.0248686193	0.1532537703	-0.0070228389	0.0509401568	0.0867258673	0.0506194002	-0.0062625005	-0.0582290793	0.1211813144	-0.1766077439	0.0816892863	0.1626756615	0.0011912273	-0.0466336521	0.0241162045	0.0111142774	-0.1443931251	-0.0215926624	0.0838348665	-0.1675008729	0.0070447831	0.0093420602	-0.0977401982	0.1596471896	-0.141375203	-0.2158396042	0.0277758758	0.0304010185	0.1066983631	0.1017042941	-0.1965526771	-0.1122323486	0.1046967108	0.0599392468	-0.071096122	-0.0457891432	-0.0088411804	0.0835848359	-0.2505790144	-0.0842559352	-0.1026269954	0.3232347999	0.059614425	0.0458621617	0.0169456445	0.1407469423	-0.0295328668	0.0381707118	0.1028425783	0.0690258193	0.0251860523	-0.1192723348	-0.0717238087	0.005777612419294	0.0133989567513878	0.0001795320420255	3.338080526758027e-05	-0.0856792395950805	-0.076577797339354	0.0073409320975912	0.0058641590453471	0.038830332763581	0.0094385227454551	8.908571161647514e-05	0.0015077947425304	-6.904502202593658e-05	0.0006316143239246	3.989366541868098e-07	4.767215066562067e-09	0.0006519952058894	1.669759362000296e-07	2.7880963269876356e-14	4.2509774850276106e-07	0.0001390221646697	-0.0003512062280603	1.2334581462841365e-07	1.9327162269449185e-08	0.0	0.0	0.0
846.9289097339749	0.499619535047259	717288.5781431794	0.2496196798008392	755.7880958710741	-3.483510395024382	12.134844672242926	571215.6458604239	819.0626594478565	0.0237302165999153	0.0005631231798788	670863.6401017953	811.7954843820619	637.409390593332	1.065918	15.556606	0.1147436043895145	0.0703695425786182	0.1021856945	0.0475062741	0.0750577265	0.012589752	0.085239212	0.084084224	0.0098993648	0.0700180844	-0.0868183647	-0.0970898765	0.0695857127	0.0130259562	-0.0995859089	0.0649891904	0.0001921634	0.0203288035	-0.0657821092	0.1375862749	-0.0549485219	-0.008227881	-0.0945862288	0.137445631	0.0466392508	-0.0719703234	-0.2231726456	-0.005090384	0.0283398677	-0.0971946944	0.059973978	-0.0134643169	-0.0468233629	-0.0516195325	-0.0472315576	0.013973103	0.1368156754	-0.1900004242	0.0718999529	0.0106498913	-0.0219023511	-0.0435864672	0.091560307	-0.0052144276	0.1143733306	-0.0838302305	-0.0098080267	-0.0013247308	-0.0638687572	-0.0069399796	-0.1126423993	0.0044656728	0.0843397345	0.0557163801	-0.0975768502	-0.2114590449	-0.1559938196	0.0156849174	-0.1559330625	0.030255968	-0.0452283113	-0.0743793563	-0.1807191507	0.054623528	0.031607254	-0.0662398968	0.0201802582	0.0055705276	0.1137827162	-0.0387104407	0.1294313313	-0.1269026268	0.0372545832	0.0649799139	0.1312125219	-0.0632317346	0.0061292284	-0.0842326507	0.0019792718	-0.0496075722	0.0421928556	-0.0550639049	0.1165798241	0.0725804196	-0.1495866369	-0.1279909072	0.0033547622	0.0020199986	0.0380227548	0.1034951902	0.0031205638	0.0218629269	-0.1216944932	-0.063080731	0.005767469958485	-1.0142460809000643e-05	1.0286951126211398e-10	3.326370972202696e-05	-0.0235286781834673	0.0621505614116132	0.0005535986970611	0.0038626922837787	0.0409830919186902	0.0021527591551092	4.634371979906479e-06	0.0016796138232158	-0.0004805386234618	-0.0004114936014358	1.6932698402265724e-07	2.309173686385616e-07	0.0002399218455206	-0.0004120733603688	1.6980445432563494e-07	5.756249195801065e-08	0.0003240580301047	0.0001850358654349	3.423827149727942e-08	1.0501360687533865e-07	0.0	0.0	0.0
852.0478022255235	5.118892491548536	725985.4572773448	26.20306034003198	758.9554024510736	3.16730657999949	10.031830971708066	576013.3029096711	820.2957900871194	1.2331306392628676	1.5206111734888486	672885.1832346515	813.0832738955158	655.9709363146667	1.385917	20.226862	0.1214546819695014	0.0623436160261413	-0.0586056153	-0.0249990976	0.1278116477	-0.0155089201	-0.1001906973	-0.0109906942	0.0615474582	-0.1427580638	-0.0229281627	-0.1085813788	-0.1132914514	-0.1502376805	-0.1036513427	0.0445348816	0.0359123313	0.1078321079	0.0161505068	-0.0262202433	-0.1072721364	-0.1065026745	-0.0736901687	-0.0592936084	0.0694719233	-0.0410624845	-0.0884975083	-0.0220901319	0.1400264822	-0.0960961566	0.1476701692	0.0262814312	0.1284396193	-0.0289068092	-0.0482844646	-0.1083116494	-0.0461639398	-0.1100937631	-0.0196950727	0.018087826	-0.0067538062	-0.1309166845	-0.145923858	0.024057865	0.1162105972	-0.0737671477	-0.0541212887	-0.0709747526	0.0573550492	-0.123240568	-0.0887533669	-0.0370285637	0.0996385036	0.0321153231	0.1219996951	-0.0828770119	-0.0572800016	0.0027736544	-0.058462157	0.0488240672	-0.0424462738	0.1056802201	-0.126747577	-0.0360345936	0.1056758584	-0.1693207785	-0.0356638077	-0.0790555638	-0.049468582	-0.0539986193	-0.0001913854	0.0460515168	0.1425327624	0.0404409296	0.1448522424	-0.1021259869	0.0749750954	-0.1461990299	-0.135744088	-0.0775271168	0.0814752754	0.0549489777	0.0267101561	0.0383252177	-0.1386299607	0.0177703621	-0.0095533882	0.0071177245	0.0179005541	0.0409692478	-0.0347393257	0.0185248178	-0.1237830955	-0.0540487397	-0.0023705433183778	-0.0081380132768628	6.62272600943952e-05	5.619475624305631e-06	0.0230511742638839	0.0465798524473512	0.0005313566349439	0.002169682654017	0.0391616238589591	-0.0018214680597311	3.317745892620584e-06	0.0015336327832705	-0.001092017009121	-0.0006114783856592	3.739058161283814e-07	1.192501148209574e-06	4.005728779077344e-05	-0.0001998645577298	3.994584143653917e-08	1.6045863051528466e-09	0.0008110220504268	0.0004869640203221	2.3713395708826265e-07	6.577567662784909e-07	0.0	0.0	0.0
853.7143012580049	1.666499032481397	728828.1081724435	2.7772190252614326	761.416888422614	2.4614859715403554	6.058913188089967	579755.6779751753	821.1897723173603	0.8939822302409084	0.7992042279865086	674352.642158638	813.0963837678768	680.388255758891	1.318823	19.24765	0.1009798268212971	0.0623671775448667	-0.1842574871	-0.0972911551	-0.018497356	-0.0434577315	-0.1729695554	-0.1494694061	-0.0394405351	0.0220389688	0.0593024459	0.0894028142	-0.123169311	-0.1431014424	0.1350150864	-0.0765520382	0.1646047107	0.2385975002	0.0523149208	0.046090089	-0.032075403	-0.0309833497	-0.0516642425	-0.0354644075	-0.0382197018	0.0034908763	0.02245825	0.0229251095	-0.0254253275	0.1400131995	0.0541762322	-0.1433930323	-0.0614255956	-0.2368616617	0.0464105775	0.0401514106	-0.0109949591	0.1078079139	-0.0755989757	-0.0539120579	-0.1459035997	0.0070605423	-0.2185059542	-0.0385024683	-0.0906712704	0.0723515105	0.0908376446	-0.2541777542	0.0107186412	0.0441700347	-0.0606498891	0.0117774881	0.0202597807	0.0461245502	0.0276644303	0.1093704368	0.0636135717	-0.0123822718	-0.0986696028	0.0440266494	0.1605077536	-0.107507654	-0.1070234311	0.0838511762	0.0567890605	0.0511691676	-0.0480375693	-0.1185489157	-0.1069657254	0.0353504213	-0.1178470727	0.1468295409	-0.0205269588	0.1120039961	0.0721879814	0.1127332969	0.074396217	0.0657533378	-0.0568503959	-0.2208003955	0.056727687	0.1146067607	-0.0714625394	-0.0163435038	-0.0033762352	-0.0875624686	0.0406639422	0.1145757939	0.082455646	0.0875588875	-0.1452732968	0.0151740128	-0.1255324169	-0.0446835199	-0.0133455810663321	-0.0109750377479543	0.000120451453569	0.000178104533998	-0.0352122420586198	-0.0582634163225037	0.0012399019907948	0.0033946256815693	0.0394493276283469	0.0002877037693878	8.277345891995056e-08	0.0015562494503286	-0.0011060825719506	-1.4065562829599938e-05	1.9784005771342339e-10	1.223418655972854e-06	0.0003352284082278	0.000295171120437	8.712599034004963e-08	1.1237808568294453e-07	0.0004911853540644	-0.0003198366963624	1.022955123400141e-07	2.4126305204737e-07	0.0	0.0	0.0
852.1523980519447	-1.5619032060601512	726163.70950568	2.439541625100979	758.9446153064703	-2.472273116143697	6.1121343608068655	575996.9291026861	820.9975361968883	-0.1922361204719891	0.0369547260141211	674036.9544413609	813.5809311795825	684.1405968136257	1.090801	15.919772	0.0435345891255661	0.0235099887315292	-0.1412306774	-0.0699654539	-0.085165516	-0.017026051	-0.1188353486	-0.0880056842	-0.0533545122	0.0158194572	0.1344479147	0.1262807732	-0.1080430689	-0.092063055	0.0863963046	-0.125970254	0.1182963221	0.0665667506	-0.0584627044	-0.1465563505	0.0490144356	0.0854999914	-0.0622692346	-0.0328927747	0.0122698361	0.0584782132	0.0237296665	0.0879315849	-0.0736918058	-0.1350375079	-0.1308708496	0.0367267246	0.1251307047	-0.1041876003	0.0162956049	0.0095856268	0.0053938604	-0.1345939304	-0.0642019898	0.135215388	0.1747130799	0.0706835884	-0.178616879	0.0169013554	-0.1015476074	0.101266131	0.0812813946	-0.1490499167	-0.0886678172	-0.1445127097	0.1243612333	0.1219341052	-0.0676013012	-0.0356168381	-0.0397183275	0.0086965741	0.0216074452	-0.0781795241	0.131495557	-0.0292853594	0.033362188	-0.0472016329	-0.1202254891	0.0400959207	0.1214483611	-0.0995030756	-0.0575663526	-0.0744170929	-0.1063255608	0.0541862653	-0.0417902307	0.1989543339	-0.0787943124	0.1031866223	0.110635423	0.0882978442	0.0120982907	0.1068527924	-0.1090137137	-0.0344135859	0.2057645372	0.0967223056	0.0192557413	0.0216779994	0.0429797772	-0.0139308817	-0.0712590217	0.1736756722	0.0597963408	0.1198429923	-0.2343656047	0.0118128082	-0.1269376627	-0.0350428114	-0.0001459331155757	0.0131996479507564	0.0001742307060239	2.129647422163061e-08	-0.0350489115069478	0.000163330551672	0.0012284261978218	2.6676869109480824e-08	0.0499433705281546	0.0104940428998076	0.000110124936383	0.0024943402597125	-0.0013860586098173	-0.0002799760378667	7.838658177953591e-08	1.9211584698486664e-06	0.000239672228586	-9.55561796418e-05	9.130983467735951e-09	5.744277715537984e-08	0.0004731662171063	-1.801913695809995e-05	3.2468929671476346e-10	2.2388626901068627e-07	0.0	0.0	0.0
850.8962367866532	-1.2561612652915528	724024.4057776881	1.577941124418875	760.9466697129627	2.002054406492448	4.008221846555828	579039.8341472488	819.629330900431	-1.3682052964572904	1.871985733253782	671792.2400722882	811.8964407928719	680.2869775749389	1.276604	18.631487	0.0681882670020426	0.0344654532246962	-0.0859994369	0.0091817649	-0.2070934902	-0.0135627199	-0.0412792597	-0.0284534078	-0.1305154366	-0.0705162952	0.1858056344	0.1036373194	0.0231215938	-0.0238983286	0.0033479038	-0.1567719187	0.0297329664	-0.1143909552	-0.023214282	-0.1606549487	0.0397305534	0.0615766296	0.0224449474	0.0797641075	-0.1326221953	-0.0198428777	-0.0995683075	-0.0957598649	0.015399781	0.0291489013	0.0463671398	-0.0751216789	-0.0163690677	0.06454554	0.070536636	0.0450088237	-0.170479784	-0.0877124406	0.1553601949	-0.1143582615	-0.1709782627	0.105410144	-0.0608583784	0.0144179774	0.0017998542	0.1521552676	0.0662600075	0.0987595149	-0.0154623623	-0.1031855646	0.1999131172	-0.0569971607	-0.0485142755	0.0381217304	-0.0594649726	-0.144216623	0.0369965805	-0.0561653317	0.0510560245	-0.1163293062	0.0925021126	0.0334217684	0.0033733069	0.0571789755	-0.2089375814	0.0190941681	0.0263212668	-0.0509888374	-0.0405189493	0.1033576453	0.047188609	0.1447409544	-0.1590850343	-0.0209580643	0.0958146041	0.0135068293	-0.1014701796	0.219233419	-0.036224062	0.1017389235	0.0870347087	0.0324291217	-0.2429926722	-0.0507945891	-0.0818734371	0.0291542964	-0.1757243749	-0.0214319575	-0.0055593606	0.1418184654	0.0771459105	0.0084435077	-0.1279949812	-0.0251860523	-0.0051759851500179	-0.0050300520344422	2.530142346919612e-05	2.6790822273205823e-05	-0.005143739749613	0.0299051717573348	2.645805861174881e-05	0.0008943192978356	0.038742068572759	-0.0112013019553956	0.0001254691654959	0.0015009478772963	-0.0012716347092956	0.0001144239005217	1.3092829010599938e-08	1.617054833885305e-06	0.0004796444134056	0.0002399721848196	5.758664948709227e-08	2.300587633112021e-07	0.0005598049568624	8.663873975609996e-05	7.506271226525216e-09	3.133815897277135e-07	0.0	0.0	0.0
849.6908200066669	-1.205416779986308	721974.489603602	1.453029613472559	755.0706397319	-5.876029981062743	34.52772833834822	570131.6709851407	820.2006434722196	0.5713125717885532	0.3263980546836508	672729.0955522431	812.3153923476037	665.3582407255021	1.228475	17.929064	0.0798679456061672	0.036787658238759	0.0020894024	0.0568131128	-0.0985280828	0.0359631573	0.0473985508	0.0073157088	-0.1049201768	-0.0826894953	0.0723282821	0.0998007055	0.0272249083	0.1145120063	0.0245045543	-0.0973579985	-0.0124866376	-0.0710150138	0.0508172162	0.0293807318	0.0149046393	-0.0248396089	-0.0080542675	-0.0876695089	-0.0939784024	0.1213139968	0.0306059638	-0.155846168	0.1145940168	0.0263756055	-0.2260238465	0.0837637474	-0.0084779249	0.0395325543	0.1196952711	0.0690682105	0.0642610383	0.0362498404	-0.0882590736	0.1116983707	-0.1136058189	0.0852127731	0.0360981618	0.066036885	0.0053084003	0.1095882991	0.0751473025	0.0425638715	0.0651123499	0.1447114642	-0.0252842	0.0080529793	0.0026879991	-0.0007332476	-0.0763250611	-0.1405465876	0.0666941092	0.0851372745	0.2623502031	0.0058217639	0.0717923388	0.0386083285	0.0614838572	0.0301485807	-0.0482013254	-0.1076631342	0.1097160232	0.0061257119	0.0372393522	0.0458172324	0.0920039188	0.0263359501	-0.1528942129	0.0386671679	0.1204696352	-0.0194211704	-0.0609747466	0.1516600604	-0.019311504	-0.0508932096	-0.0100901711	0.0760981382	-0.1288918805	0.0642057003	-0.1082935505	-0.0417009605	0.0468976839	-0.1639017332	-0.1184879427	-0.0728797157	0.076508623	0.0050684204	-0.1287014744	-0.0151740128	-0.0133329234693775	-0.0081569383193596	6.653564274583702e-05	0.0001777668482402	-0.0250179437749551	-0.0198742040253421	0.0006258975107268	0.0003949839856409	0.0635528169884196	0.0248107484156605	0.0006155732369452	0.0040389605471635	-0.0012235958366196	4.803887267599985e-05	2.307733287980925e-09	1.497186771392819e-06	0.0002390038111794	-0.0002406406022262	5.7907899439788224e-08	5.7122821758278294e-08	0.0008116465788763	0.0002518416220139	6.342420257859213e-08	6.58770169001602e-07	0.0	0.0	0.0
849.2232377618029	-0.4675822448639337	721180.1075546397	0.2186331557119956	760.571876321063	5.501236589163	30.263604009945755	578469.5790505423	819.9745716266469	-0.2260718455726191	0.0511084793606101	672358.2981143032	812.9945666100368	667.9594208702208	1.130206	16.494867	0.0825890667340396	0.0534613940321302	0.0046758689	0.0480725504	-0.0175669798	0.0325210494	0.0587165548	0.0531226081	-0.1008427736	0.1230192528	-0.0650645065	0.0539613104	0.0248016634	0.1097295016	0.0635819497	-0.0215434788	0.0834254774	0.0204768756	-0.1024320199	0.023552044	0.0311875455	-0.1681171852	-0.0958417672	-0.0302661358	-0.036551333	0.0197363877	0.149930535	0.0512635782	0.022047473	0.0936060276	-0.1265082647	0.0846337087	-0.0848817527	-0.0593862017	-0.1257394928	-0.1515049057	0.001794641	-0.1231338817	-0.0945405355	0.0869049401	-0.0223782189	0.0388085026	0.0863679162	0.0292411871	-0.0846801676	-0.0167653987	0.1051089812	-0.0536677942	-0.0579650264	0.0926189533	-0.050836227	-0.0883804224	0.1464706855	0.0084731609	-0.1742517356	0.0364080687	0.1632521769	0.1088266232	0.0942240405	0.1205704703	0.1635598137	-0.0435561867	0.073964839	-0.1190148795	0.1877053054	-0.0610273696	0.0468257816	0.0519641059	0.0728124889	-0.0272475262	0.0540071007	-0.0494834064	-0.0953504753	0.1307287903	0.073559548	0.0503361977	-0.0009311928	0.1527389922	-0.0014033919	-0.0868567013	-0.0089573633	0.1065984729	0.0330873892	-0.0790857409	-0.0422947126	-0.0318040107	-0.0471760069	-0.1535668413	-0.1435623863	-0.0651500419	-0.0148156486	0.0016898595	-0.1290552057	-0.0050684204	-0.0135345029711118	-0.0002015795017343	4.0634295519448775e-08	0.000183182770675	-0.0650522232496229	-0.0400342794746678	0.0042317917497187	0.0016027435330558	0.0742145132989122	0.0106616963104926	0.0001136717682171	0.0055077939841944	-0.0005910975445159	0.0006324982921037	4.000540895140975e-07	3.493963071327264e-07	0.0002397602620558	7.564508763999948e-07	5.722179284063201e-13	5.748498326106589e-08	0.0008110710929135	-5.754859628000035e-07	3.3118409337984697e-13	6.578363177598994e-07	0.0	0.0	0.0
845.7504576871871	-3.472780074615798	715293.8366780865	12.06020144664851	759.8865877189892	-0.6852886020737969	0.4696204681322588	577427.626195209	819.3393492391593	-0.6352223874876017	0.4035074815654488	671316.9692116491	812.3127907240686	653.5283859797886	1.154052	16.842882	0.0917921891580396	0.0509343031673226	0.0999937405	0.033211083	-0.0142998141	-0.0372375381	0.1456883487	0.056814425	-0.0456700173	0.2111090772	-0.0487072487	0.0295185049	0.1180376527	0.1087530335	0.0359228636	0.1806030591	0.0547851219	0.0225302833	-0.0298576109	-0.1181066616	-0.0549221508	-0.0488453539	-0.0524890309	0.1494807588	0.0353160978	0.0606606396	0.0222961928	-0.0306547507	-0.1012692615	0.1088496357	-0.0460131469	-0.0462476464	-0.0584983695	-0.0638960278	0.0140081041	-0.0802926713	0.2157943297	-0.0918151768	-0.0069328747	-0.0207101846	0.0867189559	0.0610632552	0.1802617894	-0.0364783508	-0.097361	-0.1601329476	0.041247815	-0.0316769551	-0.05996319	-0.0744098407	0.0209914197	-0.075807122	0.0078124451	-0.1002523901	-0.0059910591	-0.0806187561	0.0297707235	0.081662202	-0.1494100566	0.0012426066	0.1518581418	-2.92346e-05	0.0131076832	0.0618543267	0.1312745871	0.2285463857	0.0516115769	0.0543032239	0.0660938723	0.0009802205	0.118444727	-0.0961904946	0.1065732139	0.1778616775	0.1219042464	-0.0884197334	-0.0071332771	0.0818985855	0.0174543684	-0.0826951131	0.0384894861	0.1031457562	0.1501122519	0.0369831984	-0.09065774	-0.1543057155	-0.0838333467	-0.1058904984	-0.0563041339	0.1238160622	0.0464034612	-0.0016898595	-0.1290552057	0.0050684204	0.0034414561229567	0.0169759590940685	0.0002881831871634	1.184362024623616e-05	-0.0211451144334375	0.0439071088161854	0.0004471158644031	0.0019278342045963	0.0632285844584714	-0.0109859288404407	0.0001206906324872	0.003997853892622	-0.0008040748368553	-0.0002129772923394	4.5359327052222266e-08	6.465363432638773e-07	0.0002397486050018	-1.1657053999977652e-08	1.35886907958395e-16	5.747939360030912e-08	0.00062559619416	-0.0001854748987535	3.4400938067621093e-08	3.913705981474764e-07	0.0	0.0	0.0
844.5764938009146	-1.1739638862725317	713309.4538810463	1.3781912062721051	751.6611311739723	-8.225456545016868	67.65813537396083	564994.4561177356	818.4430867562462	-0.89626248291313	0.8032864382776087	669849.0862590923	810.752949019503	638.5749318677755	1.252708	18.282728	0.0670936168836592	0.0388333002584764	0.1416665905	0.0248282616	-0.00377745	-0.1295631277	0.1252555347	0.114409562	0.0252957631	0.0996981297	0.1175966567	-0.0807356745	0.1566324938	0.0908559445	0.0058098009	-0.0786724313	0.0749300467	0.1599036346	0.0943749615	-0.0181230048	-0.0132185312	0.0358606222	-0.1022672977	0.0940118889	-0.0554546933	0.0298528357	-0.0493628411	0.0784538701	0.0594745178	-0.0654591296	-0.1592150903	-0.0177535965	-0.0581316525	-0.1749376294	0.0579477624	-0.0746391971	0.0420765184	0.0297149652	1.64037e-05	0.1100572284	-0.0651057674	-0.0076543435	0.1791891266	-0.0501237838	0.0425596347	0.1165536422	-0.0046113247	-0.1792834818	0.0337371155	0.0155235243	-0.013680319	0.0140886781	-0.0739785797	0.0217005817	-0.0421986096	-0.005978698	0.0860175378	-0.2284072193	-0.065970979	0.0494159345	0.1330701625	0.0614216861	-0.0445804986	0.0723798627	0.0999846675	0.0159041193	-0.0373384506	0.0691562598	-0.132747542	0.1022302979	0.1158332582	-0.102508498	0.0027528315	0.2158052946	0.0661275011	-0.0336495606	-0.0169924547	-0.002460357	-0.035012955	-0.1364707053	0.0081028714	0.028218227	-0.0187231473	0.0445591457	0.0592009352	0.0910369485	0.0897467848	-0.1501338511	0.0886263015	-0.0073575444	-0.0278227315	-0.0050684204	-0.1287014744	0.0151740128	0.003229116619849	-0.0002123395031076	4.5088064580024856e-08	1.0427194144585032e-05	-0.0522401078319347	-0.0310949933984972	0.0027290288662921	0.0009668986144525	0.0732399809028407	0.0100113964443692	0.0001002280587663	0.0053640948026484	-0.0004740972193054	0.0003299776175499	1.088852280839081e-07	2.2476817335311253e-07	0.0002398078204168	5.9215414999999915e-08	3.5064653736222146e-15	5.75077907330562e-08	0.0008110571119488	0.0001854609177887	3.4395752027064026e-08	6.578136388427282e-07	0.0	0.0	0.0
845.1157337451419	0.5392399442273472	714220.6034235896	0.2907797174503125	747.9978536311412	-3.663277542831111	13.41960235581074	559500.7890367941	818.4125801540666	-0.030506602179571	0.0009306527765426	669799.1513544365	810.643197013918	636.0456615591806	0.877978	12.813707	0.0526354975013069	0.0317253380729886	0.1348485377	0.0238050072	-0.0113318277	-0.1071612537	0.138032547	0.0883010002	0.0234798974	-0.0211961664	0.139235663	-0.0579061962	0.1527889747	0.0585660033	-0.0433494897	-0.205372848	-0.0298018468	0.039067276	0.1294420748	-0.0028226006	-0.0400215843	-0.0373655441	-0.116371022	0.1016014898	0.0572527322	0.1103576609	-0.0060814515	-0.0535501089	0.0271821824	-0.0871876056	0.0756569745	-0.0385204621	0.0696980881	-0.1031346275	-0.0562959524	0.2354996759	-0.1113278061	-0.1290770897	-0.0373765987	0.0265214693	-0.0799221302	0.0095157629	0.1091565075	-0.0187436689	0.1356179303	0.2127444066	-0.0175615877	-0.0536579258	0.0579177781	0.0533727204	0.0265844606	0.0772978934	0.0077507168	-0.1698243954	0.0573787317	-0.0635651134	-0.0442184153	-0.1071478849	-0.0264844613	-0.0851491853	0.1023809689	0.1708157636	-0.197168552	0.0495264097	-0.0161697135	-0.0140116204	0.1110320124	0.079586849	-0.0750312274	0.1087353677	0.1091610668	-0.0449952328	-0.0433940163	0.1220821514	0.123308211	-0.0005567918	-0.0327704078	0.0153174533	-0.0746980963	-0.0579952931	-0.0201039386	-0.0797265424	-0.2870779306	0.016466257	-0.0025866317	-0.0062891049	-0.0082928475	0.1003422428	0.0551557585	-0.0178591445	-0.0266383104	-0.0084435077	-0.1279949812	0.0251860523	0.0033752990362359	0.0001461824163869	2.1369298860713052e-08	1.1392643584014996e-05	-0.02863659384235	0.0236035139895847	0.0008200545068917	0.0005571258726565	0.079600559826801	0.0063605789239603	4.045696424792801e-05	0.0063362491247401	-0.0007675782972024	-0.000293481077897	8.613114308358502e-08	5.89176442336136e-07	0.0002397491153285	-5.8705088300020556e-08	3.4462873923132095e-15	5.747963830079839e-08	0.0006540924515066	-0.0001569646604421	2.4637904627735132e-08	4.2783693511791387e-07	0.0	0.0	0.0
847.0852760485687	1.969542303426806	717553.4648982799	3.879096884987769	751.330073465437	3.3322198342957563	11.103689024074038	564496.8792935789	819.2669860172388	0.8544058631721327	0.7300093790229172	671198.3943777705	811.1654496752526	641.4850682024918	0.899914	13.133851	0.0174860338866836	0.0114159612028879	0.1054269601	0.019644378	-0.0172161977	-0.0743064744	0.0940165296	0.0497817649	0.0310653506	-0.0801051676	0.1321961242	-0.002823716	0.0600382804	0.0933238668	0.0131241059	-0.2081531436	-0.0323261854	0.080776868	0.1006925177	0.0472498312	0.0071846975	-0.0350105097	-0.0392360035	0.043107615	-0.0888118388	0.0326380288	0.0108676262	-0.3394029425	0.0359133582	-0.100660338	-0.0229178092	0.0219704231	0.010464054	0.1868710332	0.0184285963	0.0718953122	-0.0213275294	0.1605841209	-0.017159892	-0.0400117304	0.0492203162	0.0289971168	0.0723438387	0.0230599703	0.0720709377	0.2337123876	-0.0260172503	-0.0316851174	0.1112601623	0.1421021473	-0.0162079166	0.0316960503	0.0717229903	-0.0350263192	-0.0222821584	-0.0630563253	0.008654161	0.0470174476	0.0834037393	-0.2121587111	0.0803811109	0.1708088105	-0.0324976454	-0.0617125281	-0.1744129534	0.0432471858	0.1446597907	0.0592590534	-0.0680157042	0.098649286	0.0944845243	-0.0514373463	-0.1244640878	0.0316302103	0.1346107427	-0.0894106899	0.0505344611	0.0647161226	-0.0907009476	-0.0607957893	-0.0679124119	-0.0619806406	-0.1188507789	0.0866172444	0.0401365021	0.0495235496	0.013647055	0.0251385724	-0.0965041091	-0.0554140907	0.1520366171	-0.0118128082	-0.1269376627	0.0350428114	0.0034455913590107	7.029232277479995e-05	4.94101064107666e-09	1.1872099813289204e-05	-0.028192430654883	0.000444163187467	0.0007948131462303	1.972809371008464e-07	0.0702575548715742	-0.0093430049552268	8.729174159339259e-05	0.0049361240165322	-0.0007135668350489	5.401146215350001e-05	2.917238043958964e-09	5.091776280817041e-07	0.0002398020275442	5.2912215700009954e-08	2.7997025702843797e-15	5.750501241430925e-08	0.0005555853574515	-9.850709405510004e-05	9.703647579180324e-09	3.08675089414511e-07	0.0	0.0	0.0
847.1245539626327	0.0392779140639731	717620.0099263894	0.0015427545332168	754.6460592538718	3.3159857884348867	10.995761749102137	569490.6747473982	820.7600440283737	1.4930580111349627	2.2292222246142903	673647.049873458	813.5089288758837	651.1844408474271	1.138589	16.617207	0.0838541695016272	0.0486121978694249	0.0788506013	0.0544483067	0.0167685866	-0.0535968566	0.1129246473	0.0431774137	-0.0045842288	0.0386136056	-0.0439348373	0.0840083284	-0.0022645314	0.1388065732	-0.0007849565	0.0778804172	0.0591757912	0.1439893228	-0.0696822964	0.0518844129	-0.0383502997	-0.0480763324	0.0003443998	-0.111420082	0.1297577887	0.0860189749	-0.0397751756	-0.1126214484	-0.0102659605	0.0070468131	-0.0602284006	0.0359041324	-0.1923859145	0.0458468917	0.0010758679	0.0300864334	-0.0311952485	0.0298190105	0.0873553375	0.1069033435	-0.0280922143	0.0682633138	0.1006508386	0.0942284183	-0.0774687451	-0.0868440341	0.0274678489	-0.1282037459	-0.0547008044	0.0203541939	-0.1089190928	-0.013601848	0.064320778	0.0361581159	0.0403490423	-0.086801321	-0.0912512106	0.1037949494	0.1174451762	-0.0183321669	0.0197856431	-0.0561274209	-0.0024576183	-0.1542458536	-0.0433322906	0.1071534196	0.1027987574	0.0768967018	0.1159771964	-0.0079583622	0.052153299	-0.1290332355	-0.0304755998	0.0166769959	0.024745726	-0.0895650892	0.151032388	0.0490255633	-0.0924218269	-0.0461314423	0.0400494721	-0.0018314743	0.0311304017	-0.0673835019	0.0110126868	-0.086754217	-0.1124638687	0.0357723112	-0.1217888398	-0.0302571975	0.1739530203	-0.0151740128	-0.1255324169	0.0446835199	0.0032769498338893	-0.0001686415251214	2.8439963995271826e-08	1.073840021382711e-05	-0.0500342422424324	-0.0218418115875494	0.0025034253967744	0.000477064733426	0.0555041878603077	-0.0147533670112665	0.0002176618381691	0.0030807148700323	-2.8535844078301527e-05	0.0006850309909705	4.6926745859016026e-07	8.142943972611363e-10	0.0002399958575902	1.9383004600000814e-07	3.7570086732365276e-14	5.759801166045556e-08	0.0002990031909143	-0.0002565821665372	6.583440818492343e-08	8.940290817693333e-08	0.0	0.0	0.0
848.1426883950364	1.0181344324037127	719346.0198779599	1.0365977224460303	757.3220851821387	2.676025928266881	7.161114768756623	573536.7407046226	820.215232061152	-0.5448119672216762	0.2968200796279528	672753.0269051295	812.9500725359956	655.9189077331906	0.931356	13.592743	0.0227556386364353	0.0143536746244569	0.0476579221	0.0589675092	0.0688445075	-0.072465862	0.058647466	0.0280634249	0.0329688484	0.0126865773	-0.0750517632	0.001450676	-0.0144774299	0.06782072	0.0068241645	0.0995393193	0.0931634311	0.0945002381	-0.0388880781	-0.0847737115	0.0974808031	0.0549354088	0.0574229802	-0.0561593901	0.1038589127	0.0535939002	-0.1494090571	-0.1142679304	0.0298646461	-0.1558574816	-0.0911498561	0.0537218426	-0.0283273904	0.0075977231	0.0318460125	-0.0125529626	-0.0635006476	-0.0886057713	-0.0404888548	-0.0729790029	-0.0513653915	-0.0019306675	0.0765903986	0.036696623	-0.0622380863	-0.1029044925	0.0228077445	-0.1099978872	-0.0260949	-0.0337481453	0.0556846072	-0.0038291206	-0.0588920416	0.0827128962	0.0256502443	-0.1354701456	-0.1066745486	-0.0302543862	0.1666977175	-0.0458952747	0.0433710901	-0.0191293934	-0.0640743407	-0.0424678444	-0.0351992566	-0.1631610231	-0.0007651144	0.0681430158	0.0396039011	-0.0636552423	-0.001429393	-0.0982291855	0.0153407986	0.0700703626	-0.0113689699	0.0274938272	0.1174407898	-0.0018600331	-0.1201396128	-0.0133598149	0.1538310159	0.0482981617	-0.0623830662	-0.1181276163	0.1029040193	0.0177170867	-0.0885617855	0.0207262793	0.030837756	-0.1863871865	0.0506854068	-0.0185248178	-0.1237830955	0.0540487397	0.0032731577342843	-3.792099604999887e-06	1.4380019414240298e-11	1.0713561553505131e-05	-0.0455655269770289	0.0044687152654035	0.0020762172486943	1.99694161232503e-05	0.0556116852253296	0.0001074973650219	1.1555683486653028e-08	0.0030926595336011	-0.0002750533763549	-0.0002465175322765	6.077089371974378e-08	7.565435984423025e-08	0.0003069519123488	6.695605475859999e-05	4.4831132688366405e-09	9.42194764945854e-08	0.0003490422820072	5.003909109290003e-05	2.503910637403547e-09	1.2183051462879378e-07	0.0	0.0	0.0
847.6696969223614	-0.4729914726750621	718543.915080448	0.223720933223324	759.5239311064649	2.2018459243262214	4.848125474471992	576876.6019234181	818.7312256452669	-1.4840064158851192	2.202275042388197	670320.819846601	811.4305976678518	665.5010713849749	0.926391	13.520276	0.0343923504807305	0.0191409360207365	0.026614215	0.0267310043	0.0966772302	0.0113058818	0.0394053388	0.0263972059	0.0733065034	0.0414974025	-0.1408896334	-0.099421197	0.0645563799	-0.0416820669	-0.0136901712	0.1517402987	-0.0072367901	-0.0205128666	-0.039340115	-0.1199956824	0.0185828247	0.038284259	0.1562347874	-0.0249235448	0.038855647	0.0057758973	0.0184474434	-0.1206368955	0.0509062684	-0.0394548403	-0.0994572438	-0.0207072271	-0.0312774373	-0.1004105356	0.0139554227	-0.0714907267	-0.0522319919	0.1064421571	-0.0324328688	0.0351305316	-0.0939713338	-0.047262828	0.0726628553	-0.0918477436	0.0207433304	-0.1638679543	-0.048639598	0.0189732847	-0.0105041413	-0.0730285145	0.1273893944	-0.0034102025	-0.109485137	0.0322757104	-0.0512321707	0.0645214772	-0.0149206605	0.0524981786	0.165740187	-0.0631043972	0.0923224146	-0.0187925733	-0.0967492585	0.0524099968	0.013062231	-0.0038331907	0.0886371127	0.0610448639	0.0588523068	-0.0952817236	-0.0308052572	-0.0637077595	0.0951921836	0.0537896485	-0.0127377787	0.0228194999	0.0334407648	0.0111820907	-0.0955507117	0.0128681865	0.2259157013	0.0694544472	0.0050926933	-0.0648114349	0.0113094221	0.047802	0.0833562585	0.0920094158	-0.0297926167	-0.1597648252	0.0513514553	-0.0218629269	-0.1216944932	0.063080731	-0.0078141203327533	-0.0110872780670376	0.0001229277349358	6.106047657474854e-05	-0.0324171684961669	0.0131483584808619	0.0010508728133088	0.0001728793307412	0.0555057536463436	-0.000105931578986	1.1221499426467492e-08	0.0030808886878485	-0.0004200634033903	-0.0001450100270354	2.102790794080744e-08	1.764532628678419e-07	0.0003569249461572	4.997303380840001e-05	2.4973041080154907e-09	1.273954171893201e-07	0.0003550748682403	6.032586233099986e-06	3.6392096659787476e-11	1.260781620558664e-07	0.0	0.0	0.0
847.8850311728289	0.2153342504675492	718909.026086949	0.0463688394244212	755.6604441188326	-3.8634869876323137	14.92653170360421	571022.7068058713	819.0110733940709	0.2798477488039452	0.078314762510636	670779.1383421081	811.5615396420818	650.9819497689605	1.154656	16.851706	0.0216607825101225	0.0129297001921217	0.055145373	-0.0298217179	0.1074363576	0.0060344239	-0.0063891611	-0.0199261259	0.1521133311	-0.0308257606	0.0346798468	-0.1438550626	0.0272323773	-0.0656563152	0.0451623158	0.0083067964	-0.0846424013	0.0201935282	-0.005484627	-0.1262959358	-0.0282532522	0.1778705608	-0.0171433209	-0.0873274355	-0.054899645	-0.074125465	0.179116672	-0.0331414826	-0.0445689432	0.0251888482	0.075924394	0.077957594	-0.0190864551	0.0179154826	0.1051932304	-0.0444971783	-0.125629683	0.0257543283	-0.0465905758	-0.0870642931	-0.0174182437	-0.1176514199	0.018738253	-0.1048088594	-0.0060384507	0.0316872147	-0.1308024708	0.0202449399	-0.0047173834	-0.0932222678	0.0851216855	0.0346932766	-0.0746072848	0.0770841694	0.0515526156	0.1327705048	0.1347874032	0.0959320983	-0.0313716835	-0.060682528	-0.0217023642	0.0649985986	0.0804517734	-0.043600498	-0.0370907278	-0.1184543238	0.1090259265	0.0179895257	-0.1748741047	-0.0058125947	-0.043855224	-0.0702746595	0.0930103513	-0.0432259753	0.0026741629	-0.0502451835	0.0253851254	-0.0007037508	-0.1261951496	0.0060006075	0.1409086073	0.0117047221	0.0126058517	-0.0308278205	0.0580810157	0.0894700296	-0.018432726	-0.0521970136	-0.0881295215	-0.2659990489	0.0170231414	-0.0251860523	-0.1192723348	0.0717238087	-0.0049405280224164	0.0028735923103368	8.25753276602736e-06	2.4408817140281703e-05	-0.0211727659112455	0.0112444025849214	0.0004482860163323	0.0001264365894917	0.0555988599609378	9.310631459420043e-05	8.668785817314221e-09	0.0030912332289559	-0.0004070445280515	1.3018875338799982e-05	1.6949111508721434e-10	1.6568524781666836e-07	0.0002399240673671	-0.0001170008787901	1.3689205637655676e-08	5.7563558101972745e-08	0.0003740487401168	1.8973871876500016e-05	3.6000781398583823e-10	1.399124599829654e-07	0.0	0.0	0.0
847.8211336872788	-0.0638974855501146	718800.6747267827	0.0040828886596271	755.6655212248731	0.0050771060405168	2.577700574665228e-05	571030.3799680592	818.9222177758106	-0.0888556182602542	0.007895320896412	670633.5987668522	811.4398275075865	656.2804642556206	1.131688	16.516493	0.0909026023102843	0.0568006373697894	0.0127019766	-0.0579553129	0.13568604	-0.0576648372	0.018124266	0.004902459	0.1820198648	0.0801698423	0.0342046184	-0.0955260959	0.0693313418	-0.041657816	0.073461207	0.0218100779	-0.1642902272	-0.0479002043	-0.1225649014	0.0467911218	0.0915869925	0.0058621084	-0.0525776074	0.0109129935	-0.1513591227	-0.0811052173	0.024245629	0.0122593677	-0.0713577139	-0.0800274832	-0.0260673511	0.0313968877	0.2310580884	-0.0146658456	0.1706545479	-0.0681604854	-0.0999817794	0.0131939779	0.1842241441	0.0057934732	0.1001424569	-0.0722317352	0.0429912627	-0.1380167956	-0.0337221179	0.0181060391	-0.1222054486	0.1023807942	-0.1204877699	0.0486723177	0.1023720548	0.1160265131	0.0638065633	0.0695151846	-0.1055682724	0.0971804226	-0.0174898134	-0.0423887511	-0.0145750891	-0.1325994605	-0.1143534491	0.0840571475	0.0542816151	0.2002436323	-0.0462702819	0.037267233	-0.0577214665	0.0307667848	-0.0016216146	-0.0035759962	-0.1640207095	-0.1908658541	-0.0639571624	-0.0712243144	-0.056083913	-0.0072566272	0.0220636569	0.0309235752	-0.0950186867	0.0986596978	0.1358621083	-0.0290169667	-0.092268951	0.0236035774	0.0561012638	0.1269894539	0.0222546177	-0.0064254465	0.0191723748	-0.0295257946	0.0154984242	-0.0284919163	-0.1165232592	0.0799246852	-0.0108131238248461	-0.0058725958024297	3.4487381458714934e-05	0.0001169236468514	-0.0680465182645804	-0.0468737523533349	0.0046303286479318	0.0021971486596817	0.0390990484056601	-0.0164998115552777	0.0002722437813596	0.0015287355862281	8.957159603941285e-06	0.0004160016876554	1.7305740413217538e-07	8.023070817047759e-11	0.0002400014224923	7.735512520001841e-08	5.983815394710523e-15	5.7600682798327486e-08	0.0003569989309126	-1.7049809204200005e-05	2.9069599389962317e-10	1.2744823667273937e-07	0.0	0.0	0.0
847.352773288937	-0.4683603983418152	718006.7224004526	0.2193614627349038	752.1305017407309	-3.535019484142253	12.496362753265364	565700.2916487636	819.2613942921524	0.3391765163418085	0.1150407092377651	671189.2321775217	811.5231801687194	650.8914704890478	1.031181	15.049639	0.0512832711327085	0.030607558362896	0.0114531406	-0.1445038482	0.1066530403	-0.0231016449	0.0708097862	-0.0660937226	0.1649277354	0.012339089	-0.1158079918	-0.029940705	0.0667645723	-0.1311348332	0.0275745926	0.1092615374	-0.1961868405	0.0654447449	0.0248312679	0.1195706863	0.04469416	-0.1472337759	0.0487585208	-0.0975821853	-0.0374225606	0.1888075863	-0.1354097295	-0.0126172617	-0.1669074391	0.0732714155	-0.0415346661	0.0169616766	0.0440059494	0.2310228624	-0.0388377266	0.1039805002	-0.068840621	-0.085521472	0.0309960907	-0.1341239625	-0.0047224701	-0.0105938622	-0.0139470499	-0.1693057513	0.0437313217	-0.0755441651	-0.1758233714	-0.0009441676	0.0245533744	0.1274192969	-0.0411399986	0.0058717956	0.1211375907	-0.1130196978	0.0710918867	-0.0601483989	-0.0527398945	-0.1561909173	0.2455428159	-0.0585666808	-0.143418809	-0.0572223046	0.0988084133	0.063916607	-0.0650548562	0.0541604615	0.0124873573	0.0386935933	0.0747279871	0.0070552726	-0.2084218173	-0.1358973145	0.085376233	-0.0785837932	-0.0230848499	-0.071984363	0.0772992877	0.0313966977	-0.0603381975	-0.0326458841	-0.0449479303	0.1072571552	-0.1289080204	0.0189008586	0.156443618	0.087426529	-0.0809646963	0.0684035184	0.1044052896	0.0137113565	-0.0098199917	-0.0317782535	-0.1134548014	0.0876327994	-0.0130392708757938	-0.0022261470509477	4.955730692443144e-06	0.0001700225849723	-0.0383562355040254	0.029690282760555	0.0014712008020402	0.0008815128904017	0.0341562071684222	-0.0049428412372378	2.4431679496539487e-05	0.0011666464881321	0.0001079275112659	9.897035166195872e-05	9.795130508091776e-09	1.1648347688050972e-08	0.0002955262091461	5.552478665380001e-05	3.0830019329500076e-09	8.733574029226446e-08	0.0004909837942762	0.0001339848633635	1.7951943610562557e-08	2.410650862418539e-07	0.0	0.0	0.0
850.1295292453625	2.776755956425518	722720.2164949416	7.710373641544593	753.5929922833539	1.4624905426229589	2.1388785872615967	567902.398018579	819.6929788508363	0.4315845586838804	0.1862652312943598	671896.5795773576	812.6574341829158	658.0692424395728	1.034204	15.093762	0.0912291096307024	0.0529461201397583	-0.0429727903	-0.1902489621	0.0008616205	0.0337211881	0.0339596423	-0.1404824054	0.0908864111	-0.0329295222	-0.1210365571	0.0569934528	0.0593488497	-0.1605503281	-0.06848175	0.082348102	-0.0536950539	0.0873035366	-0.0031970981	-0.0102611166	-0.0278500863	-0.1648544557	0.2224475857	0.0327646658	0.0304118485	0.0228724839	0.1286004342	0.1427998669	0.0344683402	-0.2515626737	0.0004207919	-0.055847011	-0.1005433848	-0.0522444204	0.1082437602	0.1369089874	-0.0403848785	-0.0817623504	0.0255269605	-0.0271305015	0.0156773918	0.0681133067	-0.1013867699	-0.089984808	0.0824751435	-0.1233772212	-0.1125052588	-0.0449838425	-0.0609906164	0.0332598553	-0.0096040821	-0.1965253474	-0.0101294905	-0.1475396579	0.0448317288	0.1455155282	-0.0603865119	-0.0033223166	0.0471694102	-0.0372193795	-0.0915866783	0.1277198313	-0.1848386564	0.0420682209	-0.0116220949	0.0901217923	0.0205042818	-0.0091308378	0.1068939022	0.0897721212	-0.1380090782	-0.0019092848	0.1780577276	-0.1473004335	0.0245386795	-0.1976600595	0.1265789969	0.022905606	-0.0123117536	-0.0667785585	0.0162540285	0.0693398467	0.0438092363	0.0349260234	0.2198932491	-0.0064943377	-0.1322150727	-0.078687116	0.1263903841	0.0785087746	-0.1784700692	-0.0350428114	-0.1100753719	0.0948006283	-0.0127634243049783	0.0002758465708155	7.609133063067095e-08	0.0001629049999889	0.0073384676815351	0.0456947031855605	5.385310791293514e-05	0.0020880058992164	0.0135177979932308	-0.0206384091751914	0.0004259439332826	0.0001827308625857	-0.0001851015502307	-0.0002930290614966	8.586603088157819e-08	3.4262583897808354e-08	0.0004529580644063	0.0001574318552601	2.478478905066856e-08	2.0517100811070181e-07	0.0004490416970503	-4.194209722590002e-05	1.7591395197068502e-09	2.0163844568981338e-07	0.0	0.0	0.0
851.0186253607322	0.889096115369739	724232.7007108703	0.7904919023655602	759.8616081084181	6.2686158250642166	39.29554436224553	577389.6634771111	821.6276951879082	1.9347163370719045	3.7431273049329272	675072.0694997942	814.4222878196023	666.9159167759002	1.241649	18.121325	0.0297000016082669	0.0157207992286425	-0.0252968316	-0.0807745244	-0.1672309989	0.0918700439	0.0441890458	-0.1274860259	-0.0656522685	-0.0664762508	0.0123631652	0.1752278167	-0.0413296373	-0.0457050709	-0.0608887032	-0.021539419	-0.0948360746	-0.0520803405	-0.1275559652	-0.031852299	-0.0147361483	0.040164926	0.0285736205	0.0453698209	0.1666906542	-0.1087820711	0.1916851831	0.1801225616	0.0515707331	-0.0889116763	-0.0242069223	-0.0700411905	0.1616304957	0.0653494278	0.0641680718	-0.0689637984	-0.1189657842	0.0275268222	0.0972637508	0.0532508144	-0.1321032349	0.1573568567	-0.1042661652	0.068837739	-0.0435117916	-0.002683104	-0.0423406158	0.097368638	-0.1348484114	-0.0734619985	0.047024328	0.0531919901	-0.0435900933	-0.1008127315	0.0596675826	0.1493003466	-0.0636245156	-0.0295617769	-0.0029276564	-0.0054462903	-0.1863805107	0.1779905872	0.0961489769	0.0487894888	-0.0341912214	-0.0357433811	0.0057221019	-0.0165253813	0.1111167525	0.172060112	-0.0640170979	0.0253514968	-0.0023942212	-0.2263980141	-0.0543918395	-0.0526684014	-0.004362295	0.0855983258	0.0029749401	-0.0214522691	0.153313813	0.0078428903	-0.0293570001	-0.0472334497	0.1974242052	-0.037401394	-0.0826463674	-0.1314834432	-0.0050810444	0.2415010467	0.0305621031	-0.0382833527	-0.1063942335	0.1013839798	-0.0128914010448539	-0.0001279767398756	1.6378045949187027e-08	0.0001661882208992	0.0015146673821817	-0.0058238002993533	2.294217278645164e-06	3.391664992674874e-05	0.0018176882832108	-0.01170010971002	0.0001368925672265	3.303990694921825e-06	-9.413819559454052e-05	9.096335463615949e-05	8.274331886663714e-09	8.861999869795968e-09	0.0005089744952484	5.601643084210005e-05	3.137840524287777e-09	2.590550368133636e-07	0.0005430242087524	9.398251170210008e-05	8.832712505835377e-09	2.9487529129117014e-07	0.0	0.0	0.0
850.5158441025186	-0.5027812582136448	723377.2010694197	0.2527889936108958	771.2031068481855	11.341498739767417	128.62959366414591	594754.2320122938	820.8653797321157	-0.7623154557925318	0.5811248541401755	673819.9716427504	813.735229214755	665.9967273757571	1.140558	16.645956	0.1057759712863642	0.0627599561833602	0.0252268154	-0.0009217543	-0.1549025839	0.0586033319	0.0393250986	-0.0467495308	-0.1810388819	-0.0462760495	0.0799665945	0.1499953052	0.009570665	0.0492035505	0.0081619137	-0.0421068326	-0.096758062	-0.1430671182	0.0153056324	0.0574956429	-0.0948531691	-0.0190369277	0.0885399524	-0.0073493625	0.0156548997	-0.0590953221	-0.1764063777	0.0249890871	-0.0260388211	0.090708073	0.0375892626	0.0816000303	-0.006986853	-0.0632860474	0.0146821135	-0.0517631983	-0.0471595424	0.0577077403	0.0363041723	-0.0598300233	-0.0820278655	0.1336211612	-0.0174277578	0.05367673	-0.0377894841	0.0409940721	0.0301999202	0.216631565	0.0329545285	-0.0131752834	-0.0960648235	-0.1172852657	-0.0070818714	0.08212898	0.0319639562	0.0063762448	-0.1371690832	-0.0412365631	-0.1269000388	0.0186084767	-0.0243780495	-0.0642494489	-0.0075541782	0.0477251715	-0.0150179733	0.0126602427	0.0953539675	-0.0093185236	0.0105764994	0.2013916476	-0.021863236	-0.0346279389	0.0493604417	-0.2116014629	-0.1490189354	0.0364978556	-0.1294515652	-0.0064499147	0.1393799908	-0.0868639966	0.112612464	-0.0643722003	-0.2184373961	-0.0752950496	-0.0492222525	-0.1398353756	0.0114919551	0.1214522452	0.055128928	-0.0607443794	0.0720436791	-0.0414976565	-0.1024214758	0.1073422654	-0.0295183856072895	-0.0166269845624356	0.0002764566156394	0.0008713350888606	-0.0551114159098062	-0.0566260832919879	0.0030372681635836	0.0032065133089911	0.0017996366279646	-1.8051655246199795e-05	3.258622571276526e-10	3.2386919927117963e-06	5.596258085115041e-05	0.0001501007764456	2.253024308959929e-08	3.1318104555215467e-09	0.00024000908396	-0.0002689654112884	7.23423924695382e-08	5.760436038331833e-08	0.0003119933609526	-0.0002310308477998	5.3375252635094386e-08	9.733985727849937e-08	0.0	0.0	0.0
849.6428272896147	-0.8730168129038702	721892.9339646901	0.7621583556128312	766.5082151681785	-4.694891680007004	22.042007886998984	587534.8439203067	820.4339945944952	-0.4313851376205093	0.1860931369598658	673111.9394862801	812.8843836760718	662.1483276003883	0.99196	14.477221	0.0619896037611769	0.0365241381228705	0.054807894	0.031600896	-0.0905366827	-0.0164225025	0.0685986897	0.0065172109	-0.1351551226	-0.0235766339	0.0695219958	0.1318997084	0.0399898015	0.1169233842	0.0609582653	-0.0375625785	-0.0497728851	-0.1180160196	0.122768674	0.1258370438	-0.0344744364	0.0156482539	0.181817279	-0.1642248821	-0.0220871334	-0.0499663565	-0.1037984438	0.1167686433	0.1657367516	0.0302112957	0.2505899992	0.004452633	0.0588378258	0.0531403361	0.0330793556	-0.0608207448	0.0862380756	-0.0595998755	0.0180966893	0.1182565418	-0.041599899	0.1235108204	0.0630540111	0.0741749007	-0.0269811285	0.0914873003	0.0461012546	0.1236853947	0.113023864	0.1482290256	-0.0920000256	-0.1215320084	-0.065338016	0.1194873849	0.1097906193	0.0317497025	-0.0279023885	0.0562267878	0.0042208411	0.1256380765	-0.2311646487	-0.0936273913	-0.0500398911	0.0570021065	-0.1217031327	-0.1938165921	-0.0334413864	-0.002885236	0.0050614333	0.1555332056	0.0440543284	-0.0765230837	0.0147548936	-0.1551834216	-0.0736497286	0.042886079	0.008918222	0.0465585443	0.1823496642	-0.0193268976	-0.0514381626	-0.0107764348	-0.1079519929	0.1481921919	-0.032039717	0.040420946	0.2067184157	-0.0396211672	-0.0849913073	-0.0731356915	0.0330937597	-0.0446835199	-0.098167988	0.1126387502	-0.01282527122585	0.0166931143814395	0.0002786600677518	0.0001644875820166	-0.0241440369792229	0.0309673789305832	0.000582934521654	0.0009589785578303	0.0018272830045873	2.764637662269992e-05	7.643221403641686e-10	3.338963178853591e-06	5.598933195853607e-05	2.6751107385655044e-08	7.156217463588479e-16	3.134805293163148e-09	5.201143578825729e-05	-0.0001879976481717	3.5343115718106355e-08	2.7051894527560104e-09	0.0004099982431241	9.800488217150004e-05	9.604956929449604e-09	1.6809855936484866e-07	0.0	0.0	0.0
848.883341825822	-0.759485463792771	720602.9280293753	0.5768181697125205	762.6238994726399	-3.884315695538589	15.087908422607436	581595.2120468551	820.4826928621943	0.0486982676991374	0.0023715212768968	673191.8492863979	813.6389689547957	655.6601424292912	0.970419	14.162847	0.088659481008186	0.0442378364828724	0.0940321769	0.0561141094	-0.00500655	0.0204243805	0.0578838623	0.0395009561	-0.0347027648	0.0042288118	0.0538887389	0.0185052007	-0.0010924437	0.1549741926	0.0359698167	-0.0350232552	-0.0139960387	0.0405741088	-0.0574395022	0.0768167042	-0.0278467224	0.0210134637	0.0315069802	-0.1630693169	-0.0977589856	0.0164009926	0.0384247606	-0.1298287934	0.1003644894	-0.0256147918	0.0839940756	-0.1236737113	0.0043349544	-0.0559403498	-0.0639375566	-0.1707768226	0.1772017542	-0.0388363661	-0.0141091651	0.0068038366	-0.0933665714	0.0246342455	0.0961719517	0.0831307028	-0.0578599284	0.0426365034	0.0044084384	-0.0176541545	-0.037068407	0.0578139551	-0.1310294345	-0.0503701575	0.0388174843	0.1788843319	-0.0250938436	-0.0015806241	0.0757998908	0.0970370654	0.0720538497	0.1703150276	0.0418137737	-0.0052751384	-0.0013272982	-0.0481895272	0.0138631943	-0.0098269819	-0.0474642367	0.0357184893	-0.0163114637	0.0412546455	0.0278448852	-0.1008873333	0.0256144872	-0.032870249	-0.092131477	0.0673692839	0.0335257833	-0.0563657206	0.1938790848	0.0562238502	-0.013928537	0.0928137653	0.0868235052	0.0869061152	-0.0750132279	-0.0678221779	0.0853692559	-0.0369685635	-0.04236532	-0.1062599874	-0.0740130302	-0.0478387595	-0.0936454286	0.1172407796	0.0003285494798461	0.013153820705696	0.0001730229991575	1.0794476070714288e-07	-0.0583541181461129	-0.03421008116689	0.0034052031046105	0.0011703296534452	0.0246235801261462	0.0227962971215589	0.0005196711624543	0.0006063206982287	-6.197013911402754e-05	-0.0001179594710725	1.3914436815718973e-08	3.840298141811926e-09	-0.0001610115684347	-0.0002130230042229	4.537880032817408e-08	2.592472516980208e-08	0.0003709950781388	-3.900316498530002e-05	1.5212468788705331e-09	1.3763734800321433e-07	0.0	0.0	0.0
847.1323062200452	-1.7510356057767922	717633.1442416924	3.066125692698097	762.7470837279454	0.1231842553055457	0.0151743607551818	581783.1137354854	820.1209893301944	-0.3617035319998649	0.1308294450611773	672598.437139937	812.8194251698895	659.9563045577397	0.964631	14.078377	0.0761472090039676	0.044514084390981	0.0979146001	0.0336967369	0.0392975648	-0.0948832399	0.1021741125	0.0564235306	0.009153499	0.1413763004	0.0445623101	0.0014042595	0.0488575271	0.1304499764	0.087285212	0.1072384238	0.0380424519	0.0581291549	-0.1351648422	-0.0981181538	-0.0829594565	-0.0860540863	-0.0109520675	-0.0536398062	-0.1927877902	-0.0926041711	0.0570301678	0.0185201228	-0.0552830872	-0.0669545821	0.0248762917	-0.0330882395	0.0240345569	-0.075040539	-0.1511806011	-0.0582558097	-0.200403152	0.0477646856	0.1481086202	-0.0190069896	0.1382042716	0.0229652426	0.1520209234	-0.0030499183	-0.1451391599	-0.0551594283	-0.0224528643	-0.0378785696	-0.0722116636	-0.0597852535	0.0048870207	-0.0999781167	0.0750311116	0.1205598972	0.0020866119	0.1247273944	0.1283822761	-0.0425889095	-0.0734832436	-0.104522227	0.0274995367	0.0083592475	-0.0325073031	0.0211415526	0.0928162752	0.1751793118	0.0045029074	0.0641815875	-0.0263708989	0.0023238173	0.0044899721	-0.0862394054	0.0623363777	0.0159275558	-0.0185606238	0.1500311104	0.0622376363	0.0216774324	0.1304447623	0.2080670662	-0.009387905	0.1306271696	-0.0019747173	0.0319050769	-0.0705263739	-0.0537380053	-0.0397438068	-0.0148368465	-0.0670319001	-0.0509760128	-0.1393294921	-0.0509612127	-0.0888661936	0.1211199807	-0.0067617845330403	-0.0070903340128864	5.0272836414293765e-05	4.572173007126303e-05	-0.0263125969847095	0.0320415211614034	0.0006923527600797	0.0010266590783366	0.0444343881513304	0.0198108080251841	0.0003924681146107	0.001974414850383	-0.0004039699812961	-0.000341999842182	1.1696389205256246e-07	1.631917457883714e-07	-0.0001610746024596	-6.303402490001977e-08	3.973288295096313e-15	2.594502755751818e-08	0.0003689670382559	-2.02803988289999e-06	4.112945766633005e-12	1.361366753193308e-07	0.0	0.0	0.0
845.7609323853417	-1.3713738347034905	715311.5547493225	1.8806661945093568	755.0667213849573	-7.680362342988133	58.98796571959016	570125.7537430287	819.1522088496972	-0.9687804804972302	0.9385356193924442	671010.341263338	812.2199789756586	644.2623358151269	1.008518	14.718886	0.0595362765665131	0.0360827712206533	0.1466266464	-0.0250300666	0.0665266402	0.0074336905	0.1375479017	0.0412735229	0.1102930389	0.0282803429	-0.0543323245	-0.0464687916	0.0758327975	0.082446144	0.0370766354	0.0628769427	-0.0487031498	0.0646673272	-0.0585877339	-0.0076587318	0.192714994	0.0543135852	0.1312518378	0.0216384667	-0.0993110215	-0.1076008622	-0.1692001292	0.0844463362	-0.0595778147	0.0021269453	-0.0750083365	0.0005915694	-0.0690686954	0.0597541744	0.0009873224	-0.0445275706	-0.0972079278	0.0049303946	0.0761914669	0.0456498188	0.0711508258	-0.0022549987	0.131480928	-0.0228439846	-0.0461339433	-0.0523926214	-0.089600514	-0.0251043519	-0.0819940852	-0.0047008842	0.0839512362	-0.0262319985	-0.0515645514	0.0865469332	-0.0128419282	-0.0126708554	-0.1674698494	-0.1424461027	0.0090582687	-0.0773822387	-0.0880175223	-0.1461494065	0.042558995	-0.1219069688	-0.0812597914	0.0817113865	-0.1145311342	0.0910775887	0.0282952789	-0.0370191612	-0.0207454901	-0.0873509953	0.03134184	0.0066218775	0.0380854482	0.2037633699	0.0011102901	-0.1025662488	0.0694398764	0.1833565343	-0.0053189695	0.1551232351	0.0281984303	0.10734381	-0.0908048536	0.040054576	0.0354041255	0.0170267816	0.0148564998	-0.0081626464	-0.1527471127	-0.0540487397	-0.0838433825	0.1242524367	0.00512547293647	0.0118872574695103	0.0001413068901464	2.627047282248641e-05	-0.0577236912805858	-0.0314110942958762	0.0033320245350563	0.0009866568448644	0.0582216728310669	0.0137872846797365	0.00019008921884	0.0033897631872477	-0.0004039738348042	-3.853508100018065e-09	1.484952467690484e-17	1.631948592064111e-07	-0.0001610649720849	9.630374700009357e-09	9.27441168625803e-17	2.5941925232709617e-08	0.0003199677197109	-4.899931854500004e-05	2.4009332178743846e-09	1.0237934165699304e-07	0.0	0.0	0.0
848.301943771116	2.541011385774368	719616.1878058537	6.456738862634975	752.2476018099177	-2.819119575039622	7.947435178371578	565876.4544287724	818.9732049731119	-0.1790038765852841	0.0320423878325596	670717.1104639308	811.5558523383022	645.5092013071454	1.1376	16.602781	0.0771605024453	0.0495573234445373	0.0587235535	-0.1561198339	0.0916119032	0.0813304878	0.0701814088	-0.0499948789	0.180799866	-0.0352102163	-0.1221180636	-0.0926296097	0.0700527698	-0.078130463	-0.0176335047	0.0772032009	-0.1897906676	0.0493184139	0.1206709282	0.0714787577	0.0786182843	-0.0373600054	0.0906228109	-0.0602548836	0.0275231731	0.0376964238	-0.0333783489	0.1162696228	0.1426963966	0.0955364171	-0.1053567003	0.001218876	0.0356492081	-0.1077081787	0.0122402648	0.1095808387	0.02170981	0.1371165151	-0.038733127	-0.0135592899	0.1031374106	-0.044659816	-0.0015859654	-0.124344269	0.0734761069	-0.0588877904	-0.1842768755	0.0082378235	0.0603023236	0.1021378778	-0.0240311011	-0.0905643732	-0.0793465628	-0.0440326844	0.0599184802	0.0328544756	-0.0966964757	-0.0047322953	0.0446214897	0.1426985632	0.009686597	-0.0307924653	-0.0675496807	-0.0199422353	0.0390208736	0.0072145046	-0.0585547673	0.0032296352	0.004270755	-0.0049714717	-0.1280914881	-0.0057883024	0.1746801726	-0.0637619834	0.0786937062	0.055140508	-0.0473387165	-0.1956959257	0.0270122086	0.0398900071	-0.0516618693	0.108607625	0.0094913575	0.079132739	-0.0608101801	0.0863834571	0.0895354446	0.0640346354	-0.0481831896	0.0548955922	-0.0810922207	-0.0570992244	-0.0785907625	0.1266188352	0.005184314436633	5.884150016300001e-05	3.4623221414323303e-09	2.6877116177881345e-05	-0.014141661549317	0.0435820297312688	0.0001999865913754	0.0018993933154971	0.0355798359668426	-0.0226418368642242	0.0005126527765861	0.0012659247274274	-0.0004040024393615	-2.8604557300007574e-08	8.182206983294165e-16	1.632179710100425e-07	1.542701779277955e-05	0.0001764919898776	3.1149422490982944e-08	2.3799287797873685e-10	0.0003610030122688	4.103529255790003e-05	1.6838952353124455e-09	1.303231748671474e-07	0.0	0.0	0.0
851.2786614039619	2.9767176328458618	724675.3593617212	8.86084786569547	755.4506038691374	3.20300205921967	10.25922219136545	570705.6148862443	820.5954501591216	1.6222451860096498	2.631679443531483	673376.8928218514	813.4173557249968	656.6186880232796	1.166881	17.030127	0.0586435724491261	0.0270249878325452	0.0053575458	-0.1437298326	-0.0947890848	0.1137737018	-0.0083409479	-0.1078930255	0.0894535215	-0.1529283173	0.0041085404	0.066191157	-0.0575301165	-0.1537695171	-0.1015958324	-0.0909369525	-0.126580924	0.0651229122	-0.0904717051	0.103121452	0.0635408866	0.0349425963	0.0990203676	-0.0782309433	0.0975974302	-0.0462573338	0.0933124973	0.1044111975	0.0289354062	0.0564637891	0.040026148	-0.0620859635	-0.1568736227	0.0290121941	0.0647932888	-0.1471832323	0.1368936191	-0.0091594917	-0.1264325675	0.0454717261	0.1531191333	0.0491072688	-0.1827989928	0.0241991589	0.0840333007	0.046668755	-0.138249996	-0.0091877765	-0.119124885	0.0759697457	-0.0474275888	-0.0247156789	-0.0577074309	0.0339419361	0.0406645448	0.1492747742	-0.0295859421	0.105212104	-0.0338825999	0.2201613553	-0.0360579873	-0.0836495492	0.1038946942	0.0531999244	-0.0241170661	0.0474604924	0.1000063155	-0.028940833	0.0117041355	0.1005104796	-0.0708897418	0.0955488355	0.0102115139	-0.1331721011	-0.0170536434	0.0506845128	0.0170666951	-0.1872469952	0.0388266503	0.0057819926	0.0153970319	0.0233682334	0.1407333614	0.0798695382	0.0673476322	0.0255500312	-0.0019513548	-0.1283778476	-0.0804073147	0.0849943731	-0.0454422915	-0.0601105761	-0.0731227308	0.1282045865	-0.0120626808387953	-0.0172469952754283	0.0002974588460306	0.0001455082690186	-0.0301208646152844	-0.0159792030659674	0.0009072664851722	0.0002553349306234	0.0235893615167981	-0.0119904744500445	0.0001437714775371	0.0005564579767701	-0.000601997468093	-0.0001979950287314	3.920203140238749e-08	3.624009515903825e-07	-1.0122215946539724e-05	-2.554923373931928e-05	6.527633446663705e-10	1.0245925566838307e-10	0.0004059967429517	4.499373068289999e-05	2.024435800765336e-09	1.6483335528738874e-07	0.0	0.0	0.0
854.9010866359364	3.622425231974489	730855.8679313048	13.121964561245433	767.6732004408868	12.222596571749476	149.39186695574207	589322.142675154	821.5149200921505	0.9194699330289496	0.845424957744261	674886.7639340125	814.2982065752518	669.6136366526285	1.25491	18.314863	0.0728315796346707	0.0395163507396521	-0.025309242	0.0435457474	-0.1672210238	0.1893638297	-0.0845009265	0.0237983279	-0.1017917342	-0.2080569108	0.0105928801	0.0861912452	-0.1417299091	0.0531491591	-0.1014408338	-0.1566081871	-0.0645233283	-0.2053933859	0.1432724326	0.0123599598	-0.0805577275	0.0100154185	0.1690680064	0.1474253307	0.0802231321	-0.0307740827	0.1195230741	0.0011318364	0.1073998092	-0.1066620991	-0.0323961006	0.1064210593	-0.0843316192	0.0429942537	0.0840646517	0.0391766118	-0.0214851144	0.0591386963	-0.0375038207	0.0611027308	0.0317512981	0.0207036991	-0.1212729216	0.184607384	0.0270826692	0.1044118859	0.0438829457	0.2016395113	0.141483126	0.0217987415	0.0221403388	-0.0598660696	-0.1245930521	-0.1669932877	-0.0992333455	0.093179896	-0.1273883838	0.0722480865	-0.0123708255	-0.0752794892	-0.0242496133	0.0926522949	-0.1351602814	-0.1351419223	-0.0200591389	0.1204650853	0.0104482007	-0.0431661726	-0.0442881811	0.086879634	0.0888210465	0.1586514106	-0.0305341474	-0.2407420519	0.0066150369	-0.0410651613	-0.097819882	-0.0269171087	0.1118250448	-0.011600775	-0.1006674456	0.0506603694	0.0027436008	0.0145043158	-0.069980279	-0.0858696623	0.0222895527	0.002549547	-0.0412885894	-0.0110617613	-0.0914930678	-0.063080731	-0.0674542747	0.1289999139	-0.0120614062810631	1.274557732199727e-06	1.624497412710111e-12	0.0001454775214768	0.0025382441211405	0.0326591087364249	6.442683218504308e-06	0.0010666173834576	0.0096151642134714	-0.0139741973033267	0.0001952781902723	9.245138285202108e-05	-0.000734049001737	-0.000132051533644	1.7437607537732485e-08	5.388279369510863e-07	0.0003018800625156	0.0003120022784621	9.734542176556657e-08	9.113157214442257e-08	0.0003261105743141	-7.988616863759997e-05	6.381799939595061e-09	1.0634810667947217e-07	0.0	0.0	0.0
855.2248687250019	0.323782089065503	731409.5760856967	0.1048348411996213	772.425708514732	4.752508073845206	22.58633299196387	596641.4751744858	821.7875473745538	0.2726272824032776	0.0743256351105964	675334.7730198845	814.9059957961406	675.1014420872643	1.031843	15.059299	0.1022580993799404	0.0635157509795103	-0.0490752139	0.1222405595	-0.0755346903	0.1241469277	-0.0904976473	0.0696398567	-0.1277891617	-0.0969042407	-0.0399288276	0.0396560654	-0.1641099242	0.0907349014	-0.0804856488	-0.0316906567	0.1096657105	-0.0250393457	0.128656496	0.0142138944	-0.0737728848	-0.0553486384	0.0210615221	0.1628288139	-0.0004411867	0.0435453349	0.1012333979	-0.1130937043	-0.1112720134	0.1526124914	0.1387531212	-0.0724603682	0.0909654633	-0.0384564331	0.0062441447	-0.0027812493	0.0026157857	0.0078530622	0.1208002665	0.1271374667	0.1352989548	-0.033334248	-0.0545352543	0.2164377984	-0.0090084321	-0.0051825227	0.123378461	-0.0285139063	0.1372180848	-0.041609038	-0.0840476251	-0.0189225163	-0.0275910715	-0.1820891895	-0.0270827605	-0.0380182106	0.0106790372	0.1551889535	-0.1160925167	0.0159546866	0.0609190283	-0.1817961265	0.0341431549	0.1674358526	-0.0716901125	0.0973147906	-0.0475092326	-0.0215202818	-0.0410646426	-0.0489650395	0.0764288431	0.1029594352	0.0162003942	-0.074011841	-0.1032536424	0.1572843043	-0.0287708399	-0.061344598	0.0913372686	-0.1985689148	-0.0803263357	0.0453726084	0.0807927335	-0.0097531175	0.0165656004	0.0442965687	0.1215416223	0.1626339237	-0.0284283817	-0.0186157512	0.0106777546	-0.0660076536	-0.0616009311	0.1289999139	-0.0120237003783074	3.770590275570078e-05	1.4217351026223635e-09	0.0001445693707873	-0.0519758440560735	-0.054514088177214	0.0027014883653412	0.002971785809793	0.0341209429490021	0.0245057787355307	0.0006005331914347	0.001164238747729	-0.000319041011763	0.000415007989974	1.722316317422597e-07	1.0178716718675873e-07	0.000252947742074	-4.893232044159997e-05	2.394371983799422e-09	6.398256022033483e-08	0.0003260403534409	-7.02208732000103e-08	4.930971032971926e-15	1.06302312071867e-07	0.0	0.0	0.0
856.2616647639195	1.0367960389176003	733184.0385442788	1.0749460263152266	774.5757204094189	2.150011894686827	4.62255114729484	599967.5466477702	821.6335748832397	-0.1539724913141071	0.0237075280814728	675081.7313754123	814.7247310417742	689.4209497239855	1.238392	18.073788	0.0883415131004197	0.0592962366282106	-0.1178675876	0.0612454281	0.0889868766	0.1828433873	-0.1566374555	0.0641838768	-0.0250239331	-0.0543863648	-0.1963796687	-0.0325852916	-0.1847511611	-0.04639019	-0.0667342152	0.1755408758	0.0520864257	-0.1078233462	-0.0285675195	-0.0021923904	-0.0149142996	-0.0719048591	0.0356611168	-0.0108025477	0.0465356721	0.1619948582	0.0117231725	0.002286451	-0.0483190822	0.0719186917	0.0506199995	0.0224110119	-0.0421615286	0.1131778486	-0.0488127923	-0.0084521954	0.0137553444	0.0860926131	-0.1008847019	0.0094321672	0.0975245566	-0.1033738855	-0.0957837277	0.0820086996	-0.0164751138	-0.1947264253	0.0804529509	0.0769562681	0.0476578477	-0.0659003569	0.0038584728	0.0028235517	0.0325025831	-0.060961451	0.0258250026	-0.04158291	0.0664082013	0.0309248539	0.1358562214	-0.0057749348	-0.0936116524	-0.04555142	0.074044746	0.0341730334	-0.0285460709	0.081417311	-0.0228012447	-0.0200902194	0.1191921435	-0.2103589214	-0.0177884572	0.0827866905	-0.0265503937	-0.1076169945	0.0316835812	-0.0246850713	-0.0912574537	0.0402537574	-0.0036890721	-0.0479559352	-0.0146853759	0.0451580602	0.0601560699	-0.0815631288	-0.1092839169	-0.0289463567	0.0805831467	0.0221294435	0.0228679134	0.0090353581	0.020707175	-0.0688893378	-0.0555787436	0.1282045865	-0.012162171258339	-0.0001384708800316	1.9174184616726127e-08	0.0001479184097171	0.00071099243263	0.0526868364887035	5.055102392571251e-07	0.0027759027391873	0.0286139842862525	-0.0055069586627496	3.0326593713232875e-05	0.0008187600967339	-0.0004041251275608	-8.508411579779998e-05	7.239306761093436e-09	1.633171187260329e-07	0.0007679342825834	0.0005149865405094	2.652111369058399e-07	5.897230623668813e-07	0.0003261546385124	1.1428507149999473e-07	1.3061077567758906e-14	1.0637684822315433e-07	0.0	0.0	0.0
854.2673505453411	-1.9943142185784384	729772.7062077567	3.977289202424126	765.8338306350196	-8.741889774399283	76.42063682774675	586501.4561451079	820.7509547589326	-0.8826201243070955	0.7790182838318727	673632.1297376994	812.9048236689292	687.4680094059024	1.338607	19.536392	0.031573011777861	0.021944361497533	-0.1522706041	-0.0978176203	0.044852595	-0.0190348054	-0.1126811567	-0.0721903246	-0.0257782442	0.0731863166	-0.0719192778	0.0334073777	-0.0578190538	-0.0543095433	0.0995591564	0.1027465058	0.0675620567	-0.0636602131	0.1797950184	-0.0147283444	-0.0081926939	0.0560293543	-0.0952542132	0.0061660037	-0.0166314546	0.0664663722	-0.0121633718	0.1849942167	-0.0372834068	0.0875435019	0.0118131793	0.049739759	-0.1022991079	-0.0175393985	-0.0538428964	0.2683958473	0.1057423496	-0.1229982125	0.0918953319	-0.0497725429	-0.030666523	-0.0093798012	-0.0828298347	-0.0697033825	-0.0793877948	-0.0636823915	0.0784160635	-0.0006021503	0.1906396597	0.0030026531	-0.0236815163	0.0596074125	0.0165338218	-0.0802708482	0.048608068	0.0280126669	0.0910619443	-0.1135398177	-0.0694263505	0.0630019726	0.0113347065	-0.1912451167	-0.0614008944	-0.1730430773	-0.0173304588	-0.0019015378	-0.02219703	-0.0524419408	0.0020549835	-0.0878974841	-0.1664668457	0.034698205	0.0191479674	0.0571360442	-0.0742462017	0.0079738935	-0.1518618052	0.130430736	0.0938955386	-0.0765766644	-0.1204605913	-0.0932304435	0.0163583642	-0.001502875	0.0684020849	0.1251329633	0.032915928	0.0344286114	-0.0562773555	0.0940541218	0.1488693516	-0.0717238087	-0.0494042187	0.1266188352	-0.0121104686742512	5.170258408780139e-05	2.673157201356173e-09	0.00014666345151	-0.0200343087620211	-0.020745301194651	0.0004013735275719	0.0004303675216567	0.0258675342497554	-0.002746450036497	7.542987802974911e-06	0.0006691293281622	-0.000404064871447	6.025611380000444e-08	3.630799250279084e-15	1.6326842033748066e-07	0.0007709664784543	3.032195870900046e-06	9.19421179950329e-12	5.943893109002247e-07	0.0001686559312446	-0.0001574987072678	2.4805842791028164e-08	2.8444823143983244e-08	0.0	0.0	0.0
849.3906244210822	-4.87672612425888	721464.4328544359	23.78245769102904	767.3923276350803	1.5584970000606972	2.4289128991981928	588890.9845131864	819.858204281924	-0.8927504770085761	0.7970034141990402	672167.475128381	812.4218525279651	679.5424363121153	1.389747	20.282757	0.0982836454669394	0.0478511265516707	-0.019234233	0.0029844762	0.0749189411	-0.1672742097	0.0105393849	-0.0427664378	0.0016455244	0.1798873081	0.0338909472	-0.048099811	0.0306004181	0.0165353836	0.1479208979	0.1061488052	0.0105832016	0.0127871943	-0.0785664446	-0.1442915143	0.0761517225	0.244554539	-0.1866365171	-0.0413594261	0.0462659414	-0.0124850401	-0.0228303384	0.082252782	0.0608269858	0.0152054344	-0.0277535127	0.0233906345	-0.1118916134	0.1708789912	-0.010237691	0.0655229715	0.0228983966	0.0274913063	-0.0362180077	0.0057400261	0.0530778684	-0.0165836564	0.0686513683	-0.1302221352	-0.1542108207	-0.0374663772	0.0118694828	-0.0115938138	0.0092128142	-0.1705243298	0.11891434	0.2721834537	-0.0242833913	0.0522343579	-0.0479713241	-0.0303125328	0.0153064017	-0.0456045328	-0.0494943904	0.1215380511	-0.1409630473	-0.055201238	-0.0406524699	-0.12878763	-0.1062321542	0.0589173964	0.0741456161	0.0233493898	0.0163917277	-0.1017967376	-0.0844771498	-0.0845373181	-0.0213239287	0.1352173936	-0.0752664305	0.1440750389	-0.0919429841	0.115647326	0.0378357636	0.1766495427	0.0016910213	-0.1205520817	-0.0308935952	-0.0187985773	0.0016859173	0.0241212196	-0.090629816	0.0864228613	0.0587428564	0.047316771	-0.100394038	-0.0745091236	-0.0430942802	0.1242524367	0.0042741857136974	0.0163846543879486	0.0002684568994125	1.8268663515174948e-05	-0.0546794521993092	-0.0346451434372881	0.0029898424928165	0.0012002859637902	0.0442986350297331	0.0184311007799777	0.0003397054759616	0.0019623690654974	-0.0004040572782794	7.593167600000901e-09	5.765619420170345e-17	1.632622841305565e-07	0.0003519343379572	-0.0004190321404971	1.7558793476958136e-07	1.238577782333727e-07	0.0003260711348144	0.0001574152035697	2.477954631492157e-08	1.063223849591506e-07	0.0	0.0	0.0
846.5860590907118	-2.804565330370337	716707.9554467422	7.86558669231528	757.4260932871159	-9.96623434796436	99.32582707854458	573694.2867921828	818.9029822088823	-0.955222073041682	0.9124492088260484	670602.094270601	812.0166910218799	654.4822245703804	1.324411	19.32921	0.0674770597487754	0.0388277714879298	0.1406877717	0.0464676721	0.0242428665	-0.0674344118	0.1324094603	0.0901276004	0.0523553538	0.0988520524	-0.0105590027	-0.067485294	0.1409834259	0.0835418444	-0.0360376046	0.0635817253	-0.0025867866	0.1407432211	-0.0290487623	-0.0429076842	0.1409226479	0.1530726856	0.0322873445	-0.0351290736	0.0937722189	0.0890593742	0.0572372636	-0.0282696226	0.0018029889	0.1958511641	0.0205413192	-0.0259171452	0.0911017929	0.0739537741	0.1012894909	-0.0082241601	-0.0062989252	-0.0224772421	-0.2384775017	-0.0389857974	-0.0866882885	-0.0125729058	0.1799235232	-0.0257556265	0.0169851667	-0.0648740734	-0.0514628263	-0.1031221069	-0.1147699447	0.0363897416	0.0986295356	0.0949705662	-0.2024018665	-0.0804895226	0.0875068048	-0.0288315372	0.030003985	0.0547619519	0.006133974	0.0343249669	0.0904933554	-0.0386829744	0.1318198356	-0.0603541862	-0.064294703	-0.0726982379	-0.032924666	0.0955453863	0.0099580349	-0.0556211245	0.0857896966	-0.040577383	0.0674958568	0.0339690155	0.0361157041	0.137085772	0.0337189118	-0.0190813657	0.0354910329	0.1062626219	-0.1622095587	-0.0601117707	0.0108490566	0.0174085867	0.0404515978	-0.0087660901	-0.1704289901	0.0181931557	-0.0141194461	0.1785949737	0.0091439034	-0.0772433738	-0.0366662233	0.1211199807	0.0078659143459276	0.0035917286322302	1.290051456758223e-05	6.187260849746964e-05	-0.0233048748876996	0.0313745773116096	0.0005431171935313	0.0009843641014821	0.0665332087854437	0.0222345737557106	0.0004943762700981	0.0044266678712874	-0.0004040663579275	-9.07964809999766e-09	8.244000961979111e-17	1.6326962160879456e-07	0.0002859058554918	-6.602848246540003e-05	4.359760496683639e-09	8.174215820449802e-08	0.0004655571736854	0.000139486038871	1.945635503992213e-08	2.167434819699377e-07	0.0	0.0	0.0
849.6011240240854	3.0150649333735373	721822.0699429893	9.090616552458773	758.1843016195618	0.7582083324458608	0.574879875390333	574843.4352223426	819.7827717258458	0.8797895169634558	0.7740295941587908	672043.7928185102	813.0651078153247	645.7245979801057	1.188719	17.348833	0.0385030200711223	0.0219892828675052	0.1131177931	0.0569668666	0.0545218434	0.0111164659	0.0070471794	0.0747756015	0.0903687093	-0.0496722358	0.1374518095	-0.1565875661	-0.0358354132	0.0472928353	-0.1115965575	-0.1354268686	-0.0685514553	0.1041779998	0.0074426758	-0.0893377024	0.005832254	-0.0127579709	-0.0554198908	0.0481121357	0.187905735	-0.0110020106	-0.1105829152	-0.0547993227	0.044429946	0.174834365	0.050844892	0.0213487425	-0.0845138124	0.0057753584	-0.0004734547	-0.0186218557	-0.0068476795	-0.1234918171	0.0690118765	-0.0317316977	0.1869152062	-0.1287918236	0.0563650767	0.0948531484	0.0734888489	0.1112840897	-0.1231207566	-0.0607621974	-0.0364897455	-0.1168662923	-0.0418740455	0.0062807251	-0.0244366273	-0.0769987053	0.0382444757	-0.1126248368	-0.103342154	0.0756518537	-0.0747626614	0.1168527703	0.101476239	-0.0076703297	0.0336901374	-0.0895493255	0.0102572784	-0.0173913476	0.08806088	0.0266123006	-0.1594102146	-0.0258697352	0.0750866075	0.0024349456	0.0256579353	-0.0800036232	0.0213560404	0.0471461842	0.0164676101	-0.1253059262	-0.0307842698	0.018431397	-0.1228586565	-0.0675094536	0.1183241029	0.0368516393	-0.0288565407	-0.021783937	-0.0262032773	0.0582032703	0.0035161625	0.1344528642	0.0619957859	-0.0799246852	-0.0301376669	0.1172407796	0.004278692090466	-0.0035872222554616	1.2868163510079014e-05	1.8307206005016308e-05	-0.0084884575794177	0.0148164173082819	7.205391207757378e-05	0.0002195262218531	0.0534111928526499	-0.0131220159327938	0.0001721873021404	0.0028527555219429	-0.0004040466663154	1.9691612099974942e-08	3.877595870958794e-16	1.632537085605882e-07	0.0002859341004117	2.824491990001485e-08	7.977755001582551e-16	8.175830977824816e-08	0.0003260578187257	-0.0001394993549597	1.9460070034172376e-08	1.0631370115216144e-07	0.0	0.0	0.0
852.3547376835905	2.753613659505163	726508.5988516625	7.582388185813416	761.5364204253126	3.35211880575082	11.236700487868305	579937.7196341985	820.3929869048071	0.6102151789613117	0.3723625646347857	673044.652962591	813.3845503121369	669.1881771314712	1.066821	15.569796	0.0448848213637464	0.0330984701929686	0.0235294136	0.0960740904	0.0841974974	0.0730678788	-0.0485189845	0.1074147292	0.089186875	-0.0417290518	0.0403899644	-0.091985991	-0.076965273	0.0464965357	-0.078033139	-0.0586792685	-0.0115313461	-0.0210270704	-0.1106369394	0.0123817907	0.0436331137	-0.1533696818	-0.0615947814	0.0689271994	0.0274873094	-0.1310104628	0.0985759827	-0.1970268944	0.0283457362	0.0533449819	0.0592970289	0.0209581765	0.117091239	0.0109019061	0.0077891876	-0.0239256843	0.1489267965	-0.0731460677	0.0458720658	0.0172378623	-0.0045259534	-0.1217436715	0.0090782538	0.0846149393	0.0174571264	0.0369428217	-0.0272863837	0.0265962815	-0.0917869613	0.0047810637	0.0427801536	-0.0284021442	0.1572594418	-0.0592622654	-0.0621905826	-0.03406764	-0.0557725259	0.2473318606	-0.1366454565	-0.0427180431	0.0669664764	0.0687139603	0.09445719	0.0281915872	-0.0451296335	-0.0308802837	-0.0859746444	0.0275040751	-0.0147485683	-0.1130533433	0.056087086	0.0089542329	-0.1299000856	-0.1141994611	0.0545743265	0.0921494095	0.0146394849	-0.0561514372	-0.1240774918	0.0669041432	-0.077464902	-0.0865901561	0.094405094	-0.0419325659	-0.0729670006	-0.0592093718	-0.0440069075	0.0621525125	0.0926607575	-0.0053467282	0.063729143	-0.0825512202	-0.0235265052	0.1126387502	0.0042658959871175	-1.2796103348499711e-05	1.637402609054855e-10	1.819786857290519e-05	-0.0401015228208763	-0.0316130652414586	0.0016081321325532	0.0009993858939607	0.0543664072058192	0.0009552143531693	9.124344605006484e-07	0.0029557062324689	-0.0006500463751903	-0.0002459997088748	6.051585676653553e-08	4.225602898980482e-07	0.0002858941583256	-3.9942086100012385e-08	1.595370242020802e-15	8.173546976470324e-08	0.0003260930810801	3.5262354399986675e-08	1.2434336378302589e-15	1.063366975283127e-07	0.0	0.0	0.0
853.8456439719656	1.490906288375072	729052.3837299007	2.222801560716334	767.1950520253022	5.658631599989576	32.02011158440059	588588.2478521061	820.2956457682687	-0.0973411365383754	0.0094752968625826	672884.9464663811	813.4806029264591	670.3277528853644	1.012465	14.776488	0.0535643492196608	0.0378117208576334	-0.0235079825	0.0077296221	0.1188173963	0.1546208839	-0.1143778422	0.066521192	0.07150483	-0.0558923181	-0.1259700519	-0.0787895682	-0.0933084239	-0.0229017595	-0.0930668993	0.0482872591	0.0344252055	-0.0726761955	0.0092476885	-0.0688449938	-0.0333640036	-0.0912157579	0.0484214782	-0.0130361477	-0.1133120326	0.124115914	0.097078675	0.0230924631	0.0226032451	-0.2098366572	0.0038911971	0.0136071975	0.0650828991	-0.0209328582	-0.0807537238	0.13500546	0.0537636916	0.1516031149	0.0743079098	0.1288895718	-0.0290815458	-0.1054494049	-0.0547009982	0.0527939786	0.0420093097	-0.0867523482	-0.0114319611	0.0356018025	0.0519359607	-0.0099907786	0.056644996	-0.0878312929	0.0832474525	-0.0608508299	0.0158275095	-0.0290718889	0.1390543926	0.0401024659	0.1157026359	-0.0503218334	-0.0678191831	0.045965655	-0.1360652951	0.0440005743	0.1128047153	-0.0425081643	-0.0959366516	0.02756317	-0.0123073669	-0.1905087594	-0.0106360588	0.1083845708	-0.0088601938	-0.0066705739	0.0626180794	-0.0137134144	-0.09712769	-0.0454448421	-0.1258112823	0.0047406143	-0.092833161	-0.014889957	0.0323828525	-0.0578594116	-0.0649717284	0.0420393647	0.0927104617	0.0374784953	0.0171269258	0.0917167122	0.0179718028	-0.0851211787	-0.016850859	0.1073422654	0.0042608395204553	-5.056466662200013e-06	2.5567855105940137e-11	1.815475341907375e-05	-0.0091788185869177	0.0309227042339585	8.425071065154584e-05	0.0009562136371408	0.0753524812272843	0.0209860740214651	0.0004404153028344	0.0056779964271082	-0.0006830466621214	-3.300028693110002e-05	1.0890189375349303e-09	4.66552742635186e-07	0.0002858885855772	-5.5727484000013885e-09	3.105552472971804e-17	8.1732283363332e-08	0.0003260975113521	4.430272000004263e-09	1.9627309994021773e-17	1.0633958691003301e-07	0.0	0.0	0.0
854.5307613569619	0.6851173849962606	730222.8221053089	0.4693858312241144	765.4255070526328	-1.7695449726693369	3.131289410299324	585876.20684678	819.8446178413104	-0.4510279269583179	0.2034261908963177	672145.1974033643	812.553859792662	672.525509156878	0.966289	14.102563	0.0134571857293367	0.0087618629561156	-0.0707154537	-0.0122064911	0.1077780034	0.1200212078	-0.1829226455	0.0197918822	0.1088750129	-0.0530659236	0.0119861212	-0.1593152107	-0.0964075572	-0.1136834078	0.0060281181	-0.0387507319	-0.0035258723	-0.0803875898	0.1431603757	-0.0977106929	0.0930267336	0.0473515545	0.0063977951	0.0794089878	-0.1311404775	-0.1034949387	0.0227498163	0.0141340943	0.0377216573	0.0578044734	0.095660615	-0.0936287837	-0.0261278072	-0.1451093676	-0.2341396203	0.0116582812	0.0158007336	0.1628030702	-0.0285792014	0.0634198133	0.0502977664	-0.184597175	-0.1066793007	-0.0382161746	0.0307695517	0.039495228	-0.0344333686	0.0467165619	0.1342768032	0.0087260004	0.1725962012	-0.0993236435	-0.030182406	0.086233865	-0.049826311	-0.0015668446	0.134776074	-0.0079517692	-0.1218846967	0.0461274784	0.0926983965	-0.0219849803	-0.0392024621	-0.0297840021	0.0632001399	0.0516671537	-0.2002636197	-0.0178352903	-0.1775952102	-0.1214711903	-0.0400266519	0.1205353337	-0.0306344516	0.0041817993	-0.0372354013	0.00590284	-0.1125655945	-0.033762158	-0.1571461688	-0.0495956955	-0.1060358444	-0.00019746	0.0135145387	-0.0200118289	-0.0142986171	0.1050781662	0.148113671	-0.0637372433	0.0879640837	0.0442192014	0.1153830215	-0.0876327994	-0.0101290257	0.1013839798	0.0042754536433449	1.4614122889600003e-05	2.135725878323308e-10	1.8279503856391182e-05	-0.0152935562739031	-0.0061147376869853	0.000233892863503	3.739001698063955e-05	0.0703753702767926	-0.0049771109504917	2.477163341350445e-05	0.0049526927415956	-0.0006360462916342	4.7000370487200005e-05	2.209034825934061e-09	4.045548851016178e-07	0.00028589612481	7.539232800015361e-09	5.684003121282744e-17	8.173659418137512e-08	0.0003260909616927	-6.549659400012682e-09	4.289803825617449e-17	1.0633531529766995e-07	0.0	0.0	0.0
855.449282379519	0.9185210225571154	731793.4747236341	0.843680868879369	765.8939437738201	0.4684367211872313	0.2194329617566439	586593.5331094154	820.5467621999118	0.7021443586013447	0.4930067003156937	673296.9889567585	813.2293870153505	678.4694062532886	1.173896	17.132502	0.0674628449577025	0.0385057593658306	-0.1228673108	-0.084712146	0.062024432	0.1099277029	-0.178859441	-0.0322525381	0.0845522728	-0.0238272485	-0.0454923824	-0.0057237572	-0.1069234493	-0.107423246	0.0455291252	-0.0615531169	0.0658304844	-0.0291131986	0.0035749833	0.0687916202	0.1065412856	0.0102113208	0.035611147	0.0956391313	-0.2571847908	0.0977269528	-0.0507755817	-0.0127623773	-0.0455240708	-0.0131817501	0.1158030152	0.1472801211	-0.1985002713	0.0178290002	-0.1059431225	0.0743559607	0.0049318287	-0.0281459628	0.0339970509	-0.0428984867	-0.0930166071	-0.0641718283	-0.1576953468	-0.0280276313	-0.0141737612	0.0297928179	0.028649927	-0.0239003229	-0.0155783172	0.1929749807	0.0847226615	-0.086805167	0.03883933	0.0306330956	-0.0606043493	-0.1546756038	0.1773620451	-0.0551489814	-0.0370492472	-0.0686457065	-0.1070189071	-0.0811527061	-0.0146856765	-0.1094393649	-0.0181878731	0.1071776108	0.1074790849	-0.0115249329	0.0548306591	-0.1318672164	-0.1254597871	0.1157443867	-0.1798777537	-0.0148354322	0.0422144457	-0.0583443935	-0.0001141882	0.0436978962	-0.0742492907	-0.0161371778	-0.2968075037	0.0927819519	-0.0317124901	-0.0624256096	-0.0267678267	-0.0184493188	-0.0240524141	-0.061119741	-0.0056921307	0.0569234406	0.0399722564	-0.090084361	-0.0033794295	0.0948006283	-0.0060449751680664	-0.0103204288114113	0.0001065112508514	3.6541724782539406e-05	-0.0436590906117544	-0.0283655343378513	0.0019061161930453	0.0008046035382718	0.0564530143935826	-0.0139223558832099	0.0001938319933387	0.003186942834122	-0.0003390467931241	0.0002969994985101	8.82087021152509e-08	1.1495272792773627e-07	0.0002859445658744	4.8441064400006363e-08	2.3465367202055632e-15	8.17642947530991e-08	0.0003260483827626	-4.25789300999963e-08	1.812965288460371e-15	1.0630754790210692e-07	0.0	0.0	0.0
856.4469127125883	0.99763033306931	733501.3142949238	0.9952662814599824	768.820572117031	2.9266283432109503	8.565153459285671	591085.0721103589	821.9948465711146	1.4480843712028673	2.0969483461220038	675675.5277894703	814.6626343782283	693.5997485357617	1.139538	16.631065	0.0957249997056939	0.0626913715559814	-0.1489088924	-0.0492200751	-0.0533101552	-0.0007416641	-0.1534479245	-0.0884405436	-0.0794342374	-0.0718738516	-0.1641942757	0.1262738059	-0.1266959183	-0.1302219703	-0.0300322812	0.0842818354	0.1903373062	0.0282822205	-0.0257684748	0.0382568537	-0.0606619889	0.0574180718	-0.011971917	-0.0615387462	-0.1770971045	-0.0790501919	0.1028332712	0.0961332327	-0.1502644072	0.0246397111	-0.0390426573	0.1433258568	0.1037521487	0.0320357821	0.0207190586	0.1282856495	0.099764393	-0.0896639847	-0.0074749481	0.0181219107	-0.0404677856	0.0514734967	-0.1967470576	0.0481748393	0.0105904133	-0.1268702683	0.1124792886	-0.1117487374	-0.0097543276	0.0194574523	-0.0179535552	0.0608690736	0.0215458178	0.0449386809	0.0552931128	0.0876581927	0.1503008817	-0.0413284859	-0.0830994631	-0.2778608568	-0.1063840155	-0.0773036914	0.0764906891	-0.0492250036	0.0708438448	-0.1232296082	-0.0307869789	-0.0186266902	0.0931983697	-0.0907435542	-0.0487142356	0.2227941258	0.0104055716	0.1084565642	-0.0362709376	-0.0813779431	0.054567124	0.1077742453	-0.0751497637	-0.0315359852	-0.0719890198	-0.1011763391	0.0515518616	0.0543239297	0.0578055239	0.0566813248	-0.0329888973	-0.044255372	-0.0468871985	-0.0613860804	-0.0378402593	-0.0924741833	0.0033794295	0.0876327994	-0.0056716119543978	0.0003733632136686	1.3940008932094464e-07	3.216718216126804e-05	0.0108961178282811	0.0545552084400355	0.0001187253837277	0.0029762707679357	0.0517100435306474	-0.0047429708629352	2.249577260665229e-05	0.0026739286019414	-0.0008140065315876	-0.0004749597384635	2.2558675316131642e-07	6.626066334672746e-07	3.986730252680815e-05	-0.0002460772633475	6.055401953664008e-08	1.5894018107640435e-09	0.0003260162407926	-3.214197000000812e-08	1.0331062354814221e-15	1.0628658926053856e-07	0.0	0.0	0.0
854.597439926444	-1.849472786144247	730336.7843288322	3.420549586688164	769.7171031516671	0.8965310346360411	0.8037678960655703	592464.4188841941	821.8023686090332	-0.1924779620813979	0.037047765887008	675359.1330514173	814.0905011894289	698.529842179919	1.196408	17.461054	0.0358235685611761	0.0198472626070902	-0.1147847412	-0.0205521438	-0.118923112	-0.2149656107	-0.0858136869	-0.1458494695	-0.0969993231	-0.0182933482	0.0600314848	0.1639313415	-0.0975087944	-0.0737668222	0.0468774785	-0.0462170341	0.101943917	0.0655849765	-0.0553420733	-0.1567215997	-0.0514947021	-0.0412284052	-0.0948566677	0.0021650141	-0.0410910453	-0.159670243	-0.1423618309	-0.0210739895	0.072597538	0.0873903399	-0.041480285	-0.0552831046	0.2050191235	0.0575164927	-0.0467909091	-0.0014081804	0.008520276	-0.1058763086	-0.0531825508	-0.0218102785	0.0374099375	0.1146301259	-0.1419987157	0.019670001	-0.1068453013	0.0585527107	0.0463344931	-0.1293907168	-0.0009460604	-0.1864359903	-0.0184643911	0.0241803698	0.0858893694	0.0560738346	-0.1259800736	0.0014028464	0.0008932936	-0.1079889372	-0.07398024	-0.0732237706	0.0722129429	0.0110174368	0.0156528996	-0.0142480376	-0.0603562413	-0.1562311742	-0.1155553484	-0.0251399263	-0.1021674379	0.0501690374	-0.0508849503	0.229402437	-0.0235681535	0.1654891347	0.0240442346	-0.0244037503	0.0806575956	0.1315253214	-0.0602906849	0.0888650933	0.03447069	-0.184892116	0.1287745125	0.0259541906	0.010202415	0.0602117791	0.0039657974	-0.044665136	0.065404707	-0.0129623141	-0.1503989394	-0.0948006283	0.0101290257	0.0799246852	0.0043144203170157	0.0099860322714135	9.97208405257119e-05	1.8614222671877856e-05	0.0087765773822496	-0.0021195404460314	7.702831054661526e-05	4.492451702363408e-06	0.0677271101595522	0.0160170666289048	0.0002565464233947	0.0045869614505641	-0.0008139939787105	1.2552877100085146e-08	1.5757472348984206e-16	6.625861973769498e-07	-2.916709341271861e-05	-6.903439593952676e-05	4.765747822735349e-09	8.507193381462533e-10	0.0004109878762725	8.497163547990002e-05	7.220178836129004e-09	1.6891103444297977e-07	0.0	0.0	0.0
852.3241553748828	-2.2732845515612325	726456.4658355074	5.167822652366954	764.8599387559315	-4.8571643957355946	23.592045967201525	585010.7259137272	820.4416725650013	-1.3606960440318971	1.8514937242440543	673124.5380812569	813.0619463455579	680.5530305400728	1.243342	18.14604	0.1383585597416625	0.1010553850282835	-0.0147233995	0.0191535077	-0.1187061463	-0.0727032759	0.0348939093	-0.0430471374	-0.1076880591	-0.084510956	0.0053200291	0.0469142785	0.0211358733	-0.0357470971	-0.0691816325	0.0053568398	-0.0327144268	-0.0568246761	0.0864856295	-0.0183940152	0.0291511067	0.102508049	-0.2404802374	-0.0960982711	0.213148914	-0.0393114793	0.0699670554	0.0498968598	-0.149421392	-0.0406069459	-0.0724039372	0.0983031783	0.0762289606	-0.0913778694	-0.0635943546	0.0425876658	-0.1154185095	0.1086049228	0.1174111348	0.0518001991	-0.1057125123	0.0777957011	-0.027880714	0.0062315412	0.0736475701	-0.005427229	0.0136301211	0.0364625575	0.0912028462	-0.0799790183	0.071719509	0.2887599717	0.0373460282	0.0188160309	0.0387279931	0.0551489327	-0.0515963265	0.0135121655	0.0830352042	0.1461616261	0.0675049826	0.0964453813	0.1136804051	0.1024921271	0.2067882956	-0.120058064	0.020930918	0.0513989696	0.0551219692	0.0481649002	0.0212683909	0.0876673257	-0.0792687327	0.1245790868	-0.336076057	0.0065694943	-0.0398917665	-0.1327902583	-0.1551400483	-0.0645246094	0.0359418708	-0.1610105581	0.0264509522	0.0565633472	-0.0695104335	0.038128217	-0.2735851852	-0.0404632241	-0.0379337464	0.0108666965	0.0917805308	-0.0970621018	0.016850859	0.0717238087	0.004283835066758	-3.058525025770049e-05	9.354575333261674e-10	1.835124287918552e-05	-0.0886401835860084	-0.097416760968258	0.0078570821461612	0.0094900253175467	0.0517908035590863	-0.0159363066004658	0.000253965868064	0.0026822873332958	-0.0005620214875578	0.0002519724911526	6.349013629769744e-08	3.158681524766824e-07	0.000133408329827	0.0001625754232397	2.6430768241573643e-08	1.7797782467229622e-08	0.0003260376522113	-8.495022406120002e-05	7.216540568048087e-09	1.0630055065945663e-07	0.0	0.0	0.0
854.6915639708096	2.367408595926804	730497.6695228686	5.6046234600681215	768.5287574473643	3.6688186914328753	13.460230590607235	590636.4510235898	820.373758086602	-0.0679144783993024	0.0046123763762493	673013.1029571346	813.5136806771775	687.3448454387604	1.169509	17.068472	0.1405756598466413	0.1276093320839632	-0.0650763375	0.0459398052	-0.0101083722	-0.1287751614	-0.0126555748	-0.0223093178	-0.0991685214	-0.0264027103	-0.1004634668	-0.0889215552	-0.016447708	-0.0686535391	-0.1379537893	0.1180502865	0.0307995218	-0.0095770925	0.0809154973	0.0031375248	-0.1450828301	0.0575780551	-0.0743831297	-0.1989230964	0.011459508	-0.0260229043	0.0193645359	-0.0552421986	-0.0462860448	0.0910911492	-0.0076278599	-0.0507491508	0.1107462105	0.0300975621	0.0264550328	0.0281552302	0.0261519465	-0.0145960729	-0.0692819735	-0.013495723	-0.1844827118	-0.0427075007	-0.0392925038	0.0018480841	0.1580510028	-0.1162739689	-0.042825047	0.0109445753	0.1023816374	-0.0908863325	-0.1654081108	0.1164215247	-0.0231712164	0.1124136045	0.1274649006	0.1377494733	0.0990119445	0.0242816271	0.0570542731	-0.0423143789	0.1265035421	0.0380099729	0.1010607893	-0.0314473687	-0.0482330197	-0.051703327	-0.0388319578	-0.0161591409	-0.005586373	-0.0568635383	0.0371657067	0.1002665811	0.1601087912	0.088860209	-0.119873724	-0.2024433524	0.1553299576	0.0305712632	-0.0549400057	0.0415461764	-0.0891053825	-0.0843211315	0.0976580817	0.0261017287	-0.1970659498	0.0813643673	0.008161426	-0.024908123	-0.1852653725	-0.1148829296	0.1672119739	-0.0992570537	0.0235265052	0.063080731	0.0043243814548077	4.054638804969982e-05	1.6440095838768404e-09	1.870027496668476e-05	0.039295657760519	0.1279358413465274	0.0015441487188318	0.0163675795010438	0.0518646954482449	7.389188915860045e-05	5.4600112834268955e-09	0.0026899466339391	-0.0005230058934515	3.901559410630006e-05	1.522216583467556e-09	2.7353516458500175e-07	2.9886471246687307e-05	-0.0001035218585803	1.0716775203922261e-08	8.932011635790671e-10	0.0004340078039828	0.0001079701517715	1.1657553673560753e-08	1.8836277391797257e-07	0.0	0.0	0.0
852.4977105374078	-2.1938534334018414	726752.3464715219	4.812992887249048	769.4490151117312	0.9202576643668864	0.8468741688259968	592051.7868564132	821.0537472026172	0.6799891160151219	0.4623851978990269	674129.2557954591	813.7200429364669	679.4122712195866	1.295087	18.901232	0.0699015227110311	0.0498585932948821	-0.0233256287	-0.0690509608	-0.0625091396	-0.2246419304	-0.0011732113	-0.1602251868	-0.0173545654	0.043230634	0.1398965564	0.0746480196	-0.0289224839	-0.0547893146	0.0664922191	-0.0421232445	-0.158705673	0.0340507907	-0.0061149311	-0.1097363707	-0.1679076664	0.0702916224	-0.1502915916	0.0746646031	0.0470994707	-0.1181143073	-0.0922875321	-0.105437416	-0.0903512034	-0.0385372209	0.0809085115	0.0435903918	-0.0753841868	-0.0199201935	-0.0025087317	-0.0484634651	0.1190815511	0.061623694	-0.1220239761	-0.1148648313	0.0889923916	0.0775238821	-0.0542723152	-0.0382052676	-0.0994114481	0.0922520518	-0.1301289658	0.0351979373	0.037350837	-0.159050676	-0.1000878827	0.0746208141	0.0486933923	0.0240376795	-0.0094383333	-0.082325884	-0.0051390584	0.021264933	-0.2115827672	-0.0765248834	0.0647993138	0.0504561281	0.0021677953	0.0066308345	0.0791228661	0.005942096	0.0302724071	-0.0359349638	-0.1519701149	0.1031577297	-0.0455333783	0.1085572808	0.0039423217	0.1101957415	-0.0366932867	-0.0789111136	0.0501114512	-0.0076023545	0.0144053676	0.1435258044	0.0647544816	-0.1972760099	0.1169623476	-0.031894012	-0.0278228265	-0.072961013	0.0439192644	-0.0222814486	0.1314085929	-0.0372037158	-0.0002673912	-0.1013839798	0.0301376669	0.0540487397	0.004213789275866	-0.0001105921789416	1.2230630043072912e-08	1.7756020061403308e-05	-0.0098810604929155	-0.0491767182534345	9.763535646465552e-05	0.0024183496181776	0.0598286879276628	0.0079639924794178	6.342517621222482e-05	0.0035794718991456	-0.0005990160874267	-7.60101939752e-05	5.777549588147531e-09	3.5882027299599186e-07	9.890230478992734e-05	6.901583354324003e-05	4.763185279668216e-09	9.781665892759684e-09	0.0003260294355165	-0.0001079783684663	1.1659328056644052e-08	1.0629519282320765e-07	0.0	0.0	0.0
852.5878487389534	0.090138201545642	726906.0398173166	0.0081248953778827	766.375004825976	-3.0740102857552074	9.449539236928812	587330.6480220148	820.3457763968522	-0.7079708057649441	0.5012226618154642	672967.1928521543	812.8698345341958	667.2126563617161	1.400912	20.445707	0.1081929425764112	0.0725332037663602	0.0511878169	0.0776871008	-0.0725397474	-0.0331944255	0.0171929986	0.1015297511	-0.0849303828	-0.0960877505	0.0935659659	0.0213834928	-0.0011351569	0.1188422062	-0.0577394908	-0.1222387776	-0.02200795	-0.1512534045	0.1462608642	0.1664659371	0.0548870217	0.0341438347	-0.1044541226	0.056093096	0.0094829998	-0.0551941436	0.0500355104	-0.0312212403	-0.1661380955	-0.1455092636	-0.0917774469	-0.0381175901	0.1434914853	0.0575071306	0.0654463514	-0.159490646	-0.0674950081	-0.0039286285	-0.1977974381	-0.0824621079	-0.0312531352	0.0202246236	0.0548179969	0.1026184473	0.0598115221	0.1099690416	0.0582995916	0.121642421	0.1041404617	0.1561449976	0.0439297445	0.2163586368	0.0020398451	-0.068578652	-0.0828395412	0.0707348595	-0.0552600663	-0.0879719632	-0.0349238151	-0.0886810618	0.014434951	0.0654903516	0.0983880685	0.0151743755	0.0936623778	0.0039405904	-0.1973094461	0.0609768363	0.0347614998	0.0880884695	0.1234370209	-0.0159508514	-0.171274899	0.0101799774	-0.111388297	-0.1375017479	0.0276646728	-0.0499216867	0.0444163087	-0.0152147876	-0.061980842	-0.0318140321	-0.0317237826	0.0247814032	0.056795241	-0.0220812665	0.1078485353	0.076072715	0.0501884725	-0.042811345	-0.0060865912	-0.1034414224	0.0366662233	0.0446835199	-0.005750215354709	-0.009964004630575	9.928138827812004e-05	3.306497662553115e-05	-0.076555420603583	-0.0666743601106675	0.0058607324237915	0.0044454702961669	0.0520271373813727	-0.0078015505462901	6.086419092631937e-05	0.0027068230241002	-0.0002080296260047	0.0003909864614219	1.5287041301529705e-07	4.327632529565535e-08	0.0001829660628418	8.406375805187265e-05	7.0667154178037855e-09	3.3476580151829505e-08	0.0003260191092128	-1.0326303700037946e-08	1.0663254810541737e-16	1.062884595719076e-07	0.0	0.0	0.0
853.4258067933981	0.8379580544446981	728335.6077009625	0.7021737010087435	766.1113552247118	-0.2636496012642055	0.0695111122467745	586926.6086042445	819.846506742197	-0.4992696546552224	0.249270188059545	672148.2946173833	812.9943109937935	682.3487253491841	1.127962	16.462111	0.1017554671770569	0.0728471563650184	-0.004198028	0.1411974744	0.0457341105	0.0045242502	0.0089823462	0.0529632481	-0.0101200104	-0.0071867549	-0.0650156418	-0.1041798079	0.0185770464	0.0377584169	-0.0695550159	0.0468920787	0.032205329	0.0131199	-0.0262571196	0.0913964106	-0.0646909351	-0.1286511429	-0.1321106387	-0.0857322709	-0.0146439904	0.0511823173	0.042461202	-0.0826623197	0.0129940541	-0.0193134809	-0.0403162194	-0.0451321663	-0.0038018693	0.0196818356	0.0445554775	0.0027687611	-0.1246798683	-0.0767102021	0.1141734392	0.0221417029	-0.1647565785	-0.0710246103	0.0673895303	0.0287661653	0.1092177515	-0.072318963	0.0119684987	0.0092779782	-0.001635249	0.0181548947	-0.1084867788	0.0359702774	0.1342503131	0.0978328692	-0.0228356823	-0.0185233018	0.047410712	-0.0158735397	0.1674605183	0.0102029369	0.1290654347	0.0886512409	0.0539832829	0.0416345304	-0.0817185692	-0.0514126045	0.0197973378	0.0187807948	0.0382674734	-0.1135900557	0.0640017098	-0.0287877171	-0.0009592236	0.0417579152	-0.0614846276	-0.096986338	0.082641277	0.0593398517	0.006207149	0.0452714735	0.0423892988	-0.0208552751	-0.012701567	-0.0885457146	-0.0104362921	-0.0402767941	0.1156087895	0.0082153953	0.0324257115	-0.1143534802	0.0667534638	-0.1054279714	0.0430942802	0.0350428114	-0.0051919290071253	0.0005582863475837	3.116836458983483e-07	2.6956126815029104e-05	-0.0084719143352174	0.0680835062683656	7.177333250326207e-05	0.0046353638257945	0.0594333910856903	0.0074062537043175	5.485259393271816e-05	0.0035323279759446	-0.0005850423802309	-0.0003770127542261	1.4213861684922505e-07	3.422745866662369e-07	0.0001828644362531	-1.0162658869999766e-07	1.0327963530798494e-14	3.343940204616407e-08	0.0004630531455337	0.0001370340363209	1.8778327110397747e-08	2.14418215588654e-07	0.0	0.0	0.0
850.6478130795168	-2.777993713881301	723601.7018969646	7.717249074364024	769.5525878803842	3.4412326556723656	11.842082190465884	592211.1855133964	819.5886016141166	-0.2579051280804378	0.066515055090187	671725.475895783	812.313993696733	678.7966022188701	1.059598	15.464376	0.0607748151970752	0.0332899035282041	0.0576097162	0.146867343	0.0438274278	-0.1349710149	0.0251883758	0.1288841029	-0.0008763069	0.1023887083	0.080985099	-0.1179174055	0.0579283702	0.0784215836	0.0690578901	-0.0250630445	0.0044400426	-0.0108807706	-0.0317979629	-0.0131324528	-0.0239407149	-0.0844584162	-0.0254272536	-0.0530082403	0.1243478072	0.0120629111	-0.1268268593	0.0282127231	-0.017499674	0.0990879601	-0.1532218203	-0.0384871171	-0.0022016772	-0.0964039185	-0.0606404583	-0.0279357272	0.1243901183	0.1320960184	0.1273909061	-0.0054999744	-0.0123980805	-0.0858870724	0.1394978789	-0.0460470332	-0.0394398006	0.0544873125	0.0021496136	-0.0234473733	-0.0411370938	-0.0716479827	-0.0196998964	-0.0357765376	0.07129388	0.040588919	0.0532471801	0.0699296256	-0.1362840534	-0.0846600823	0.0142477497	0.0646016003	0.1171669094	-0.059774363	0.0655197741	-0.0047484255	0.0980761279	0.1260056511	0.0619985545	0.0289751328	-0.1237013239	-0.0299022628	0.0899217465	-0.088686244	0.0368912384	0.1164791298	-0.1151982728	0.01821112	0.0235262751	0.0274816359	0.0440800766	0.0614996608	0.0788038569	-0.0552647467	0.0081314524	-0.1844696679	0.0230252935	-0.1201566426	-0.0314956654	0.0340234877	0.0957848857	-0.0324823179	-0.022259523	-0.1073422654	0.0494042187	0.0251860523	0.0042373361221024	0.0094292651292277	8.891104087726948e-05	1.7955017411673804e-05	-0.0360638529812007	-0.0275919386459832	0.0013006014918496	0.0007613150782437	0.0625808781119445	0.0031474870262542	9.906674580438536e-06	0.003916366305262	-0.0003100296701993	0.0002750127100315	7.56319906789249e-08	9.611839640388673e-08	0.0001829494507219	8.501446880000188e-08	7.227459905346491e-15	3.3470501519444926e-08	0.0003260283821219	-0.0001370247634118	1.8775785788059764e-08	1.0629450594902365e-07	0.0	0.0	0.0
848.9154127247778	-1.7324003547390705	720657.3779616797	3.0012109891000565	761.2745479097302	-8.278039970653936	68.52594575574422	579538.9372951642	819.6256741307051	0.0370725165885232	0.0013743714862063	671786.2456942127	812.7104015255762	656.8203078527299	0.9557810000000002	13.949204	0.0369128276316957	0.0261926112167788	0.1311889584	0.1231929177	0.0683133573	-0.1274502903	0.081527686	0.1426514698	0.0822656393	0.0748288477	0.1804967957	-0.0950203837	0.0532952225	0.1467631734	0.0313031444	-0.1043800307	0.0269584912	0.0941147575	-0.0271571811	-0.0040277648	-0.0121963761	-0.0106948224	0.1030568489	-0.0929028971	0.1341976128	0.0428353963	-0.0619166631	0.1213674851	-0.1335408306	-0.0810517493	0.0925465191	-0.0504248281	-0.0389928933	-0.0464943127	0.0022150662	-0.1512090448	0.0016742227	-0.0125287404	-0.0069730865	-0.2815260433	0.0747844019	-0.0696861414	0.1580489472	0.0300606664	-0.0322238207	0.113751778	-0.0092745577	-0.1078799779	-0.143188637	0.0197744275	0.0008913759	-0.0351812158	-0.0498245556	-0.0266140687	0.1820252329	0.0468207586	-0.0433332571	0.0002588492	-0.0554735953	0.0791792061	-0.1157907501	0.0715262637	-0.0027501066	0.0474713005	0.0718309727	0.0680087105	0.0050517283	0.0392334026	-0.1272247777	-0.0145327366	0.1311528358	-0.1139946553	-0.0398952937	0.059702554	0.0104961915	-0.0401893297	0.116343072	-0.0448465475	0.0507018956	0.1268647639	-0.0209048487	-0.0451526618	-0.0461603541	-0.0538104725	-0.0037567101	-0.1518200962	-0.0259745223	0.1099041788	0.0569284811	0.0594847532	-0.0103889609	-0.1091829923	0.0555787436	0.0151740128	0.0042567856811643	1.9449559061900448e-05	3.782853477023538e-10	1.812022433536541e-05	-0.0327103958158261	0.0033534571653746	0.001069969994428	1.1245674960002248e-05	0.0707168325563287	0.0081359544443841	6.619375472109497e-05	0.0050008704067998	-0.0007550197498109	-0.0004449900796116	1.980161709527381e-07	5.70054822604514e-07	0.0001198768468355	-6.30726038864e-05	3.97815336101072e-09	1.4370458407221928e-08	0.0003260450278814	1.6645759499998945e-08	2.770813093318051e-16	1.063053602061829e-07	0.0	0.0	0.0
852.79621060009	3.8807978753122825	727261.3768138731	15.060592149028324	761.9380885130607	0.6635406033304889	0.4402861322681892	580549.6507269368	820.6843795683665	1.0587054376613878	1.1208572037337907	673522.8508675146	813.3175053115718	657.4840064578586	1.231655	17.975475	0.0399730456415877	0.0245213367635943	0.0239675185	0.0673184496	0.1661313982	0.0016689975	-0.0486389912	0.0966027129	0.1687607482	-0.0754296564	0.0885798597	-0.1099702155	-0.0906057757	-0.0499728938	-0.0503538117	0.010384846	-0.0632405774	-0.0009510892	-0.1032224743	0.073272861	0.1499372453	0.0362471167	-0.1308531205	-0.0224067808	0.0870067244	-0.0652804336	-0.0106039364	-0.048483163	-0.0108627919	-0.1030720351	-0.0078803163	-0.0599293052	0.0432348725	0.1239854957	-0.2300823679	-0.0313143225	0.1517505732	0.1765474423	-0.0226925675	-0.1392753986	-0.104330319	-0.1446046397	-0.0512630048	0.038843464	0.0503876342	0.0122077625	-0.0777211465	0.0237132567	-0.0498021952	0.0595717085	0.0644249573	0.0802970012	0.0878367291	0.1659323358	0.0866280021	-0.174639231	-0.0550878729	0.0686687194	-0.1118715103	0.0592937895	-0.0981436668	0.0935638861	0.1368259979	-0.0420317516	-0.0173824209	-0.0523905771	-0.175659482	-0.0039667025	0.0119518516	-0.0701429922	0.0399392409	-0.1083635334	-0.1212213041	-0.0572080502	0.0306562756	-0.0766493343	0.0924851326	-0.231949762	-0.0853087247	0.090903052	0.0923299264	-0.0429681768	-0.1348025608	-0.0506512314	0.0059118141	-0.0257250691	0.0163865787	-0.0395135223	0.1279749398	0.0424177394	0.1472805741	-0.1109488906	0.0616009311	0.0050684204	0.0042268211987703	-2.9964482394000125e-05	8.978702051403434e-10	1.7866017446373998e-05	-0.0466888541151604	-0.0139784582993343	0.0021798490985867	0.0001953972964262	0.0523032481269893	-0.0184135844293394	0.0003390600915364	0.0027356297646334	-0.0006670293680949	8.799038171599998e-05	7.742307274527384e-09	4.449281779010817e-07	0.0001828912290027	6.301438216719999e-05	3.970812359913932e-09	3.3449201646118054e-08	0.0003260610326086	1.6004727200003357e-08	2.561512927465273e-16	1.0631579698578652e-07	0.0	0.0	0.0
855.919927183356	3.1237165832659457	732598.9217495614	9.757605292570672	764.3771072298089	2.439018716748137	5.94881230064773	584272.3620570108	821.4149373866808	0.7305578183143098	0.533714725900164	674722.4993619648	813.551114320361	682.7409876369768	1.422106	20.755022	0.0897903306380575	0.0371607946777481	-0.1353767761	-0.04963495	0.0576921369	-0.0543325285	-0.1338559849	-0.0482290322	0.015785598	-0.0249078136	-0.117945189	0.0878284511	-0.111315549	-0.1205504199	0.0143587413	0.0733910776	0.0845849969	0.1381065165	0.0667146875	0.1599406989	0.0292090152	-0.0868820484	0.0568935899	0.0679090888	-0.042216139	0.03332738	-0.1367735685	-0.1053178943	0.0486486236	-0.0056201452	0.0627981718	0.0677658902	-0.1031149402	0.0820481763	-0.0951428242	-0.035320448	-0.0877187862	0.0630336122	-0.0073910646	0.0462519758	-0.038794767	-0.0096865946	-0.1717842042	-0.0056164704	-0.0043826893	-0.1014589962	0.0735877682	-0.1718419097	0.0370436551	0.2027518118	-0.0065000364	-0.0874422088	0.0398103655	0.0653528422	0.06442213	-0.1700330686	-0.0932748241	-0.0215515606	-0.0870460947	-0.1140605414	-0.0512061367	0.0817918901	0.0287746911	-0.098007553	0.0666523324	0.0381028459	0.0922048085	-0.0631312664	0.1017750154	-0.0637710398	-0.0900973965	0.0449640805	0.0143897704	0.0748723975	-0.0525660661	-0.0951655644	0.1251038712	-0.0125238484	0.0412456897	-0.1257245939	-0.0749719767	0.0596313631	-0.1634397619	-0.0469889484	0.131306361	-0.126553118	0.056697806	-0.0588885148	0.1711539062	0.046197568	0.1160180343	-0.1126387502	0.0674542747	-0.0050684204	-0.0128889680111683	-0.0171157892099386	0.000292950240279	0.0001661254963929	-0.0264710110117079	0.0202178431034524	0.0007007144239819	0.0004087611797558	0.0288190583789429	-0.0234841897480463	0.0005515071681222	0.0008305381258489	-0.0008940792933531	-0.0002270499252582	5.1551668559754216e-08	7.993777828027788e-07	0.0002652334438137	8.234221481100002e-05	6.7802403399808715e-09	7.034877971727517e-08	0.0005961190640718	0.0002700580314632	7.293134035777876e-08	3.5535793854983885e-07	0.0	0.0	0.0
854.6847694712624	-1.23515771209361	730486.0551661449	1.525614573744321	762.9403355745661	-1.436771655242751	2.0643127893089943	582077.9556466315	821.0072772743346	-0.4076601123462069	0.166186767198122	674052.9493374161	813.53738728673	695.5328135263352	1.163799	16.985142	0.0859277720715888	0.048669723389086	-0.1251004523	-0.0346080613	-0.0344165136	-0.0702657529	-0.0686952455	-0.1130394412	-0.0394839387	0.0275911087	0.102947996	0.0738456614	-0.0055276334	-0.0224936462	0.1648257904	0.0015291005	0.0638593314	0.1049203802	0.0661309116	-0.0188724573	-0.0675860765	0.025230384	0.0546815876	0.1281244068	0.080602213	-0.0671262018	-0.0292951401	-0.0011887383	-0.0667492523	-0.0794188269	-0.0371516187	0.0545210419	0.1137382249	0.0838429911	0.0864275022	-0.0756975647	-0.0036871785	0.0562133641	-0.0843688266	0.0616940368	-0.1953585421	0.0441439065	-0.0553331369	-0.0688529226	-0.1200217692	0.0421467145	0.0824276852	-0.1456839864	0.0262834346	-0.0359269062	-0.0316670253	-0.0288050627	-0.0941021017	-0.0785944256	0.0086659069	-0.0056430205	-0.1364499956	-0.0430283339	-0.0424368306	-0.1296852352	-0.0959644032	0.1091321223	0.0575265265	-0.0469032466	0.0323981227	-0.0638657663	0.0412187472	-0.1058380621	-0.102568748	0.0612537215	-0.0464129338	0.0734109322	0.0798378126	0.0565904949	-0.0242209088	-0.088309442	0.1000309266	0.0211261372	0.1083225604	-0.0005732163	0.0604260142	0.1017390099	-0.0505850478	-0.0185775022	-0.1120760177	-0.1978901329	0.0673289435	-0.0763593034	0.0434750376	0.0567689965	0.025401862	-0.1142514127	0.0731227308	-0.0151740128	-0.0130206970989092	-0.0001317290877409	1.7352552557049778e-08	0.0001695385529415	0.015060937183378	0.0415319481950859	0.0002268318288416	0.0017249027208792	0.0450321565601399	0.0162130981811969	0.0002628645526331	0.0020278951244569	-0.0008939477535163	1.3153983680004762e-07	1.7302728665383162e-14	7.991425860168394e-07	-0.0001398362125906	-0.0004050696564043	1.6408142653949769e-07	1.955416635168348e-08	0.000751937799982	0.0001558187359101	2.4279478460652624e-08	5.654104550417702e-07	0.0	0.0	0.0
853.7649131517495	-0.91985631951286	728914.5269290144	0.8461356485477447	764.4239179111967	1.4835823366305476	2.2010165495621554	584343.9262747039	820.9751855379756	-0.0320917363590069	0.001029879542536	674000.2552691133	813.7973368242752	684.923922822589	1.184883	17.29286	0.125836093200012	0.0968181929060982	-0.0691879698	-0.0873573275	-0.0720979115	-0.0618073441	-0.0255453778	-0.1190231931	-0.0192378391	0.0478557368	-0.0142568961	0.1335570905	0.0049467089	-0.0592508934	0.0333823119	-0.0323651504	0.0858039324	0.0212527473	-0.0853301861	0.0305896131	0.0958223956	0.2154294763	-0.099227144	0.0752034226	0.080919893	0.2070871587	0.1310698347	0.0562658082	0.0437915164	-0.1323157882	-0.0448925013	-0.0279499175	-0.2343072739	0.0185772813	0.007509935	-0.0336788699	-0.0798170528	-0.0151336546	0.0694728785	-0.0316920089	0.0328866617	0.1170924756	-0.08121959	-0.0072879355	-0.0298903308	-0.0070452342	0.0636967996	-0.0414817998	-0.1284553952	0.0121675923	0.0678243067	0.1779229757	-0.1705558574	-0.0044279776	-0.0296767606	-0.1012776906	0.0373090918	0.0201431782	0.1083253472	0.136363192	-0.037177612	0.0591397377	-0.0522267173	0.0556986028	-0.016214521	0.1512701525	0.1313619077	-0.0213777339	0.1245641024	0.0626832873	-0.0652226763	0.0478779057	-0.1260552553	0.0941005413	-0.0123942031	-0.0078187299	0.0927648257	-0.0902280092	0.0654702477	0.0016881774	0.127306989	0.001691806	0.0368082151	0.0209566831	0.0299517914	-0.0515293218	0.0795366595	-0.0058420161	-0.0521362166	-0.0164864942	-0.1503758412	-0.1157857731	0.0785907625	-0.0251860523	-0.0101506999411071	0.0028699971578021	8.236883685792134e-06	0.0001030367092943	-0.0811755807663701	-0.0962365179497481	0.0065894749127574	0.0092614673870921	0.0466821732457702	0.0016500166856303	2.7225550628584224e-06	0.0021792252989481	-0.0007349824017283	0.000158965351788	2.5269983069082613e-08	5.401991308503001e-07	-7.317470606627019e-05	6.666150652432981e-05	4.443756452093266e-09	5.354537607885039e-09	0.0004759734301577	-0.0002759643698242	7.615633341252299e-08	2.2655070621608694e-07	0.0	0.0	0.0
854.5817306743356	0.8168175225861205	730309.9344023428	0.6671908652037275	763.6150754122126	-0.8088424989840632	0.6542261881627843	583107.9833967992	820.6874942153801	-0.2876913225954922	0.0827662970967435	673527.9631615195	813.8154752747087	691.6975545958867	0.979553	14.296155	0.1333117800961993	0.1029699358538186	-0.0606512595	-0.012783479	-0.1053456698	-0.0470006173	0.015836533	-0.1011270521	-0.0872501618	-0.0666714414	-0.0380399794	0.0957823594	0.0262901562	-0.0856608396	-0.05453292	-0.0263355619	0.0257593879	0.0637523101	-0.0451896175	-0.0258564358	-0.0382117176	0.161334097	-0.0816749727	-0.0617911367	-0.009265123	-0.0137978365	-0.0929537673	-0.0215655102	0.0546586841	0.0178981844	0.0236644445	-0.1488275749	-0.0470443186	-0.140006469	-0.0605353116	-0.0804814328	-0.1677350477	-0.1280182526	0.0684194156	0.127134232	0.20431574	0.1149728226	-0.0724736768	0.0085286964	0.0445705121	-0.0062147458	-0.0158941189	-0.0551965488	-0.0583654773	-0.1300084644	-0.0027858914	0.0632464649	-0.1030303204	0.138004437	-0.0128021377	-0.0582375985	0.0161371945	-0.0184293914	-0.0012389109	0.0624328168	0.0991148883	-0.0048806642	-0.0843397595	0.0696971285	0.0263274851	0.012580921	0.0779647159	-0.0556794783	0.0437643863	0.0602101693	0.0257981568	0.1182095903	0.0478243774	0.0581686321	-0.0160663534	-0.1192141054	0.0601778002	-0.0472746981	0.0611658669	0.0510543451	0.1707686174	-0.0218029263	0.0347071697	-0.0065197395	-0.0061722714	-0.0696136411	0.0617819089	-0.0675972182	-0.0810166612	-0.0284381904	-0.097699038	-0.1172407796	0.0838433825	-0.0350428114	-0.0128891026676143	-0.0027384027265072	7.498849492542071e-06	0.0001661289675763	0.0189009570481886	0.1000765378145587	0.0003572461773374	0.0100153134209487	0.0459169194199233	-0.0007652538258469	5.856134179733256e-07	0.0021083634890157	-0.0011209640051322	-0.0003859816034038	1.489817981662455e-07	1.2565603008020226e-06	-0.0001128613227865	-3.9686616720229815e-05	1.5750275466984247e-09	1.2737678181118545e-08	0.0006449369246193	0.0001689634944615	2.8548662460675125e-08	4.159436367374007e-07	0.0	0.0	0.0
853.2033083190889	-1.3784223552466983	727955.8853266384	1.900048189443855	768.0198766209135	4.40480120870086	19.40227368817256	589854.5308848032	820.573955549794	-0.1135386655860202	0.0128910285830541	673341.6165266354	813.3573724163465	688.8941697393145	0.996516	14.543721	0.1022695171919243	0.0736779477688807	-0.0300919252	-0.0149136854	-0.1126592121	-0.1002511726	0.0009165157	-0.0902163123	-0.0577210742	-0.0871576229	0.1277973146	0.1029556499	0.0285819349	-0.0279498692	0.0180390602	-0.1399686383	-0.0295568079	-0.0904759027	-0.0644656701	-0.0634361557	0.0472699743	0.0035303965	-0.0566464966	0.0357844192	-0.0695196889	0.009376769	-0.062090893	-0.043806339	0.1548553218	0.1380598116	-0.1933967867	-0.0770317575	-0.0169936174	-0.1630388806	-0.1485328588	-0.0773480061	0.1469107425	-0.0069174755	-0.0245250054	-0.0518624534	0.0556117237	0.1069813957	-0.0318458777	0.0088155473	-0.0103333413	0.121386687	0.0057228142	0.0919067407	-0.0340719809	-0.0790187761	0.0601439742	-0.0549797802	0.0234052723	0.1018483585	-0.140131489	-0.1197861974	0.0049218895	-0.030920104	0.0610417698	0.1214701441	0.1441083482	0.0175239986	0.059962521	-0.0203411755	0.1539260094	0.0885042898	-0.0038182343	-0.0321668268	-0.0204561957	0.1132946307	0.0105416899	0.0326776455	-0.1774419548	0.0372819465	-0.0357350303	-0.0493572361	0.0188897731	-0.0321122936	0.0812544582	0.1246171768	0.1250972533	-0.0146185078	0.0266085837	0.0831071705	0.0738346449	-0.0234206305	0.0739908987	-0.0364200923	-0.1114326046	-0.0100680267	-0.0658346597	-0.1186154352	0.0888661936	-0.0446835199	-0.0129389664561045	-4.9863788490199165e-05	2.486397402595319e-09	0.0001674168529521	-0.0513829579030868	-0.0702839149512754	0.0026402083628703	0.0049398287008781	0.0523030852739623	0.006386165854039	4.078311431529374e-05	0.0027356127291753	-0.0008100125247546	0.0003109514803775	9.669082314902088e-08	6.561202902593215e-07	4.0257826993794765e-05	0.0001531191497802	2.3445474029440352e-08	1.6206926342623102e-09	0.0005980161028148	-4.692082180449999e-05	2.201563518809641e-09	3.576232592258015e-07	0.0	0.0	0.0
853.0800744631965	-0.1232338558924084	727745.613446133	0.0151865832381108	768.456210654854	0.4363340339405113	0.1903873891747992	590524.9476940173	820.6772564022393	0.1033008524452725	0.0106710661159199	673511.1591759069	813.6086614939792	671.3247041399517	1.266612	18.485647	0.043428639316365	0.0255042912592868	0.03902952	0.0188343563	-0.1362042606	0.071584067	0.0320901344	0.0334266537	-0.1473746364	-0.1400733847	-0.0287768629	0.1079918778	0.0433190262	0.025100889	-0.113208047	0.0214128408	-0.0409145385	-0.1510077097	0.0212807357	0.0759635702	0.1065745837	0.0932748079	-0.0089302738	0.0609769177	0.0246455697	-0.0923312164	-0.0992158489	-0.0821700837	0.0117756632	0.0413186972	-0.081976436	0.0685051204	0.0744755281	-0.0893136229	0.1246346437	-0.0358595033	0.1259169344	-0.1018768387	-0.0478846607	0.0751538071	0.1395120213	0.1132203112	0.0044827926	0.0775208001	0.0865250655	-0.0447755004	0.0260245743	0.1611282449	0.0394920009	0.0267919747	0.0641715659	0.0551346495	-0.0455387578	0.0989411775	-0.0789431364	-0.0696469859	-0.1729369134	-0.0210428668	-0.0016566233	-0.0589416439	0.004486597	-0.0800738409	0.0677574632	-0.0509371286	0.1123725165	-0.0246252016	0.000757347	0.025931385	0.1544705561	0.0468702864	0.085476578	0.0760630958	-0.0574873845	-0.0148396385	0.0156241345	-0.04383438	-0.0974892931	-0.0795137206	0.0700059505	0.0926435222	0.0876825851	-0.0191019663	-0.0965374026	-0.0808906808	-0.0147713876	-0.0348864643	0.0055884786	-0.0194351091	-0.0837785562	-0.1525418299	-0.0606260391	-0.1199087977	0.0936454286	-0.0540487397	-0.0129216856479672	1.728080813729986e-05	2.986263298781691e-10	0.0001669699599848	-0.0429097731567793	0.0084731847463074	0.0018412486323662	7.179485974505803e-05	0.0688433862754323	0.0165403010014699	0.0002735815572192	0.0047394118338683	-0.0010820295912187	-0.0002720170664641	7.39932844477346e-08	1.1707880362729071e-06	0.0001031581905674	6.290036357360523e-05	3.956455737691724e-09	1.0641612281140016e-08	0.0006310561279861	3.304002517129996e-05	1.091643263320135e-09	3.98231836668809e-07	0.0	0.0	0.0
852.8343960175091	-0.2456784456874174	727326.5070305496	0.0603578986753853	767.7315496662319	-0.7246609886220767	0.5251335484307256	589411.7323529139	819.9572814718921	-0.7199749303472345	0.5183639003285051	672329.9434387757	812.4624113224754	669.8829545369224	0.958851	13.994014	0.1101145509384274	0.0539090890414928	0.0440519856	0.0842026431	-0.1232389525	0.0866463413	0.0726250575	0.0917237737	-0.152712547	-0.0926192281	-0.0565797505	0.0266356028	0.050372428	0.0626305378	-0.094299533	0.0150587437	0.0657481343	-0.1103529913	0.0884870559	-0.007223615	0.0634082685	0.1054176956	0.1439706921	0.0678234639	-0.0393999314	0.086852665	-0.1047028469	0.1088767936	0.033676157	-0.1387478041	0.0319926224	-0.1114547883	0.0645813016	-0.0262347286	0.1514364556	0.0135357753	0.1299985655	0.0674442024	-0.0614982563	-0.0199838093	0.0118724365	0.0731334969	0.0721258988	0.0703538395	0.1063851298	-0.0333574764	0.0857642023	0.0804402234	0.1036050568	0.0833747967	0.0681491733	-0.0978679281	-0.1151203688	0.0348501523	-0.0032893839	0.0221904908	0.0208726651	-0.1598800902	0.0233707253	0.0866948483	-0.0721325385	-0.0277148021	-0.0670518952	0.1598289357	-0.0818323849	-0.027099519	-0.036064783	0.047832123	0.0726778847	0.0128743785	0.1943194331	0.0898834185	0.0170696058	0.0538427106	0.0385819987	-0.1210340258	-0.1210022045	-0.0126992427	0.0753204842	-0.0160620836	-0.0111211017	0.0315019103	-0.1487777157	0.1184969926	0.097644024	0.0937078935	0.1553787061	0.0867757846	-0.0901364292	-0.0501038384	-0.0070004163	-0.1211199807	0.098167988	-0.063080731	0.0016964736609423	0.0146181593089094	0.0002136905815806	2.87802288227097e-06	-0.0013616416909627	0.0415481314658166	1.8540680945677607e-06	0.0017262472283007	0.0900704353914392	0.0212270491160069	0.0004505876141733	0.0081126833316034	-0.0012549895736765	-0.0001729599824577	2.991515553180244e-08	1.574998830036723e-06	-7.320434252688912e-05	-0.0001763625330942	3.1103743079434226e-08	5.358875764794107e-09	0.0003259544225843	-0.0003051017054017	9.308705063908673e-08	1.0624628560226445e-07	0.0	0.0	0.0
853.5787742779321	0.7443782604229909	728596.723897817	0.5540989945903582	769.1302782865179	1.398728620285965	1.9564417532070792	591561.3849770965	820.0469556880316	0.0896742161395423	0.0080414650402413	672477.0095332086	813.1488153378825	673.0464533775572	0.95662	13.961455	0.0455515458668715	0.022223348163807	0.0418939312	0.1559183289	-0.0533595203	0.0732169445	0.03153324	0.1685834982	-0.1016979591	-0.0767231262	0.0027412457	-0.090266186	0.0171138141	0.0933935976	-0.1420595134	-0.0833936579	0.1437197266	0.0706055487	0.1312554678	-0.0723309709	-0.0119203645	-0.0136602346	-0.04962909	0.0446122476	-0.049137033	0.0150089394	0.0309878983	0.093722262	0.0146639923	0.0896820718	-0.0638192496	0.1894356505	-0.0245475848	-0.0399227691	0.1901031799	0.036896875	0.100988724	-0.0424871005	-0.071818076	-0.1076129514	-0.0679057359	-0.0654595657	0.10718235	0.1093372648	0.1308256849	0.0488370232	0.0836481646	-0.1425035694	0.1304786414	-0.0582816726	-0.0217583222	0.0051755095	-0.033029222	-0.154586961	-0.1193291363	0.0852040436	0.1206572617	-0.0597343554	0.0767661199	0.0202253482	-0.0100141811	-0.0510298464	0.0100074751	0.1046097128	0.0193215747	-0.0785533649	0.0816624948	0.0313940843	-0.0808165156	-0.044078302	0.1990671139	0.0769437136	0.0456857237	0.0629587809	0.047932702	0.0661053553	-0.0769099047	-0.0262393825	0.0532268385	-0.1476891482	-0.0093114686	0.0788447684	-0.0953233125	0.0255508839	0.1683534874	0.0523798885	0.0532718341	0.0158992424	-0.02890736	-0.0064563206	-0.0584744381	-0.1222481541	0.1024214758	-0.0717238087	0.0092533003179369	0.0075568266569946	5.7105629123864186e-05	8.562356677393114e-05	-0.0100241775426894	-0.0086625358517267	0.0001004841354073	7.503952738245043e-05	0.100426519365385	0.0103560839739458	0.0001072484752754	0.010085485791846	-0.0012550286014292	-3.902775270016659e-08	1.5231654808253606e-15	1.575096790405334e-06	0.0001031680363801	0.0001763723789069	3.110721604131054e-08	1.0643643730525636e-08	0.0005290650036087	0.0002031105810244	4.125390812406937e-08	2.7990977804347377e-07	0.0	0.0	0.0
854.0515750476725	0.4728007697403882	729404.0928414102	0.2235405678671035	769.5091158719671	0.3788375854492187	0.1435179161489941	592144.2794100564	819.8342191712389	-0.2127365167926882	0.0452568255770857	672128.146924115	813.1042462057319	682.5478105999175	0.975943	14.243459	0.072022801247468	0.0488550865854572	-0.0090212318	0.1763302152	0.0293575461	0.0884970286	-0.0411273261	0.1827112926	0.011251813	0.0176085516	0.0477485462	-0.1238505619	-0.008496166	0.0561721421	-0.0512736252	-0.102629593	0.0833902287	-0.0505713952	-0.0258845745	-0.0846073503	0.0905393863	-0.1489853208	-0.1407671266	0.0520843542	-0.0308155408	0.1309797494	0.2511401705	0.1060815276	0.0317038945	0.0512350457	-0.0071540935	-0.1019070018	0.0536399407	0.1695788415	0.0906138894	-0.0228332601	-0.103028271	-0.0417449068	0.0199903196	-0.0648443569	0.0009940768	-0.134678517	0.0707813052	0.0656233467	0.0685562455	0.0657638311	0.094047439	-0.0270403087	-0.0489087945	0.0009918087	0.0924836212	0.0344020456	0.1588258715	-0.2281765937	-0.0610466746	0.0203386972	0.1690629104	0.0138406193	0.0518608297	0.0964630892	0.0039630933	0.066244678	0.0736680149	0.0573973411	-0.1672536667	-0.0558600807	-0.0429154511	0.010459373	-0.0352239508	-0.1076760688	0.1130993583	-0.0287486286	-0.125273154	-0.0171225274	-0.0001980574	0.1909143944	-0.0235311251	0.0180482897	0.021137158	-0.0154781219	-0.0190930418	0.1067521128	-0.0603587054	-0.0789151827	0.1629632857	-0.033180709	-0.0731819829	0.0433245965	-0.0657219461	0.0689769114	0.0008971358	-0.1232925447	0.1063942335	-0.0799246852	0.0093141184906926	6.081817275570105e-05	3.698850137342297e-09	8.675280325866181e-05	-0.0529294601024332	-0.0429052825597437	0.002801527746735	0.0018408632715314	0.0839706083717715	-0.0164559109936135	0.0002707970066297	0.0070510630703254	-0.0010520300805236	0.0002029985209056	4.120839948986138e-08	1.1067672903264923e-06	0.0001031959216208	2.788524070000329e-08	7.775866488971197e-16	1.0649398239166297e-08	0.0005780543878895	4.898938428079993e-05	2.399959772211887e-09	3.341468753583045e-07	0.0	0.0	0.0
854.2269104806769	0.1753354330044203	729703.6145893624	0.0307425140668475	768.7058359952581	-0.8032798767089844	0.6452585603256011	590908.6622931686	820.9516390943006	1.117419923061675	1.2486272844551598	673961.5937316188	814.0870363471922	687.959263544234	1.070055	15.616995	0.0722476219535314	0.0465667540691316	-0.0068258512	0.1973088707	0.0282660858	0.0539758804	-0.0173988871	0.2088848043	-0.0451594913	0.0090725633	-0.0860610794	-0.049990658	-0.0522107654	0.1388461737	-0.0365844025	0.0817182324	0.0994749072	0.0230032908	-0.0598426285	-0.0241018983	0.0898001604	-0.2033206862	0.0604767388	0.1340989063	-0.0265479159	-0.070782116	-0.0147728574	-0.0823042877	-0.0747005619	0.0347287584	0.2091933446	-0.0249927835	-0.0121916972	-0.0280281405	0.1812430502	0.1206093886	-0.0666554025	-0.1089114317	-0.0275248324	-0.004905813	0.1030811105	-0.0860648027	0.0969204699	0.1175623593	-0.0214973987	-0.1172630509	0.0953791701	-0.0853786662	-0.056760501	0.0360119381	0.0748313654	-0.1166214494	0.1275507399	-0.161523779	-0.0058342341	0.0108126479	-0.077884854	0.0194780944	-0.0999653948	-0.1070748225	-0.0143168808	-0.1227573435	-0.075742931	0.0987498467	-0.1530564473	-0.1930485518	0.1143774301	0.0169400385	0.0787816441	-0.1518024401	0.1500217914	-0.005675912	0.0235813073	-0.0117013277	0.0613624585	0.1040031608	0.0169580153	0.0370230301	0.0148844579	-0.0036021792	0.0319766146	0.0448339456	-0.0970031625	-0.0980085292	0.0066841277	-0.0238499407	-0.1230395677	0.0785214376	-0.1006933648	0.007089031	-0.0054836009	-0.1242524367	0.1100753719	-0.0876327994	0.0015553184992711	-0.0077587999914215	6.019897730688228e-05	2.4190156341749066e-06	-0.0107750747753101	0.042154385327123	0.0001161022364135	0.0017769922023075	0.0799447030086497	-0.0040259053631218	1.6207913992812925e-05	0.0063911555391412	-0.0009380166307237	0.0001140134497998	1.2999066735274307e-08	8.798751995142421e-07	0.0001033469439921	1.510223712999952e-07	2.280775663307361e-14	1.0680590832506253e-08	0.0003260482346234	-0.0002520061532661	6.350710128397708e-08	1.0630745130103569e-07	0.0	0.0	0.0
852.4449453874981	-1.7819650931787692	726662.3849166947	3.17539959330762	766.7652723581199	-1.940563637138212	3.765787229783085	587928.9828944218	821.2895724364938	0.337933342193196	0.1141989437658637	674516.5617929188	813.8256219785076	677.5364440887694	1.20375	17.568214	0.0671144174627811	0.0409419534581072	-0.0128204564	0.0452552205	0.1226319307	0.0663168814	-0.04124644	0.1059526486	0.0522098	0.0836139162	-0.1176732618	-0.0076039082	-0.0641528913	0.1028490868	0.1372748352	0.1308893926	0.1340002242	-0.0663231406	0.0128210924	-0.130891688	0.0268334726	-0.0035203951	0.1336390768	0.0613718549	-0.0296594842	0.083775685	-0.0670945042	-0.0288386708	0.0275388924	0.0251814455	0.0134639601	0.0088752979	-0.1134955018	-0.0515932021	0.0209679217	-0.1334298513	-0.1160080211	0.0992379588	-0.113820065	0.0944763951	-0.0497827113	-0.055418328	0.0509233818	-0.0011397422	-0.1620161923	-0.1052061144	0.1375998643	0.0085697413	0.0606330965	0.0123990383	0.1170063886	-0.2001555572	-0.0605316891	0.0854435358	0.1124027773	-0.014970326	0.0549378172	-0.0603015509	-0.0132900251	-0.0397236315	0.0735482702	0.0159787652	-0.0140880855	-0.0182471567	-0.0432678158	-0.0733771662	0.1571148447	-0.0183659944	-0.0135433837	-0.1368803525	0.0250436326	-0.0422530691	0.1363447968	0.0353622413	0.0493064018	0.0774985619	-0.1388386482	0.0449098558	0.0001815552	0.0353590107	0.0892802654	-0.033261351	-0.0728431185	0.0677681049	0.0292389995	0.0750945898	-0.0475596685	-0.1029344903	-0.1542776457	0.0945383999	0.1152849078	-0.1251271724	0.1134548014	-0.0948006283	-2.276616167762313e-05	-0.0015780846609487	2.490351197121646e-06	5.182981175316761e-10	0.0233821998094327	0.0341572745847428	0.0005467272679282	0.0011667194070575	0.0798979354386801	-4.676756996960241e-05	2.187205600861657e-09	0.0063836800873634	-0.000807542956625	0.0001304736740987	1.7023379632813783e-08	6.521256267946466e-07	0.0001031685300607	-1.7841393139999065e-07	3.1831530917600567e-14	1.0643745594885561e-08	0.0008220419595357	0.0004959937249123	2.460097751523784e-07	6.757529832372935e-07	0.0	0.0	0.0
852.7956916906796	0.350746303181495	727260.4917661847	0.1230229691954852	763.3009732649631	-3.4642990931567965	12.001368206847005	582628.3757872399	821.4829188331798	0.1933463966860245	0.0373828291114695	674834.1859346807	814.0529148574703	667.1726087700162	1.273286	18.583055	0.1227517368499496	0.0670575975551408	-0.0054467609	-0.1030520089	0.0861816654	0.0519303978	-0.0308867659	-0.0213542865	0.1105959027	0.0872093179	0.0246152991	-0.0221531144	-0.0819296064	0.0463834089	0.22547006	0.0264247179	-0.0660068264	0.0590182691	0.1378693399	0.0007847713	-0.0220861102	0.0418352195	0.1524614108	0.0307284228	0.1018781489	0.0603239033	-0.0876240597	0.0151580131	-0.0560731782	0.0685385252	0.0040314285	-0.1293107682	0.1780849535	-0.0422813638	-0.0874903648	0.1066032349	-0.0223263173	-0.0526685152	-0.0383222565	-0.0178897997	0.0088235868	-0.0587078063	-0.0159386733	-0.0703003687	-0.2004358765	0.0343304868	0.0003395309	0.0193804325	0.0922603545	0.0731371633	-0.06243932	-0.0907051314	-0.1871245158	-0.0665576032	0.1713843113	-0.0413583868	-0.0750165431	-0.0846893438	-0.0126807788	0.0219489106	0.12733013	-0.1002835824	0.0178854506	0.0246843991	0.0119033593	-0.1518777187	-0.0846140745	-0.0584188308	-0.1288643268	0.0233692511	-0.0540437294	-0.0687301694	-0.0112854612	0.0387029098	0.0760256499	-0.1918121804	-0.109942782	-0.142489067	0.0716780779	-0.0141015816	-0.0481457207	0.1475634005	-0.0027214646	-0.0316840936	-0.1134351039	-0.1002043695	-0.1355776412	-0.0948209964	-0.0263906414	0.1027067545	-0.1352412356	-0.1259161521	0.1165232592	-0.1013839798	0.0093947524708539	0.0094175186325315	8.868965719407842e-05	8.826137398861547e-05	-0.0393027457787269	-0.0626849455881596	0.0015447058257472	0.0039294024033905	0.0624492268637766	-0.0174487085749034	0.0003044574309319	0.0038999059358834	-0.0012550290734765	-0.0004474861168515	2.0024382477483437e-07	1.575097975271282e-06	0.0001031203280885	-4.8201972200002036e-08	2.3234301239697685e-15	1.063380206507988e-08	0.0006055649972723	-0.0002164769622634	4.686227519078956e-08	3.667089659214007e-07	0.0	0.0	0.0
853.1793765476585	0.3836848569789026	727915.0485662513	0.1472140694749209	765.1782686886371	1.8772954236740131	3.524238107747393	585497.7828733401	820.5173690629034	-0.9655497702764252	0.9322863588808572	673248.7529339088	813.7832022927024	682.3681217337412	1.287028	18.783621	0.0536858117491316	0.0279882537627662	-0.0135167822	-0.096775862	-0.0890249098	-0.0122355017	0.0076445733	-0.0850411255	-0.0063123847	0.054623213	0.0096395465	0.1007554435	0.0496754441	-0.0749234641	-0.0115942391	-0.0639592711	-0.0330771284	0.0203332828	-0.2022982035	-0.0307370466	0.0312707614	0.0565967651	0.0309530211	-0.0015306452	-0.0835227085	-0.0372420142	-0.107991063	0.119289882	0.0757740917	0.0109929206	0.0693600809	-0.0888804389	0.0242160332	0.0205523103	0.0477447204	0.1272808369	0.0230743135	0.1052898143	-0.0738634518	-0.0282272199	-0.0353941329	0.0999649518	-0.0633642341	-0.0299932562	0.0014719875	0.0448267142	-0.008027105	0.0444013911	-0.2211459997	-0.0126979858	0.0327566529	0.0423272535	-0.0094201565	-0.039657423	-0.0020091469	-0.0153446709	0.036724827	-0.0667229743	-0.0994049936	0.0275289176	-0.020920414	-0.1108644161	-0.18256038	-0.0826111236	-0.0736818269	-0.0626499802	-0.0737087951	-0.021874878	0.0875818442	0.1000583069	-0.0450364645	0.0180223387	-0.1053564715	0.0439418903	0.0536689767	0.0740403465	-0.044880661	-0.0185356296	0.0179949611	0.0770017454	0.1608895607	0.0496718586	0.2154599101	0.3207643158	0.1293554696	0.1046340542	-0.1071367595	0.0572473846	0.1203955179	-0.0098098197	0.1087693309	-0.1266188352	0.1192723348	-0.1073422654	-0.0071469116095101	-0.016541664080364	0.0002736266505476	5.107834555415025e-05	-0.0484710749237109	-0.009168329144984	0.0023494451042599	8.405825931076305e-05	0.0637491858297352	0.0012999589659585	1.689893313176139e-06	0.0040639586939541	-0.0008840775612663	0.0003709515122102	1.376050244110342e-07	7.815931343345684e-07	0.0002587355292935	0.000155615201205	2.4216090846072632e-08	6.69440741187876e-08	0.000598614519531	-6.950477741300004e-06	4.8309140832306806e-11	3.583393429933299e-07	0.0	0.0	0.0
854.254853563438	1.0754770157794835	729751.3548366909	1.156650811469944	766.2154096052951	1.037140916658018	1.0756612810062336	587086.0539166102	820.1180379132888	-0.3993311496145679	0.1594653670524924	672593.5961107427	813.670020439211	671.3490054342482	1.310248	19.122505	0.1225783897085659	0.0749732905602184	0.0252426165	0.0354876869	-0.0829677834	0.1472424349	0.0395889481	0.0191196309	-0.0737855391	-0.1405019943	0.0274655484	-0.0497944364	0.0164677333	0.0289399823	-0.1525665819	-0.1151229736	0.0110861989	-0.1202528232	-0.0304119185	-0.1104161686	-0.2056381426	-0.0315503753	0.0439030083	0.0605284213	-0.1505468309	0.0881910559	-0.1625477079	0.0701134295	0.1155758512	-0.1052657983	-0.1573406409	0.0923109948	0.0029549145	0.1669691042	-0.19641998	-0.0431126212	-0.1435540443	-0.0572549603	0.0475463009	0.0959387945	0.0003205437	-0.0210296341	0.0209236229	0.0857257614	0.1253879037	0.0470380212	0.0195150217	0.1410998596	-0.0132227622	-0.1561109746	-0.035858375	-0.1578152439	-0.0289529448	0.0022573672	-0.1613417233	-0.1968247655	0.0860339642	-0.1380917999	0.1222536813	-0.0166936038	-0.1559113863	0.0898357195	-0.0668891275	-0.1500974198	0.0736000681	0.1812591703	-0.0150274653	0.0060911577	0.0654972476	-0.0064572563	0.1042594768	0.0387715053	-0.0319518732	-0.1754539431	0.137022616	-0.1011483239	-0.1433696907	0.1059881841	-0.0842678807	0.0886380383	-0.0569401887	0.2214673716	0.1379405753	0.2626954907	0.0645559488	0.1750169879	-0.2345371745	0.1302516678	0.2335482578	-0.1952160347	0.0402610545	-0.1272347401	0.1216944932	-0.1126387502	-0.0059331610842008	0.0012137505253093	1.4731903376886015e-06	3.520240045107481e-05	0.0147087982011555	0.0631798731248664	0.0002163487445223	0.0039916963680742	0.0820379657040604	0.0182887798743252	0.0003344794692915	0.0067302278168605	-0.0013470545480396	-0.0004629769867732	2.1434769028168438e-07	1.8145559553941708e-06	0.0003217805883697	6.30450590762e-05	3.974679473921548e-09	1.035427470515503e-07	0.0003267168416992	-0.0002718976778317	7.392834721032528e-08	1.067438946499001e-07	0.0	0.0	0.0
855.238610384676	0.9837568212379892	731433.0806927116	0.9677774833322732	770.1030849482389	3.887675342943794	15.114019572133149	593058.7614467945	820.5642471776988	0.4462092644099584	0.1991027076452762	673325.6837463035	813.7893733505375	696.8509364052425	1.381822	20.167099	0.1670399597346046	0.0944117290571445	-0.0531902864	0.0073096524	0.0613522294	0.1476135504	0.0036905504	0.0255192111	-0.0484997065	0.0858917476	-0.155109054	-0.0892532954	-0.0125246672	-0.0050173261	-0.0129089245	0.1613292392	-0.0558598575	-0.1702035612	0.0343269172	0.0387178622	-0.0833751908	-0.0537745009	-0.0725440123	-0.1457873961	-0.1360964031	0.0159740527	0.006197022	-0.0527332962	0.0136598465	0.1122932307	-0.0493067413	0.205698859	0.0070601348	-0.068657638	0.0685794304	0.0555625561	0.0639562749	0.0633865266	0.2119694039	0.044271913	0.1044669636	-0.0728911211	0.0358638831	-0.0287001362	-0.0056470664	-0.1412491409	-0.0159560907	0.153255386	0.1359168695	-0.0629281715	-0.1189307977	0.0865316633	0.1347496417	0.0091191278	-0.0874217493	0.0750072686	0.0882440021	0.0993103703	0.115255161	-0.0346336574	-0.0947110527	-0.1822401079	-0.0306953103	-0.0160117189	0.0259002633	0.1217316123	0.0055874813	0.0128993476	0.0694848557	-0.080406971	-0.0798339174	-0.120092937	0.040118148	-0.050469729	-0.0702260568	-0.1616092866	-0.0946970617	0.1073205437	-0.0187576178	-0.1164660804	0.0031531347	0.2034978744	0.1224707526	-0.2682357921	-0.1693404253	0.191294765	0.017103504	0.0186696919	0.1214517653	-0.0451439124	-0.1729532516	-0.1277634447	0.1237830955	-0.1172407796	-0.0098719399340438	-0.003938778849843	1.5513978827970546e-05	9.745519806136872e-05	-0.0447302393815078	-0.0594390375826633	0.0020007943151269	0.0035329991887532	0.0767852873882048	-0.0052526783158556	2.7590629489859647e-05	0.0058959803592892	-0.0001960175987326	0.001151036949307	1.3248860586699652e-06	3.842289901289459e-08	4.191537555664482e-05	-0.000279865212813	7.832453734289668e-08	1.756898708054578e-09	0.000864003979304	0.0005372871376048	2.886774682355593e-07	7.465028762531468e-07	0.0	0.0	0.0
849.4378303349191	-5.800780049756895	721544.6276040948	33.6490491856576	762.3554338544807	-7.747651093758236	60.0260974706132	581185.8075274535	818.772680975542	-1.7915662021567869	3.2097094567104927	670388.7031118767	811.2854048295454	673.0699446844676	1.392689	20.325695	0.0381134736009075	0.0194515871458566	0.0323931965	-0.0762508423	0.0656975864	-0.0260950938	0.0672716346	-0.078895646	0.0700832296	0.1865227236	0.0359693382	-0.1200911685	0.1474926959	-0.0193248505	0.1480355716	0.1199296166	-0.085395489	-0.0374852607	-0.0073105311	-0.0759854405	-0.1147017609	-0.083957997	-0.046623801	-0.1176739969	0.0528346785	-0.131343206	0.0652493012	0.0218274744	-0.0042463765	-0.005727793	0.2284332157	0.1554309568	-0.0450430724	0.1582807322	0.0606372687	-0.1013914172	-0.1043037038	0.0260080619	-0.1027953943	0.0523149695	-0.0190105772	-0.0233163412	0.1032429605	-0.2251312533	-0.0279357475	-0.0157869144	-0.0469306701	0.0660941616	0.0728243491	-0.0709519928	-0.023148852	0.0029613861	0.1491979198	0.0369278344	0.0911965547	0.1708731482	0.031725915	0.0276034117	-0.1006849086	-0.0201430555	-0.0691168554	0.1541993289	0.1359109089	-0.1259326351	-0.0771275744	-0.114075618	0.23759589	-0.0082022332	-0.1158542376	0.0480553637	-0.1264285082	-0.1672052274	0.18753673	0.0240865569	-0.1380973588	0.055751109	-0.1026590051	0.1259700552	0.035804722	-0.0268718655	0.0227178799	-0.0218372195	-0.0035708965	-0.070155893	-0.0873240911	0.091075512	0.0478298769	-0.07885309	0.0082437299	0.1783069213	0.0298465605	-0.1282045865	0.1255324169	-0.1211199807	-0.0098661839444673	5.755989576500253e-06	3.313141600477957e-11	9.734158562606431e-05	-0.0289046522767932	0.0158255871047146	0.0008354789232423	0.0002504492072089	0.0815168634351266	0.0047315760469218	2.2387811887804136e-05	0.006644999024301	-4.494762136125248e-05	0.0001510699773713	2.282213806297945e-08	2.02028866603452e-09	-0.0001260190331615	-0.0001679344087181	2.8201965631512917e-08	1.5880796718959236e-08	0.0008319972761996	-3.200670310440001e-05	1.024429043613209e-09	6.922194676035534e-07	0.0	0.0	0.0
849.5244129241453	0.0865825892261682	721691.7281541137	0.0074965447571073	754.3404008494127	-8.015033005067949	64.24075407232856	569029.4403536527	819.9856461331448	1.2129651576027527	1.4712844735582706	672376.4598643909	812.5007798880584	656.4441183635166	1.274998	18.608036	0.0803756436609931	0.0491186930563597	0.0797681146	-0.1397074822	0.0816316118	-0.0784853124	0.0986621161	-0.095974343	0.2032892492	0.120360833	0.0383795204	0.0097557625	0.0921549239	-0.0779660237	0.084254728	-0.0045249379	-0.1278320531	0.0180306873	-0.0130346423	0.161654368	0.1100978588	-0.1253186655	-0.0071030703	0.0432008265	0.0725051829	0.0825432559	0.0033157221	0.0344608025	-0.152090864	0.0799716799	-0.011449919	-0.0155640198	-0.056556786	0.0395638598	-0.02474266	-0.1684825533	-0.0770092453	-0.0956774788	0.1212385854	0.1025768185	-0.0700482091	0.0259046873	0.0223187213	-0.1523130469	-0.0235533203	0.0313885451	-0.0970123544	-0.0001896708	-0.0543199907	0.1741678133	-0.007614337	0.0081443191	0.0778532292	-0.0867419177	0.0436106881	-0.0610718843	-0.0470491587	0.0195536139	0.0033410232	0.0365467157	0.0254567506	-0.090483912	0.1930284337	0.0975569284	0.0100191231	0.0964605361	0.0286552472	0.0334217725	0.0225989901	0.090303601	-0.1739411625	-0.1933996239	-0.0262167145	-0.0919275176	0.0340020429	0.0515307448	0.0815309557	0.0055489957	-0.0450765001	-0.0534274191	-0.2196918005	0.0477498661	-0.0737394735	-0.1115632975	0.0025024049	-0.0381085828	-0.1537979613	-0.0793388727	-0.0026626975	-0.0717812808	-0.027036701	-0.1285578634	0.1269376627	-0.1242524367	-0.019823208870747	-0.0099570249262797	9.914234538255529e-05	0.0003929596099332	-0.0751041558329745	-0.0461995035561813	0.0056406342233837	0.0021343941288376	0.0848880259352284	0.0033711625001018	1.1364736602092649e-05	0.00720597694718	1.1991238059732396e-05	5.693885942098488e-05	3.2420337121626774e-09	1.4378979020517475e-10	2.800366762212292e-05	0.0001540227007836	2.372299235668144e-08	7.842054002903353e-10	0.0006259997828356	-0.000205997493364	4.2434967272251234e-08	3.918757281102183e-07	0.0	0.0	0.0
850.6698282644937	1.1454153403484495	723639.1567195433	1.3119763019055548	760.249267706135	5.908866856722284	34.914707530471084	577978.9490477146	820.5002528917166	0.5146067585718583	0.2648201159678349	673220.6649953709	813.6685421021517	662.1136517903161	1.093757	15.962915	0.0713130807358355	0.0487137976905252	0.0590140149	-0.144797657	0.0275080642	-0.0388658601	0.0778085791	-0.0947899759	0.0162795759	0.034715683	-0.0707200884	0.0751072662	0.0812794172	-0.0882772447	-0.0398334933	0.0496503522	-0.0651417273	0.1195951434	-0.0534504767	0.1160622909	-0.1132879706	-0.0499885564	0.101670673	-0.0226648159	0.0717360244	-0.0469348394	0.1666625568	-0.0605269537	-0.054356337	-0.0513814437	-0.0493970636	-0.0135713816	-0.0393021839	-0.1440982284	-0.0591392952	0.0151416971	0.0493390625	-0.0311746928	-0.0233942628	-0.0045367651	-0.0935764783	0.086528981	-0.0353854265	-0.0676047989	0.0534571003	-0.0730176835	-0.098457095	-0.0252669556	-0.0859810167	0.0553072107	-0.1647243499	-0.0241360174	-0.0327482141	-0.0282923	0.0099117782	0.1131110208	-0.0543473986	0.129495699	0.0053632608	-0.0878291549	0.1244404239	0.0543875622	-0.073147177	0.0385246251	0.1033522859	0.0624930852	-0.0777465336	0.0056604294	0.092023931	0.0749217034	-0.1268600683	-0.0890861819	0.1348541057	-0.0818475266	0.0894546467	0.1692598346	0.0870988462	0.0616041271	-0.0969731462	-0.1436621897	-0.0544061976	-0.1809156576	-0.0211237148	0.0462469927	-0.0135843264	-0.0354899863	0.0260762137	0.0419908915	-0.0170504561	-0.0734464507	0.0511820815	-0.1288230331	0.1279949812	-0.1266188352	-0.0210948528143148	-0.0012716439435677	1.6170783192126652e-06	0.0004449928152576	-0.0299332393799431	0.0451709164530313	0.0008959988197769	0.0020404116932067	0.0824171174435548	-0.0024709084916735	6.105388774224698e-06	0.0067925812477047	-0.0001639274565853	-0.000175918694645	3.0947387125612154e-08	2.6872211022525414e-08	-0.0002350504722643	-0.0002630541398864	6.919748051138578e-08	5.5248724511670473e-08	0.0006169803804158	-9.019402419799933e-06	8.134962001029289e-11	3.8066478981802533e-07	0.0	0.0	0.0
850.6586995975142	-0.0111286669795163	723620.2232009339	0.0001238472287409	762.3245382372965	2.0752705311614363	4.30674777750707	581138.7015987072	820.83423823082	0.3339853391033784	0.1115462067359987	673768.8466519705	813.7227491142336	662.4893444454859	0.977248	14.262508	0.0443620132664739	0.0280342674048038	0.0674632124	-0.1461652182	-0.0001002849	-0.0333691002	0.0772749115	-0.1238127531	0.0326836785	0.036819485	0.0255987062	0.06569214	0.0453212018	-0.0202425485	0.0529895779	0.0016036941	-0.0689570763	0.1813471931	0.0202697224	0.0705308955	-0.1463343259	0.0594110978	0.143819037	-0.1305212157	0.0126508937	-0.1994286413	0.1354927551	-0.0869692074	0.072986786	-0.0824331581	-0.0535923179	-0.0004249443	0.0164621881	-0.0041618164	-0.0004743263	0.2187089672	0.0342440722	-0.0634470005	0.0920752215	-0.1382923359	0.0850999057	0.0798504733	-0.003332582	-0.0579170774	-0.0609411671	0.039472442	-0.1183439079	-0.105489647	-0.0060439484	-0.0057627635	-0.1672301407	-0.0392554962	-0.0926867698	0.0839057927	-0.0739609951	0.1469715507	-0.1080208352	0.1713458511	0.0369576833	-0.0923945579	-0.0756054817	0.0454635511	-0.2125096053	0.0171274775	-0.049224585	0.055701932	-0.0920016425	-0.0369781824	-0.0736285941	0.1489383493	-0.0928484691	-0.0634481378	0.1445454116	-0.129733941	0.1351868816	0.1623344528	0.0856373261	0.0452790027	-0.1088559952	-0.1612127645	0.0041661137	-0.1277996536	-0.0029174912	-0.015067211	-0.1238201139	-0.0536401807	0.1192378461	-0.0022361668	-0.0202696379	0.0387392953	0.0172432331	-0.1289999139	0.1287014744	-0.1282045865	-0.0097196753580277	0.0113751774562871	0.000129394662162	9.44720890654509e-05	-0.0061178568705031	0.02381538250944	3.742817268796198e-05	0.0005671724440709	0.0831354580398766	0.0007183405963217	5.160132123239526e-07	0.0069115043835	-0.000312929852713	-0.0001490023961277	2.220171405179604e-08	9.792509271897988e-08	-0.0002350929222716	-4.2450007299989045e-08	1.802003119769123e-15	5.526868210220056e-08	0.0005969629724623	-2.001740795350008e-05	4.006966211768481e-10	3.563647904910247e-07	0.0	0.0	0.0
850.9926402351006	0.3339406375863518	724188.4737343073	0.1115163494315791	761.0557591995137	-1.2687790377827923	1.6098002467170285	579205.8686107481	820.2038044703543	-0.6304337604657348	0.3974467263349675	672734.2808676432	813.2216332553832	665.2331608666314	0.881888	12.870774	0.0712294842928597	0.0473067583529581	0.056160126	-0.1182434623	-0.0038841051	0.0014343721	0.0321910705	-0.0925906997	0.0592919263	-0.0082116652	0.089109148	0.0529104424	0.0614926475	0.0094864704	0.0493891044	-0.0920487119	-0.0830333387	0.044732016	-0.0631105781	0.0271812135	0.1245419518	0.0236971722	0.0547702382	-0.067203934	-0.0142763309	0.084661007	0.1346442872	-0.0568647224	0.1036444043	-0.1202327464	0.0433986144	-0.1013162884	-0.0724768629	-0.0441940085	-0.0060526119	0.1039211113	0.0224252344	0.0256385568	0.0433125145	0.0894898384	-0.0176224709	0.072064431	-0.0103437432	-0.0353010703	-0.0339024808	0.1130767183	-0.0949867178	-0.0176861722	-0.1073821477	0.0718619169	0.0676771641	0.0083513946	-0.031030577	0.0081658096	0.0240035835	0.0790119993	0.0093308626	0.1119003893	0.1191513983	0.0646805553	0.0143273906	0.0187555724	-0.1781156837	0.0070733657	-0.1154975366	0.0565170656	-0.1137530412	0.0053850502	-0.0090339045	0.1269407616	-0.0934054651	-0.0615168171	-0.0424581384	-0.1144591688	0.089778187	0.180426538	0.0693409402	0.059929076	-0.0802671028	-0.0563202043	0.026600688	-0.0997810186	0.0475086031	0.0693155804	-0.0260365228	0.0204073866	0.1020635174	0.0061589433	-0.1315590903	0.0082234772	0.0051121731	-0.1290883846	0.1290552057	-0.1289999139	-0.0167116947204704	-0.0069920193624427	4.888833476477364e-05	0.0002792807404301	-0.0513833671872561	-0.045265510316753	0.0026402504235003	0.002048966424236	0.0886557851295606	0.005520327089684	3.047401117709904e-05	0.0078598482369388	-0.0003129627978752	-3.294516219998645e-08	1.085383712383416e-15	9.794571285387329e-08	-0.0001021145645536	0.0001329783577179	1.7683243621376367e-08	1.0427384293971342e-08	0.0007329842200617	0.0001360212475994	1.850177979849729e-08	5.372658668594586e-07	0.0	0.0	0.0
