
Sun Mar 15 08:11:34 CET 2026
cd /out/sourcedata/freesurfer/sub-v2s10x28955_ses-1
setenv SUBJECTS_DIR /out/sourcedata/freesurfer
/opt/freesurfer/bin/recon-all -autorecon1 -i /work/fmriprep_25_2_wf/sub_v2s10x28955_ses_1_wf/anat_fit_wf/anat_validate/sub-v2s10x28955_ses-1_run-1_T1w_noise_corrected_ras_valid.nii.gz -noskullstrip -noT2pial -noFLAIRpial -openmp 16 -subjid sub-v2s10x28955_ses-1 -sd /out/sourcedata/freesurfer

subjid sub-v2s10x28955_ses-1
setenv SUBJECTS_DIR /out/sourcedata/freesurfer
FREESURFER_HOME /opt/freesurfer
Actual FREESURFER_HOME /opt/freesurfer
build-stamp.txt: freesurfer-linux-ubuntu22_x86_64-7.3.2-20220804-6354275
Linux dna080 5.14.0-427.37.1.el9_4.x86_64 #1 SMP PREEMPT_DYNAMIC Fri Sep 13 12:41:50 EDT 2024 x86_64 x86_64 x86_64 GNU/Linux
cputime      unlimited
filesize     unlimited
datasize     unlimited
stacksize    8192 kbytes
coredumpsize 0 kbytes
memoryuse    67108864 kbytes
vmemoryuse   unlimited
descriptors  1024 
memorylocked unlimited
maxproc      2061970 
maxlocks     unlimited
maxsignal    2062029 
maxmessage   819200 
maxnice      0 
maxrtprio    0 
maxrttime    unlimited

               total        used        free      shared  buff/cache   available
Mem:           503Gi        46Gi       135Gi        21Gi       321Gi       432Gi
Swap:             0B          0B          0B

########################################
program versions used
7.3.2 (freesurfer-linux-ubuntu22_x86_64-7.3.2-20220804-6354275)
7.3.2

ProgramName: lta_convert  ProgramArguments: lta_convert -all-info  ProgramVersion: 7.3.2  TimeStamp: 2026/03/15-07:11:34-GMT  BuildTime: Aug  4 2022 06:17:15  BuildStamp: freesurfer-linux-ubuntu22_x86_64-7.3.2-20220804-6354275  User: oesteban  Machine: dna080  Platform: Linux  PlatformVersion: 5.14.0-427.37.1.el9_4.x86_64  CompilerName: GCC  CompilerVersion: 8.4.0
ProgramName: mri_and  ProgramArguments: mri_and -all-info  ProgramVersion: 7.3.2  TimeStamp: 2026/03/15-07:11:34-GMT  BuildTime: Aug  4 2022 06:17:15  BuildStamp: freesurfer-linux-ubuntu22_x86_64-7.3.2-20220804-6354275  User: oesteban  Machine: dna080  Platform: Linux  PlatformVersion: 5.14.0-427.37.1.el9_4.x86_64  CompilerName: GCC  CompilerVersion: 8.4.0
ProgramName: mri_annotation2label  ProgramArguments: mri_annotation2label -all-info  ProgramVersion: 7.3.2  TimeStamp: 2026/03/15-07:11:34-GMT  BuildTime: Aug  4 2022 06:17:15  BuildStamp: freesurfer-linux-ubuntu22_x86_64-7.3.2-20220804-6354275  User: oesteban  Machine: dna080  Platform: Linux  PlatformVersion: 5.14.0-427.37.1.el9_4.x86_64  CompilerName: GCC  CompilerVersion: 8.4.0
ProgramName: mri_aparc2aseg  ProgramArguments: mri_aparc2aseg -all-info  ProgramVersion: 7.3.2  TimeStamp: 2026/03/15-07:11:34-GMT  BuildTime: Aug  4 2022 06:17:15  BuildStamp: freesurfer-linux-ubuntu22_x86_64-7.3.2-20220804-6354275  User: oesteban  Machine: dna080  Platform: Linux  PlatformVersion: 5.14.0-427.37.1.el9_4.x86_64  CompilerName: GCC  CompilerVersion: 8.4.0
ProgramName: mri_surf2volseg  ProgramArguments: mri_surf2volseg -all-info  ProgramVersion: 7.3.2  TimeStamp: 2026/03/15-07:11:34-GMT  BuildTime: Aug  4 2022 06:17:15  BuildStamp: freesurfer-linux-ubuntu22_x86_64-7.3.2-20220804-6354275  User: oesteban  Machine: dna080  Platform: Linux  PlatformVersion: 5.14.0-427.37.1.el9_4.x86_64  CompilerName: GCC  CompilerVersion: 8.4.0
ProgramName: mri_binarize  ProgramArguments: mri_binarize -all-info  ProgramVersion: 7.3.2  TimeStamp: 2026/03/15-07:11:34-GMT  BuildTime: Aug  4 2022 06:17:15  BuildStamp: freesurfer-linux-ubuntu22_x86_64-7.3.2-20220804-6354275  User: oesteban  Machine: dna080  Platform: Linux  PlatformVersion: 5.14.0-427.37.1.el9_4.x86_64  CompilerName: GCC  CompilerVersion: 8.4.0
ProgramName: mri_ca_label  ProgramArguments: mri_ca_label -all-info  ProgramVersion: 7.3.2  TimeStamp: 2026/03/15-07:11:34-GMT  BuildTime: Aug  4 2022 06:17:15  BuildStamp: freesurfer-linux-ubuntu22_x86_64-7.3.2-20220804-6354275  User: oesteban  Machine: dna080  Platform: Linux  PlatformVersion: 5.14.0-427.37.1.el9_4.x86_64  CompilerName: GCC  CompilerVersion: 8.4.0
ProgramName: mri_ca_normalize  ProgramArguments: mri_ca_normalize -all-info  ProgramVersion: 7.3.2  TimeStamp: 2026/03/15-07:11:34-GMT  BuildTime: Aug  4 2022 06:17:15  BuildStamp: freesurfer-linux-ubuntu22_x86_64-7.3.2-20220804-6354275  User: oesteban  Machine: dna080  Platform: Linux  PlatformVersion: 5.14.0-427.37.1.el9_4.x86_64  CompilerName: GCC  CompilerVersion: 8.4.0
ProgramName: mri_ca_register  ProgramArguments: mri_ca_register -all-info  ProgramVersion: 7.3.2  TimeStamp: 2026/03/15-07:11:34-GMT  BuildTime: Aug  4 2022 06:17:15  BuildStamp: freesurfer-linux-ubuntu22_x86_64-7.3.2-20220804-6354275  User: oesteban  Machine: dna080  Platform: Linux  PlatformVersion: 5.14.0-427.37.1.el9_4.x86_64  CompilerName: GCC  CompilerVersion: 8.4.0
ProgramName: mri_cc  ProgramArguments: mri_cc -all-info  ProgramVersion: 7.3.2  TimeStamp: 2026/03/15-07:11:34-GMT  BuildTime: Aug  4 2022 06:17:15  BuildStamp: freesurfer-linux-ubuntu22_x86_64-7.3.2-20220804-6354275  User: oesteban  Machine: dna080  Platform: Linux  PlatformVersion: 5.14.0-427.37.1.el9_4.x86_64  CompilerName: GCC  CompilerVersion: 8.4.0
ProgramName: mri_compute_overlap  ProgramArguments: mri_compute_overlap -all-info  ProgramVersion: 7.3.2  TimeStamp: 2026/03/15-07:11:34-GMT  BuildTime: Aug  4 2022 06:17:15  BuildStamp: freesurfer-linux-ubuntu22_x86_64-7.3.2-20220804-6354275  User: oesteban  Machine: dna080  Platform: Linux  PlatformVersion: 5.14.0-427.37.1.el9_4.x86_64  CompilerName: GCC  CompilerVersion: 8.4.0
ProgramName: mri_compute_seg_overlap  ProgramArguments: mri_compute_seg_overlap -all-info  ProgramVersion: 7.3.2  TimeStamp: 2026/03/15-07:11:34-GMT  BuildTime: Aug  4 2022 06:17:15  BuildStamp: freesurfer-linux-ubuntu22_x86_64-7.3.2-20220804-6354275  User: oesteban  Machine: dna080  Platform: Linux  PlatformVersion: 5.14.0-427.37.1.el9_4.x86_64  CompilerName: GCC  CompilerVersion: 8.4.0
ProgramName: mri_concat  ProgramArguments: mri_concat -all-info  ProgramVersion: 7.3.2  TimeStamp: 2026/03/15-07:11:34-GMT  BuildTime: Aug  4 2022 06:17:15  BuildStamp: freesurfer-linux-ubuntu22_x86_64-7.3.2-20220804-6354275  User: oesteban  Machine: dna080  Platform: Linux  PlatformVersion: 5.14.0-427.37.1.el9_4.x86_64  CompilerName: GCC  CompilerVersion: 8.4.0
ProgramName: mri_concatenate_lta  ProgramArguments: mri_concatenate_lta -all-info  ProgramVersion: 7.3.2  TimeStamp: 2026/03/15-07:11:34-GMT  BuildTime: Aug  4 2022 06:17:15  BuildStamp: freesurfer-linux-ubuntu22_x86_64-7.3.2-20220804-6354275  User: oesteban  Machine: dna080  Platform: Linux  PlatformVersion: 5.14.0-427.37.1.el9_4.x86_64  CompilerName: GCC  CompilerVersion: 8.4.0
mri_convert -all-info 
ProgramName: mri_convert  ProgramArguments: mri_convert -all-info  ProgramVersion: 7.3.2  TimeStamp: 2026/03/15-07:11:34-GMT  BuildTime: Aug  4 2022 06:17:15  BuildStamp: freesurfer-linux-ubuntu22_x86_64-7.3.2-20220804-6354275  User: oesteban  Machine: dna080  Platform: Linux  PlatformVersion: 5.14.0-427.37.1.el9_4.x86_64  CompilerName: GCC  CompilerVersion: 8.4.0
ProgramName: mri_diff  ProgramArguments: mri_diff -all-info  ProgramVersion: 7.3.2  TimeStamp: 2026/03/15-07:11:34-GMT  BuildTime: Aug  4 2022 06:17:15  BuildStamp: freesurfer-linux-ubuntu22_x86_64-7.3.2-20220804-6354275  User: oesteban  Machine: dna080  Platform: Linux  PlatformVersion: 5.14.0-427.37.1.el9_4.x86_64  CompilerName: GCC  CompilerVersion: 8.4.0
ProgramName: mri_edit_wm_with_aseg  ProgramArguments: mri_edit_wm_with_aseg -all-info  ProgramVersion: 7.3.2  TimeStamp: 2026/03/15-07:11:34-GMT  BuildTime: Aug  4 2022 06:17:15  BuildStamp: freesurfer-linux-ubuntu22_x86_64-7.3.2-20220804-6354275  User: oesteban  Machine: dna080  Platform: Linux  PlatformVersion: 5.14.0-427.37.1.el9_4.x86_64  CompilerName: GCC  CompilerVersion: 8.4.0
ProgramName: mri_em_register  ProgramArguments: mri_em_register -all-info  ProgramVersion: 7.3.2  TimeStamp: 2026/03/15-07:11:34-GMT  BuildTime: Aug  4 2022 06:17:15  BuildStamp: freesurfer-linux-ubuntu22_x86_64-7.3.2-20220804-6354275  User: oesteban  Machine: dna080  Platform: Linux  PlatformVersion: 5.14.0-427.37.1.el9_4.x86_64  CompilerName: GCC  CompilerVersion: 8.4.0
ProgramName: mri_fill  ProgramArguments: mri_fill -all-info  ProgramVersion: 7.3.2  TimeStamp: 2026/03/15-07:11:34-GMT  BuildTime: Aug  4 2022 06:17:15  BuildStamp: freesurfer-linux-ubuntu22_x86_64-7.3.2-20220804-6354275  User: oesteban  Machine: dna080  Platform: Linux  PlatformVersion: 5.14.0-427.37.1.el9_4.x86_64  CompilerName: GCC  CompilerVersion: 8.4.0
ProgramName: mri_fuse_segmentations  ProgramArguments: mri_fuse_segmentations -all-info  ProgramVersion: 7.3.2  TimeStamp: 2026/03/15-07:11:34-GMT  BuildTime: Aug  4 2022 06:17:15  BuildStamp: freesurfer-linux-ubuntu22_x86_64-7.3.2-20220804-6354275  User: oesteban  Machine: dna080  Platform: Linux  PlatformVersion: 5.14.0-427.37.1.el9_4.x86_64  CompilerName: GCC  CompilerVersion: 8.4.0
ProgramName: mri_fwhm  ProgramArguments: mri_fwhm -all-info  ProgramVersion: 7.3.2  TimeStamp: 2026/03/15-07:11:34-GMT  BuildTime: Aug  4 2022 06:17:15  BuildStamp: freesurfer-linux-ubuntu22_x86_64-7.3.2-20220804-6354275  User: oesteban  Machine: dna080  Platform: Linux  PlatformVersion: 5.14.0-427.37.1.el9_4.x86_64  CompilerName: GCC  CompilerVersion: 8.4.0
ProgramName: mri_gcut  ProgramArguments: mri_gcut -all-info  ProgramVersion: 7.3.2  TimeStamp: 2026/03/15-07:11:34-GMT  BuildTime: Aug  4 2022 06:17:15  BuildStamp: freesurfer-linux-ubuntu22_x86_64-7.3.2-20220804-6354275  User: oesteban  Machine: dna080  Platform: Linux  PlatformVersion: 5.14.0-427.37.1.el9_4.x86_64  CompilerName: GCC  CompilerVersion: 8.4.0
ProgramName: mri_info  ProgramArguments: mri_info -all-info  ProgramVersion: 7.3.2  TimeStamp: 2026/03/15-07:11:34-GMT  BuildTime: Aug  4 2022 06:17:15  BuildStamp: freesurfer-linux-ubuntu22_x86_64-7.3.2-20220804-6354275  User: oesteban  Machine: dna080  Platform: Linux  PlatformVersion: 5.14.0-427.37.1.el9_4.x86_64  CompilerName: GCC  CompilerVersion: 8.4.0
ProgramName: mri_label2label  ProgramArguments: mri_label2label -all-info  ProgramVersion: 7.3.2  TimeStamp: 2026/03/15-07:11:34-GMT  BuildTime: Aug  4 2022 06:17:15  BuildStamp: freesurfer-linux-ubuntu22_x86_64-7.3.2-20220804-6354275  User: oesteban  Machine: dna080  Platform: Linux  PlatformVersion: 5.14.0-427.37.1.el9_4.x86_64  CompilerName: GCC  CompilerVersion: 8.4.0
ProgramName: mri_label2vol  ProgramArguments: mri_label2vol -all-info  ProgramVersion: 7.3.2  TimeStamp: 2026/03/15-07:11:34-GMT  BuildTime: Aug  4 2022 06:17:15  BuildStamp: freesurfer-linux-ubuntu22_x86_64-7.3.2-20220804-6354275  User: oesteban  Machine: dna080  Platform: Linux  PlatformVersion: 5.14.0-427.37.1.el9_4.x86_64  CompilerName: GCC  CompilerVersion: 8.4.0
ProgramName: mri_log_likelihood  ProgramArguments: mri_log_likelihood -all-info  ProgramVersion: 7.3.2  TimeStamp: 2026/03/15-07:11:34-GMT  BuildTime: Aug  4 2022 06:17:15  BuildStamp: freesurfer-linux-ubuntu22_x86_64-7.3.2-20220804-6354275  User: oesteban  Machine: dna080  Platform: Linux  PlatformVersion: 5.14.0-427.37.1.el9_4.x86_64  CompilerName: GCC  CompilerVersion: 8.4.0
ProgramName: mri_mask  ProgramArguments: mri_mask -all-info  ProgramVersion: 7.3.2  TimeStamp: 2026/03/15-07:11:34-GMT  BuildTime: Aug  4 2022 06:17:15  BuildStamp: freesurfer-linux-ubuntu22_x86_64-7.3.2-20220804-6354275  User: oesteban  Machine: dna080  Platform: Linux  PlatformVersion: 5.14.0-427.37.1.el9_4.x86_64  CompilerName: GCC  CompilerVersion: 8.4.0
ProgramName: mri_matrix_multiply  ProgramArguments: mri_matrix_multiply -all-info  ProgramVersion: 7.3.2  TimeStamp: 2026/03/15-07:11:34-GMT  BuildTime: Aug  4 2022 06:17:15  BuildStamp: freesurfer-linux-ubuntu22_x86_64-7.3.2-20220804-6354275  User: oesteban  Machine: dna080  Platform: Linux  PlatformVersion: 5.14.0-427.37.1.el9_4.x86_64  CompilerName: GCC  CompilerVersion: 8.4.0
ProgramName: mri_normalize  ProgramArguments: mri_normalize -all-info  ProgramVersion: 7.3.2  TimeStamp: 2026/03/15-07:11:34-GMT  BuildTime: Aug  4 2022 06:17:15  BuildStamp: freesurfer-linux-ubuntu22_x86_64-7.3.2-20220804-6354275  User: oesteban  Machine: dna080  Platform: Linux  PlatformVersion: 5.14.0-427.37.1.el9_4.x86_64  CompilerName: GCC  CompilerVersion: 8.4.0
ProgramName: mri_normalize_tp2  ProgramArguments: mri_normalize_tp2 -all-info  ProgramVersion: 7.3.2  TimeStamp: 2026/03/15-07:11:34-GMT  BuildTime: Aug  4 2022 06:17:15  BuildStamp: freesurfer-linux-ubuntu22_x86_64-7.3.2-20220804-6354275  User: oesteban  Machine: dna080  Platform: Linux  PlatformVersion: 5.14.0-427.37.1.el9_4.x86_64  CompilerName: GCC  CompilerVersion: 8.4.0
ProgramName: mri_or  ProgramArguments: mri_or -all-info  ProgramVersion: 7.3.2  TimeStamp: 2026/03/15-07:11:34-GMT  BuildTime: Aug  4 2022 06:17:15  BuildStamp: freesurfer-linux-ubuntu22_x86_64-7.3.2-20220804-6354275  User: oesteban  Machine: dna080  Platform: Linux  PlatformVersion: 5.14.0-427.37.1.el9_4.x86_64  CompilerName: GCC  CompilerVersion: 8.4.0
ProgramName: mri_relabel_hypointensities  ProgramArguments: mri_relabel_hypointensities -all-info  ProgramVersion: 7.3.2  TimeStamp: 2026/03/15-07:11:34-GMT  BuildTime: Aug  4 2022 06:17:15  BuildStamp: freesurfer-linux-ubuntu22_x86_64-7.3.2-20220804-6354275  User: oesteban  Machine: dna080  Platform: Linux  PlatformVersion: 5.14.0-427.37.1.el9_4.x86_64  CompilerName: GCC  CompilerVersion: 8.4.0
ProgramName: mri_relabel_nonwm_hypos  ProgramArguments: mri_relabel_nonwm_hypos -all-info  ProgramVersion: 7.3.2  TimeStamp: 2026/03/15-07:11:34-GMT  BuildTime: Aug  4 2022 06:17:15  BuildStamp: freesurfer-linux-ubuntu22_x86_64-7.3.2-20220804-6354275  User: oesteban  Machine: dna080  Platform: Linux  PlatformVersion: 5.14.0-427.37.1.el9_4.x86_64  CompilerName: GCC  CompilerVersion: 8.4.0
ProgramName: mri_remove_neck  ProgramArguments: mri_remove_neck -all-info  ProgramVersion: 7.3.2  TimeStamp: 2026/03/15-07:11:34-GMT  BuildTime: Aug  4 2022 06:17:15  BuildStamp: freesurfer-linux-ubuntu22_x86_64-7.3.2-20220804-6354275  User: oesteban  Machine: dna080  Platform: Linux  PlatformVersion: 5.14.0-427.37.1.el9_4.x86_64  CompilerName: GCC  CompilerVersion: 8.4.0
7.3.2

ProgramName: mri_robust_register  ProgramArguments: mri_robust_register -all-info  ProgramVersion: 7.3.2  TimeStamp: 2026/03/15-07:11:34-GMT  BuildTime: Aug  4 2022 06:17:15  BuildStamp: freesurfer-linux-ubuntu22_x86_64-7.3.2-20220804-6354275  User: oesteban  Machine: dna080  Platform: Linux  PlatformVersion: 5.14.0-427.37.1.el9_4.x86_64  CompilerName: GCC  CompilerVersion: 8.4.0
7.3.2

ProgramName: mri_robust_template  ProgramArguments: mri_robust_template -all-info  ProgramVersion: 7.3.2  TimeStamp: 2026/03/15-07:11:34-GMT  BuildTime: Aug  4 2022 06:17:15  BuildStamp: freesurfer-linux-ubuntu22_x86_64-7.3.2-20220804-6354275  User: oesteban  Machine: dna080  Platform: Linux  PlatformVersion: 5.14.0-427.37.1.el9_4.x86_64  CompilerName: GCC  CompilerVersion: 8.4.0
ProgramName: mris_anatomical_stats  ProgramArguments: mris_anatomical_stats -all-info  ProgramVersion: 7.3.2  TimeStamp: 2026/03/15-07:11:34-GMT  BuildTime: Aug  4 2022 06:17:15  BuildStamp: freesurfer-linux-ubuntu22_x86_64-7.3.2-20220804-6354275  User: oesteban  Machine: dna080  Platform: Linux  PlatformVersion: 5.14.0-427.37.1.el9_4.x86_64  CompilerName: GCC  CompilerVersion: 8.4.0
ProgramName: mris_ca_label  ProgramArguments: mris_ca_label -all-info  ProgramVersion: 7.3.2  TimeStamp: 2026/03/15-07:11:34-GMT  BuildTime: Aug  4 2022 06:17:15  BuildStamp: freesurfer-linux-ubuntu22_x86_64-7.3.2-20220804-6354275  User: oesteban  Machine: dna080  Platform: Linux  PlatformVersion: 5.14.0-427.37.1.el9_4.x86_64  CompilerName: GCC  CompilerVersion: 8.4.0
ProgramName: mris_calc  ProgramArguments: mris_calc -all-info  ProgramVersion: 7.3.2  TimeStamp: 2026/03/15-07:11:34-GMT  BuildTime: Aug  4 2022 06:17:15  BuildStamp: freesurfer-linux-ubuntu22_x86_64-7.3.2-20220804-6354275  User: oesteban  Machine: dna080  Platform: Linux  PlatformVersion: 5.14.0-427.37.1.el9_4.x86_64  CompilerName: GCC  CompilerVersion: 8.4.0
ProgramName: mris_convert  ProgramArguments: mris_convert -all-info  ProgramVersion: 7.3.2  TimeStamp: 2026/03/15-07:11:34-GMT  BuildTime: Aug  4 2022 06:17:15  BuildStamp: freesurfer-linux-ubuntu22_x86_64-7.3.2-20220804-6354275  User: oesteban  Machine: dna080  Platform: Linux  PlatformVersion: 5.14.0-427.37.1.el9_4.x86_64  CompilerName: GCC  CompilerVersion: 8.4.0
ProgramName: mris_curvature  ProgramArguments: mris_curvature -all-info  ProgramVersion: 7.3.2  TimeStamp: 2026/03/15-07:11:34-GMT  BuildTime: Aug  4 2022 06:17:15  BuildStamp: freesurfer-linux-ubuntu22_x86_64-7.3.2-20220804-6354275  User: oesteban  Machine: dna080  Platform: Linux  PlatformVersion: 5.14.0-427.37.1.el9_4.x86_64  CompilerName: GCC  CompilerVersion: 8.4.0
ProgramName: mris_curvature_stats  ProgramArguments: mris_curvature_stats -all-info  ProgramVersion: 7.3.2  TimeStamp: 2026/03/15-07:11:34-GMT  BuildTime: Aug  4 2022 06:17:15  BuildStamp: freesurfer-linux-ubuntu22_x86_64-7.3.2-20220804-6354275  User: oesteban  Machine: dna080  Platform: Linux  PlatformVersion: 5.14.0-427.37.1.el9_4.x86_64  CompilerName: GCC  CompilerVersion: 8.4.0
ProgramName: mris_diff  ProgramArguments: mris_diff -all-info  ProgramVersion: 7.3.2  TimeStamp: 2026/03/15-07:11:34-GMT  BuildTime: Aug  4 2022 06:17:15  BuildStamp: freesurfer-linux-ubuntu22_x86_64-7.3.2-20220804-6354275  User: oesteban  Machine: dna080  Platform: Linux  PlatformVersion: 5.14.0-427.37.1.el9_4.x86_64  CompilerName: GCC  CompilerVersion: 8.4.0
ProgramName: mris_divide_parcellation  ProgramArguments: mris_divide_parcellation -all-info  ProgramVersion: 7.3.2  TimeStamp: 2026/03/15-07:11:34-GMT  BuildTime: Aug  4 2022 06:17:15  BuildStamp: freesurfer-linux-ubuntu22_x86_64-7.3.2-20220804-6354275  User: oesteban  Machine: dna080  Platform: Linux  PlatformVersion: 5.14.0-427.37.1.el9_4.x86_64  CompilerName: GCC  CompilerVersion: 8.4.0
ProgramName: mri_segment  ProgramArguments: mri_segment -all-info  ProgramVersion: 7.3.2  TimeStamp: 2026/03/15-07:11:34-GMT  BuildTime: Aug  4 2022 06:17:15  BuildStamp: freesurfer-linux-ubuntu22_x86_64-7.3.2-20220804-6354275  User: oesteban  Machine: dna080  Platform: Linux  PlatformVersion: 5.14.0-427.37.1.el9_4.x86_64  CompilerName: GCC  CompilerVersion: 8.4.0
ProgramName: mri_segstats  ProgramArguments: mri_segstats -all-info  ProgramVersion: 7.3.2  TimeStamp: 2026/03/15-07:11:34-GMT  BuildTime: Aug  4 2022 06:17:15  BuildStamp: freesurfer-linux-ubuntu22_x86_64-7.3.2-20220804-6354275  User: oesteban  Machine: dna080  Platform: Linux  PlatformVersion: 5.14.0-427.37.1.el9_4.x86_64  CompilerName: GCC  CompilerVersion: 8.4.0
ProgramName: mris_euler_number  ProgramArguments: mris_euler_number -all-info  ProgramVersion: 7.3.2  TimeStamp: 2026/03/15-07:11:34-GMT  BuildTime: Aug  4 2022 06:17:15  BuildStamp: freesurfer-linux-ubuntu22_x86_64-7.3.2-20220804-6354275  User: oesteban  Machine: dna080  Platform: Linux  PlatformVersion: 5.14.0-427.37.1.el9_4.x86_64  CompilerName: GCC  CompilerVersion: 8.4.0
ProgramName: mris_fix_topology  ProgramArguments: mris_fix_topology -all-info  ProgramVersion: 7.3.2  TimeStamp: 2026/03/15-07:11:34-GMT  BuildTime: Aug  4 2022 06:17:15  BuildStamp: freesurfer-linux-ubuntu22_x86_64-7.3.2-20220804-6354275  User: oesteban  Machine: dna080  Platform: Linux  PlatformVersion: 5.14.0-427.37.1.el9_4.x86_64  CompilerName: GCC  CompilerVersion: 8.4.0
ProgramName: mris_topo_fixer  ProgramArguments: mris_topo_fixer -all-info  ProgramVersion: 7.3.2  TimeStamp: 2026/03/15-07:11:34-GMT  BuildTime: Aug  4 2022 06:17:15  BuildStamp: freesurfer-linux-ubuntu22_x86_64-7.3.2-20220804-6354275  User: oesteban  Machine: dna080  Platform: Linux  PlatformVersion: 5.14.0-427.37.1.el9_4.x86_64  CompilerName: GCC  CompilerVersion: 8.4.0
ProgramName: mris_jacobian  ProgramArguments: mris_jacobian -all-info  ProgramVersion: 7.3.2  TimeStamp: 2026/03/15-07:11:34-GMT  BuildTime: Aug  4 2022 06:17:15  BuildStamp: freesurfer-linux-ubuntu22_x86_64-7.3.2-20220804-6354275  User: oesteban  Machine: dna080  Platform: Linux  PlatformVersion: 5.14.0-427.37.1.el9_4.x86_64  CompilerName: GCC  CompilerVersion: 8.4.0
ProgramName: mris_label2annot  ProgramArguments: mris_label2annot -all-info  ProgramVersion: 7.3.2  TimeStamp: 2026/03/15-07:11:34-GMT  BuildTime: Aug  4 2022 06:17:15  BuildStamp: freesurfer-linux-ubuntu22_x86_64-7.3.2-20220804-6354275  User: oesteban  Machine: dna080  Platform: Linux  PlatformVersion: 5.14.0-427.37.1.el9_4.x86_64  CompilerName: GCC  CompilerVersion: 8.4.0
ProgramName: mris_left_right_register  ProgramArguments: mris_left_right_register -all-info  ProgramVersion: 7.3.2  TimeStamp: 2026/03/15-07:11:34-GMT  BuildTime: Aug  4 2022 06:17:15  BuildStamp: freesurfer-linux-ubuntu22_x86_64-7.3.2-20220804-6354275  User: oesteban  Machine: dna080  Platform: Linux  PlatformVersion: 5.14.0-427.37.1.el9_4.x86_64  CompilerName: GCC  CompilerVersion: 8.4.0
ProgramName: mris_place_surface  ProgramArguments: mris_place_surface -all-info  ProgramVersion: 7.3.2  TimeStamp: 2026/03/15-07:11:34-GMT  BuildTime: Aug  4 2022 06:17:15  BuildStamp: freesurfer-linux-ubuntu22_x86_64-7.3.2-20220804-6354275  User: oesteban  Machine: dna080  Platform: Linux  PlatformVersion: 5.14.0-427.37.1.el9_4.x86_64  CompilerName: GCC  CompilerVersion: 8.4.0
ProgramName: mrisp_paint  ProgramArguments: mrisp_paint -all-info  ProgramVersion: 7.3.2  TimeStamp: 2026/03/15-07:11:34-GMT  BuildTime: Aug  4 2022 06:17:15  BuildStamp: freesurfer-linux-ubuntu22_x86_64-7.3.2-20220804-6354275  User: oesteban  Machine: dna080  Platform: Linux  PlatformVersion: 5.14.0-427.37.1.el9_4.x86_64  CompilerName: GCC  CompilerVersion: 8.4.0
ProgramName: mris_register  ProgramArguments: mris_register -all-info  ProgramVersion: 7.3.2  TimeStamp: 2026/03/15-07:11:34-GMT  BuildTime: Aug  4 2022 06:17:15  BuildStamp: freesurfer-linux-ubuntu22_x86_64-7.3.2-20220804-6354275  User: oesteban  Machine: dna080  Platform: Linux  PlatformVersion: 5.14.0-427.37.1.el9_4.x86_64  CompilerName: GCC  CompilerVersion: 8.4.0
ProgramName: mris_smooth  ProgramArguments: mris_smooth -all-info  ProgramVersion: 7.3.2  TimeStamp: 2026/03/15-07:11:34-GMT  BuildTime: Aug  4 2022 06:17:15  BuildStamp: freesurfer-linux-ubuntu22_x86_64-7.3.2-20220804-6354275  User: oesteban  Machine: dna080  Platform: Linux  PlatformVersion: 5.14.0-427.37.1.el9_4.x86_64  CompilerName: GCC  CompilerVersion: 8.4.0
ProgramName: mris_sphere  ProgramArguments: mris_sphere -all-info  ProgramVersion: 7.3.2  TimeStamp: 2026/03/15-07:11:34-GMT  BuildTime: Aug  4 2022 06:17:15  BuildStamp: freesurfer-linux-ubuntu22_x86_64-7.3.2-20220804-6354275  User: oesteban  Machine: dna080  Platform: Linux  PlatformVersion: 5.14.0-427.37.1.el9_4.x86_64  CompilerName: GCC  CompilerVersion: 8.4.0
ProgramName: mris_surface_stats  ProgramArguments: mris_surface_stats -all-info  ProgramVersion: 7.3.2  TimeStamp: 2026/03/15-07:11:34-GMT  BuildTime: Aug  4 2022 06:17:15  BuildStamp: freesurfer-linux-ubuntu22_x86_64-7.3.2-20220804-6354275  User: oesteban  Machine: dna080  Platform: Linux  PlatformVersion: 5.14.0-427.37.1.el9_4.x86_64  CompilerName: GCC  CompilerVersion: 8.4.0
ProgramName: mri_stats2seg  ProgramArguments: mri_stats2seg -all-info  ProgramVersion: 7.3.2  TimeStamp: 2026/03/15-07:11:34-GMT  BuildTime: Aug  4 2022 06:17:15  BuildStamp: freesurfer-linux-ubuntu22_x86_64-7.3.2-20220804-6354275  User: oesteban  Machine: dna080  Platform: Linux  PlatformVersion: 5.14.0-427.37.1.el9_4.x86_64  CompilerName: GCC  CompilerVersion: 8.4.0
ProgramName: mris_thickness  ProgramArguments: mris_thickness -all-info  ProgramVersion: 7.3.2  TimeStamp: 2026/03/15-07:11:34-GMT  BuildTime: Aug  4 2022 06:17:15  BuildStamp: freesurfer-linux-ubuntu22_x86_64-7.3.2-20220804-6354275  User: oesteban  Machine: dna080  Platform: Linux  PlatformVersion: 5.14.0-427.37.1.el9_4.x86_64  CompilerName: GCC  CompilerVersion: 8.4.0
ProgramName: mris_thickness_diff  ProgramArguments: mris_thickness_diff -all-info  ProgramVersion: 7.3.2  TimeStamp: 2026/03/15-07:11:34-GMT  BuildTime: Aug  4 2022 06:17:15  BuildStamp: freesurfer-linux-ubuntu22_x86_64-7.3.2-20220804-6354275  User: oesteban  Machine: dna080  Platform: Linux  PlatformVersion: 5.14.0-427.37.1.el9_4.x86_64  CompilerName: GCC  CompilerVersion: 8.4.0
ProgramName: mris_topo_fixer  ProgramArguments: mris_topo_fixer -all-info  ProgramVersion: 7.3.2  TimeStamp: 2026/03/15-07:11:34-GMT  BuildTime: Aug  4 2022 06:17:15  BuildStamp: freesurfer-linux-ubuntu22_x86_64-7.3.2-20220804-6354275  User: oesteban  Machine: dna080  Platform: Linux  PlatformVersion: 5.14.0-427.37.1.el9_4.x86_64  CompilerName: GCC  CompilerVersion: 8.4.0
ProgramName: mri_surf2surf  ProgramArguments: mri_surf2surf -all-info  ProgramVersion: 7.3.2  TimeStamp: 2026/03/15-07:11:34-GMT  BuildTime: Aug  4 2022 06:17:15  BuildStamp: freesurfer-linux-ubuntu22_x86_64-7.3.2-20220804-6354275  User: oesteban  Machine: dna080  Platform: Linux  PlatformVersion: 5.14.0-427.37.1.el9_4.x86_64  CompilerName: GCC  CompilerVersion: 8.4.0
ProgramName: mri_surf2vol  ProgramArguments: mri_surf2vol -all-info  ProgramVersion: 7.3.2  TimeStamp: 2026/03/15-07:11:34-GMT  BuildTime: Aug  4 2022 06:17:15  BuildStamp: freesurfer-linux-ubuntu22_x86_64-7.3.2-20220804-6354275  User: oesteban  Machine: dna080  Platform: Linux  PlatformVersion: 5.14.0-427.37.1.el9_4.x86_64  CompilerName: GCC  CompilerVersion: 8.4.0
ProgramName: mri_surfcluster  ProgramArguments: mri_surfcluster -all-info  ProgramVersion: 7.3.2  TimeStamp: 2026/03/15-07:11:34-GMT  BuildTime: Aug  4 2022 06:17:15  BuildStamp: freesurfer-linux-ubuntu22_x86_64-7.3.2-20220804-6354275  User: oesteban  Machine: dna080  Platform: Linux  PlatformVersion: 5.14.0-427.37.1.el9_4.x86_64  CompilerName: GCC  CompilerVersion: 8.4.0
ProgramName: mris_volmask  ProgramArguments: mris_volmask -all-info  ProgramVersion: 7.3.2  TimeStamp: 2026/03/15-07:11:34-GMT  BuildTime: Aug  4 2022 06:17:15  BuildStamp: freesurfer-linux-ubuntu22_x86_64-7.3.2-20220804-6354275  User: oesteban  Machine: dna080  Platform: Linux  PlatformVersion: 5.14.0-427.37.1.el9_4.x86_64  CompilerName: GCC  CompilerVersion: 8.4.0
ProgramName: mri_tessellate  ProgramArguments: mri_tessellate -all-info  ProgramVersion: 7.3.2  TimeStamp: 2026/03/15-07:11:34-GMT  BuildTime: Aug  4 2022 06:17:15  BuildStamp: freesurfer-linux-ubuntu22_x86_64-7.3.2-20220804-6354275  User: oesteban  Machine: dna080  Platform: Linux  PlatformVersion: 5.14.0-427.37.1.el9_4.x86_64  CompilerName: GCC  CompilerVersion: 8.4.0
ProgramName: mri_vol2surf  ProgramArguments: mri_vol2surf -all-info  ProgramVersion: 7.3.2  TimeStamp: 2026/03/15-07:11:34-GMT  BuildTime: Aug  4 2022 06:17:15  BuildStamp: freesurfer-linux-ubuntu22_x86_64-7.3.2-20220804-6354275  User: oesteban  Machine: dna080  Platform: Linux  PlatformVersion: 5.14.0-427.37.1.el9_4.x86_64  CompilerName: GCC  CompilerVersion: 8.4.0
ProgramName: mri_vol2vol  ProgramArguments: mri_vol2vol -all-info  ProgramVersion: 7.3.2  TimeStamp: 2026/03/15-07:11:34-GMT  BuildTime: Aug  4 2022 06:17:15  BuildStamp: freesurfer-linux-ubuntu22_x86_64-7.3.2-20220804-6354275  User: oesteban  Machine: dna080  Platform: Linux  PlatformVersion: 5.14.0-427.37.1.el9_4.x86_64  CompilerName: GCC  CompilerVersion: 8.4.0
ProgramName: mri_voldiff  ProgramArguments: mri_voldiff -all-info  ProgramVersion: 7.3.2  TimeStamp: 2026/03/15-07:11:34-GMT  BuildTime: Aug  4 2022 06:17:15  BuildStamp: freesurfer-linux-ubuntu22_x86_64-7.3.2-20220804-6354275  User: oesteban  Machine: dna080  Platform: Linux  PlatformVersion: 5.14.0-427.37.1.el9_4.x86_64  CompilerName: GCC  CompilerVersion: 8.4.0
ProgramName: mri_watershed  ProgramArguments: mri_watershed -all-info  ProgramVersion: 7.3.2  TimeStamp: 2026/03/15-07:11:34-GMT  BuildTime: Aug  4 2022 06:17:15  BuildStamp: freesurfer-linux-ubuntu22_x86_64-7.3.2-20220804-6354275  User: oesteban  Machine: dna080  Platform: Linux  PlatformVersion: 5.14.0-427.37.1.el9_4.x86_64  CompilerName: GCC  CompilerVersion: 8.4.0
ProgramName: tkregister2  ProgramArguments: tkregister2_cmdl -all-info  ProgramVersion: 7.3.2  TimeStamp: 2026/03/15-07:11:34-GMT  BuildTime: Aug  4 2022 06:17:15  BuildStamp: freesurfer-linux-ubuntu22_x86_64-7.3.2-20220804-6354275  User: oesteban  Machine: dna080  Platform: Linux  PlatformVersion: 5.14.0-427.37.1.el9_4.x86_64  CompilerName: GCC  CompilerVersion: 8.4.0
mri_motion_correct.fsl 7.3.2
mri_convert -all-info 
ProgramName: mri_convert  ProgramArguments: mri_convert -all-info  ProgramVersion: 7.3.2  TimeStamp: 2026/03/15-07:11:34-GMT  BuildTime: Aug  4 2022 06:17:15  BuildStamp: freesurfer-linux-ubuntu22_x86_64-7.3.2-20220804-6354275  User: oesteban  Machine: dna080  Platform: Linux  PlatformVersion: 5.14.0-427.37.1.el9_4.x86_64  CompilerName: GCC  CompilerVersion: 8.4.0
Program nu_correct, built from:
Package MNI N3, version 1.12.0, compiled by nicks@terrier (x86_64-unknown-linux-gnu) on 2015-06-19 at 01:25:34
#######################################
GCADIR /opt/freesurfer/average
GCA RB_all_2020-01-02.gca
GCASkull RB_all_withskull_2020_01_02.gca
AvgCurvTif folding.atlas.acfb40.noaparc.i12.2016-08-02.tif
GCSDIR /opt/freesurfer/average
GCS DKaparc.atlas.acfb40.noaparc.i12.2016-08-02.gcs
#######################################
/out/sourcedata/freesurfer/sub-v2s10x28955_ses-1

 mri_convert /work/fmriprep_25_2_wf/sub_v2s10x28955_ses_1_wf/anat_fit_wf/anat_validate/sub-v2s10x28955_ses-1_run-1_T1w_noise_corrected_ras_valid.nii.gz /out/sourcedata/freesurfer/sub-v2s10x28955_ses-1/mri/orig/001.mgz 

mri_convert /work/fmriprep_25_2_wf/sub_v2s10x28955_ses_1_wf/anat_fit_wf/anat_validate/sub-v2s10x28955_ses-1_run-1_T1w_noise_corrected_ras_valid.nii.gz /out/sourcedata/freesurfer/sub-v2s10x28955_ses-1/mri/orig/001.mgz 
reading from /work/fmriprep_25_2_wf/sub_v2s10x28955_ses_1_wf/anat_fit_wf/anat_validate/sub-v2s10x28955_ses-1_run-1_T1w_noise_corrected_ras_valid.nii.gz...
TR=0.00, TE=0.00, TI=0.00, flip angle=0.00
i_ras = (0.99334, -0.102652, -0.0523349)
j_ras = (0.102793, 0.994703, 5.86853e-08)
k_ras = (0.0520576, -0.00537969, 0.99863)
writing to /out/sourcedata/freesurfer/sub-v2s10x28955_ses-1/mri/orig/001.mgz...
#--------------------------------------------
#@# MotionCor Sun Mar 15 08:11:36 CET 2026
Found 1 runs
/out/sourcedata/freesurfer/sub-v2s10x28955_ses-1/mri/orig/001.mgz
Checking for (invalid) multi-frame inputs...
Only one run found so motion
correction will not be performed. I'll
copy the run to rawavg and continue.

 cp /out/sourcedata/freesurfer/sub-v2s10x28955_ses-1/mri/orig/001.mgz /out/sourcedata/freesurfer/sub-v2s10x28955_ses-1/mri/rawavg.mgz 


 mri_info /out/sourcedata/freesurfer/sub-v2s10x28955_ses-1/mri/rawavg.mgz 

rawavg.mgz ========================================
Volume information for /out/sourcedata/freesurfer/sub-v2s10x28955_ses-1/mri/rawavg.mgz
          type: MGH
    dimensions: 160 x 240 x 256
   voxel sizes: 1.000000, 1.000000, 1.000000
          type: FLOAT (3)
           fov: 256.000
           dof: 1
        xstart: -80.0, xend: 80.0
        ystart: -120.0, yend: 120.0
        zstart: -128.0, zend: 128.0
            TR: 0.00 msec, TE: 0.00 msec, TI: 0.00 msec, flip angle: 0.00 degrees
       nframes: 1
       PhEncDir: UNKNOWN
       FieldStrength: 0.000000
ras xform present
    xform info: x_r =   0.9933, y_r =   0.1028, z_r =   0.0521, c_r =     1.8256
              : x_a =  -0.1027, y_a =   0.9947, z_a =  -0.0054, c_a =    18.7902
              : x_s =  -0.0523, y_s =   0.0000, z_s =   0.9986, c_s =   -18.1202

talairach xfm : 
Orientation   : RAS
Primary Slice Direction: axial

voxel to ras transform:
                0.9933   0.1028   0.0521   -96.6401
               -0.1027   0.9947  -0.0054   -91.6734
               -0.0523   0.0000   0.9986  -141.7580
                0.0000   0.0000   0.0000     1.0000

voxel-to-ras determinant 1

ras to voxel transform:
                0.9933  -0.1027  -0.0523    79.1671
                0.1028   0.9947   0.0000   101.1217
                0.0521  -0.0054   0.9986   146.1014
                0.0000   0.0000   0.0000     1.0000
/out/sourcedata/freesurfer/sub-v2s10x28955_ses-1

 mri_convert /out/sourcedata/freesurfer/sub-v2s10x28955_ses-1/mri/rawavg.mgz /out/sourcedata/freesurfer/sub-v2s10x28955_ses-1/mri/orig.mgz --conform 

mri_convert /out/sourcedata/freesurfer/sub-v2s10x28955_ses-1/mri/rawavg.mgz /out/sourcedata/freesurfer/sub-v2s10x28955_ses-1/mri/orig.mgz --conform 
reading from /out/sourcedata/freesurfer/sub-v2s10x28955_ses-1/mri/rawavg.mgz...
TR=0.00, TE=0.00, TI=0.00, flip angle=0.00
i_ras = (0.99334, -0.102652, -0.0523349)
j_ras = (0.102793, 0.994703, 5.86853e-08)
k_ras = (0.0520576, -0.00537969, 0.99863)
changing data type from float to uchar (noscale = 0)...
MRIchangeType: Building histogram -0.000679016 871.215 1000, flo=0, fhi=0.999, dest_type=0
Reslicing using trilinear interpolation 
writing to /out/sourcedata/freesurfer/sub-v2s10x28955_ses-1/mri/orig.mgz...

 mri_add_xform_to_header -c /out/sourcedata/freesurfer/sub-v2s10x28955_ses-1/mri/transforms/talairach.xfm /out/sourcedata/freesurfer/sub-v2s10x28955_ses-1/mri/orig.mgz /out/sourcedata/freesurfer/sub-v2s10x28955_ses-1/mri/orig.mgz 

INFO: extension is mgz

 mri_info /out/sourcedata/freesurfer/sub-v2s10x28955_ses-1/mri/orig.mgz 

orig.mgz ========================================
Volume information for /out/sourcedata/freesurfer/sub-v2s10x28955_ses-1/mri/orig.mgz
          type: MGH
    dimensions: 256 x 256 x 256
   voxel sizes: 1.000000, 1.000000, 1.000000
          type: UCHAR (0)
           fov: 256.000
           dof: 1
        xstart: -128.0, xend: 128.0
        ystart: -128.0, yend: 128.0
        zstart: -128.0, zend: 128.0
            TR: 0.00 msec, TE: 0.00 msec, TI: 0.00 msec, flip angle: 0.00 degrees
       nframes: 1
       PhEncDir: UNKNOWN
       FieldStrength: 0.000000
ras xform present
    xform info: x_r =  -1.0000, y_r =   0.0000, z_r =  -0.0000, c_r =     1.8256
              : x_a =   0.0000, y_a =   0.0000, z_a =   1.0000, c_a =    18.7902
              : x_s =   0.0000, y_s =  -1.0000, z_s =   0.0000, c_s =   -18.1202

talairach xfm : /out/sourcedata/freesurfer/sub-v2s10x28955_ses-1/mri/transforms/talairach.xfm
Orientation   : LIA
Primary Slice Direction: coronal

voxel to ras transform:
               -1.0000   0.0000  -0.0000   129.8256
                0.0000   0.0000   1.0000  -109.2098
                0.0000  -1.0000   0.0000   109.8798
                0.0000   0.0000   0.0000     1.0000

voxel-to-ras determinant -1

ras to voxel transform:
               -1.0000  -0.0000  -0.0000   129.8256
               -0.0000  -0.0000  -1.0000   109.8798
                0.0000   1.0000   0.0000   109.2098
               -0.0000  -0.0000  -0.0000     1.0000
#--------------------------------------------
#@# Talairach Sun Mar 15 08:11:41 CET 2026
/out/sourcedata/freesurfer/sub-v2s10x28955_ses-1/mri

 mri_nu_correct.mni --no-rescale --i orig.mgz --o orig_nu.mgz --ants-n4 --n 1 --proto-iters 1000 --distance 50 

/usr/bin/bc
/out/sourcedata/freesurfer/sub-v2s10x28955_ses-1/mri
/opt/freesurfer/bin/mri_nu_correct.mni
--no-rescale --i orig.mgz --o orig_nu.mgz --ants-n4 --n 1 --proto-iters 1000 --distance 50
nIters 1
mri_nu_correct.mni 7.3.2
Linux dna080 5.14.0-427.37.1.el9_4.x86_64 #1 SMP PREEMPT_DYNAMIC Fri Sep 13 12:41:50 EDT 2024 x86_64 x86_64 x86_64 GNU/Linux
Sun Mar 15 08:11:41 CET 2026
tmpdir is ./tmp.mri_nu_correct.mni.2393021
cd /out/sourcedata/freesurfer/sub-v2s10x28955_ses-1/mri
AntsN4BiasFieldCorrectionFs -i orig.mgz -o ./tmp.mri_nu_correct.mni.2393021/nu0.mgz --dtype uchar
AntsN4BiasFieldCorrectionFs done
mri_convert ./tmp.mri_nu_correct.mni.2393021/nu0.mgz orig_nu.mgz --like orig.mgz --conform
mri_convert ./tmp.mri_nu_correct.mni.2393021/nu0.mgz orig_nu.mgz --like orig.mgz --conform 
reading from ./tmp.mri_nu_correct.mni.2393021/nu0.mgz...
TR=0.00, TE=0.00, TI=0.00, flip angle=0.00
i_ras = (-1, 1.65892e-09, 3.72529e-09)
j_ras = (3.72529e-09, 0, -1)
k_ras = (-9.1386e-09, 1, 0)
INFO: transform src into the like-volume: orig.mgz
writing to orig_nu.mgz...
 
 
Sun Mar 15 08:14:14 CET 2026
mri_nu_correct.mni done

 talairach_avi --i orig_nu.mgz --xfm transforms/talairach.auto.xfm 

talairach_avi log file is transforms/talairach_avi.log...
mv -f /out/sourcedata/freesurfer/sub-v2s10x28955_ses-1/mri/talsrcimg_to_711-2C_as_mni_average_305_t4_vox2vox.txt /out/sourcedata/freesurfer/sub-v2s10x28955_ses-1/mri/transforms/talsrcimg_to_711-2C_as_mni_average_305_t4_vox2vox.txt
Started at Sun Mar 15 08:14:14 CET 2026
Ended   at Sun Mar 15 08:14:29 CET 2026
talairach_avi done

 cp transforms/talairach.auto.xfm transforms/talairach.xfm 

lta_convert --src orig.mgz --trg /opt/freesurfer/average/mni305.cor.mgz --inxfm transforms/talairach.xfm --outlta transforms/talairach.xfm.lta --subject fsaverage --ltavox2vox
7.3.2

--src: orig.mgz src image (geometry).
--trg: /opt/freesurfer/average/mni305.cor.mgz trg image (geometry).
--inmni: transforms/talairach.xfm input MNI/XFM transform.
--outlta: transforms/talairach.xfm.lta output LTA.
--s: fsaverage subject name
--ltavox2vox: output LTA as VOX_TO_VOX transform.
 LTA read, type : 1
 1.03138  -0.09251  -0.03112  -1.53084;
 0.08854   1.11206   0.20864  -19.91888;
 0.00198  -0.24688   1.12073  -1.32185;
 0.00000   0.00000   0.00000   1.00000;
setting subject to fsaverage
Writing  LTA to file transforms/talairach.xfm.lta...
lta_convert successful.
#--------------------------------------------
#@# Talairach Failure Detection Sun Mar 15 08:14:31 CET 2026
/out/sourcedata/freesurfer/sub-v2s10x28955_ses-1/mri

 talairach_afd -T 0.005 -xfm transforms/talairach.xfm 

talairach_afd: Talairach Transform: transforms/talairach.xfm OK (p=0.7644, pval=0.6675 >= threshold=0.0050)

 awk -f /opt/freesurfer/bin/extract_talairach_avi_QA.awk /out/sourcedata/freesurfer/sub-v2s10x28955_ses-1/mri/transforms/talairach_avi.log 


 tal_QC_AZS /out/sourcedata/freesurfer/sub-v2s10x28955_ses-1/mri/transforms/talairach_avi.log 

TalAviQA: 0.97468
z-score: 0
#--------------------------------------------
#@# Nu Intensity Correction Sun Mar 15 08:14:31 CET 2026

 mri_nu_correct.mni --i orig.mgz --o nu.mgz --uchar transforms/talairach.xfm --n 2 --ants-n4 

/usr/bin/bc
/out/sourcedata/freesurfer/sub-v2s10x28955_ses-1/mri
/opt/freesurfer/bin/mri_nu_correct.mni
--i orig.mgz --o nu.mgz --uchar transforms/talairach.xfm --n 2 --ants-n4
nIters 2
mri_nu_correct.mni 7.3.2
Linux dna080 5.14.0-427.37.1.el9_4.x86_64 #1 SMP PREEMPT_DYNAMIC Fri Sep 13 12:41:50 EDT 2024 x86_64 x86_64 x86_64 GNU/Linux
Sun Mar 15 08:14:31 CET 2026
tmpdir is ./tmp.mri_nu_correct.mni.2393858
cd /out/sourcedata/freesurfer/sub-v2s10x28955_ses-1/mri
AntsN4BiasFieldCorrectionFs -i orig.mgz -o ./tmp.mri_nu_correct.mni.2393858/nu0.mgz --dtype uchar
AntsN4BiasFieldCorrectionFs done
mri_binarize --i ./tmp.mri_nu_correct.mni.2393858/nu0.mgz --min -1 --o ./tmp.mri_nu_correct.mni.2393858/ones.mgz

7.3.2
cwd /out/sourcedata/freesurfer/sub-v2s10x28955_ses-1/mri
cmdline mri_binarize --i ./tmp.mri_nu_correct.mni.2393858/nu0.mgz --min -1 --o ./tmp.mri_nu_correct.mni.2393858/ones.mgz 
sysname  Linux
hostname dna080
machine  x86_64
user     oesteban

input      ./tmp.mri_nu_correct.mni.2393858/nu0.mgz
frame      0
nErode3d   0
nErode2d   0
output     ./tmp.mri_nu_correct.mni.2393858/ones.mgz
Binarizing based on threshold
min        -1
max        +infinity
binval        1
binvalnot     0
fstart = 0, fend = 0, nframes = 1
Starting parallel 1
Found 16777216 values in range
Counting number of voxels in first frame
Found 16777215 voxels in final mask
Writing output to ./tmp.mri_nu_correct.mni.2393858/ones.mgz
Count: 16777215 16777215.000000 16777216 99.999994
mri_binarize done
mri_segstats --id 1 --seg ./tmp.mri_nu_correct.mni.2393858/ones.mgz --i orig.mgz --sum ./tmp.mri_nu_correct.mni.2393858/sum.junk --avgwf ./tmp.mri_nu_correct.mni.2393858/input.mean.dat

7.3.2
cwd 
cmdline mri_segstats --id 1 --seg ./tmp.mri_nu_correct.mni.2393858/ones.mgz --i orig.mgz --sum ./tmp.mri_nu_correct.mni.2393858/sum.junk --avgwf ./tmp.mri_nu_correct.mni.2393858/input.mean.dat 
sysname  Linux
hostname dna080
machine  x86_64
user     oesteban
whitesurfname  white
UseRobust  0
Loading ./tmp.mri_nu_correct.mni.2393858/ones.mgz
Loading orig.mgz
Voxel Volume is 1 mm^3
Generating list of segmentation ids
Found   1 segmentations
Computing statistics for each segmentation

Reporting on   1 segmentations
Using PrintSegStat
Computing spatial average of each frame

Writing to ./tmp.mri_nu_correct.mni.2393858/input.mean.dat
mri_segstats done
mri_segstats --id 1 --seg ./tmp.mri_nu_correct.mni.2393858/ones.mgz --i ./tmp.mri_nu_correct.mni.2393858/nu0.mgz --sum ./tmp.mri_nu_correct.mni.2393858/sum.junk --avgwf ./tmp.mri_nu_correct.mni.2393858/output.mean.dat

7.3.2
cwd 
cmdline mri_segstats --id 1 --seg ./tmp.mri_nu_correct.mni.2393858/ones.mgz --i ./tmp.mri_nu_correct.mni.2393858/nu0.mgz --sum ./tmp.mri_nu_correct.mni.2393858/sum.junk --avgwf ./tmp.mri_nu_correct.mni.2393858/output.mean.dat 
sysname  Linux
hostname dna080
machine  x86_64
user     oesteban
whitesurfname  white
UseRobust  0
Loading ./tmp.mri_nu_correct.mni.2393858/ones.mgz
Loading ./tmp.mri_nu_correct.mni.2393858/nu0.mgz
Voxel Volume is 1 mm^3
Generating list of segmentation ids
Found   1 segmentations
Computing statistics for each segmentation

Reporting on   1 segmentations
Using PrintSegStat
Computing spatial average of each frame

Writing to ./tmp.mri_nu_correct.mni.2393858/output.mean.dat
mri_segstats done
mris_calc -o ./tmp.mri_nu_correct.mni.2393858/nu0.mgz ./tmp.mri_nu_correct.mni.2393858/nu0.mgz mul 1.18922139636117609137
Saving result to './tmp.mri_nu_correct.mni.2393858/nu0.mgz' (type = MGH )                       [ ok ]
mri_convert ./tmp.mri_nu_correct.mni.2393858/nu0.mgz nu.mgz --like orig.mgz
mri_convert ./tmp.mri_nu_correct.mni.2393858/nu0.mgz nu.mgz --like orig.mgz 
reading from ./tmp.mri_nu_correct.mni.2393858/nu0.mgz...
TR=0.00, TE=0.00, TI=0.00, flip angle=0.00
i_ras = (-1, 1.65892e-09, 3.72529e-09)
j_ras = (3.72529e-09, 0, -1)
k_ras = (-9.1386e-09, 1, 0)
INFO: transform src into the like-volume: orig.mgz
writing to nu.mgz...
mri_make_uchar nu.mgz transforms/talairach.xfm nu.mgz
type change took 0 minutes and 3 seconds.
FIRST_PERCENTILE 0.010000
WM_PERCENTILE    0.900000
MAX_R 50.000000
i1 = 7, i2 = 78
#mri_make_uchar# mapping 18 201 to  3 110  :  b -8.04366 m 0.587548 : thresh 13.6902 maxsat 447.698 : nzero 14152119 nsat 0
 
 
Sun Mar 15 08:17:15 CET 2026
mri_nu_correct.mni done

 mri_add_xform_to_header -c /out/sourcedata/freesurfer/sub-v2s10x28955_ses-1/mri/transforms/talairach.xfm nu.mgz nu.mgz 

INFO: extension is mgz
#--------------------------------------------
#@# Intensity Normalization Sun Mar 15 08:17:15 CET 2026
/out/sourcedata/freesurfer/sub-v2s10x28955_ses-1/mri

 mri_normalize -g 1 -seed 1234 -mprage nu.mgz T1.mgz 

using max gradient = 1.000
setting seed for random number genererator to 1234
assuming input volume is MGH (Van der Kouwe) MP-RAGE
reading mri_src from nu.mgz...
normalizing image...
NOT doing gentle normalization with control points/label
talairach transform
 1.03138  -0.09251  -0.03112  -1.53084;
 0.08854   1.11206   0.20864  -19.91888;
 0.00198  -0.24688   1.12073  -1.32185;
 0.00000   0.00000   0.00000   1.00000;
processing without aseg, no1d=0
MRInormInit(): 
INFO: Modifying talairach volume c_(r,a,s) based on average_305
MRInormalize(): 
MRIsplineNormalize(): npeaks = 13
Starting OpenSpline(): npoints = 13
building Voronoi diagram...
performing soap bubble smoothing, sigma = 8...

Iterating 2 times
---------------------------------
3d normalization pass 1 of 2
white matter peak found at 110
white matter peak found at 110
gm peak at 66 (66), valley at 40 (40)
csf peak at 34, setting threshold to 55
building Voronoi diagram...
performing soap bubble smoothing, sigma = 8...
---------------------------------
3d normalization pass 2 of 2
white matter peak found at 110
white matter peak found at 110
gm peak at 68 (68), valley at 42 (42)
csf peak at 35, setting threshold to 57
building Voronoi diagram...
performing soap bubble smoothing, sigma = 8...
Done iterating ---------------------------------
writing output to T1.mgz
3D bias adjustment took 0 minutes and 59 seconds.

Started at Sun Mar 15 08:11:34 CET 2026 
Ended   at Sun Mar 15 08:18:14 CET 2026
#@#%# recon-all-run-time-hours 0.111
recon-all -s sub-v2s10x28955_ses-1 finished without error at Sun Mar 15 08:18:14 CET 2026



#New# invocation of recon-all 




Sun Mar 15 08:23:28 CET 2026
cd /out/sourcedata/freesurfer/sub-v2s10x28955_ses-1
setenv SUBJECTS_DIR /out/sourcedata/freesurfer
/opt/freesurfer/bin/recon-all -openmp 16 -subjid sub-v2s10x28955_ses-1 -sd /out/sourcedata/freesurfer -gcareg

subjid sub-v2s10x28955_ses-1
setenv SUBJECTS_DIR /out/sourcedata/freesurfer
FREESURFER_HOME /opt/freesurfer
Actual FREESURFER_HOME /opt/freesurfer
build-stamp.txt: freesurfer-linux-ubuntu22_x86_64-7.3.2-20220804-6354275
Linux dna080 5.14.0-427.37.1.el9_4.x86_64 #1 SMP PREEMPT_DYNAMIC Fri Sep 13 12:41:50 EDT 2024 x86_64 x86_64 x86_64 GNU/Linux
cputime      unlimited
filesize     unlimited
datasize     unlimited
stacksize    8192 kbytes
coredumpsize 0 kbytes
memoryuse    67108864 kbytes
vmemoryuse   unlimited
descriptors  1024 
memorylocked unlimited
maxproc      2061970 
maxlocks     unlimited
maxsignal    2062029 
maxmessage   819200 
maxnice      0 
maxrtprio    0 
maxrttime    unlimited

               total        used        free      shared  buff/cache   available
Mem:           503Gi        49Gi       131Gi        21Gi       323Gi       429Gi
Swap:             0B          0B          0B

########################################
program versions used
7.3.2 (freesurfer-linux-ubuntu22_x86_64-7.3.2-20220804-6354275)
7.3.2

ProgramName: lta_convert  ProgramArguments: lta_convert -all-info  ProgramVersion: 7.3.2  TimeStamp: 2026/03/15-07:23:28-GMT  BuildTime: Aug  4 2022 06:17:15  BuildStamp: freesurfer-linux-ubuntu22_x86_64-7.3.2-20220804-6354275  User: oesteban  Machine: dna080  Platform: Linux  PlatformVersion: 5.14.0-427.37.1.el9_4.x86_64  CompilerName: GCC  CompilerVersion: 8.4.0
ProgramName: mri_and  ProgramArguments: mri_and -all-info  ProgramVersion: 7.3.2  TimeStamp: 2026/03/15-07:23:28-GMT  BuildTime: Aug  4 2022 06:17:15  BuildStamp: freesurfer-linux-ubuntu22_x86_64-7.3.2-20220804-6354275  User: oesteban  Machine: dna080  Platform: Linux  PlatformVersion: 5.14.0-427.37.1.el9_4.x86_64  CompilerName: GCC  CompilerVersion: 8.4.0
ProgramName: mri_annotation2label  ProgramArguments: mri_annotation2label -all-info  ProgramVersion: 7.3.2  TimeStamp: 2026/03/15-07:23:28-GMT  BuildTime: Aug  4 2022 06:17:15  BuildStamp: freesurfer-linux-ubuntu22_x86_64-7.3.2-20220804-6354275  User: oesteban  Machine: dna080  Platform: Linux  PlatformVersion: 5.14.0-427.37.1.el9_4.x86_64  CompilerName: GCC  CompilerVersion: 8.4.0
ProgramName: mri_aparc2aseg  ProgramArguments: mri_aparc2aseg -all-info  ProgramVersion: 7.3.2  TimeStamp: 2026/03/15-07:23:28-GMT  BuildTime: Aug  4 2022 06:17:15  BuildStamp: freesurfer-linux-ubuntu22_x86_64-7.3.2-20220804-6354275  User: oesteban  Machine: dna080  Platform: Linux  PlatformVersion: 5.14.0-427.37.1.el9_4.x86_64  CompilerName: GCC  CompilerVersion: 8.4.0
ProgramName: mri_surf2volseg  ProgramArguments: mri_surf2volseg -all-info  ProgramVersion: 7.3.2  TimeStamp: 2026/03/15-07:23:28-GMT  BuildTime: Aug  4 2022 06:17:15  BuildStamp: freesurfer-linux-ubuntu22_x86_64-7.3.2-20220804-6354275  User: oesteban  Machine: dna080  Platform: Linux  PlatformVersion: 5.14.0-427.37.1.el9_4.x86_64  CompilerName: GCC  CompilerVersion: 8.4.0
ProgramName: mri_binarize  ProgramArguments: mri_binarize -all-info  ProgramVersion: 7.3.2  TimeStamp: 2026/03/15-07:23:28-GMT  BuildTime: Aug  4 2022 06:17:15  BuildStamp: freesurfer-linux-ubuntu22_x86_64-7.3.2-20220804-6354275  User: oesteban  Machine: dna080  Platform: Linux  PlatformVersion: 5.14.0-427.37.1.el9_4.x86_64  CompilerName: GCC  CompilerVersion: 8.4.0
ProgramName: mri_ca_label  ProgramArguments: mri_ca_label -all-info  ProgramVersion: 7.3.2  TimeStamp: 2026/03/15-07:23:28-GMT  BuildTime: Aug  4 2022 06:17:15  BuildStamp: freesurfer-linux-ubuntu22_x86_64-7.3.2-20220804-6354275  User: oesteban  Machine: dna080  Platform: Linux  PlatformVersion: 5.14.0-427.37.1.el9_4.x86_64  CompilerName: GCC  CompilerVersion: 8.4.0
ProgramName: mri_ca_normalize  ProgramArguments: mri_ca_normalize -all-info  ProgramVersion: 7.3.2  TimeStamp: 2026/03/15-07:23:28-GMT  BuildTime: Aug  4 2022 06:17:15  BuildStamp: freesurfer-linux-ubuntu22_x86_64-7.3.2-20220804-6354275  User: oesteban  Machine: dna080  Platform: Linux  PlatformVersion: 5.14.0-427.37.1.el9_4.x86_64  CompilerName: GCC  CompilerVersion: 8.4.0
ProgramName: mri_ca_register  ProgramArguments: mri_ca_register -all-info  ProgramVersion: 7.3.2  TimeStamp: 2026/03/15-07:23:28-GMT  BuildTime: Aug  4 2022 06:17:15  BuildStamp: freesurfer-linux-ubuntu22_x86_64-7.3.2-20220804-6354275  User: oesteban  Machine: dna080  Platform: Linux  PlatformVersion: 5.14.0-427.37.1.el9_4.x86_64  CompilerName: GCC  CompilerVersion: 8.4.0
ProgramName: mri_cc  ProgramArguments: mri_cc -all-info  ProgramVersion: 7.3.2  TimeStamp: 2026/03/15-07:23:28-GMT  BuildTime: Aug  4 2022 06:17:15  BuildStamp: freesurfer-linux-ubuntu22_x86_64-7.3.2-20220804-6354275  User: oesteban  Machine: dna080  Platform: Linux  PlatformVersion: 5.14.0-427.37.1.el9_4.x86_64  CompilerName: GCC  CompilerVersion: 8.4.0
ProgramName: mri_compute_overlap  ProgramArguments: mri_compute_overlap -all-info  ProgramVersion: 7.3.2  TimeStamp: 2026/03/15-07:23:28-GMT  BuildTime: Aug  4 2022 06:17:15  BuildStamp: freesurfer-linux-ubuntu22_x86_64-7.3.2-20220804-6354275  User: oesteban  Machine: dna080  Platform: Linux  PlatformVersion: 5.14.0-427.37.1.el9_4.x86_64  CompilerName: GCC  CompilerVersion: 8.4.0
ProgramName: mri_compute_seg_overlap  ProgramArguments: mri_compute_seg_overlap -all-info  ProgramVersion: 7.3.2  TimeStamp: 2026/03/15-07:23:28-GMT  BuildTime: Aug  4 2022 06:17:15  BuildStamp: freesurfer-linux-ubuntu22_x86_64-7.3.2-20220804-6354275  User: oesteban  Machine: dna080  Platform: Linux  PlatformVersion: 5.14.0-427.37.1.el9_4.x86_64  CompilerName: GCC  CompilerVersion: 8.4.0
ProgramName: mri_concat  ProgramArguments: mri_concat -all-info  ProgramVersion: 7.3.2  TimeStamp: 2026/03/15-07:23:28-GMT  BuildTime: Aug  4 2022 06:17:15  BuildStamp: freesurfer-linux-ubuntu22_x86_64-7.3.2-20220804-6354275  User: oesteban  Machine: dna080  Platform: Linux  PlatformVersion: 5.14.0-427.37.1.el9_4.x86_64  CompilerName: GCC  CompilerVersion: 8.4.0
ProgramName: mri_concatenate_lta  ProgramArguments: mri_concatenate_lta -all-info  ProgramVersion: 7.3.2  TimeStamp: 2026/03/15-07:23:28-GMT  BuildTime: Aug  4 2022 06:17:15  BuildStamp: freesurfer-linux-ubuntu22_x86_64-7.3.2-20220804-6354275  User: oesteban  Machine: dna080  Platform: Linux  PlatformVersion: 5.14.0-427.37.1.el9_4.x86_64  CompilerName: GCC  CompilerVersion: 8.4.0
mri_convert -all-info 
ProgramName: mri_convert  ProgramArguments: mri_convert -all-info  ProgramVersion: 7.3.2  TimeStamp: 2026/03/15-07:23:28-GMT  BuildTime: Aug  4 2022 06:17:15  BuildStamp: freesurfer-linux-ubuntu22_x86_64-7.3.2-20220804-6354275  User: oesteban  Machine: dna080  Platform: Linux  PlatformVersion: 5.14.0-427.37.1.el9_4.x86_64  CompilerName: GCC  CompilerVersion: 8.4.0
ProgramName: mri_diff  ProgramArguments: mri_diff -all-info  ProgramVersion: 7.3.2  TimeStamp: 2026/03/15-07:23:28-GMT  BuildTime: Aug  4 2022 06:17:15  BuildStamp: freesurfer-linux-ubuntu22_x86_64-7.3.2-20220804-6354275  User: oesteban  Machine: dna080  Platform: Linux  PlatformVersion: 5.14.0-427.37.1.el9_4.x86_64  CompilerName: GCC  CompilerVersion: 8.4.0
ProgramName: mri_edit_wm_with_aseg  ProgramArguments: mri_edit_wm_with_aseg -all-info  ProgramVersion: 7.3.2  TimeStamp: 2026/03/15-07:23:28-GMT  BuildTime: Aug  4 2022 06:17:15  BuildStamp: freesurfer-linux-ubuntu22_x86_64-7.3.2-20220804-6354275  User: oesteban  Machine: dna080  Platform: Linux  PlatformVersion: 5.14.0-427.37.1.el9_4.x86_64  CompilerName: GCC  CompilerVersion: 8.4.0
ProgramName: mri_em_register  ProgramArguments: mri_em_register -all-info  ProgramVersion: 7.3.2  TimeStamp: 2026/03/15-07:23:28-GMT  BuildTime: Aug  4 2022 06:17:15  BuildStamp: freesurfer-linux-ubuntu22_x86_64-7.3.2-20220804-6354275  User: oesteban  Machine: dna080  Platform: Linux  PlatformVersion: 5.14.0-427.37.1.el9_4.x86_64  CompilerName: GCC  CompilerVersion: 8.4.0
ProgramName: mri_fill  ProgramArguments: mri_fill -all-info  ProgramVersion: 7.3.2  TimeStamp: 2026/03/15-07:23:28-GMT  BuildTime: Aug  4 2022 06:17:15  BuildStamp: freesurfer-linux-ubuntu22_x86_64-7.3.2-20220804-6354275  User: oesteban  Machine: dna080  Platform: Linux  PlatformVersion: 5.14.0-427.37.1.el9_4.x86_64  CompilerName: GCC  CompilerVersion: 8.4.0
ProgramName: mri_fuse_segmentations  ProgramArguments: mri_fuse_segmentations -all-info  ProgramVersion: 7.3.2  TimeStamp: 2026/03/15-07:23:28-GMT  BuildTime: Aug  4 2022 06:17:15  BuildStamp: freesurfer-linux-ubuntu22_x86_64-7.3.2-20220804-6354275  User: oesteban  Machine: dna080  Platform: Linux  PlatformVersion: 5.14.0-427.37.1.el9_4.x86_64  CompilerName: GCC  CompilerVersion: 8.4.0
ProgramName: mri_fwhm  ProgramArguments: mri_fwhm -all-info  ProgramVersion: 7.3.2  TimeStamp: 2026/03/15-07:23:28-GMT  BuildTime: Aug  4 2022 06:17:15  BuildStamp: freesurfer-linux-ubuntu22_x86_64-7.3.2-20220804-6354275  User: oesteban  Machine: dna080  Platform: Linux  PlatformVersion: 5.14.0-427.37.1.el9_4.x86_64  CompilerName: GCC  CompilerVersion: 8.4.0
ProgramName: mri_gcut  ProgramArguments: mri_gcut -all-info  ProgramVersion: 7.3.2  TimeStamp: 2026/03/15-07:23:28-GMT  BuildTime: Aug  4 2022 06:17:15  BuildStamp: freesurfer-linux-ubuntu22_x86_64-7.3.2-20220804-6354275  User: oesteban  Machine: dna080  Platform: Linux  PlatformVersion: 5.14.0-427.37.1.el9_4.x86_64  CompilerName: GCC  CompilerVersion: 8.4.0
ProgramName: mri_info  ProgramArguments: mri_info -all-info  ProgramVersion: 7.3.2  TimeStamp: 2026/03/15-07:23:28-GMT  BuildTime: Aug  4 2022 06:17:15  BuildStamp: freesurfer-linux-ubuntu22_x86_64-7.3.2-20220804-6354275  User: oesteban  Machine: dna080  Platform: Linux  PlatformVersion: 5.14.0-427.37.1.el9_4.x86_64  CompilerName: GCC  CompilerVersion: 8.4.0
ProgramName: mri_label2label  ProgramArguments: mri_label2label -all-info  ProgramVersion: 7.3.2  TimeStamp: 2026/03/15-07:23:28-GMT  BuildTime: Aug  4 2022 06:17:15  BuildStamp: freesurfer-linux-ubuntu22_x86_64-7.3.2-20220804-6354275  User: oesteban  Machine: dna080  Platform: Linux  PlatformVersion: 5.14.0-427.37.1.el9_4.x86_64  CompilerName: GCC  CompilerVersion: 8.4.0
ProgramName: mri_label2vol  ProgramArguments: mri_label2vol -all-info  ProgramVersion: 7.3.2  TimeStamp: 2026/03/15-07:23:28-GMT  BuildTime: Aug  4 2022 06:17:15  BuildStamp: freesurfer-linux-ubuntu22_x86_64-7.3.2-20220804-6354275  User: oesteban  Machine: dna080  Platform: Linux  PlatformVersion: 5.14.0-427.37.1.el9_4.x86_64  CompilerName: GCC  CompilerVersion: 8.4.0
ProgramName: mri_log_likelihood  ProgramArguments: mri_log_likelihood -all-info  ProgramVersion: 7.3.2  TimeStamp: 2026/03/15-07:23:28-GMT  BuildTime: Aug  4 2022 06:17:15  BuildStamp: freesurfer-linux-ubuntu22_x86_64-7.3.2-20220804-6354275  User: oesteban  Machine: dna080  Platform: Linux  PlatformVersion: 5.14.0-427.37.1.el9_4.x86_64  CompilerName: GCC  CompilerVersion: 8.4.0
ProgramName: mri_mask  ProgramArguments: mri_mask -all-info  ProgramVersion: 7.3.2  TimeStamp: 2026/03/15-07:23:28-GMT  BuildTime: Aug  4 2022 06:17:15  BuildStamp: freesurfer-linux-ubuntu22_x86_64-7.3.2-20220804-6354275  User: oesteban  Machine: dna080  Platform: Linux  PlatformVersion: 5.14.0-427.37.1.el9_4.x86_64  CompilerName: GCC  CompilerVersion: 8.4.0
ProgramName: mri_matrix_multiply  ProgramArguments: mri_matrix_multiply -all-info  ProgramVersion: 7.3.2  TimeStamp: 2026/03/15-07:23:28-GMT  BuildTime: Aug  4 2022 06:17:15  BuildStamp: freesurfer-linux-ubuntu22_x86_64-7.3.2-20220804-6354275  User: oesteban  Machine: dna080  Platform: Linux  PlatformVersion: 5.14.0-427.37.1.el9_4.x86_64  CompilerName: GCC  CompilerVersion: 8.4.0
ProgramName: mri_normalize  ProgramArguments: mri_normalize -all-info  ProgramVersion: 7.3.2  TimeStamp: 2026/03/15-07:23:28-GMT  BuildTime: Aug  4 2022 06:17:15  BuildStamp: freesurfer-linux-ubuntu22_x86_64-7.3.2-20220804-6354275  User: oesteban  Machine: dna080  Platform: Linux  PlatformVersion: 5.14.0-427.37.1.el9_4.x86_64  CompilerName: GCC  CompilerVersion: 8.4.0
ProgramName: mri_normalize_tp2  ProgramArguments: mri_normalize_tp2 -all-info  ProgramVersion: 7.3.2  TimeStamp: 2026/03/15-07:23:28-GMT  BuildTime: Aug  4 2022 06:17:15  BuildStamp: freesurfer-linux-ubuntu22_x86_64-7.3.2-20220804-6354275  User: oesteban  Machine: dna080  Platform: Linux  PlatformVersion: 5.14.0-427.37.1.el9_4.x86_64  CompilerName: GCC  CompilerVersion: 8.4.0
ProgramName: mri_or  ProgramArguments: mri_or -all-info  ProgramVersion: 7.3.2  TimeStamp: 2026/03/15-07:23:28-GMT  BuildTime: Aug  4 2022 06:17:15  BuildStamp: freesurfer-linux-ubuntu22_x86_64-7.3.2-20220804-6354275  User: oesteban  Machine: dna080  Platform: Linux  PlatformVersion: 5.14.0-427.37.1.el9_4.x86_64  CompilerName: GCC  CompilerVersion: 8.4.0
ProgramName: mri_relabel_hypointensities  ProgramArguments: mri_relabel_hypointensities -all-info  ProgramVersion: 7.3.2  TimeStamp: 2026/03/15-07:23:28-GMT  BuildTime: Aug  4 2022 06:17:15  BuildStamp: freesurfer-linux-ubuntu22_x86_64-7.3.2-20220804-6354275  User: oesteban  Machine: dna080  Platform: Linux  PlatformVersion: 5.14.0-427.37.1.el9_4.x86_64  CompilerName: GCC  CompilerVersion: 8.4.0
ProgramName: mri_relabel_nonwm_hypos  ProgramArguments: mri_relabel_nonwm_hypos -all-info  ProgramVersion: 7.3.2  TimeStamp: 2026/03/15-07:23:28-GMT  BuildTime: Aug  4 2022 06:17:15  BuildStamp: freesurfer-linux-ubuntu22_x86_64-7.3.2-20220804-6354275  User: oesteban  Machine: dna080  Platform: Linux  PlatformVersion: 5.14.0-427.37.1.el9_4.x86_64  CompilerName: GCC  CompilerVersion: 8.4.0
ProgramName: mri_remove_neck  ProgramArguments: mri_remove_neck -all-info  ProgramVersion: 7.3.2  TimeStamp: 2026/03/15-07:23:28-GMT  BuildTime: Aug  4 2022 06:17:15  BuildStamp: freesurfer-linux-ubuntu22_x86_64-7.3.2-20220804-6354275  User: oesteban  Machine: dna080  Platform: Linux  PlatformVersion: 5.14.0-427.37.1.el9_4.x86_64  CompilerName: GCC  CompilerVersion: 8.4.0
7.3.2

ProgramName: mri_robust_register  ProgramArguments: mri_robust_register -all-info  ProgramVersion: 7.3.2  TimeStamp: 2026/03/15-07:23:28-GMT  BuildTime: Aug  4 2022 06:17:15  BuildStamp: freesurfer-linux-ubuntu22_x86_64-7.3.2-20220804-6354275  User: oesteban  Machine: dna080  Platform: Linux  PlatformVersion: 5.14.0-427.37.1.el9_4.x86_64  CompilerName: GCC  CompilerVersion: 8.4.0
7.3.2

ProgramName: mri_robust_template  ProgramArguments: mri_robust_template -all-info  ProgramVersion: 7.3.2  TimeStamp: 2026/03/15-07:23:28-GMT  BuildTime: Aug  4 2022 06:17:15  BuildStamp: freesurfer-linux-ubuntu22_x86_64-7.3.2-20220804-6354275  User: oesteban  Machine: dna080  Platform: Linux  PlatformVersion: 5.14.0-427.37.1.el9_4.x86_64  CompilerName: GCC  CompilerVersion: 8.4.0
ProgramName: mris_anatomical_stats  ProgramArguments: mris_anatomical_stats -all-info  ProgramVersion: 7.3.2  TimeStamp: 2026/03/15-07:23:28-GMT  BuildTime: Aug  4 2022 06:17:15  BuildStamp: freesurfer-linux-ubuntu22_x86_64-7.3.2-20220804-6354275  User: oesteban  Machine: dna080  Platform: Linux  PlatformVersion: 5.14.0-427.37.1.el9_4.x86_64  CompilerName: GCC  CompilerVersion: 8.4.0
ProgramName: mris_ca_label  ProgramArguments: mris_ca_label -all-info  ProgramVersion: 7.3.2  TimeStamp: 2026/03/15-07:23:28-GMT  BuildTime: Aug  4 2022 06:17:15  BuildStamp: freesurfer-linux-ubuntu22_x86_64-7.3.2-20220804-6354275  User: oesteban  Machine: dna080  Platform: Linux  PlatformVersion: 5.14.0-427.37.1.el9_4.x86_64  CompilerName: GCC  CompilerVersion: 8.4.0
ProgramName: mris_calc  ProgramArguments: mris_calc -all-info  ProgramVersion: 7.3.2  TimeStamp: 2026/03/15-07:23:28-GMT  BuildTime: Aug  4 2022 06:17:15  BuildStamp: freesurfer-linux-ubuntu22_x86_64-7.3.2-20220804-6354275  User: oesteban  Machine: dna080  Platform: Linux  PlatformVersion: 5.14.0-427.37.1.el9_4.x86_64  CompilerName: GCC  CompilerVersion: 8.4.0
ProgramName: mris_convert  ProgramArguments: mris_convert -all-info  ProgramVersion: 7.3.2  TimeStamp: 2026/03/15-07:23:29-GMT  BuildTime: Aug  4 2022 06:17:15  BuildStamp: freesurfer-linux-ubuntu22_x86_64-7.3.2-20220804-6354275  User: oesteban  Machine: dna080  Platform: Linux  PlatformVersion: 5.14.0-427.37.1.el9_4.x86_64  CompilerName: GCC  CompilerVersion: 8.4.0
ProgramName: mris_curvature  ProgramArguments: mris_curvature -all-info  ProgramVersion: 7.3.2  TimeStamp: 2026/03/15-07:23:29-GMT  BuildTime: Aug  4 2022 06:17:15  BuildStamp: freesurfer-linux-ubuntu22_x86_64-7.3.2-20220804-6354275  User: oesteban  Machine: dna080  Platform: Linux  PlatformVersion: 5.14.0-427.37.1.el9_4.x86_64  CompilerName: GCC  CompilerVersion: 8.4.0
ProgramName: mris_curvature_stats  ProgramArguments: mris_curvature_stats -all-info  ProgramVersion: 7.3.2  TimeStamp: 2026/03/15-07:23:29-GMT  BuildTime: Aug  4 2022 06:17:15  BuildStamp: freesurfer-linux-ubuntu22_x86_64-7.3.2-20220804-6354275  User: oesteban  Machine: dna080  Platform: Linux  PlatformVersion: 5.14.0-427.37.1.el9_4.x86_64  CompilerName: GCC  CompilerVersion: 8.4.0
ProgramName: mris_diff  ProgramArguments: mris_diff -all-info  ProgramVersion: 7.3.2  TimeStamp: 2026/03/15-07:23:29-GMT  BuildTime: Aug  4 2022 06:17:15  BuildStamp: freesurfer-linux-ubuntu22_x86_64-7.3.2-20220804-6354275  User: oesteban  Machine: dna080  Platform: Linux  PlatformVersion: 5.14.0-427.37.1.el9_4.x86_64  CompilerName: GCC  CompilerVersion: 8.4.0
ProgramName: mris_divide_parcellation  ProgramArguments: mris_divide_parcellation -all-info  ProgramVersion: 7.3.2  TimeStamp: 2026/03/15-07:23:29-GMT  BuildTime: Aug  4 2022 06:17:15  BuildStamp: freesurfer-linux-ubuntu22_x86_64-7.3.2-20220804-6354275  User: oesteban  Machine: dna080  Platform: Linux  PlatformVersion: 5.14.0-427.37.1.el9_4.x86_64  CompilerName: GCC  CompilerVersion: 8.4.0
ProgramName: mri_segment  ProgramArguments: mri_segment -all-info  ProgramVersion: 7.3.2  TimeStamp: 2026/03/15-07:23:29-GMT  BuildTime: Aug  4 2022 06:17:15  BuildStamp: freesurfer-linux-ubuntu22_x86_64-7.3.2-20220804-6354275  User: oesteban  Machine: dna080  Platform: Linux  PlatformVersion: 5.14.0-427.37.1.el9_4.x86_64  CompilerName: GCC  CompilerVersion: 8.4.0
ProgramName: mri_segstats  ProgramArguments: mri_segstats -all-info  ProgramVersion: 7.3.2  TimeStamp: 2026/03/15-07:23:29-GMT  BuildTime: Aug  4 2022 06:17:15  BuildStamp: freesurfer-linux-ubuntu22_x86_64-7.3.2-20220804-6354275  User: oesteban  Machine: dna080  Platform: Linux  PlatformVersion: 5.14.0-427.37.1.el9_4.x86_64  CompilerName: GCC  CompilerVersion: 8.4.0
ProgramName: mris_euler_number  ProgramArguments: mris_euler_number -all-info  ProgramVersion: 7.3.2  TimeStamp: 2026/03/15-07:23:29-GMT  BuildTime: Aug  4 2022 06:17:15  BuildStamp: freesurfer-linux-ubuntu22_x86_64-7.3.2-20220804-6354275  User: oesteban  Machine: dna080  Platform: Linux  PlatformVersion: 5.14.0-427.37.1.el9_4.x86_64  CompilerName: GCC  CompilerVersion: 8.4.0
ProgramName: mris_fix_topology  ProgramArguments: mris_fix_topology -all-info  ProgramVersion: 7.3.2  TimeStamp: 2026/03/15-07:23:29-GMT  BuildTime: Aug  4 2022 06:17:15  BuildStamp: freesurfer-linux-ubuntu22_x86_64-7.3.2-20220804-6354275  User: oesteban  Machine: dna080  Platform: Linux  PlatformVersion: 5.14.0-427.37.1.el9_4.x86_64  CompilerName: GCC  CompilerVersion: 8.4.0
ProgramName: mris_topo_fixer  ProgramArguments: mris_topo_fixer -all-info  ProgramVersion: 7.3.2  TimeStamp: 2026/03/15-07:23:29-GMT  BuildTime: Aug  4 2022 06:17:15  BuildStamp: freesurfer-linux-ubuntu22_x86_64-7.3.2-20220804-6354275  User: oesteban  Machine: dna080  Platform: Linux  PlatformVersion: 5.14.0-427.37.1.el9_4.x86_64  CompilerName: GCC  CompilerVersion: 8.4.0
ProgramName: mris_jacobian  ProgramArguments: mris_jacobian -all-info  ProgramVersion: 7.3.2  TimeStamp: 2026/03/15-07:23:29-GMT  BuildTime: Aug  4 2022 06:17:15  BuildStamp: freesurfer-linux-ubuntu22_x86_64-7.3.2-20220804-6354275  User: oesteban  Machine: dna080  Platform: Linux  PlatformVersion: 5.14.0-427.37.1.el9_4.x86_64  CompilerName: GCC  CompilerVersion: 8.4.0
ProgramName: mris_label2annot  ProgramArguments: mris_label2annot -all-info  ProgramVersion: 7.3.2  TimeStamp: 2026/03/15-07:23:29-GMT  BuildTime: Aug  4 2022 06:17:15  BuildStamp: freesurfer-linux-ubuntu22_x86_64-7.3.2-20220804-6354275  User: oesteban  Machine: dna080  Platform: Linux  PlatformVersion: 5.14.0-427.37.1.el9_4.x86_64  CompilerName: GCC  CompilerVersion: 8.4.0
ProgramName: mris_left_right_register  ProgramArguments: mris_left_right_register -all-info  ProgramVersion: 7.3.2  TimeStamp: 2026/03/15-07:23:29-GMT  BuildTime: Aug  4 2022 06:17:15  BuildStamp: freesurfer-linux-ubuntu22_x86_64-7.3.2-20220804-6354275  User: oesteban  Machine: dna080  Platform: Linux  PlatformVersion: 5.14.0-427.37.1.el9_4.x86_64  CompilerName: GCC  CompilerVersion: 8.4.0
ProgramName: mris_place_surface  ProgramArguments: mris_place_surface -all-info  ProgramVersion: 7.3.2  TimeStamp: 2026/03/15-07:23:29-GMT  BuildTime: Aug  4 2022 06:17:15  BuildStamp: freesurfer-linux-ubuntu22_x86_64-7.3.2-20220804-6354275  User: oesteban  Machine: dna080  Platform: Linux  PlatformVersion: 5.14.0-427.37.1.el9_4.x86_64  CompilerName: GCC  CompilerVersion: 8.4.0
ProgramName: mrisp_paint  ProgramArguments: mrisp_paint -all-info  ProgramVersion: 7.3.2  TimeStamp: 2026/03/15-07:23:29-GMT  BuildTime: Aug  4 2022 06:17:15  BuildStamp: freesurfer-linux-ubuntu22_x86_64-7.3.2-20220804-6354275  User: oesteban  Machine: dna080  Platform: Linux  PlatformVersion: 5.14.0-427.37.1.el9_4.x86_64  CompilerName: GCC  CompilerVersion: 8.4.0
ProgramName: mris_register  ProgramArguments: mris_register -all-info  ProgramVersion: 7.3.2  TimeStamp: 2026/03/15-07:23:29-GMT  BuildTime: Aug  4 2022 06:17:15  BuildStamp: freesurfer-linux-ubuntu22_x86_64-7.3.2-20220804-6354275  User: oesteban  Machine: dna080  Platform: Linux  PlatformVersion: 5.14.0-427.37.1.el9_4.x86_64  CompilerName: GCC  CompilerVersion: 8.4.0
ProgramName: mris_smooth  ProgramArguments: mris_smooth -all-info  ProgramVersion: 7.3.2  TimeStamp: 2026/03/15-07:23:29-GMT  BuildTime: Aug  4 2022 06:17:15  BuildStamp: freesurfer-linux-ubuntu22_x86_64-7.3.2-20220804-6354275  User: oesteban  Machine: dna080  Platform: Linux  PlatformVersion: 5.14.0-427.37.1.el9_4.x86_64  CompilerName: GCC  CompilerVersion: 8.4.0
ProgramName: mris_sphere  ProgramArguments: mris_sphere -all-info  ProgramVersion: 7.3.2  TimeStamp: 2026/03/15-07:23:29-GMT  BuildTime: Aug  4 2022 06:17:15  BuildStamp: freesurfer-linux-ubuntu22_x86_64-7.3.2-20220804-6354275  User: oesteban  Machine: dna080  Platform: Linux  PlatformVersion: 5.14.0-427.37.1.el9_4.x86_64  CompilerName: GCC  CompilerVersion: 8.4.0
ProgramName: mris_surface_stats  ProgramArguments: mris_surface_stats -all-info  ProgramVersion: 7.3.2  TimeStamp: 2026/03/15-07:23:29-GMT  BuildTime: Aug  4 2022 06:17:15  BuildStamp: freesurfer-linux-ubuntu22_x86_64-7.3.2-20220804-6354275  User: oesteban  Machine: dna080  Platform: Linux  PlatformVersion: 5.14.0-427.37.1.el9_4.x86_64  CompilerName: GCC  CompilerVersion: 8.4.0
ProgramName: mri_stats2seg  ProgramArguments: mri_stats2seg -all-info  ProgramVersion: 7.3.2  TimeStamp: 2026/03/15-07:23:29-GMT  BuildTime: Aug  4 2022 06:17:15  BuildStamp: freesurfer-linux-ubuntu22_x86_64-7.3.2-20220804-6354275  User: oesteban  Machine: dna080  Platform: Linux  PlatformVersion: 5.14.0-427.37.1.el9_4.x86_64  CompilerName: GCC  CompilerVersion: 8.4.0
ProgramName: mris_thickness  ProgramArguments: mris_thickness -all-info  ProgramVersion: 7.3.2  TimeStamp: 2026/03/15-07:23:29-GMT  BuildTime: Aug  4 2022 06:17:15  BuildStamp: freesurfer-linux-ubuntu22_x86_64-7.3.2-20220804-6354275  User: oesteban  Machine: dna080  Platform: Linux  PlatformVersion: 5.14.0-427.37.1.el9_4.x86_64  CompilerName: GCC  CompilerVersion: 8.4.0
ProgramName: mris_thickness_diff  ProgramArguments: mris_thickness_diff -all-info  ProgramVersion: 7.3.2  TimeStamp: 2026/03/15-07:23:29-GMT  BuildTime: Aug  4 2022 06:17:15  BuildStamp: freesurfer-linux-ubuntu22_x86_64-7.3.2-20220804-6354275  User: oesteban  Machine: dna080  Platform: Linux  PlatformVersion: 5.14.0-427.37.1.el9_4.x86_64  CompilerName: GCC  CompilerVersion: 8.4.0
ProgramName: mris_topo_fixer  ProgramArguments: mris_topo_fixer -all-info  ProgramVersion: 7.3.2  TimeStamp: 2026/03/15-07:23:29-GMT  BuildTime: Aug  4 2022 06:17:15  BuildStamp: freesurfer-linux-ubuntu22_x86_64-7.3.2-20220804-6354275  User: oesteban  Machine: dna080  Platform: Linux  PlatformVersion: 5.14.0-427.37.1.el9_4.x86_64  CompilerName: GCC  CompilerVersion: 8.4.0
ProgramName: mri_surf2surf  ProgramArguments: mri_surf2surf -all-info  ProgramVersion: 7.3.2  TimeStamp: 2026/03/15-07:23:29-GMT  BuildTime: Aug  4 2022 06:17:15  BuildStamp: freesurfer-linux-ubuntu22_x86_64-7.3.2-20220804-6354275  User: oesteban  Machine: dna080  Platform: Linux  PlatformVersion: 5.14.0-427.37.1.el9_4.x86_64  CompilerName: GCC  CompilerVersion: 8.4.0
ProgramName: mri_surf2vol  ProgramArguments: mri_surf2vol -all-info  ProgramVersion: 7.3.2  TimeStamp: 2026/03/15-07:23:29-GMT  BuildTime: Aug  4 2022 06:17:15  BuildStamp: freesurfer-linux-ubuntu22_x86_64-7.3.2-20220804-6354275  User: oesteban  Machine: dna080  Platform: Linux  PlatformVersion: 5.14.0-427.37.1.el9_4.x86_64  CompilerName: GCC  CompilerVersion: 8.4.0
ProgramName: mri_surfcluster  ProgramArguments: mri_surfcluster -all-info  ProgramVersion: 7.3.2  TimeStamp: 2026/03/15-07:23:29-GMT  BuildTime: Aug  4 2022 06:17:15  BuildStamp: freesurfer-linux-ubuntu22_x86_64-7.3.2-20220804-6354275  User: oesteban  Machine: dna080  Platform: Linux  PlatformVersion: 5.14.0-427.37.1.el9_4.x86_64  CompilerName: GCC  CompilerVersion: 8.4.0
ProgramName: mris_volmask  ProgramArguments: mris_volmask -all-info  ProgramVersion: 7.3.2  TimeStamp: 2026/03/15-07:23:29-GMT  BuildTime: Aug  4 2022 06:17:15  BuildStamp: freesurfer-linux-ubuntu22_x86_64-7.3.2-20220804-6354275  User: oesteban  Machine: dna080  Platform: Linux  PlatformVersion: 5.14.0-427.37.1.el9_4.x86_64  CompilerName: GCC  CompilerVersion: 8.4.0
ProgramName: mri_tessellate  ProgramArguments: mri_tessellate -all-info  ProgramVersion: 7.3.2  TimeStamp: 2026/03/15-07:23:29-GMT  BuildTime: Aug  4 2022 06:17:15  BuildStamp: freesurfer-linux-ubuntu22_x86_64-7.3.2-20220804-6354275  User: oesteban  Machine: dna080  Platform: Linux  PlatformVersion: 5.14.0-427.37.1.el9_4.x86_64  CompilerName: GCC  CompilerVersion: 8.4.0
ProgramName: mri_vol2surf  ProgramArguments: mri_vol2surf -all-info  ProgramVersion: 7.3.2  TimeStamp: 2026/03/15-07:23:29-GMT  BuildTime: Aug  4 2022 06:17:15  BuildStamp: freesurfer-linux-ubuntu22_x86_64-7.3.2-20220804-6354275  User: oesteban  Machine: dna080  Platform: Linux  PlatformVersion: 5.14.0-427.37.1.el9_4.x86_64  CompilerName: GCC  CompilerVersion: 8.4.0
ProgramName: mri_vol2vol  ProgramArguments: mri_vol2vol -all-info  ProgramVersion: 7.3.2  TimeStamp: 2026/03/15-07:23:29-GMT  BuildTime: Aug  4 2022 06:17:15  BuildStamp: freesurfer-linux-ubuntu22_x86_64-7.3.2-20220804-6354275  User: oesteban  Machine: dna080  Platform: Linux  PlatformVersion: 5.14.0-427.37.1.el9_4.x86_64  CompilerName: GCC  CompilerVersion: 8.4.0
ProgramName: mri_voldiff  ProgramArguments: mri_voldiff -all-info  ProgramVersion: 7.3.2  TimeStamp: 2026/03/15-07:23:29-GMT  BuildTime: Aug  4 2022 06:17:15  BuildStamp: freesurfer-linux-ubuntu22_x86_64-7.3.2-20220804-6354275  User: oesteban  Machine: dna080  Platform: Linux  PlatformVersion: 5.14.0-427.37.1.el9_4.x86_64  CompilerName: GCC  CompilerVersion: 8.4.0
ProgramName: mri_watershed  ProgramArguments: mri_watershed -all-info  ProgramVersion: 7.3.2  TimeStamp: 2026/03/15-07:23:29-GMT  BuildTime: Aug  4 2022 06:17:15  BuildStamp: freesurfer-linux-ubuntu22_x86_64-7.3.2-20220804-6354275  User: oesteban  Machine: dna080  Platform: Linux  PlatformVersion: 5.14.0-427.37.1.el9_4.x86_64  CompilerName: GCC  CompilerVersion: 8.4.0
ProgramName: tkregister2  ProgramArguments: tkregister2_cmdl -all-info  ProgramVersion: 7.3.2  TimeStamp: 2026/03/15-07:23:29-GMT  BuildTime: Aug  4 2022 06:17:15  BuildStamp: freesurfer-linux-ubuntu22_x86_64-7.3.2-20220804-6354275  User: oesteban  Machine: dna080  Platform: Linux  PlatformVersion: 5.14.0-427.37.1.el9_4.x86_64  CompilerName: GCC  CompilerVersion: 8.4.0
mri_motion_correct.fsl 7.3.2
mri_convert -all-info 
ProgramName: mri_convert  ProgramArguments: mri_convert -all-info  ProgramVersion: 7.3.2  TimeStamp: 2026/03/15-07:23:29-GMT  BuildTime: Aug  4 2022 06:17:15  BuildStamp: freesurfer-linux-ubuntu22_x86_64-7.3.2-20220804-6354275  User: oesteban  Machine: dna080  Platform: Linux  PlatformVersion: 5.14.0-427.37.1.el9_4.x86_64  CompilerName: GCC  CompilerVersion: 8.4.0
Program nu_correct, built from:
Package MNI N3, version 1.12.0, compiled by nicks@terrier (x86_64-unknown-linux-gnu) on 2015-06-19 at 01:25:34
#######################################
GCADIR /opt/freesurfer/average
GCA RB_all_2020-01-02.gca
GCASkull RB_all_withskull_2020_01_02.gca
AvgCurvTif folding.atlas.acfb40.noaparc.i12.2016-08-02.tif
GCSDIR /opt/freesurfer/average
GCS DKaparc.atlas.acfb40.noaparc.i12.2016-08-02.gcs
#######################################
#-------------------------------------
#@# EM Registration Sun Mar 15 08:23:29 CET 2026
/out/sourcedata/freesurfer/sub-v2s10x28955_ses-1/mri

 mri_em_register -uns 3 -mask brainmask.mgz nu.mgz /opt/freesurfer/average/RB_all_2020-01-02.gca transforms/talairach.lta 

setting unknown_nbr_spacing = 3
using MR volume brainmask.mgz to mask input volume...

== Number of threads available to mri_em_register for OpenMP = 16 == 
reading 1 input volumes...
logging results to talairach.log
reading '/opt/freesurfer/average/RB_all_2020-01-02.gca'...
GCAread took 0 minutes and 1 seconds.
average std = 7.2   using min determinant for regularization = 5.2
0 singular and 884 ill-conditioned covariance matrices regularized
reading 'nu.mgz'...
MRImask(): AllowDiffGeom = 1
MRImask(): AllowDiffGeom = 1
MRImask(): AllowDiffGeom = 1
MRImask(): AllowDiffGeom = 1
MRImask(): AllowDiffGeom = 1
freeing gibbs priors...done.
accounting for voxel sizes in initial transform
bounding unknown intensity as < 5.9 or > 519.0 
total sample mean = 79.1 (1017 zeros)
************************************************
spacing=8, using 2841 sample points, tol=1.00e-05...
************************************************
register_mri: find_optimal_transform
find_optimal_transform: nsamples 2841, passno 0, spacing 8
resetting wm mean[0]: 98 --> 107
resetting gm mean[0]: 61 --> 61
input volume #1 is the most T1-like
using real data threshold=28.0
skull bounding box = (57, 44, 27) --> (198, 168, 193)
finding center of left hemi white matter
using (104, 85, 110) as brain centroid of Right_Cerebral_White_Matter...
MRImask(): AllowDiffGeom = 1
mean wm in atlas = 107, using box (87,70,90) --> (121, 100,130) to find MRI wm
before smoothing, mri peak at 109
robust fit to distribution - 108 +- 3.9
after smoothing, mri peak at 109, scaling input intensities by 0.982
scaling channel 0 by 0.981651
initial log_p = -4.278
************************************************
First Search limited to translation only.
************************************************
max log p =    -4.081927 @ (-10.526, 10.526, -10.526)
max log p =    -3.717987 @ (5.263, 5.263, 5.263)
max log p =    -3.668595 @ (2.632, 2.632, 2.632)
max log p =    -3.644314 @ (1.316, -1.316, 1.316)
max log p =    -3.630617 @ (-0.658, -0.658, 0.658)
max log p =    -3.629956 @ (-0.329, 0.329, -1.645)
max log p =    -3.629956 @ (0.000, 0.000, 0.000)
max log p =    -3.629956 @ (0.000, 0.000, 0.000)
Found translation: (-2.3, 16.8, -2.3): log p = -3.630
****************************************
Nine parameter search.  iteration 0 nscales = 0 ...
****************************************
Result so far: scale 1.000: max_log_p=-3.351, old_max_log_p =-3.630 (thresh=-3.6)
 1.06580  -0.02106   0.13912  -23.62499;
 0.00000   1.14016   0.13053  -11.65296;
-0.13053  -0.14882   0.98296   31.64042;
 0.00000   0.00000   0.00000   1.00000;
iteration took 0 minutes and 7 seconds.
****************************************
Nine parameter search.  iteration 1 nscales = 0 ...
****************************************
Result so far: scale 1.000: max_log_p=-3.351, old_max_log_p =-3.351 (thresh=-3.3)
 1.06580  -0.02106   0.13912  -23.62499;
 0.00000   1.14016   0.13053  -11.65296;
-0.13053  -0.14882   0.98296   31.64042;
 0.00000   0.00000   0.00000   1.00000;
reducing scale to 0.2500
iteration took 0 minutes and 7 seconds.
****************************************
Nine parameter search.  iteration 2 nscales = 1 ...
****************************************
Result so far: scale 0.250: max_log_p=-3.307, old_max_log_p =-3.351 (thresh=-3.3)
 1.05120  -0.01106   0.07308  -15.65129;
 0.00194   1.12300   0.09623  -6.44941;
-0.05937  -0.11039   0.97507   19.36473;
 0.00000   0.00000   0.00000   1.00000;
iteration took 0 minutes and 7 seconds.
****************************************
Nine parameter search.  iteration 3 nscales = 1 ...
****************************************
Result so far: scale 0.250: max_log_p=-3.307, old_max_log_p =-3.307 (thresh=-3.3)
 1.05120  -0.01106   0.07308  -15.65129;
 0.00194   1.12300   0.09623  -6.44941;
-0.05937  -0.11039   0.97507   19.36473;
 0.00000   0.00000   0.00000   1.00000;
reducing scale to 0.0625
iteration took 0 minutes and 7 seconds.
****************************************
Nine parameter search.  iteration 4 nscales = 2 ...
****************************************
Result so far: scale 0.062: max_log_p=-3.296, old_max_log_p =-3.307 (thresh=-3.3)
 1.05120  -0.01106   0.07308  -15.18254;
 0.00195   1.12563   0.09645  -7.21287;
-0.05958  -0.11077   0.97850   19.06195;
 0.00000   0.00000   0.00000   1.00000;
iteration took 0 minutes and 7 seconds.
****************************************
Nine parameter search.  iteration 5 nscales = 2 ...
****************************************
Result so far: scale 0.062: max_log_p=-3.295, old_max_log_p =-3.296 (thresh=-3.3)
 1.05120  -0.01106   0.07308  -15.18254;
 0.00195   1.12563   0.09645  -7.21287;
-0.05965  -0.11090   0.97964   18.96075;
 0.00000   0.00000   0.00000   1.00000;
min search scale 0.025000 reached
***********************************************
Computing MAP estimate using 2841 samples...
***********************************************
dt = 5.00e-06, momentum=0.80, tol=1.00e-05
l_intensity = 1.0000
Aligning input volume to GCA...
Transform matrix
 1.05120  -0.01106   0.07308  -15.18254;
 0.00195   1.12563   0.09645  -7.21287;
-0.05965  -0.11090   0.97964   18.96075;
 0.00000   0.00000   0.00000   1.00000;
nsamples 2841
Quasinewton: input matrix
 1.05120  -0.01106   0.07308  -15.18254;
 0.00195   1.12563   0.09645  -7.21287;
-0.05965  -0.11090   0.97964   18.96075;
 0.00000   0.00000   0.00000   1.00000;
 IFLAG= -1  LINE SEARCH FAILED. SEE DOCUMENTATION OF ROUTINE MCSRCH ERROR RETURN OF LINE SEARCH: INFO= 3 POSSIBLE CAUSES: FUNCTION OR GRADIENT ARE INCORRECT OR INCORRECT TOLERANCESoutof QuasiNewtonEMA: 008: -log(p) =   -0.0  tol 0.000010
Resulting transform:
 1.05120  -0.01106   0.07308  -15.18254;
 0.00195   1.12563   0.09645  -7.21287;
-0.05965  -0.11090   0.97964   18.96075;
 0.00000   0.00000   0.00000   1.00000;

pass 1, spacing 8: log(p) = -3.295 (old=-4.278)
transform before final EM align:
 1.05120  -0.01106   0.07308  -15.18254;
 0.00195   1.12563   0.09645  -7.21287;
-0.05965  -0.11090   0.97964   18.96075;
 0.00000   0.00000   0.00000   1.00000;

**************************************************
 EM alignment process ...
 Computing final MAP estimate using 315638 samples. 
**************************************************
dt = 5.00e-06, momentum=0.80, tol=1.00e-07
l_intensity = 1.0000
Aligning input volume to GCA...
Transform matrix
 1.05120  -0.01106   0.07308  -15.18254;
 0.00195   1.12563   0.09645  -7.21287;
-0.05965  -0.11090   0.97964   18.96075;
 0.00000   0.00000   0.00000   1.00000;
nsamples 315638
Quasinewton: input matrix
 1.05120  -0.01106   0.07308  -15.18254;
 0.00195   1.12563   0.09645  -7.21287;
-0.05965  -0.11090   0.97964   18.96075;
 0.00000   0.00000   0.00000   1.00000;
 IFLAG= -1  LINE SEARCH FAILED. SEE DOCUMENTATION OF ROUTINE MCSRCH ERROR RETURN OF LINE SEARCH: INFO= 3 POSSIBLE CAUSES: FUNCTION OR GRADIENT ARE INCORRECT OR INCORRECT TOLERANCESoutof QuasiNewtonEMA: 010: -log(p) =    3.8  tol 0.000000
final transform:
 1.05120  -0.01106   0.07308  -15.18254;
 0.00195   1.12563   0.09645  -7.21287;
-0.05965  -0.11090   0.97964   18.96075;
 0.00000   0.00000   0.00000   1.00000;

writing output transformation to transforms/talairach.lta...
#VMPC# mri_em_register VmPeak  891284
FSRUNTIME@ mri_em_register  0.0203 hours 16 threads
registration took 1 minutes and 13 seconds.

Started at Sun Mar 15 08:23:28 CET 2026 
Ended   at Sun Mar 15 08:24:42 CET 2026
#@#%# recon-all-run-time-hours 0.021
recon-all -s sub-v2s10x28955_ses-1 finished without error at Sun Mar 15 08:24:42 CET 2026



#New# invocation of recon-all 




Sun Mar 15 08:24:44 CET 2026
cd /out/sourcedata/freesurfer/sub-v2s10x28955_ses-1
setenv SUBJECTS_DIR /out/sourcedata/freesurfer
/opt/freesurfer/bin/recon-all -autorecon2-volonly -openmp 16 -subjid sub-v2s10x28955_ses-1 -sd /out/sourcedata/freesurfer -nogcareg

subjid sub-v2s10x28955_ses-1
setenv SUBJECTS_DIR /out/sourcedata/freesurfer
FREESURFER_HOME /opt/freesurfer
Actual FREESURFER_HOME /opt/freesurfer
build-stamp.txt: freesurfer-linux-ubuntu22_x86_64-7.3.2-20220804-6354275
Linux dna080 5.14.0-427.37.1.el9_4.x86_64 #1 SMP PREEMPT_DYNAMIC Fri Sep 13 12:41:50 EDT 2024 x86_64 x86_64 x86_64 GNU/Linux
cputime      unlimited
filesize     unlimited
datasize     unlimited
stacksize    8192 kbytes
coredumpsize 0 kbytes
memoryuse    67108864 kbytes
vmemoryuse   unlimited
descriptors  1024 
memorylocked unlimited
maxproc      2061970 
maxlocks     unlimited
maxsignal    2062029 
maxmessage   819200 
maxnice      0 
maxrtprio    0 
maxrttime    unlimited

               total        used        free      shared  buff/cache   available
Mem:           503Gi        49Gi       130Gi        21Gi       323Gi       429Gi
Swap:             0B          0B          0B

########################################
program versions used
7.3.2 (freesurfer-linux-ubuntu22_x86_64-7.3.2-20220804-6354275)
7.3.2

ProgramName: lta_convert  ProgramArguments: lta_convert -all-info  ProgramVersion: 7.3.2  TimeStamp: 2026/03/15-07:24:44-GMT  BuildTime: Aug  4 2022 06:17:15  BuildStamp: freesurfer-linux-ubuntu22_x86_64-7.3.2-20220804-6354275  User: oesteban  Machine: dna080  Platform: Linux  PlatformVersion: 5.14.0-427.37.1.el9_4.x86_64  CompilerName: GCC  CompilerVersion: 8.4.0
ProgramName: mri_and  ProgramArguments: mri_and -all-info  ProgramVersion: 7.3.2  TimeStamp: 2026/03/15-07:24:44-GMT  BuildTime: Aug  4 2022 06:17:15  BuildStamp: freesurfer-linux-ubuntu22_x86_64-7.3.2-20220804-6354275  User: oesteban  Machine: dna080  Platform: Linux  PlatformVersion: 5.14.0-427.37.1.el9_4.x86_64  CompilerName: GCC  CompilerVersion: 8.4.0
ProgramName: mri_annotation2label  ProgramArguments: mri_annotation2label -all-info  ProgramVersion: 7.3.2  TimeStamp: 2026/03/15-07:24:44-GMT  BuildTime: Aug  4 2022 06:17:15  BuildStamp: freesurfer-linux-ubuntu22_x86_64-7.3.2-20220804-6354275  User: oesteban  Machine: dna080  Platform: Linux  PlatformVersion: 5.14.0-427.37.1.el9_4.x86_64  CompilerName: GCC  CompilerVersion: 8.4.0
ProgramName: mri_aparc2aseg  ProgramArguments: mri_aparc2aseg -all-info  ProgramVersion: 7.3.2  TimeStamp: 2026/03/15-07:24:44-GMT  BuildTime: Aug  4 2022 06:17:15  BuildStamp: freesurfer-linux-ubuntu22_x86_64-7.3.2-20220804-6354275  User: oesteban  Machine: dna080  Platform: Linux  PlatformVersion: 5.14.0-427.37.1.el9_4.x86_64  CompilerName: GCC  CompilerVersion: 8.4.0
ProgramName: mri_surf2volseg  ProgramArguments: mri_surf2volseg -all-info  ProgramVersion: 7.3.2  TimeStamp: 2026/03/15-07:24:44-GMT  BuildTime: Aug  4 2022 06:17:15  BuildStamp: freesurfer-linux-ubuntu22_x86_64-7.3.2-20220804-6354275  User: oesteban  Machine: dna080  Platform: Linux  PlatformVersion: 5.14.0-427.37.1.el9_4.x86_64  CompilerName: GCC  CompilerVersion: 8.4.0
ProgramName: mri_binarize  ProgramArguments: mri_binarize -all-info  ProgramVersion: 7.3.2  TimeStamp: 2026/03/15-07:24:44-GMT  BuildTime: Aug  4 2022 06:17:15  BuildStamp: freesurfer-linux-ubuntu22_x86_64-7.3.2-20220804-6354275  User: oesteban  Machine: dna080  Platform: Linux  PlatformVersion: 5.14.0-427.37.1.el9_4.x86_64  CompilerName: GCC  CompilerVersion: 8.4.0
ProgramName: mri_ca_label  ProgramArguments: mri_ca_label -all-info  ProgramVersion: 7.3.2  TimeStamp: 2026/03/15-07:24:44-GMT  BuildTime: Aug  4 2022 06:17:15  BuildStamp: freesurfer-linux-ubuntu22_x86_64-7.3.2-20220804-6354275  User: oesteban  Machine: dna080  Platform: Linux  PlatformVersion: 5.14.0-427.37.1.el9_4.x86_64  CompilerName: GCC  CompilerVersion: 8.4.0
ProgramName: mri_ca_normalize  ProgramArguments: mri_ca_normalize -all-info  ProgramVersion: 7.3.2  TimeStamp: 2026/03/15-07:24:44-GMT  BuildTime: Aug  4 2022 06:17:15  BuildStamp: freesurfer-linux-ubuntu22_x86_64-7.3.2-20220804-6354275  User: oesteban  Machine: dna080  Platform: Linux  PlatformVersion: 5.14.0-427.37.1.el9_4.x86_64  CompilerName: GCC  CompilerVersion: 8.4.0
ProgramName: mri_ca_register  ProgramArguments: mri_ca_register -all-info  ProgramVersion: 7.3.2  TimeStamp: 2026/03/15-07:24:44-GMT  BuildTime: Aug  4 2022 06:17:15  BuildStamp: freesurfer-linux-ubuntu22_x86_64-7.3.2-20220804-6354275  User: oesteban  Machine: dna080  Platform: Linux  PlatformVersion: 5.14.0-427.37.1.el9_4.x86_64  CompilerName: GCC  CompilerVersion: 8.4.0
ProgramName: mri_cc  ProgramArguments: mri_cc -all-info  ProgramVersion: 7.3.2  TimeStamp: 2026/03/15-07:24:44-GMT  BuildTime: Aug  4 2022 06:17:15  BuildStamp: freesurfer-linux-ubuntu22_x86_64-7.3.2-20220804-6354275  User: oesteban  Machine: dna080  Platform: Linux  PlatformVersion: 5.14.0-427.37.1.el9_4.x86_64  CompilerName: GCC  CompilerVersion: 8.4.0
ProgramName: mri_compute_overlap  ProgramArguments: mri_compute_overlap -all-info  ProgramVersion: 7.3.2  TimeStamp: 2026/03/15-07:24:44-GMT  BuildTime: Aug  4 2022 06:17:15  BuildStamp: freesurfer-linux-ubuntu22_x86_64-7.3.2-20220804-6354275  User: oesteban  Machine: dna080  Platform: Linux  PlatformVersion: 5.14.0-427.37.1.el9_4.x86_64  CompilerName: GCC  CompilerVersion: 8.4.0
ProgramName: mri_compute_seg_overlap  ProgramArguments: mri_compute_seg_overlap -all-info  ProgramVersion: 7.3.2  TimeStamp: 2026/03/15-07:24:44-GMT  BuildTime: Aug  4 2022 06:17:15  BuildStamp: freesurfer-linux-ubuntu22_x86_64-7.3.2-20220804-6354275  User: oesteban  Machine: dna080  Platform: Linux  PlatformVersion: 5.14.0-427.37.1.el9_4.x86_64  CompilerName: GCC  CompilerVersion: 8.4.0
ProgramName: mri_concat  ProgramArguments: mri_concat -all-info  ProgramVersion: 7.3.2  TimeStamp: 2026/03/15-07:24:44-GMT  BuildTime: Aug  4 2022 06:17:15  BuildStamp: freesurfer-linux-ubuntu22_x86_64-7.3.2-20220804-6354275  User: oesteban  Machine: dna080  Platform: Linux  PlatformVersion: 5.14.0-427.37.1.el9_4.x86_64  CompilerName: GCC  CompilerVersion: 8.4.0
ProgramName: mri_concatenate_lta  ProgramArguments: mri_concatenate_lta -all-info  ProgramVersion: 7.3.2  TimeStamp: 2026/03/15-07:24:44-GMT  BuildTime: Aug  4 2022 06:17:15  BuildStamp: freesurfer-linux-ubuntu22_x86_64-7.3.2-20220804-6354275  User: oesteban  Machine: dna080  Platform: Linux  PlatformVersion: 5.14.0-427.37.1.el9_4.x86_64  CompilerName: GCC  CompilerVersion: 8.4.0
mri_convert -all-info 
ProgramName: mri_convert  ProgramArguments: mri_convert -all-info  ProgramVersion: 7.3.2  TimeStamp: 2026/03/15-07:24:44-GMT  BuildTime: Aug  4 2022 06:17:15  BuildStamp: freesurfer-linux-ubuntu22_x86_64-7.3.2-20220804-6354275  User: oesteban  Machine: dna080  Platform: Linux  PlatformVersion: 5.14.0-427.37.1.el9_4.x86_64  CompilerName: GCC  CompilerVersion: 8.4.0
ProgramName: mri_diff  ProgramArguments: mri_diff -all-info  ProgramVersion: 7.3.2  TimeStamp: 2026/03/15-07:24:44-GMT  BuildTime: Aug  4 2022 06:17:15  BuildStamp: freesurfer-linux-ubuntu22_x86_64-7.3.2-20220804-6354275  User: oesteban  Machine: dna080  Platform: Linux  PlatformVersion: 5.14.0-427.37.1.el9_4.x86_64  CompilerName: GCC  CompilerVersion: 8.4.0
ProgramName: mri_edit_wm_with_aseg  ProgramArguments: mri_edit_wm_with_aseg -all-info  ProgramVersion: 7.3.2  TimeStamp: 2026/03/15-07:24:44-GMT  BuildTime: Aug  4 2022 06:17:15  BuildStamp: freesurfer-linux-ubuntu22_x86_64-7.3.2-20220804-6354275  User: oesteban  Machine: dna080  Platform: Linux  PlatformVersion: 5.14.0-427.37.1.el9_4.x86_64  CompilerName: GCC  CompilerVersion: 8.4.0
ProgramName: mri_em_register  ProgramArguments: mri_em_register -all-info  ProgramVersion: 7.3.2  TimeStamp: 2026/03/15-07:24:44-GMT  BuildTime: Aug  4 2022 06:17:15  BuildStamp: freesurfer-linux-ubuntu22_x86_64-7.3.2-20220804-6354275  User: oesteban  Machine: dna080  Platform: Linux  PlatformVersion: 5.14.0-427.37.1.el9_4.x86_64  CompilerName: GCC  CompilerVersion: 8.4.0
ProgramName: mri_fill  ProgramArguments: mri_fill -all-info  ProgramVersion: 7.3.2  TimeStamp: 2026/03/15-07:24:44-GMT  BuildTime: Aug  4 2022 06:17:15  BuildStamp: freesurfer-linux-ubuntu22_x86_64-7.3.2-20220804-6354275  User: oesteban  Machine: dna080  Platform: Linux  PlatformVersion: 5.14.0-427.37.1.el9_4.x86_64  CompilerName: GCC  CompilerVersion: 8.4.0
ProgramName: mri_fuse_segmentations  ProgramArguments: mri_fuse_segmentations -all-info  ProgramVersion: 7.3.2  TimeStamp: 2026/03/15-07:24:44-GMT  BuildTime: Aug  4 2022 06:17:15  BuildStamp: freesurfer-linux-ubuntu22_x86_64-7.3.2-20220804-6354275  User: oesteban  Machine: dna080  Platform: Linux  PlatformVersion: 5.14.0-427.37.1.el9_4.x86_64  CompilerName: GCC  CompilerVersion: 8.4.0
ProgramName: mri_fwhm  ProgramArguments: mri_fwhm -all-info  ProgramVersion: 7.3.2  TimeStamp: 2026/03/15-07:24:44-GMT  BuildTime: Aug  4 2022 06:17:15  BuildStamp: freesurfer-linux-ubuntu22_x86_64-7.3.2-20220804-6354275  User: oesteban  Machine: dna080  Platform: Linux  PlatformVersion: 5.14.0-427.37.1.el9_4.x86_64  CompilerName: GCC  CompilerVersion: 8.4.0
ProgramName: mri_gcut  ProgramArguments: mri_gcut -all-info  ProgramVersion: 7.3.2  TimeStamp: 2026/03/15-07:24:44-GMT  BuildTime: Aug  4 2022 06:17:15  BuildStamp: freesurfer-linux-ubuntu22_x86_64-7.3.2-20220804-6354275  User: oesteban  Machine: dna080  Platform: Linux  PlatformVersion: 5.14.0-427.37.1.el9_4.x86_64  CompilerName: GCC  CompilerVersion: 8.4.0
ProgramName: mri_info  ProgramArguments: mri_info -all-info  ProgramVersion: 7.3.2  TimeStamp: 2026/03/15-07:24:44-GMT  BuildTime: Aug  4 2022 06:17:15  BuildStamp: freesurfer-linux-ubuntu22_x86_64-7.3.2-20220804-6354275  User: oesteban  Machine: dna080  Platform: Linux  PlatformVersion: 5.14.0-427.37.1.el9_4.x86_64  CompilerName: GCC  CompilerVersion: 8.4.0
ProgramName: mri_label2label  ProgramArguments: mri_label2label -all-info  ProgramVersion: 7.3.2  TimeStamp: 2026/03/15-07:24:44-GMT  BuildTime: Aug  4 2022 06:17:15  BuildStamp: freesurfer-linux-ubuntu22_x86_64-7.3.2-20220804-6354275  User: oesteban  Machine: dna080  Platform: Linux  PlatformVersion: 5.14.0-427.37.1.el9_4.x86_64  CompilerName: GCC  CompilerVersion: 8.4.0
ProgramName: mri_label2vol  ProgramArguments: mri_label2vol -all-info  ProgramVersion: 7.3.2  TimeStamp: 2026/03/15-07:24:44-GMT  BuildTime: Aug  4 2022 06:17:15  BuildStamp: freesurfer-linux-ubuntu22_x86_64-7.3.2-20220804-6354275  User: oesteban  Machine: dna080  Platform: Linux  PlatformVersion: 5.14.0-427.37.1.el9_4.x86_64  CompilerName: GCC  CompilerVersion: 8.4.0
ProgramName: mri_log_likelihood  ProgramArguments: mri_log_likelihood -all-info  ProgramVersion: 7.3.2  TimeStamp: 2026/03/15-07:24:44-GMT  BuildTime: Aug  4 2022 06:17:15  BuildStamp: freesurfer-linux-ubuntu22_x86_64-7.3.2-20220804-6354275  User: oesteban  Machine: dna080  Platform: Linux  PlatformVersion: 5.14.0-427.37.1.el9_4.x86_64  CompilerName: GCC  CompilerVersion: 8.4.0
ProgramName: mri_mask  ProgramArguments: mri_mask -all-info  ProgramVersion: 7.3.2  TimeStamp: 2026/03/15-07:24:44-GMT  BuildTime: Aug  4 2022 06:17:15  BuildStamp: freesurfer-linux-ubuntu22_x86_64-7.3.2-20220804-6354275  User: oesteban  Machine: dna080  Platform: Linux  PlatformVersion: 5.14.0-427.37.1.el9_4.x86_64  CompilerName: GCC  CompilerVersion: 8.4.0
ProgramName: mri_matrix_multiply  ProgramArguments: mri_matrix_multiply -all-info  ProgramVersion: 7.3.2  TimeStamp: 2026/03/15-07:24:44-GMT  BuildTime: Aug  4 2022 06:17:15  BuildStamp: freesurfer-linux-ubuntu22_x86_64-7.3.2-20220804-6354275  User: oesteban  Machine: dna080  Platform: Linux  PlatformVersion: 5.14.0-427.37.1.el9_4.x86_64  CompilerName: GCC  CompilerVersion: 8.4.0
ProgramName: mri_normalize  ProgramArguments: mri_normalize -all-info  ProgramVersion: 7.3.2  TimeStamp: 2026/03/15-07:24:44-GMT  BuildTime: Aug  4 2022 06:17:15  BuildStamp: freesurfer-linux-ubuntu22_x86_64-7.3.2-20220804-6354275  User: oesteban  Machine: dna080  Platform: Linux  PlatformVersion: 5.14.0-427.37.1.el9_4.x86_64  CompilerName: GCC  CompilerVersion: 8.4.0
ProgramName: mri_normalize_tp2  ProgramArguments: mri_normalize_tp2 -all-info  ProgramVersion: 7.3.2  TimeStamp: 2026/03/15-07:24:44-GMT  BuildTime: Aug  4 2022 06:17:15  BuildStamp: freesurfer-linux-ubuntu22_x86_64-7.3.2-20220804-6354275  User: oesteban  Machine: dna080  Platform: Linux  PlatformVersion: 5.14.0-427.37.1.el9_4.x86_64  CompilerName: GCC  CompilerVersion: 8.4.0
ProgramName: mri_or  ProgramArguments: mri_or -all-info  ProgramVersion: 7.3.2  TimeStamp: 2026/03/15-07:24:44-GMT  BuildTime: Aug  4 2022 06:17:15  BuildStamp: freesurfer-linux-ubuntu22_x86_64-7.3.2-20220804-6354275  User: oesteban  Machine: dna080  Platform: Linux  PlatformVersion: 5.14.0-427.37.1.el9_4.x86_64  CompilerName: GCC  CompilerVersion: 8.4.0
ProgramName: mri_relabel_hypointensities  ProgramArguments: mri_relabel_hypointensities -all-info  ProgramVersion: 7.3.2  TimeStamp: 2026/03/15-07:24:44-GMT  BuildTime: Aug  4 2022 06:17:15  BuildStamp: freesurfer-linux-ubuntu22_x86_64-7.3.2-20220804-6354275  User: oesteban  Machine: dna080  Platform: Linux  PlatformVersion: 5.14.0-427.37.1.el9_4.x86_64  CompilerName: GCC  CompilerVersion: 8.4.0
ProgramName: mri_relabel_nonwm_hypos  ProgramArguments: mri_relabel_nonwm_hypos -all-info  ProgramVersion: 7.3.2  TimeStamp: 2026/03/15-07:24:44-GMT  BuildTime: Aug  4 2022 06:17:15  BuildStamp: freesurfer-linux-ubuntu22_x86_64-7.3.2-20220804-6354275  User: oesteban  Machine: dna080  Platform: Linux  PlatformVersion: 5.14.0-427.37.1.el9_4.x86_64  CompilerName: GCC  CompilerVersion: 8.4.0
ProgramName: mri_remove_neck  ProgramArguments: mri_remove_neck -all-info  ProgramVersion: 7.3.2  TimeStamp: 2026/03/15-07:24:44-GMT  BuildTime: Aug  4 2022 06:17:15  BuildStamp: freesurfer-linux-ubuntu22_x86_64-7.3.2-20220804-6354275  User: oesteban  Machine: dna080  Platform: Linux  PlatformVersion: 5.14.0-427.37.1.el9_4.x86_64  CompilerName: GCC  CompilerVersion: 8.4.0
7.3.2

ProgramName: mri_robust_register  ProgramArguments: mri_robust_register -all-info  ProgramVersion: 7.3.2  TimeStamp: 2026/03/15-07:24:44-GMT  BuildTime: Aug  4 2022 06:17:15  BuildStamp: freesurfer-linux-ubuntu22_x86_64-7.3.2-20220804-6354275  User: oesteban  Machine: dna080  Platform: Linux  PlatformVersion: 5.14.0-427.37.1.el9_4.x86_64  CompilerName: GCC  CompilerVersion: 8.4.0
7.3.2

ProgramName: mri_robust_template  ProgramArguments: mri_robust_template -all-info  ProgramVersion: 7.3.2  TimeStamp: 2026/03/15-07:24:44-GMT  BuildTime: Aug  4 2022 06:17:15  BuildStamp: freesurfer-linux-ubuntu22_x86_64-7.3.2-20220804-6354275  User: oesteban  Machine: dna080  Platform: Linux  PlatformVersion: 5.14.0-427.37.1.el9_4.x86_64  CompilerName: GCC  CompilerVersion: 8.4.0
ProgramName: mris_anatomical_stats  ProgramArguments: mris_anatomical_stats -all-info  ProgramVersion: 7.3.2  TimeStamp: 2026/03/15-07:24:44-GMT  BuildTime: Aug  4 2022 06:17:15  BuildStamp: freesurfer-linux-ubuntu22_x86_64-7.3.2-20220804-6354275  User: oesteban  Machine: dna080  Platform: Linux  PlatformVersion: 5.14.0-427.37.1.el9_4.x86_64  CompilerName: GCC  CompilerVersion: 8.4.0
ProgramName: mris_ca_label  ProgramArguments: mris_ca_label -all-info  ProgramVersion: 7.3.2  TimeStamp: 2026/03/15-07:24:44-GMT  BuildTime: Aug  4 2022 06:17:15  BuildStamp: freesurfer-linux-ubuntu22_x86_64-7.3.2-20220804-6354275  User: oesteban  Machine: dna080  Platform: Linux  PlatformVersion: 5.14.0-427.37.1.el9_4.x86_64  CompilerName: GCC  CompilerVersion: 8.4.0
ProgramName: mris_calc  ProgramArguments: mris_calc -all-info  ProgramVersion: 7.3.2  TimeStamp: 2026/03/15-07:24:44-GMT  BuildTime: Aug  4 2022 06:17:15  BuildStamp: freesurfer-linux-ubuntu22_x86_64-7.3.2-20220804-6354275  User: oesteban  Machine: dna080  Platform: Linux  PlatformVersion: 5.14.0-427.37.1.el9_4.x86_64  CompilerName: GCC  CompilerVersion: 8.4.0
ProgramName: mris_convert  ProgramArguments: mris_convert -all-info  ProgramVersion: 7.3.2  TimeStamp: 2026/03/15-07:24:44-GMT  BuildTime: Aug  4 2022 06:17:15  BuildStamp: freesurfer-linux-ubuntu22_x86_64-7.3.2-20220804-6354275  User: oesteban  Machine: dna080  Platform: Linux  PlatformVersion: 5.14.0-427.37.1.el9_4.x86_64  CompilerName: GCC  CompilerVersion: 8.4.0
ProgramName: mris_curvature  ProgramArguments: mris_curvature -all-info  ProgramVersion: 7.3.2  TimeStamp: 2026/03/15-07:24:44-GMT  BuildTime: Aug  4 2022 06:17:15  BuildStamp: freesurfer-linux-ubuntu22_x86_64-7.3.2-20220804-6354275  User: oesteban  Machine: dna080  Platform: Linux  PlatformVersion: 5.14.0-427.37.1.el9_4.x86_64  CompilerName: GCC  CompilerVersion: 8.4.0
ProgramName: mris_curvature_stats  ProgramArguments: mris_curvature_stats -all-info  ProgramVersion: 7.3.2  TimeStamp: 2026/03/15-07:24:45-GMT  BuildTime: Aug  4 2022 06:17:15  BuildStamp: freesurfer-linux-ubuntu22_x86_64-7.3.2-20220804-6354275  User: oesteban  Machine: dna080  Platform: Linux  PlatformVersion: 5.14.0-427.37.1.el9_4.x86_64  CompilerName: GCC  CompilerVersion: 8.4.0
ProgramName: mris_diff  ProgramArguments: mris_diff -all-info  ProgramVersion: 7.3.2  TimeStamp: 2026/03/15-07:24:45-GMT  BuildTime: Aug  4 2022 06:17:15  BuildStamp: freesurfer-linux-ubuntu22_x86_64-7.3.2-20220804-6354275  User: oesteban  Machine: dna080  Platform: Linux  PlatformVersion: 5.14.0-427.37.1.el9_4.x86_64  CompilerName: GCC  CompilerVersion: 8.4.0
ProgramName: mris_divide_parcellation  ProgramArguments: mris_divide_parcellation -all-info  ProgramVersion: 7.3.2  TimeStamp: 2026/03/15-07:24:45-GMT  BuildTime: Aug  4 2022 06:17:15  BuildStamp: freesurfer-linux-ubuntu22_x86_64-7.3.2-20220804-6354275  User: oesteban  Machine: dna080  Platform: Linux  PlatformVersion: 5.14.0-427.37.1.el9_4.x86_64  CompilerName: GCC  CompilerVersion: 8.4.0
ProgramName: mri_segment  ProgramArguments: mri_segment -all-info  ProgramVersion: 7.3.2  TimeStamp: 2026/03/15-07:24:45-GMT  BuildTime: Aug  4 2022 06:17:15  BuildStamp: freesurfer-linux-ubuntu22_x86_64-7.3.2-20220804-6354275  User: oesteban  Machine: dna080  Platform: Linux  PlatformVersion: 5.14.0-427.37.1.el9_4.x86_64  CompilerName: GCC  CompilerVersion: 8.4.0
ProgramName: mri_segstats  ProgramArguments: mri_segstats -all-info  ProgramVersion: 7.3.2  TimeStamp: 2026/03/15-07:24:45-GMT  BuildTime: Aug  4 2022 06:17:15  BuildStamp: freesurfer-linux-ubuntu22_x86_64-7.3.2-20220804-6354275  User: oesteban  Machine: dna080  Platform: Linux  PlatformVersion: 5.14.0-427.37.1.el9_4.x86_64  CompilerName: GCC  CompilerVersion: 8.4.0
ProgramName: mris_euler_number  ProgramArguments: mris_euler_number -all-info  ProgramVersion: 7.3.2  TimeStamp: 2026/03/15-07:24:45-GMT  BuildTime: Aug  4 2022 06:17:15  BuildStamp: freesurfer-linux-ubuntu22_x86_64-7.3.2-20220804-6354275  User: oesteban  Machine: dna080  Platform: Linux  PlatformVersion: 5.14.0-427.37.1.el9_4.x86_64  CompilerName: GCC  CompilerVersion: 8.4.0
ProgramName: mris_fix_topology  ProgramArguments: mris_fix_topology -all-info  ProgramVersion: 7.3.2  TimeStamp: 2026/03/15-07:24:45-GMT  BuildTime: Aug  4 2022 06:17:15  BuildStamp: freesurfer-linux-ubuntu22_x86_64-7.3.2-20220804-6354275  User: oesteban  Machine: dna080  Platform: Linux  PlatformVersion: 5.14.0-427.37.1.el9_4.x86_64  CompilerName: GCC  CompilerVersion: 8.4.0
ProgramName: mris_topo_fixer  ProgramArguments: mris_topo_fixer -all-info  ProgramVersion: 7.3.2  TimeStamp: 2026/03/15-07:24:45-GMT  BuildTime: Aug  4 2022 06:17:15  BuildStamp: freesurfer-linux-ubuntu22_x86_64-7.3.2-20220804-6354275  User: oesteban  Machine: dna080  Platform: Linux  PlatformVersion: 5.14.0-427.37.1.el9_4.x86_64  CompilerName: GCC  CompilerVersion: 8.4.0
ProgramName: mris_jacobian  ProgramArguments: mris_jacobian -all-info  ProgramVersion: 7.3.2  TimeStamp: 2026/03/15-07:24:45-GMT  BuildTime: Aug  4 2022 06:17:15  BuildStamp: freesurfer-linux-ubuntu22_x86_64-7.3.2-20220804-6354275  User: oesteban  Machine: dna080  Platform: Linux  PlatformVersion: 5.14.0-427.37.1.el9_4.x86_64  CompilerName: GCC  CompilerVersion: 8.4.0
ProgramName: mris_label2annot  ProgramArguments: mris_label2annot -all-info  ProgramVersion: 7.3.2  TimeStamp: 2026/03/15-07:24:45-GMT  BuildTime: Aug  4 2022 06:17:15  BuildStamp: freesurfer-linux-ubuntu22_x86_64-7.3.2-20220804-6354275  User: oesteban  Machine: dna080  Platform: Linux  PlatformVersion: 5.14.0-427.37.1.el9_4.x86_64  CompilerName: GCC  CompilerVersion: 8.4.0
ProgramName: mris_left_right_register  ProgramArguments: mris_left_right_register -all-info  ProgramVersion: 7.3.2  TimeStamp: 2026/03/15-07:24:45-GMT  BuildTime: Aug  4 2022 06:17:15  BuildStamp: freesurfer-linux-ubuntu22_x86_64-7.3.2-20220804-6354275  User: oesteban  Machine: dna080  Platform: Linux  PlatformVersion: 5.14.0-427.37.1.el9_4.x86_64  CompilerName: GCC  CompilerVersion: 8.4.0
ProgramName: mris_place_surface  ProgramArguments: mris_place_surface -all-info  ProgramVersion: 7.3.2  TimeStamp: 2026/03/15-07:24:45-GMT  BuildTime: Aug  4 2022 06:17:15  BuildStamp: freesurfer-linux-ubuntu22_x86_64-7.3.2-20220804-6354275  User: oesteban  Machine: dna080  Platform: Linux  PlatformVersion: 5.14.0-427.37.1.el9_4.x86_64  CompilerName: GCC  CompilerVersion: 8.4.0
ProgramName: mrisp_paint  ProgramArguments: mrisp_paint -all-info  ProgramVersion: 7.3.2  TimeStamp: 2026/03/15-07:24:45-GMT  BuildTime: Aug  4 2022 06:17:15  BuildStamp: freesurfer-linux-ubuntu22_x86_64-7.3.2-20220804-6354275  User: oesteban  Machine: dna080  Platform: Linux  PlatformVersion: 5.14.0-427.37.1.el9_4.x86_64  CompilerName: GCC  CompilerVersion: 8.4.0
ProgramName: mris_register  ProgramArguments: mris_register -all-info  ProgramVersion: 7.3.2  TimeStamp: 2026/03/15-07:24:45-GMT  BuildTime: Aug  4 2022 06:17:15  BuildStamp: freesurfer-linux-ubuntu22_x86_64-7.3.2-20220804-6354275  User: oesteban  Machine: dna080  Platform: Linux  PlatformVersion: 5.14.0-427.37.1.el9_4.x86_64  CompilerName: GCC  CompilerVersion: 8.4.0
ProgramName: mris_smooth  ProgramArguments: mris_smooth -all-info  ProgramVersion: 7.3.2  TimeStamp: 2026/03/15-07:24:45-GMT  BuildTime: Aug  4 2022 06:17:15  BuildStamp: freesurfer-linux-ubuntu22_x86_64-7.3.2-20220804-6354275  User: oesteban  Machine: dna080  Platform: Linux  PlatformVersion: 5.14.0-427.37.1.el9_4.x86_64  CompilerName: GCC  CompilerVersion: 8.4.0
ProgramName: mris_sphere  ProgramArguments: mris_sphere -all-info  ProgramVersion: 7.3.2  TimeStamp: 2026/03/15-07:24:45-GMT  BuildTime: Aug  4 2022 06:17:15  BuildStamp: freesurfer-linux-ubuntu22_x86_64-7.3.2-20220804-6354275  User: oesteban  Machine: dna080  Platform: Linux  PlatformVersion: 5.14.0-427.37.1.el9_4.x86_64  CompilerName: GCC  CompilerVersion: 8.4.0
ProgramName: mris_surface_stats  ProgramArguments: mris_surface_stats -all-info  ProgramVersion: 7.3.2  TimeStamp: 2026/03/15-07:24:45-GMT  BuildTime: Aug  4 2022 06:17:15  BuildStamp: freesurfer-linux-ubuntu22_x86_64-7.3.2-20220804-6354275  User: oesteban  Machine: dna080  Platform: Linux  PlatformVersion: 5.14.0-427.37.1.el9_4.x86_64  CompilerName: GCC  CompilerVersion: 8.4.0
ProgramName: mri_stats2seg  ProgramArguments: mri_stats2seg -all-info  ProgramVersion: 7.3.2  TimeStamp: 2026/03/15-07:24:45-GMT  BuildTime: Aug  4 2022 06:17:15  BuildStamp: freesurfer-linux-ubuntu22_x86_64-7.3.2-20220804-6354275  User: oesteban  Machine: dna080  Platform: Linux  PlatformVersion: 5.14.0-427.37.1.el9_4.x86_64  CompilerName: GCC  CompilerVersion: 8.4.0
ProgramName: mris_thickness  ProgramArguments: mris_thickness -all-info  ProgramVersion: 7.3.2  TimeStamp: 2026/03/15-07:24:45-GMT  BuildTime: Aug  4 2022 06:17:15  BuildStamp: freesurfer-linux-ubuntu22_x86_64-7.3.2-20220804-6354275  User: oesteban  Machine: dna080  Platform: Linux  PlatformVersion: 5.14.0-427.37.1.el9_4.x86_64  CompilerName: GCC  CompilerVersion: 8.4.0
ProgramName: mris_thickness_diff  ProgramArguments: mris_thickness_diff -all-info  ProgramVersion: 7.3.2  TimeStamp: 2026/03/15-07:24:45-GMT  BuildTime: Aug  4 2022 06:17:15  BuildStamp: freesurfer-linux-ubuntu22_x86_64-7.3.2-20220804-6354275  User: oesteban  Machine: dna080  Platform: Linux  PlatformVersion: 5.14.0-427.37.1.el9_4.x86_64  CompilerName: GCC  CompilerVersion: 8.4.0
ProgramName: mris_topo_fixer  ProgramArguments: mris_topo_fixer -all-info  ProgramVersion: 7.3.2  TimeStamp: 2026/03/15-07:24:45-GMT  BuildTime: Aug  4 2022 06:17:15  BuildStamp: freesurfer-linux-ubuntu22_x86_64-7.3.2-20220804-6354275  User: oesteban  Machine: dna080  Platform: Linux  PlatformVersion: 5.14.0-427.37.1.el9_4.x86_64  CompilerName: GCC  CompilerVersion: 8.4.0
ProgramName: mri_surf2surf  ProgramArguments: mri_surf2surf -all-info  ProgramVersion: 7.3.2  TimeStamp: 2026/03/15-07:24:45-GMT  BuildTime: Aug  4 2022 06:17:15  BuildStamp: freesurfer-linux-ubuntu22_x86_64-7.3.2-20220804-6354275  User: oesteban  Machine: dna080  Platform: Linux  PlatformVersion: 5.14.0-427.37.1.el9_4.x86_64  CompilerName: GCC  CompilerVersion: 8.4.0
ProgramName: mri_surf2vol  ProgramArguments: mri_surf2vol -all-info  ProgramVersion: 7.3.2  TimeStamp: 2026/03/15-07:24:45-GMT  BuildTime: Aug  4 2022 06:17:15  BuildStamp: freesurfer-linux-ubuntu22_x86_64-7.3.2-20220804-6354275  User: oesteban  Machine: dna080  Platform: Linux  PlatformVersion: 5.14.0-427.37.1.el9_4.x86_64  CompilerName: GCC  CompilerVersion: 8.4.0
ProgramName: mri_surfcluster  ProgramArguments: mri_surfcluster -all-info  ProgramVersion: 7.3.2  TimeStamp: 2026/03/15-07:24:45-GMT  BuildTime: Aug  4 2022 06:17:15  BuildStamp: freesurfer-linux-ubuntu22_x86_64-7.3.2-20220804-6354275  User: oesteban  Machine: dna080  Platform: Linux  PlatformVersion: 5.14.0-427.37.1.el9_4.x86_64  CompilerName: GCC  CompilerVersion: 8.4.0
ProgramName: mris_volmask  ProgramArguments: mris_volmask -all-info  ProgramVersion: 7.3.2  TimeStamp: 2026/03/15-07:24:45-GMT  BuildTime: Aug  4 2022 06:17:15  BuildStamp: freesurfer-linux-ubuntu22_x86_64-7.3.2-20220804-6354275  User: oesteban  Machine: dna080  Platform: Linux  PlatformVersion: 5.14.0-427.37.1.el9_4.x86_64  CompilerName: GCC  CompilerVersion: 8.4.0
ProgramName: mri_tessellate  ProgramArguments: mri_tessellate -all-info  ProgramVersion: 7.3.2  TimeStamp: 2026/03/15-07:24:45-GMT  BuildTime: Aug  4 2022 06:17:15  BuildStamp: freesurfer-linux-ubuntu22_x86_64-7.3.2-20220804-6354275  User: oesteban  Machine: dna080  Platform: Linux  PlatformVersion: 5.14.0-427.37.1.el9_4.x86_64  CompilerName: GCC  CompilerVersion: 8.4.0
ProgramName: mri_vol2surf  ProgramArguments: mri_vol2surf -all-info  ProgramVersion: 7.3.2  TimeStamp: 2026/03/15-07:24:45-GMT  BuildTime: Aug  4 2022 06:17:15  BuildStamp: freesurfer-linux-ubuntu22_x86_64-7.3.2-20220804-6354275  User: oesteban  Machine: dna080  Platform: Linux  PlatformVersion: 5.14.0-427.37.1.el9_4.x86_64  CompilerName: GCC  CompilerVersion: 8.4.0
ProgramName: mri_vol2vol  ProgramArguments: mri_vol2vol -all-info  ProgramVersion: 7.3.2  TimeStamp: 2026/03/15-07:24:45-GMT  BuildTime: Aug  4 2022 06:17:15  BuildStamp: freesurfer-linux-ubuntu22_x86_64-7.3.2-20220804-6354275  User: oesteban  Machine: dna080  Platform: Linux  PlatformVersion: 5.14.0-427.37.1.el9_4.x86_64  CompilerName: GCC  CompilerVersion: 8.4.0
ProgramName: mri_voldiff  ProgramArguments: mri_voldiff -all-info  ProgramVersion: 7.3.2  TimeStamp: 2026/03/15-07:24:45-GMT  BuildTime: Aug  4 2022 06:17:15  BuildStamp: freesurfer-linux-ubuntu22_x86_64-7.3.2-20220804-6354275  User: oesteban  Machine: dna080  Platform: Linux  PlatformVersion: 5.14.0-427.37.1.el9_4.x86_64  CompilerName: GCC  CompilerVersion: 8.4.0
ProgramName: mri_watershed  ProgramArguments: mri_watershed -all-info  ProgramVersion: 7.3.2  TimeStamp: 2026/03/15-07:24:45-GMT  BuildTime: Aug  4 2022 06:17:15  BuildStamp: freesurfer-linux-ubuntu22_x86_64-7.3.2-20220804-6354275  User: oesteban  Machine: dna080  Platform: Linux  PlatformVersion: 5.14.0-427.37.1.el9_4.x86_64  CompilerName: GCC  CompilerVersion: 8.4.0
ProgramName: tkregister2  ProgramArguments: tkregister2_cmdl -all-info  ProgramVersion: 7.3.2  TimeStamp: 2026/03/15-07:24:45-GMT  BuildTime: Aug  4 2022 06:17:15  BuildStamp: freesurfer-linux-ubuntu22_x86_64-7.3.2-20220804-6354275  User: oesteban  Machine: dna080  Platform: Linux  PlatformVersion: 5.14.0-427.37.1.el9_4.x86_64  CompilerName: GCC  CompilerVersion: 8.4.0
mri_motion_correct.fsl 7.3.2
mri_convert -all-info 
ProgramName: mri_convert  ProgramArguments: mri_convert -all-info  ProgramVersion: 7.3.2  TimeStamp: 2026/03/15-07:24:45-GMT  BuildTime: Aug  4 2022 06:17:15  BuildStamp: freesurfer-linux-ubuntu22_x86_64-7.3.2-20220804-6354275  User: oesteban  Machine: dna080  Platform: Linux  PlatformVersion: 5.14.0-427.37.1.el9_4.x86_64  CompilerName: GCC  CompilerVersion: 8.4.0
Program nu_correct, built from:
Package MNI N3, version 1.12.0, compiled by nicks@terrier (x86_64-unknown-linux-gnu) on 2015-06-19 at 01:25:34
#######################################
GCADIR /opt/freesurfer/average
GCA RB_all_2020-01-02.gca
GCASkull RB_all_withskull_2020_01_02.gca
AvgCurvTif folding.atlas.acfb40.noaparc.i12.2016-08-02.tif
GCSDIR /opt/freesurfer/average
GCS DKaparc.atlas.acfb40.noaparc.i12.2016-08-02.gcs
#######################################
#--------------------------------------
#@# CA Normalize Sun Mar 15 08:24:45 CET 2026
/out/sourcedata/freesurfer/sub-v2s10x28955_ses-1/mri

 mri_ca_normalize -c ctrl_pts.mgz -mask brainmask.mgz nu.mgz /opt/freesurfer/average/RB_all_2020-01-02.gca transforms/talairach.lta norm.mgz 

writing control point volume to ctrl_pts.mgz
using MR volume brainmask.mgz to mask input volume...
reading 1 input volume
reading atlas from '/opt/freesurfer/average/RB_all_2020-01-02.gca'...
reading transform from 'transforms/talairach.lta'...
reading input volume from nu.mgz...
resetting wm mean[0]: 98 --> 107
resetting gm mean[0]: 61 --> 61
input volume #1 is the most T1-like
using real data threshold=28.0
skull bounding box = (57, 44, 27) --> (198, 168, 193)
finding center of left hemi white matter
using (104, 85, 110) as brain centroid of Right_Cerebral_White_Matter...
mean wm in atlas = 107, using box (87,70,90) --> (121, 100,130) to find MRI wm
before smoothing, mri peak at 109
robust fit to distribution - 108 +- 3.9
after smoothing, mri peak at 109, scaling input intensities by 0.982
scaling channel 0 by 0.981651
using 246437 sample points...
INFO: compute sample coordinates transform
 1.05120  -0.01106   0.07308  -15.18254;
 0.00195   1.12563   0.09645  -7.21287;
-0.05965  -0.11090   0.97964   18.96075;
 0.00000   0.00000   0.00000   1.00000;
INFO: transform used
finding control points in Left_Cerebral_White_Matter....
found 40230 control points for structure...
bounding box (126, 43, 29) --> (192, 146, 199)
Left_Cerebral_White_Matter: limiting intensities to 94.0 --> 125.0
13 of 7764 (0.2%) samples deleted
finding control points in Right_Cerebral_White_Matter....
found 39478 control points for structure...
bounding box (67, 45, 27) --> (130, 148, 198)
Right_Cerebral_White_Matter: limiting intensities to 92.0 --> 125.0
37 of 7551 (0.5%) samples deleted
finding control points in Left_Cerebellum_White_Matter....
found 3105 control points for structure...
bounding box (132, 118, 55) --> (178, 159, 110)
Left_Cerebellum_White_Matter: limiting intensities to 95.0 --> 125.0
0 of 624 (0.0%) samples deleted
finding control points in Right_Cerebellum_White_Matter....
found 2710 control points for structure...
bounding box (88, 118, 50) --> (131, 159, 109)
Right_Cerebellum_White_Matter: limiting intensities to 93.0 --> 125.0
0 of 608 (0.0%) samples deleted
finding control points in Brain_Stem....
found 3475 control points for structure...
bounding box (113, 113, 90) --> (145, 174, 121)
Brain_Stem: limiting intensities to 88.0 --> 125.0
4 of 1110 (0.4%) samples deleted
using 17657 total control points for intensity normalization...
bias field = 0.973 +- 0.080
13 of 17603 control points discarded
finding control points in Left_Cerebral_White_Matter....
found 40230 control points for structure...
bounding box (126, 43, 29) --> (192, 146, 199)
Left_Cerebral_White_Matter: limiting intensities to 91.0 --> 119.0
11 of 7780 (0.1%) samples deleted
finding control points in Right_Cerebral_White_Matter....
found 39478 control points for structure...
bounding box (67, 45, 27) --> (130, 148, 198)
Right_Cerebral_White_Matter: limiting intensities to 88.0 --> 119.0
33 of 7589 (0.4%) samples deleted
finding control points in Left_Cerebellum_White_Matter....
found 3105 control points for structure...
bounding box (132, 118, 55) --> (178, 159, 110)
Left_Cerebellum_White_Matter: limiting intensities to 88.0 --> 119.0
8 of 682 (1.2%) samples deleted
finding control points in Right_Cerebellum_White_Matter....
found 2710 control points for structure...
bounding box (88, 118, 50) --> (131, 159, 109)
Right_Cerebellum_White_Matter: limiting intensities to 88.0 --> 119.0
53 of 626 (8.5%) samples deleted
finding control points in Brain_Stem....
found 3475 control points for structure...
bounding box (113, 113, 90) --> (145, 174, 121)
Brain_Stem: limiting intensities to 88.0 --> 119.0
180 of 1164 (15.5%) samples deleted
using 17841 total control points for intensity normalization...
bias field = 1.011 +- 0.054
18 of 17474 control points discarded
finding control points in Left_Cerebral_White_Matter....
found 40230 control points for structure...
bounding box (126, 43, 29) --> (192, 146, 199)
Left_Cerebral_White_Matter: limiting intensities to 91.0 --> 120.0
25 of 7827 (0.3%) samples deleted
finding control points in Right_Cerebral_White_Matter....
found 39478 control points for structure...
bounding box (67, 45, 27) --> (130, 148, 198)
Right_Cerebral_White_Matter: limiting intensities to 89.0 --> 120.0
43 of 7648 (0.6%) samples deleted
finding control points in Left_Cerebellum_White_Matter....
found 3105 control points for structure...
bounding box (132, 118, 55) --> (178, 159, 110)
Left_Cerebellum_White_Matter: limiting intensities to 88.0 --> 120.0
154 of 700 (22.0%) samples deleted
finding control points in Right_Cerebellum_White_Matter....
found 2710 control points for structure...
bounding box (88, 118, 50) --> (131, 159, 109)
Right_Cerebellum_White_Matter: limiting intensities to 88.0 --> 120.0
267 of 630 (42.4%) samples deleted
finding control points in Brain_Stem....
found 3475 control points for structure...
bounding box (113, 113, 90) --> (145, 174, 121)
Brain_Stem: limiting intensities to 88.0 --> 120.0
506 of 1165 (43.4%) samples deleted
using 17970 total control points for intensity normalization...
bias field = 1.009 +- 0.043
13 of 16823 control points discarded
writing normalized volume to norm.mgz...
writing control points to ctrl_pts.mgz
freeing GCA...done.
normalization took 0 minutes and 54 seconds.
#--------------------------------------
#@# CA Reg Sun Mar 15 08:25:39 CET 2026
/out/sourcedata/freesurfer/sub-v2s10x28955_ses-1/mri

 mri_ca_register -nobigventricles -T transforms/talairach.lta -align-after -mask brainmask.mgz norm.mgz /opt/freesurfer/average/RB_all_2020-01-02.gca transforms/talairach.m3z 

not handling expanded ventricles...
using previously computed transform transforms/talairach.lta
renormalizing sequences with structure alignment, equivalent to:
	-renormalize
	-regularize_mean 0.500
	-regularize 0.500
using MR volume brainmask.mgz to mask input volume...

== Number of threads available to mri_ca_register for OpenMP = 16 == 
reading 1 input volumes...
logging results to talairach.log
reading input volume 'norm.mgz'...
reading GCA '/opt/freesurfer/average/RB_all_2020-01-02.gca'...
label assignment complete, 0 changed (0.00%)
freeing gibbs priors...done.
average std[0] = 5.0
Starting GCAMregister()
label assignment complete, 0 changed (0.00%)
npasses = 1, nlevels = 6
#pass# 1 of 1 ************************
enabling zero nodes
setting smoothness cost coefficient to 0.156

#GCAMreg# pass 0 level1 5 level2 0 tsec 0 sigma 2
l_jacobian=1.00 l_label=1.00 l_log_likelihood=0.20 l_smoothness=0.16 
tol=2.50e-01, dt=5.00e-02, exp_k=20.0, momentum=0.90, levels=6, niter=500, lbl_dist=10.00, avgs=256, sigma=2.0,type=2, relabel=0, neg=no

blurring input image with Gaussian with sigma=2.000...
GCAMRegisterLevel(): init RMS 0.868722
#FOTS# QuadFit found better minimum quadopt=(dt=325.004,rms=0.749861) vs oldopt=(dt=369.92,rms=0.752475)
#GCMRL#    0 dt 325.003992 rms  0.750 13.682% neg 0  invalid 762 tFOTS 2.4840 tGradient 2.0220 tsec 4.7100
#FOTS# QuadFit found better minimum quadopt=(dt=183.497,rms=0.708073) vs oldopt=(dt=92.48,rms=0.718059)
#GCMRL#    1 dt 183.497143 rms  0.708  5.573% neg 0  invalid 762 tFOTS 2.6520 tGradient 2.2180 tsec 5.0790
#FOTS# QuadFit found better minimum quadopt=(dt=169.791,rms=0.693037) vs oldopt=(dt=92.48,rms=0.696537)
#GCMRL#    2 dt 169.791045 rms  0.693  2.123% neg 0  invalid 762 tFOTS 2.6930 tGradient 2.1390 tsec 5.0410
#FOTS# QuadFit found better minimum quadopt=(dt=171.82,rms=0.686341) vs oldopt=(dt=92.48,rms=0.688063)
#GCMRL#    3 dt 171.819820 rms  0.686  0.966% neg 0  invalid 762 tFOTS 2.6380 tGradient 2.0660 tsec 4.9110
#FOTS# QuadFit found better minimum quadopt=(dt=129.472,rms=0.682684) vs oldopt=(dt=92.48,rms=0.683416)
#GCMRL#    4 dt 129.472000 rms  0.683  0.533% neg 0  invalid 762 tFOTS 2.4520 tGradient 2.2100 tsec 4.8640
#FOTS# QuadFit found better minimum quadopt=(dt=517.888,rms=0.675937) vs oldopt=(dt=369.92,rms=0.677246)
#GCMRL#    5 dt 517.888000 rms  0.676  0.988% neg 0  invalid 762 tFOTS 2.6540 tGradient 2.1100 tsec 4.9680
#FOTS# QuadFit found better minimum quadopt=(dt=110.976,rms=0.674068) vs oldopt=(dt=92.48,rms=0.674151)
#GCMRL#    6 dt 110.976000 rms  0.674  0.277% neg 0  invalid 762 tFOTS 2.7830 tGradient 2.1700 tsec 5.1580
#FOTS# QuadFit found better minimum quadopt=(dt=1183.74,rms=0.669246) vs oldopt=(dt=1479.68,rms=0.669431)
#GCMRL#    7 dt 1183.744000 rms  0.669  0.715% neg 0  invalid 762 tFOTS 2.6740 tGradient 2.1510 tsec 5.0380
#FOTS# QuadFit found better minimum quadopt=(dt=110.976,rms=0.66612) vs oldopt=(dt=92.48,rms=0.666149)
#GCMRL#    8 dt 110.976000 rms  0.666  0.467% neg 0  invalid 762 tFOTS 2.7660 tGradient 2.2940 tsec 5.2620
#FOTS# QuadFit found better minimum quadopt=(dt=517.888,rms=0.66392) vs oldopt=(dt=369.92,rms=0.664083)
#GCMRL#    9 dt 517.888000 rms  0.664  0.330% neg 0  invalid 762 tFOTS 2.6580 tGradient 2.0980 tsec 4.9690
#GCMRL#   10 dt  92.480000 rms  0.663  0.000% neg 0  invalid 762 tFOTS 2.8420 tGradient 2.1500 tsec 5.2350
#GCMRL#   11 dt  92.480000 rms  0.662  0.044% neg 0  invalid 762 tFOTS 0.0000 tGradient 2.0570 tsec 2.2490
#GCMRL#   12 dt  92.480000 rms  0.662  0.083% neg 0  invalid 762 tFOTS 0.0000 tGradient 2.0580 tsec 2.2500
#GCMRL#   13 dt  92.480000 rms  0.661  0.126% neg 0  invalid 762 tFOTS 0.0000 tGradient 2.1800 tsec 2.3740
#GCMRL#   14 dt  92.480000 rms  0.660  0.155% neg 0  invalid 762 tFOTS 0.0000 tGradient 2.1030 tsec 2.2960
#GCMRL#   15 dt  92.480000 rms  0.659  0.170% neg 0  invalid 762 tFOTS 0.0000 tGradient 2.0500 tsec 2.2420
#GCMRL#   16 dt  92.480000 rms  0.658  0.181% neg 0  invalid 762 tFOTS 0.0000 tGradient 2.1940 tsec 2.3870
#GCMRL#   17 dt  92.480000 rms  0.656  0.180% neg 0  invalid 762 tFOTS 0.0000 tGradient 2.0170 tsec 2.2150
#GCMRL#   18 dt  92.480000 rms  0.655  0.172% neg 0  invalid 762 tFOTS 0.0000 tGradient 2.1110 tsec 2.3060
#GCMRL#   19 dt  92.480000 rms  0.654  0.167% neg 0  invalid 762 tFOTS 0.0000 tGradient 2.1910 tsec 2.3820
#GCMRL#   20 dt  92.480000 rms  0.653  0.162% neg 0  invalid 762 tFOTS 0.0000 tGradient 2.3100 tsec 2.5060
#GCMRL#   21 dt  92.480000 rms  0.652  0.159% neg 0  invalid 762 tFOTS 0.0000 tGradient 2.1940 tsec 2.3910
#GCMRL#   22 dt  92.480000 rms  0.651  0.148% neg 0  invalid 762 tFOTS 0.0000 tGradient 2.2160 tsec 2.4140
#GCMRL#   23 dt  92.480000 rms  0.650  0.146% neg 0  invalid 762 tFOTS 0.0000 tGradient 2.1540 tsec 2.3470
#GCMRL#   24 dt  92.480000 rms  0.649  0.139% neg 0  invalid 762 tFOTS 0.0000 tGradient 2.1360 tsec 2.3300
#GCMRL#   25 dt  92.480000 rms  0.648  0.132% neg 0  invalid 762 tFOTS 0.0000 tGradient 2.1370 tsec 2.3300
#GCMRL#   26 dt  92.480000 rms  0.648  0.126% neg 0  invalid 762 tFOTS 0.0000 tGradient 2.1820 tsec 2.3730
#GCMRL#   27 dt  92.480000 rms  0.647  0.119% neg 0  invalid 762 tFOTS 0.0000 tGradient 2.1980 tsec 2.3940
#GCMRL#   28 dt  92.480000 rms  0.646  0.109% neg 0  invalid 762 tFOTS 0.0000 tGradient 2.1410 tsec 2.3490
#FOTS# QuadFit found better minimum quadopt=(dt=2071.55,rms=0.645253) vs oldopt=(dt=1479.68,rms=0.645312)
#GCMRL#   29 dt 2071.552000 rms  0.645  0.131% neg 0  invalid 762 tFOTS 2.8460 tGradient 2.1880 tsec 5.2410
#FOTS# QuadFit found better minimum quadopt=(dt=129.472,rms=0.644945) vs oldopt=(dt=92.48,rms=0.645001)
#GCMRL#   30 dt 129.472000 rms  0.645  0.000% neg 0  invalid 762 tFOTS 2.9290 tGradient 2.1060 tsec 5.2680
#GCMRL#   31 dt 129.472000 rms  0.645  0.010% neg 0  invalid 762 tFOTS 0.0000 tGradient 2.1340 tsec 2.3220
#GCMRL#   32 dt 129.472000 rms  0.645  0.012% neg 0  invalid 762 tFOTS 0.0000 tGradient 2.1810 tsec 2.3750
#GCMRL#   33 dt 129.472000 rms  0.645  0.023% neg 0  invalid 762 tFOTS 0.0000 tGradient 2.1470 tsec 2.3440
#GCMRL#   34 dt 129.472000 rms  0.644  0.034% neg 0  invalid 762 tFOTS 0.0000 tGradient 2.0750 tsec 2.2710
#GCMRL#   35 dt 129.472000 rms  0.644  0.044% neg 0  invalid 762 tFOTS 0.0000 tGradient 1.9960 tsec 2.1930
#GCMRL#   36 dt 129.472000 rms  0.644  0.053% neg 0  invalid 762 tFOTS 0.0000 tGradient 2.1720 tsec 2.3690
#GCMRL#   37 dt 129.472000 rms  0.643  0.058% neg 0  invalid 762 tFOTS 0.0000 tGradient 2.1170 tsec 2.3070
#GCMRL#   38 dt 129.472000 rms  0.643  0.067% neg 0  invalid 762 tFOTS 0.0000 tGradient 2.0750 tsec 2.2620
#GCMRL#   39 dt 129.472000 rms  0.643  0.066% neg 0  invalid 762 tFOTS 0.0000 tGradient 2.0850 tsec 2.2810

#GCAMreg# pass 0 level1 5 level2 1 tsec 139.021 sigma 0.5
l_jacobian=1.00 l_label=1.00 l_log_likelihood=0.20 l_smoothness=0.16 
tol=2.50e-01, dt=5.00e-02, exp_k=20.0, momentum=0.90, levels=6, niter=500, lbl_dist=10.00, avgs=256, sigma=0.5,type=2, relabel=0, neg=no

blurring input image with Gaussian with sigma=0.500...
GCAMRegisterLevel(): init RMS 0.642545
#FOTS# QuadFit found better minimum quadopt=(dt=295.936,rms=0.641717) vs oldopt=(dt=369.92,rms=0.641783)
#GCMRL#   41 dt 295.936000 rms  0.642  0.129% neg 0  invalid 762 tFOTS 2.5490 tGradient 2.1160 tsec 4.8720
#FOTS# QuadFit found better minimum quadopt=(dt=517.888,rms=0.640858) vs oldopt=(dt=369.92,rms=0.640957)
#GCMRL#   42 dt 517.888000 rms  0.641  0.134% neg 0  invalid 762 tFOTS 2.7640 tGradient 2.1530 tsec 5.1180
#FOTS# QuadFit found better minimum quadopt=(dt=32.368,rms=0.640863) vs oldopt=(dt=23.12,rms=0.640865)
setting smoothness cost coefficient to 0.615

#GCAMreg# pass 0 level1 4 level2 0 tsec 0 sigma 2
l_jacobian=1.00 l_label=1.00 l_log_likelihood=0.20 l_smoothness=0.62 
tol=2.50e-01, dt=5.00e-02, exp_k=20.0, momentum=0.90, levels=6, niter=500, lbl_dist=10.00, avgs=64, sigma=2.0,type=2, relabel=0, neg=no

blurring input image with Gaussian with sigma=2.000...
GCAMRegisterLevel(): init RMS 0.65717
#FOTS# QuadFit found better minimum quadopt=(dt=36.288,rms=0.655858) vs oldopt=(dt=25.92,rms=0.655964)
#GCMRL#   44 dt  36.288000 rms  0.656  0.200% neg 0  invalid 762 tFOTS 2.5160 tGradient 1.6410 tsec 4.3590
#FOTS# QuadFit found better minimum quadopt=(dt=36.288,rms=0.655171) vs oldopt=(dt=25.92,rms=0.655292)
#GCMRL#   45 dt  36.288000 rms  0.655  0.000% neg 0  invalid 762 tFOTS 2.5010 tGradient 1.6880 tsec 4.3970
#GCMRL#   46 dt  36.288000 rms  0.654  0.108% neg 0  invalid 762 tFOTS 0.0000 tGradient 1.7330 tsec 1.9200
#GCMRL#   47 dt  36.288000 rms  0.653  0.151% neg 0  invalid 762 tFOTS 0.0000 tGradient 1.5330 tsec 1.7150
#GCMRL#   48 dt  36.288000 rms  0.652  0.197% neg 0  invalid 762 tFOTS 0.0000 tGradient 1.7960 tsec 1.9830
#GCMRL#   49 dt  36.288000 rms  0.651  0.249% neg 0  invalid 762 tFOTS 0.0000 tGradient 1.7170 tsec 1.9030
#GCMRL#   50 dt  36.288000 rms  0.648  0.348% neg 0  invalid 762 tFOTS 0.0000 tGradient 1.7230 tsec 1.9110
#GCMRL#   51 dt  36.288000 rms  0.646  0.423% neg 0  invalid 762 tFOTS 0.0000 tGradient 1.5810 tsec 1.7710
#GCMRL#   52 dt  36.288000 rms  0.643  0.439% neg 0  invalid 762 tFOTS 0.0000 tGradient 1.6280 tsec 1.8140
#GCMRL#   53 dt  36.288000 rms  0.640  0.396% neg 0  invalid 762 tFOTS 0.0000 tGradient 1.6140 tsec 1.8080
#GCMRL#   54 dt  36.288000 rms  0.638  0.328% neg 0  invalid 762 tFOTS 0.0000 tGradient 1.6470 tsec 1.8360
#GCMRL#   55 dt  36.288000 rms  0.636  0.253% neg 0  invalid 762 tFOTS 0.0000 tGradient 1.6560 tsec 1.8450
#GCMRL#   56 dt  36.288000 rms  0.635  0.179% neg 0  invalid 762 tFOTS 0.0000 tGradient 1.6220 tsec 1.8120
#GCMRL#   57 dt  36.288000 rms  0.635  0.126% neg 0  invalid 762 tFOTS 0.0000 tGradient 1.6150 tsec 1.8020
#GCMRL#   58 dt  36.288000 rms  0.634  0.076% neg 0  invalid 762 tFOTS 0.0000 tGradient 1.6280 tsec 1.8150
#GCMRL#   59 dt  36.288000 rms  0.634  0.042% neg 0  invalid 762 tFOTS 0.0000 tGradient 1.6360 tsec 1.8410
#FOTS# QuadFit found better minimum quadopt=(dt=145.152,rms=0.633293) vs oldopt=(dt=103.68,rms=0.633355)
#GCMRL#   60 dt 145.152000 rms  0.633  0.076% neg 0  invalid 762 tFOTS 2.5940 tGradient 1.6250 tsec 4.4110
#GCMRL#   61 dt   0.450000 rms  0.633  0.000% neg 0  invalid 762 tFOTS 2.7580 tGradient 1.5860 tsec 4.5570

#GCAMreg# pass 0 level1 4 level2 1 tsec 53.491 sigma 0.5
l_jacobian=1.00 l_label=1.00 l_log_likelihood=0.20 l_smoothness=0.62 
tol=2.50e-01, dt=5.00e-02, exp_k=20.0, momentum=0.90, levels=6, niter=500, lbl_dist=10.00, avgs=64, sigma=0.5,type=2, relabel=0, neg=no

blurring input image with Gaussian with sigma=0.500...
GCAMRegisterLevel(): init RMS 0.633785
#GCMRL#   63 dt   0.000000 rms  0.633  0.079% neg 0  invalid 762 tFOTS 2.5670 tGradient 1.5630 tsec 4.3250
setting smoothness cost coefficient to 2.353

#GCAMreg# pass 0 level1 3 level2 0 tsec 0 sigma 2
l_jacobian=1.00 l_label=1.00 l_log_likelihood=0.20 l_smoothness=2.35 
tol=2.50e-01, dt=5.00e-02, exp_k=20.0, momentum=0.90, levels=6, niter=500, lbl_dist=10.00, avgs=16, sigma=2.0,type=2, relabel=0, neg=no

blurring input image with Gaussian with sigma=2.000...
GCAMRegisterLevel(): init RMS 0.675177
#FOTS# QuadFit found better minimum quadopt=(dt=2.8,rms=0.674194) vs oldopt=(dt=2,rms=0.674219)
#GCMRL#   65 dt   2.800000 rms  0.674  0.146% neg 0  invalid 762 tFOTS 2.4270 tGradient 1.3260 tsec 3.9530
#FOTS# QuadFit found better minimum quadopt=(dt=0.04375,rms=0.674196) vs oldopt=(dt=0.03125,rms=0.674196)

#GCAMreg# pass 0 level1 3 level2 1 tsec 15.86 sigma 0.5
l_jacobian=1.00 l_label=1.00 l_log_likelihood=0.20 l_smoothness=2.35 
tol=2.50e-01, dt=5.00e-02, exp_k=20.0, momentum=0.90, levels=6, niter=500, lbl_dist=10.00, avgs=16, sigma=0.5,type=2, relabel=0, neg=no

blurring input image with Gaussian with sigma=0.500...
GCAMRegisterLevel(): init RMS 0.67466
#FOTS# QuadFit found better minimum quadopt=(dt=0.4,rms=0.674182) vs oldopt=(dt=0.5,rms=0.674183)
#GCMRL#   67 dt   0.400000 rms  0.674  0.071% neg 0  invalid 762 tFOTS 2.3800 tGradient 1.3800 tsec 3.9580
#FOTS# QuadFit found better minimum quadopt=(dt=0.04375,rms=0.674182) vs oldopt=(dt=0.03125,rms=0.674182)
#GCMRL#   68 dt   0.043750 rms  0.674  0.000% neg 0  invalid 762 tFOTS 2.4350 tGradient 1.3360 tsec 3.9890
setting smoothness cost coefficient to 8.000

#GCAMreg# pass 0 level1 2 level2 0 tsec 0 sigma 2
l_jacobian=1.00 l_label=1.00 l_log_likelihood=0.20 l_smoothness=8.00 
tol=2.50e-01, dt=5.00e-02, exp_k=20.0, momentum=0.90, levels=6, niter=500, lbl_dist=10.00, avgs=4, sigma=2.0,type=2, relabel=0, neg=no

blurring input image with Gaussian with sigma=2.000...
GCAMRegisterLevel(): init RMS 0.780437
#FOTS# QuadFit found better minimum quadopt=(dt=2.6593,rms=0.755412) vs oldopt=(dt=2.88,rms=0.7556)
#GCMRL#   70 dt   2.659304 rms  0.755  3.207% neg 0  invalid 762 tFOTS 2.4350 tGradient 1.2420 tsec 3.8780
#FOTS# QuadFit found better minimum quadopt=(dt=2.45926,rms=0.750886) vs oldopt=(dt=2.88,rms=0.751023)
#GCMRL#   71 dt   2.459259 rms  0.751  0.599% neg 0  invalid 762 tFOTS 2.4030 tGradient 1.2380 tsec 3.8390
#FOTS# QuadFit found better minimum quadopt=(dt=2.7284,rms=0.748523) vs oldopt=(dt=2.88,rms=0.748528)
#GCMRL#   72 dt   2.728395 rms  0.749  0.315% neg 0  invalid 762 tFOTS 2.4390 tGradient 1.1970 tsec 3.8270
#FOTS# QuadFit found better minimum quadopt=(dt=1.42857,rms=0.748086) vs oldopt=(dt=0.72,rms=0.748204)
#GCMRL#   73 dt   1.428571 rms  0.748  0.000% neg 0  invalid 762 tFOTS 2.5890 tGradient 1.2390 tsec 4.0450
#GCMRL#   74 dt   1.428571 rms  0.748  0.050% neg 0  invalid 762 tFOTS 0.0000 tGradient 1.2370 tsec 1.4160
#GCMRL#   75 dt   1.428571 rms  0.748  0.001% neg 0  invalid 762 tFOTS 0.0000 tGradient 1.1830 tsec 1.3730

#GCAMreg# pass 0 level1 2 level2 1 tsec 27.865 sigma 0.5
l_jacobian=1.00 l_label=1.00 l_log_likelihood=0.20 l_smoothness=8.00 
tol=2.50e-01, dt=5.00e-02, exp_k=20.0, momentum=0.90, levels=6, niter=500, lbl_dist=10.00, avgs=4, sigma=0.5,type=2, relabel=0, neg=no

blurring input image with Gaussian with sigma=0.500...
GCAMRegisterLevel(): init RMS 0.748088
#GCMRL#   77 dt   0.000000 rms  0.748  0.051% neg 0  invalid 762 tFOTS 2.4270 tGradient 1.3010 tsec 3.9290
setting smoothness cost coefficient to 20.000

#GCAMreg# pass 0 level1 1 level2 0 tsec 0 sigma 2
l_jacobian=1.00 l_label=1.00 l_log_likelihood=0.20 l_smoothness=20.00 
tol=2.50e-01, dt=5.00e-02, exp_k=20.0, momentum=0.90, levels=6, niter=500, lbl_dist=10.00, avgs=1, sigma=2.0,type=2, relabel=0, neg=no

blurring input image with Gaussian with sigma=2.000...
GCAMRegisterLevel(): init RMS 0.825198
#FOTS# QuadFit found better minimum quadopt=(dt=0.096,rms=0.824752) vs oldopt=(dt=0.08,rms=0.824756)
#GCMRL#   79 dt   0.096000 rms  0.825  0.054% neg 0  invalid 762 tFOTS 2.4070 tGradient 1.0840 tsec 3.6880
#FOTS# QuadFit found better minimum quadopt=(dt=0.112,rms=0.824614) vs oldopt=(dt=0.08,rms=0.824641)
#GCMRL#   80 dt   0.112000 rms  0.825  0.000% neg 0  invalid 762 tFOTS 2.4030 tGradient 1.0880 tsec 3.7070
#GCMRL#   81 dt   0.112000 rms  0.824  0.030% neg 0  invalid 762 tFOTS 0.0000 tGradient 1.0490 tsec 1.2350
#GCMRL#   82 dt   0.112000 rms  0.824  0.056% neg 0  invalid 762 tFOTS 0.0000 tGradient 1.0780 tsec 1.2650
#GCMRL#   83 dt   0.112000 rms  0.823  0.088% neg 0  invalid 762 tFOTS 0.0000 tGradient 1.2290 tsec 1.4160
#GCMRL#   84 dt   0.112000 rms  0.822  0.136% neg 0  invalid 762 tFOTS 0.0000 tGradient 1.0230 tsec 1.2160
#GCMRL#   85 dt   0.112000 rms  0.821  0.188% neg 0  invalid 762 tFOTS 0.0000 tGradient 1.1700 tsec 1.3580
#GCMRL#   86 dt   0.112000 rms  0.819  0.224% neg 0  invalid 762 tFOTS 0.0000 tGradient 1.1310 tsec 1.3210
#GCMRL#   87 dt   0.112000 rms  0.817  0.234% neg 0  invalid 762 tFOTS 0.0000 tGradient 1.1160 tsec 1.3060
#GCMRL#   88 dt   0.112000 rms  0.815  0.227% neg 0  invalid 762 tFOTS 0.0000 tGradient 1.1060 tsec 1.3010
#GCMRL#   89 dt   0.112000 rms  0.813  0.205% neg 0  invalid 762 tFOTS 0.0000 tGradient 1.2010 tsec 1.3970
#GCMRL#   90 dt   0.112000 rms  0.812  0.184% neg 0  invalid 762 tFOTS 0.0000 tGradient 1.1610 tsec 1.3520
#GCMRL#   91 dt   0.112000 rms  0.810  0.166% neg 0  invalid 762 tFOTS 0.0000 tGradient 1.1080 tsec 1.3000
#GCMRL#   92 dt   0.112000 rms  0.809  0.150% neg 0  invalid 762 tFOTS 0.0000 tGradient 1.1550 tsec 1.3450
#GCMRL#   93 dt   0.112000 rms  0.808  0.136% neg 0  invalid 762 tFOTS 0.0000 tGradient 1.1400 tsec 1.3310
#GCMRL#   94 dt   0.112000 rms  0.807  0.120% neg 0  invalid 762 tFOTS 0.0000 tGradient 1.1130 tsec 1.2960
#GCMRL#   95 dt   0.112000 rms  0.806  0.099% neg 0  invalid 762 tFOTS 0.0000 tGradient 1.1460 tsec 1.3530
#FOTS# QuadFit found better minimum quadopt=(dt=1.536,rms=0.805146) vs oldopt=(dt=1.28,rms=0.8052)
#GCMRL#   96 dt   1.536000 rms  0.805  0.143% neg 0  invalid 762 tFOTS 2.4380 tGradient 1.0900 tsec 3.7240
#FOTS# QuadFit found better minimum quadopt=(dt=0.448,rms=0.803627) vs oldopt=(dt=0.32,rms=0.803747)
#GCMRL#   97 dt   0.448000 rms  0.804  0.189% neg 0  invalid 762 tFOTS 2.4580 tGradient 1.1240 tsec 3.7890
#FOTS# QuadFit found better minimum quadopt=(dt=0.064,rms=0.803577) vs oldopt=(dt=0.08,rms=0.803578)
#GCMRL#   98 dt   0.064000 rms  0.804  0.000% neg 0  invalid 762 tFOTS 2.4590 tGradient 1.0820 tsec 3.7600
#GCMRL#   99 dt   0.064000 rms  0.804  0.000% neg 0  invalid 762 tFOTS 0.0000 tGradient 1.0470 tsec 1.2370

#GCAMreg# pass 0 level1 1 level2 1 tsec 48.683 sigma 0.5
l_jacobian=1.00 l_label=1.00 l_log_likelihood=0.20 l_smoothness=20.00 
tol=2.50e-01, dt=5.00e-02, exp_k=20.0, momentum=0.90, levels=6, niter=500, lbl_dist=10.00, avgs=1, sigma=0.5,type=2, relabel=0, neg=no

blurring input image with Gaussian with sigma=0.500...
GCAMRegisterLevel(): init RMS 0.803959
#FOTS# QuadFit found better minimum quadopt=(dt=0.112,rms=0.80348) vs oldopt=(dt=0.08,rms=0.803497)
#GCMRL#  101 dt   0.112000 rms  0.803  0.060% neg 0  invalid 762 tFOTS 2.4530 tGradient 1.0940 tsec 3.7460
#GCMRL#  102 dt   0.320000 rms  0.803  0.000% neg 0  invalid 762 tFOTS 2.4440 tGradient 1.0950 tsec 3.7490
#GCMRL#  103 dt   0.320000 rms  0.803  0.033% neg 0  invalid 762 tFOTS 0.0000 tGradient 1.1110 tsec 1.2950
#GCMRL#  104 dt   0.320000 rms  0.803  0.027% neg 0  invalid 762 tFOTS 0.0000 tGradient 1.0670 tsec 1.2540
resetting metric properties...
setting smoothness cost coefficient to 40.000

#GCAMreg# pass 0 level1 0 level2 0 tsec 0 sigma 2
l_jacobian=1.00 l_label=1.00 l_log_likelihood=0.20 l_smoothness=40.00 
tol=2.50e-01, dt=5.00e-02, exp_k=20.0, momentum=0.90, levels=6, niter=500, lbl_dist=10.00, avgs=0, sigma=2.0,type=2, relabel=0, neg=no

blurring input image with Gaussian with sigma=2.000...
GCAMRegisterLevel(): init RMS 0.74756
#FOTS# QuadFit found better minimum quadopt=(dt=0.196403,rms=0.743547) vs oldopt=(dt=0.32,rms=0.744615)
#GCMRL#  106 dt   0.196403 rms  0.744  0.537% neg 0  invalid 762 tFOTS 2.4440 tGradient 0.7260 tsec 3.3660
#FOTS# QuadFit found better minimum quadopt=(dt=0.024,rms=0.743303) vs oldopt=(dt=0.02,rms=0.743306)
#GCMRL#  107 dt   0.024000 rms  0.743  0.000% neg 0  invalid 762 tFOTS 2.4100 tGradient 0.6330 tsec 3.2530

#GCAMreg# pass 0 level1 0 level2 1 tsec 15.069 sigma 0.5
l_jacobian=1.00 l_label=1.00 l_log_likelihood=0.20 l_smoothness=40.00 
tol=2.50e-01, dt=5.00e-02, exp_k=20.0, momentum=0.90, levels=6, niter=500, lbl_dist=10.00, avgs=0, sigma=0.5,type=2, relabel=0, neg=no

blurring input image with Gaussian with sigma=0.500...
GCAMRegisterLevel(): init RMS 0.743728
#FOTS# QuadFit found better minimum quadopt=(dt=0.007,rms=0.743275) vs oldopt=(dt=0.005,rms=0.743281)
#GCMRL#  109 dt   0.007000 rms  0.743  0.061% neg 0  invalid 762 tFOTS 2.4080 tGradient 0.6920 tsec 3.2990
#GCMRL#  110 dt   0.005000 rms  0.743  0.000% neg 0  invalid 762 tFOTS 2.4210 tGradient 0.6640 tsec 3.2980
GCAMregister done in 6.10573 min
Starting GCAmapRenormalizeWithAlignment() without scales
renormalizing by structure alignment....
renormalizing input #0
gca peak = 0.10253 (16)
mri peak = 0.13520 (20)
Left_Lateral_Ventricle (4): linear fit = 0.93 x + 0.0 (1550 voxels, overlap=0.686)
Left_Lateral_Ventricle (4): linear fit = 0.93 x + 0.0 (1550 voxels, peak = 15), gca=14.8
gca peak = 0.17690 (16)
mri peak = 0.21356 (21)
Right_Lateral_Ventricle (43): linear fit = 1.33 x + 0.0 (1098 voxels, overlap=0.249)
Right_Lateral_Ventricle (43): linear fit = 1.33 x + 0.0 (1098 voxels, peak = 21), gca=21.2
gca peak = 0.28275 (96)
mri peak = 0.10324 (77)
Right_Pallidum (52): linear fit = 0.81 x + 0.0 (961 voxels, overlap=0.133)
Right_Pallidum (52): linear fit = 0.81 x + 0.0 (961 voxels, peak = 77), gca=77.3
gca peak = 0.18948 (93)
mri peak = 0.08240 (81)
Left_Pallidum (13): linear fit = 1.00 x + 0.0 (797 voxels, overlap=0.926)
Left_Pallidum (13): linear fit = 1.00 x + 0.0 (797 voxels, peak = 93), gca=92.5
gca peak = 0.20755 (55)
mri peak = 0.15500 (66)
Right_Hippocampus (53): linear fit = 1.15 x + 0.0 (1194 voxels, overlap=0.031)
Right_Hippocampus (53): linear fit = 1.15 x + 0.0 (1194 voxels, peak = 64), gca=63.5
gca peak = 0.31831 (58)
mri peak = 0.13537 (63)
Left_Hippocampus (17): linear fit = 1.10 x + 0.0 (1087 voxels, overlap=0.304)
Left_Hippocampus (17): linear fit = 1.10 x + 0.0 (1087 voxels, peak = 64), gca=63.5
gca peak = 0.11957 (102)
mri peak = 0.12978 (108)
Right_Cerebral_White_Matter (41): linear fit = 1.04 x + 0.0 (61729 voxels, overlap=0.576)
Right_Cerebral_White_Matter (41): linear fit = 1.04 x + 0.0 (61729 voxels, peak = 107), gca=106.6
gca peak = 0.11429 (102)
mri peak = 0.15254 (108)
Left_Cerebral_White_Matter (2): linear fit = 1.05 x + 0.0 (64389 voxels, overlap=0.450)
Left_Cerebral_White_Matter (2): linear fit = 1.05 x + 0.0 (64389 voxels, peak = 108), gca=107.6
gca peak = 0.14521 (59)
mri peak = 0.04528 (62)
Left_Cerebral_Cortex (3): linear fit = 1.08 x + 0.0 (32119 voxels, overlap=0.948)
Left_Cerebral_Cortex (3): linear fit = 1.08 x + 0.0 (32119 voxels, peak = 63), gca=63.4
gca peak = 0.14336 (58)
mri peak = 0.05153 (62)
Right_Cerebral_Cortex (42): linear fit = 1.08 x + 0.0 (30657 voxels, overlap=0.956)
Right_Cerebral_Cortex (42): linear fit = 1.08 x + 0.0 (30657 voxels, peak = 62), gca=62.4
gca peak = 0.13305 (70)
mri peak = 0.15675 (79)
Right_Caudate (50): linear fit = 1.12 x + 0.0 (999 voxels, overlap=0.260)
Right_Caudate (50): linear fit = 1.12 x + 0.0 (999 voxels, peak = 78), gca=78.1
gca peak = 0.15761 (71)
mri peak = 0.09148 (79)
Left_Caudate (11): linear fit = 1.11 x + 0.0 (1045 voxels, overlap=0.473)
Left_Caudate (11): linear fit = 1.11 x + 0.0 (1045 voxels, peak = 78), gca=78.5
gca peak = 0.13537 (57)
mri peak = 0.04866 (57)
Left_Cerebellum_Cortex (8): linear fit = 1.04 x + 0.0 (35919 voxels, overlap=0.977)
Left_Cerebellum_Cortex (8): linear fit = 1.04 x + 0.0 (35919 voxels, peak = 60), gca=59.6
gca peak = 0.13487 (56)
mri peak = 0.05546 (59)
Right_Cerebellum_Cortex (47): linear fit = 1.04 x + 0.0 (38162 voxels, overlap=0.930)
Right_Cerebellum_Cortex (47): linear fit = 1.04 x + 0.0 (38162 voxels, peak = 59), gca=58.5
gca peak = 0.19040 (84)
mri peak = 0.11193 (88)
Left_Cerebellum_White_Matter (7): linear fit = 1.04 x + 0.0 (10576 voxels, overlap=0.541)
Left_Cerebellum_White_Matter (7): linear fit = 1.04 x + 0.0 (10576 voxels, peak = 88), gca=87.8
gca peak = 0.18871 (83)
mri peak = 0.10980 (87)
Right_Cerebellum_White_Matter (46): linear fit = 1.03 x + 0.0 (9015 voxels, overlap=0.695)
Right_Cerebellum_White_Matter (46): linear fit = 1.03 x + 0.0 (9015 voxels, peak = 86), gca=85.9
gca peak = 0.24248 (57)
mri peak = 0.15295 (66)
Left_Amygdala (18): linear fit = 1.13 x + 0.0 (506 voxels, overlap=0.237)
Left_Amygdala (18): linear fit = 1.13 x + 0.0 (506 voxels, peak = 65), gca=64.7
gca peak = 0.35833 (56)
mri peak = 0.11650 (66)
Right_Amygdala (54): linear fit = 1.16 x + 0.0 (618 voxels, overlap=0.018)
Right_Amygdala (54): linear fit = 1.16 x + 0.0 (618 voxels, peak = 65), gca=65.2
gca peak = 0.12897 (85)
mri peak = 0.05963 (87)
Left_Thalamus (10): linear fit = 1.01 x + 0.0 (5859 voxels, overlap=0.942)
Left_Thalamus (10): linear fit = 1.01 x + 0.0 (5859 voxels, peak = 86), gca=86.3
gca peak = 0.13127 (83)
mri peak = 0.06616 (83)
Right_Thalamus (49): linear fit = 1.07 x + 0.0 (4886 voxels, overlap=0.881)
Right_Thalamus (49): linear fit = 1.07 x + 0.0 (4886 voxels, peak = 88), gca=88.4
gca peak = 0.12974 (78)
mri peak = 0.09855 (85)
Left_Putamen (12): linear fit = 1.08 x + 0.0 (2547 voxels, overlap=0.387)
Left_Putamen (12): linear fit = 1.08 x + 0.0 (2547 voxels, peak = 84), gca=83.9
gca peak = 0.17796 (79)
mri peak = 0.12404 (83)
Right_Putamen (51): linear fit = 1.03 x + 0.0 (2626 voxels, overlap=0.784)
Right_Putamen (51): linear fit = 1.03 x + 0.0 (2626 voxels, peak = 82), gca=81.8
gca peak = 0.10999 (80)
mri peak = 0.11070 (88)
Brain_Stem (16): linear fit = 1.10 x + 0.0 (12401 voxels, overlap=0.415)
Brain_Stem (16): linear fit = 1.10 x + 0.0 (12401 voxels, peak = 88), gca=87.6
gca peak = 0.13215 (88)
mri peak = 0.10164 (84)
Right_VentralDC (60): linear fit = 1.08 x + 0.0 (1273 voxels, overlap=0.674)
Right_VentralDC (60): linear fit = 1.08 x + 0.0 (1273 voxels, peak = 95), gca=94.6
gca peak = 0.11941 (89)
mri peak = 0.11419 (84)
Left_VentralDC (28): linear fit = 1.04 x + 0.0 (1339 voxels, overlap=0.750)
Left_VentralDC (28): linear fit = 1.04 x + 0.0 (1339 voxels, peak = 93), gca=93.0
gca peak = 0.20775 (25)
mri peak = 0.12509 (55)
Third_Ventricle (14): linear fit = 2.15 x + 0.0 (77 voxels, overlap=0.123)
Third_Ventricle (14): linear fit = 2.15 x + 0.0 (77 voxels, peak = 54), gca=53.9
gca peak = 0.13297 (21)
mri peak = 0.26415 (22)
Fourth_Ventricle (15): linear fit = 1.30 x + 0.0 (339 voxels, overlap=0.351)
Fourth_Ventricle (15): linear fit = 1.30 x + 0.0 (339 voxels, peak = 27), gca=27.4
gca peak Unknown = 0.94777 ( 0)
gca peak Left_Inf_Lat_Vent = 0.19087 (28)
gca peak Third_Ventricle = 0.20775 (25)
gca peak CSF = 0.16821 (33)
gca peak Left_Accumbens_area = 0.32850 (63)
gca peak Left_undetermined = 0.98480 (28)
gca peak Left_vessel = 0.40887 (53)
gca peak Left_choroid_plexus = 0.10898 (46)
gca peak Right_Inf_Lat_Vent = 0.17798 (26)
gca peak Right_Accumbens_area = 0.30137 (64)
gca peak Right_vessel = 0.47828 (52)
gca peak Right_choroid_plexus = 0.11612 (45)
gca peak Fifth_Ventricle = 0.59466 (35)
gca peak WM_hypointensities = 0.10053 (78)
gca peak non_WM_hypointensities = 0.07253 (60)
gca peak Optic_Chiasm = 0.25330 (73)
not using caudate to estimate GM means
estimating mean gm scale to be 1.12 x + 0.0
estimating mean wm scale to be 1.05 x + 0.0
estimating mean csf scale to be 1.18 x + 0.0
saving intensity scales to talairach.label_intensities.txt
GCAmapRenormalizeWithAlignment() took 2.20152 min
noneg pre
Starting GCAMregister()
label assignment complete, 0 changed (0.00%)
npasses = 1, nlevels = 6
#pass# 1 of 1 ************************
enabling zero nodes
setting smoothness cost coefficient to 0.008

#GCAMreg# pass 0 level1 5 level2 0 tsec 0 sigma 2
l_jacobian=1.00 l_label=1.00 l_log_likelihood=0.20 l_smoothness=0.01 
tol=5.00e-02, dt=5.00e-02, exp_k=20.0, momentum=0.90, levels=6, niter=500, lbl_dist=10.00, avgs=256, sigma=2.0,type=2, relabel=0, neg=no

blurring input image with Gaussian with sigma=2.000...
GCAMRegisterLevel(): init RMS 0.770285
#FOTS# QuadFit found better minimum quadopt=(dt=221.952,rms=0.706762) vs oldopt=(dt=369.92,rms=0.721378)
#GCMRL#  112 dt 221.952000 rms  0.707  8.247% neg 0  invalid 762 tFOTS 2.4500 tGradient 1.7700 tsec 4.4230
#FOTS# QuadFit found better minimum quadopt=(dt=232.525,rms=0.689756) vs oldopt=(dt=369.92,rms=0.695171)
#GCMRL#  113 dt 232.524901 rms  0.690  2.406% neg 0  invalid 762 tFOTS 2.4750 tGradient 1.9840 tsec 4.6440
#FOTS# QuadFit found better minimum quadopt=(dt=129.472,rms=0.684858) vs oldopt=(dt=92.48,rms=0.685267)
#GCMRL#  114 dt 129.472000 rms  0.685  0.710% neg 0  invalid 762 tFOTS 2.2400 tGradient 1.8210 tsec 4.2460
#GCMRL#  115 dt 369.920000 rms  0.679  0.821% neg 0  invalid 762 tFOTS 2.5980 tGradient 1.7500 tsec 4.5460
#FOTS# QuadFit found better minimum quadopt=(dt=110.976,rms=0.676193) vs oldopt=(dt=92.48,rms=0.676238)
#GCMRL#  116 dt 110.976000 rms  0.676  0.448% neg 0  invalid 762 tFOTS 2.7100 tGradient 1.7760 tsec 4.6930
#FOTS# QuadFit found better minimum quadopt=(dt=517.888,rms=0.671853) vs oldopt=(dt=369.92,rms=0.672338)
#GCMRL#  117 dt 517.888000 rms  0.672  0.642% neg 0  invalid 762 tFOTS 2.5730 tGradient 1.7920 tsec 4.5630
#GCMRL#  118 dt  92.480000 rms  0.670  0.270% neg 0  invalid 762 tFOTS 2.6730 tGradient 1.8430 tsec 4.7110
#FOTS# QuadFit found better minimum quadopt=(dt=2071.55,rms=0.660952) vs oldopt=(dt=1479.68,rms=0.662264)
#GCMRL#  119 dt 2071.552000 rms  0.661  1.356% neg 0  invalid 762 tFOTS 2.5650 tGradient 1.8160 tsec 4.5840
#GCMRL#  120 dt 369.920000 rms  0.659  0.270% neg 0  invalid 762 tFOTS 2.5450 tGradient 1.9160 tsec 4.6560
#FOTS# QuadFit found better minimum quadopt=(dt=129.472,rms=0.658079) vs oldopt=(dt=92.48,rms=0.658206)
#GCMRL#  121 dt 129.472000 rms  0.658  0.165% neg 0  invalid 762 tFOTS 2.5160 tGradient 1.8310 tsec 4.5450
#FOTS# QuadFit found better minimum quadopt=(dt=443.904,rms=0.657489) vs oldopt=(dt=369.92,rms=0.657493)
#GCMRL#  122 dt 443.904000 rms  0.657  0.090% neg 0  invalid 762 tFOTS 2.7570 tGradient 1.8550 tsec 4.8080
#FOTS# QuadFit found better minimum quadopt=(dt=129.472,rms=0.656396) vs oldopt=(dt=92.48,rms=0.656588)
#GCMRL#  123 dt 129.472000 rms  0.656  0.166% neg 0  invalid 762 tFOTS 2.6370 tGradient 1.8900 tsec 4.7340
#GCMRL#  124 dt 369.920000 rms  0.656  0.109% neg 0  invalid 762 tFOTS 2.6780 tGradient 1.8770 tsec 4.7610
#FOTS# QuadFit found better minimum quadopt=(dt=129.472,rms=0.655031) vs oldopt=(dt=92.48,rms=0.655098)
#GCMRL#  125 dt 129.472000 rms  0.655  0.099% neg 0  invalid 762 tFOTS 2.6940 tGradient 1.9260 tsec 4.8290
#FOTS# QuadFit found better minimum quadopt=(dt=295.936,rms=0.654415) vs oldopt=(dt=369.92,rms=0.654431)
#GCMRL#  126 dt 295.936000 rms  0.654  0.094% neg 0  invalid 762 tFOTS 2.7040 tGradient 1.8480 tsec 4.7590
#FOTS# QuadFit found better minimum quadopt=(dt=129.472,rms=0.653954) vs oldopt=(dt=92.48,rms=0.653988)
#GCMRL#  127 dt 129.472000 rms  0.654  0.070% neg 0  invalid 762 tFOTS 2.7090 tGradient 1.9190 tsec 4.8320
#FOTS# QuadFit found better minimum quadopt=(dt=295.936,rms=0.653276) vs oldopt=(dt=369.92,rms=0.653276)
#GCMRL#  128 dt 295.936000 rms  0.653  0.104% neg 0  invalid 762 tFOTS 2.7240 tGradient 1.9040 tsec 4.8360
#FOTS# QuadFit found better minimum quadopt=(dt=110.976,rms=0.652913) vs oldopt=(dt=92.48,rms=0.652927)
#GCMRL#  129 dt 110.976000 rms  0.653  0.055% neg 0  invalid 762 tFOTS 2.6740 tGradient 1.8910 tsec 4.7630
#FOTS# QuadFit found better minimum quadopt=(dt=517.888,rms=0.65176) vs oldopt=(dt=369.92,rms=0.651987)
#GCMRL#  130 dt 517.888000 rms  0.652  0.177% neg 0  invalid 762 tFOTS 2.6360 tGradient 1.9120 tsec 4.7490
#GCMRL#  131 dt  92.480000 rms  0.651  0.000% neg 0  invalid 762 tFOTS 2.6450 tGradient 1.8250 tsec 4.6890
#GCMRL#  132 dt  92.480000 rms  0.651  0.035% neg 0  invalid 762 tFOTS 0.0000 tGradient 1.8710 tsec 2.0610
#GCMRL#  133 dt  92.480000 rms  0.651  0.057% neg 0  invalid 762 tFOTS 0.0000 tGradient 1.8750 tsec 2.0600
#GCMRL#  134 dt  92.480000 rms  0.650  0.080% neg 0  invalid 762 tFOTS 0.0000 tGradient 1.9440 tsec 2.1310
#GCMRL#  135 dt  92.480000 rms  0.650  0.099% neg 0  invalid 762 tFOTS 0.0000 tGradient 1.8630 tsec 2.0510
#GCMRL#  136 dt  92.480000 rms  0.649  0.114% neg 0  invalid 762 tFOTS 0.0000 tGradient 1.9430 tsec 2.1300
#GCMRL#  137 dt  92.480000 rms  0.648  0.123% neg 0  invalid 762 tFOTS 0.0000 tGradient 1.8540 tsec 2.0390
#GCMRL#  138 dt  92.480000 rms  0.647  0.136% neg 0  invalid 762 tFOTS 0.0000 tGradient 1.8550 tsec 2.0410
#GCMRL#  139 dt  92.480000 rms  0.646  0.141% neg 0  invalid 762 tFOTS 0.0000 tGradient 1.8570 tsec 2.0410
#GCMRL#  140 dt  92.480000 rms  0.645  0.141% neg 0  invalid 762 tFOTS 0.0000 tGradient 1.8230 tsec 2.0090
#GCMRL#  141 dt  92.480000 rms  0.644  0.147% neg 0  invalid 762 tFOTS 0.0000 tGradient 1.8390 tsec 2.0250
#GCMRL#  142 dt  92.480000 rms  0.644  0.141% neg 0  invalid 762 tFOTS 0.0000 tGradient 1.8220 tsec 2.0100
#GCMRL#  143 dt  92.480000 rms  0.643  0.140% neg 0  invalid 762 tFOTS 0.0000 tGradient 1.9500 tsec 2.1410
#GCMRL#  144 dt  92.480000 rms  0.642  0.137% neg 0  invalid 762 tFOTS 0.0000 tGradient 1.8590 tsec 2.0490
#GCMRL#  145 dt  92.480000 rms  0.641  0.136% neg 0  invalid 762 tFOTS 0.0000 tGradient 1.8950 tsec 2.0820
#GCMRL#  146 dt  92.480000 rms  0.640  0.128% neg 0  invalid 762 tFOTS 0.0000 tGradient 1.8640 tsec 2.0540
#GCMRL#  147 dt  92.480000 rms  0.639  0.122% neg 0  invalid 762 tFOTS 0.0000 tGradient 1.9110 tsec 2.0950
#GCMRL#  148 dt  92.480000 rms  0.639  0.116% neg 0  invalid 762 tFOTS 0.0000 tGradient 1.9100 tsec 2.0930
#GCMRL#  149 dt  92.480000 rms  0.638  0.112% neg 0  invalid 762 tFOTS 0.0000 tGradient 1.9530 tsec 2.1370
#GCMRL#  150 dt  92.480000 rms  0.637  0.107% neg 0  invalid 762 tFOTS 0.0000 tGradient 1.9050 tsec 2.0960
#GCMRL#  151 dt  92.480000 rms  0.637  0.101% neg 0  invalid 762 tFOTS 0.0000 tGradient 1.8540 tsec 2.0380
#GCMRL#  152 dt  92.480000 rms  0.636  0.096% neg 0  invalid 762 tFOTS 0.0000 tGradient 1.8550 tsec 2.0410
#GCMRL#  153 dt  92.480000 rms  0.635  0.093% neg 0  invalid 762 tFOTS 0.0000 tGradient 1.8460 tsec 2.0300
#GCMRL#  154 dt  92.480000 rms  0.635  0.087% neg 0  invalid 762 tFOTS 0.0000 tGradient 1.8140 tsec 2.0050
#GCMRL#  155 dt  92.480000 rms  0.634  0.080% neg 0  invalid 762 tFOTS 0.0000 tGradient 1.7940 tsec 2.0000
#GCMRL#  156 dt  92.480000 rms  0.634  0.078% neg 0  invalid 762 tFOTS 0.0000 tGradient 1.8340 tsec 2.0240
#GCMRL#  157 dt  92.480000 rms  0.633  0.083% neg 0  invalid 762 tFOTS 0.0000 tGradient 1.9330 tsec 2.1250
#GCMRL#  158 dt  92.480000 rms  0.633  0.077% neg 0  invalid 762 tFOTS 0.0000 tGradient 1.8610 tsec 2.0470
#GCMRL#  159 dt  92.480000 rms  0.632  0.077% neg 0  invalid 762 tFOTS 0.0000 tGradient 1.9470 tsec 2.1370
#GCMRL#  160 dt  92.480000 rms  0.632  0.072% neg 0  invalid 762 tFOTS 0.0000 tGradient 1.9170 tsec 2.1060
#GCMRL#  161 dt  92.480000 rms  0.631  0.068% neg 0  invalid 762 tFOTS 0.0000 tGradient 1.9110 tsec 2.0950
#GCMRL#  162 dt  92.480000 rms  0.631  0.066% neg 0  invalid 762 tFOTS 0.0000 tGradient 1.9800 tsec 2.1710
#GCMRL#  163 dt  92.480000 rms  0.631  0.065% neg 0  invalid 762 tFOTS 0.0000 tGradient 2.0030 tsec 2.1920
#GCMRL#  164 dt  92.480000 rms  0.630  0.064% neg 0  invalid 762 tFOTS 0.0000 tGradient 1.8950 tsec 2.0790
#GCMRL#  165 dt  92.480000 rms  0.630  0.061% neg 0  invalid 762 tFOTS 0.0000 tGradient 1.9030 tsec 2.0860
#GCMRL#  166 dt  92.480000 rms  0.629  0.059% neg 0  invalid 762 tFOTS 0.0000 tGradient 1.9610 tsec 2.1470
#GCMRL#  167 dt  92.480000 rms  0.629  0.056% neg 0  invalid 762 tFOTS 0.0000 tGradient 1.9830 tsec 2.1690
#GCMRL#  168 dt  92.480000 rms  0.629  0.055% neg 0  invalid 762 tFOTS 0.0000 tGradient 1.9880 tsec 2.1770
#GCMRL#  169 dt  92.480000 rms  0.628  0.053% neg 0  invalid 762 tFOTS 0.0000 tGradient 1.9350 tsec 2.1240
#GCMRL#  170 dt  92.480000 rms  0.628  0.052% neg 0  invalid 762 tFOTS 0.0000 tGradient 1.9760 tsec 2.1670
#GCMRL#  171 dt  92.480000 rms  0.628  0.049% neg 0  invalid 762 tFOTS 0.0000 tGradient 1.9680 tsec 2.1520
#GCMRL#  172 dt  92.480000 rms  0.627  0.048% neg 0  invalid 762 tFOTS 0.0000 tGradient 1.9510 tsec 2.1400
#GCMRL#  173 dt  92.480000 rms  0.627  0.046% neg 0  invalid 762 tFOTS 0.0000 tGradient 1.9980 tsec 2.1880
#GCMRL#  174 dt  92.480000 rms  0.627  0.045% neg 0  invalid 762 tFOTS 0.0000 tGradient 1.9000 tsec 2.0850
#GCMRL#  175 dt  92.480000 rms  0.627  0.037% neg 0  invalid 762 tFOTS 0.0000 tGradient 1.8140 tsec 1.9960
#GCMRL#  176 dt  92.480000 rms  0.626  0.040% neg 0  invalid 762 tFOTS 0.0000 tGradient 1.7900 tsec 1.9700
#GCMRL#  177 dt  92.480000 rms  0.626  0.039% neg 0  invalid 762 tFOTS 0.0000 tGradient 1.7790 tsec 1.9680
#GCMRL#  178 dt  92.480000 rms  0.626  0.036% neg 0  invalid 762 tFOTS 0.0000 tGradient 1.8150 tsec 1.9980
#GCMRL#  179 dt  92.480000 rms  0.626  0.035% neg 0  invalid 762 tFOTS 0.0000 tGradient 1.8710 tsec 2.0650
#GCMRL#  180 dt  92.480000 rms  0.625  0.035% neg 0  invalid 762 tFOTS 0.0000 tGradient 1.8310 tsec 2.0150
#GCMRL#  181 dt  92.480000 rms  0.625  0.033% neg 0  invalid 762 tFOTS 0.0000 tGradient 1.7780 tsec 1.9640
#GCMRL#  182 dt  92.480000 rms  0.625  0.035% neg 0  invalid 762 tFOTS 0.0000 tGradient 1.9200 tsec 2.1150
#GCMRL#  183 dt  92.480000 rms  0.625  0.031% neg 0  invalid 762 tFOTS 0.0000 tGradient 1.8120 tsec 1.9990
#GCMRL#  184 dt  92.480000 rms  0.625  0.031% neg 0  invalid 762 tFOTS 0.0000 tGradient 1.7800 tsec 1.9680
#GCMRL#  185 dt  92.480000 rms  0.624  0.030% neg 0  invalid 762 tFOTS 0.0000 tGradient 1.7920 tsec 1.9750
#GCMRL#  186 dt  92.480000 rms  0.624  0.030% neg 0  invalid 762 tFOTS 0.0000 tGradient 1.8160 tsec 1.9980
#GCMRL#  187 dt  92.480000 rms  0.624  0.030% neg 0  invalid 762 tFOTS 0.0000 tGradient 1.8310 tsec 2.0110
#GCMRL#  188 dt  92.480000 rms  0.624  0.029% neg 0  invalid 762 tFOTS 0.0000 tGradient 1.7890 tsec 1.9700
#GCMRL#  189 dt  92.480000 rms  0.624  0.028% neg 0  invalid 762 tFOTS 0.0000 tGradient 1.7670 tsec 1.9570
#GCMRL#  190 dt  92.480000 rms  0.624  0.029% neg 0  invalid 762 tFOTS 0.0000 tGradient 1.7980 tsec 1.9830
#GCMRL#  191 dt  92.480000 rms  0.623  0.028% neg 0  invalid 762 tFOTS 0.0000 tGradient 1.8350 tsec 2.0160
#GCMRL#  192 dt  92.480000 rms  0.623  0.028% neg 0  invalid 762 tFOTS 0.0000 tGradient 1.7790 tsec 1.9660
#GCMRL#  193 dt  92.480000 rms  0.623  0.028% neg 0  invalid 762 tFOTS 0.0000 tGradient 1.8220 tsec 2.0100
#GCMRL#  194 dt  92.480000 rms  0.623  0.027% neg 0  invalid 762 tFOTS 0.0000 tGradient 1.7600 tsec 1.9430
#GCMRL#  195 dt  92.480000 rms  0.623  0.027% neg 0  invalid 762 tFOTS 0.0000 tGradient 1.7710 tsec 1.9560
#GCMRL#  196 dt  92.480000 rms  0.623  0.026% neg 0  invalid 762 tFOTS 0.0000 tGradient 1.7690 tsec 1.9540
#GCMRL#  197 dt  92.480000 rms  0.622  0.027% neg 0  invalid 762 tFOTS 0.0000 tGradient 1.8550 tsec 2.0520
#GCMRL#  198 dt  92.480000 rms  0.622  0.027% neg 0  invalid 762 tFOTS 0.0000 tGradient 1.7950 tsec 1.9810
#GCMRL#  199 dt  92.480000 rms  0.622  0.027% neg 0  invalid 762 tFOTS 0.0000 tGradient 1.8090 tsec 1.9910
#GCMRL#  200 dt  92.480000 rms  0.622  0.026% neg 0  invalid 762 tFOTS 0.0000 tGradient 1.8120 tsec 2.0070
#GCMRL#  201 dt  92.480000 rms  0.622  0.026% neg 0  invalid 762 tFOTS 0.0000 tGradient 1.8030 tsec 1.9890
#GCMRL#  202 dt  92.480000 rms  0.622  0.027% neg 0  invalid 762 tFOTS 0.0000 tGradient 1.7350 tsec 1.9150
#GCMRL#  203 dt  92.480000 rms  0.621  0.025% neg 0  invalid 762 tFOTS 0.0000 tGradient 1.8450 tsec 2.0280
#GCMRL#  204 dt  92.480000 rms  0.621  0.025% neg 0  invalid 762 tFOTS 0.0000 tGradient 1.8270 tsec 2.0180
#GCMRL#  205 dt  92.480000 rms  0.621  0.025% neg 0  invalid 762 tFOTS 0.0000 tGradient 1.8150 tsec 2.0000
#GCMRL#  206 dt  92.480000 rms  0.621  0.025% neg 0  invalid 762 tFOTS 0.0000 tGradient 1.7790 tsec 1.9630
#GCMRL#  207 dt  92.480000 rms  0.621  0.024% neg 0  invalid 762 tFOTS 0.0000 tGradient 1.7940 tsec 1.9880
#GCMRL#  208 dt 23674.880000 rms  0.619  0.219% neg 0  invalid 762 tFOTS 2.7320 tGradient 1.8420 tsec 4.7720
#FOTS# QuadFit found better minimum quadopt=(dt=129.472,rms=0.617954) vs oldopt=(dt=92.48,rms=0.618214)
#GCMRL#  209 dt 129.472000 rms  0.618  0.238% neg 0  invalid 762 tFOTS 2.5870 tGradient 1.8280 tsec 4.6190
#FOTS# QuadFit found better minimum quadopt=(dt=221.952,rms=0.617741) vs oldopt=(dt=369.92,rms=0.617784)
#GCMRL#  210 dt 221.952000 rms  0.618  0.000% neg 0  invalid 762 tFOTS 2.6810 tGradient 1.8480 tsec 4.7400
#GCMRL#  211 dt 221.952000 rms  0.618  0.010% neg 0  invalid 762 tFOTS 0.0000 tGradient 1.7940 tsec 1.9770
#GCMRL#  212 dt 221.952000 rms  0.618  0.028% neg 0  invalid 762 tFOTS 0.0000 tGradient 1.8690 tsec 2.0490
#GCMRL#  213 dt 221.952000 rms  0.617  0.011% neg 0  invalid 762 tFOTS 0.0000 tGradient 1.8210 tsec 2.0040
#GCMRL#  214 dt 221.952000 rms  0.617  0.030% neg 0  invalid 762 tFOTS 0.0000 tGradient 1.8390 tsec 2.0200
#GCMRL#  215 dt 221.952000 rms  0.617  0.020% neg 0  invalid 762 tFOTS 0.0000 tGradient 1.8290 tsec 2.0120
#GCMRL#  216 dt 221.952000 rms  0.617  0.007% neg 0  invalid 762 tFOTS 0.0000 tGradient 1.8420 tsec 2.0450
#FOTS# QuadFit found better minimum quadopt=(dt=129.472,rms=0.617032) vs oldopt=(dt=92.48,rms=0.61704)
#GCMRL#  217 dt 129.472000 rms  0.617  0.009% neg 0  invalid 762 tFOTS 2.6660 tGradient 1.8670 tsec 4.7310
#FOTS# QuadFit found better minimum quadopt=(dt=73.984,rms=0.617007) vs oldopt=(dt=92.48,rms=0.617008)
#GCMRL#  218 dt  73.984000 rms  0.617  0.000% neg 0  invalid 762 tFOTS 2.7610 tGradient 1.8420 tsec 4.8110
#GCMRL#  219 dt  73.984000 rms  0.617  0.001% neg 0  invalid 762 tFOTS 0.0000 tGradient 1.9180 tsec 2.1020
#GCMRL#  220 dt  73.984000 rms  0.617  0.002% neg 0  invalid 762 tFOTS 0.0000 tGradient 1.8380 tsec 2.0260
#GCMRL#  221 dt  73.984000 rms  0.617  0.003% neg 0  invalid 762 tFOTS 0.0000 tGradient 1.8350 tsec 2.0190
#GCMRL#  222 dt  73.984000 rms  0.617  0.004% neg 0  invalid 762 tFOTS 0.0000 tGradient 1.8920 tsec 2.0770
#GCMRL#  223 dt  73.984000 rms  0.617  0.004% neg 0  invalid 762 tFOTS 0.0000 tGradient 1.8090 tsec 1.9950
#GCMRL#  224 dt  73.984000 rms  0.617  0.005% neg 0  invalid 762 tFOTS 0.0000 tGradient 1.8680 tsec 2.0500
#GCMRL#  225 dt  73.984000 rms  0.617  0.005% neg 0  invalid 762 tFOTS 0.0000 tGradient 1.9040 tsec 2.0890
#GCMRL#  226 dt  73.984000 rms  0.617  0.005% neg 0  invalid 762 tFOTS 0.0000 tGradient 1.8380 tsec 2.0230
#GCMRL#  227 dt  73.984000 rms  0.617  0.006% neg 0  invalid 762 tFOTS 0.0000 tGradient 1.8260 tsec 2.0130
#GCMRL#  228 dt  73.984000 rms  0.617  0.006% neg 0  invalid 762 tFOTS 0.0000 tGradient 1.9240 tsec 2.1170
#GCMRL#  229 dt  73.984000 rms  0.617  0.007% neg 0  invalid 762 tFOTS 0.0000 tGradient 1.8660 tsec 2.0500

#GCAMreg# pass 0 level1 5 level2 1 tsec 317.409 sigma 0.5
l_jacobian=1.00 l_label=1.00 l_log_likelihood=0.20 l_smoothness=0.01 
tol=5.00e-02, dt=5.00e-02, exp_k=20.0, momentum=0.90, levels=6, niter=500, lbl_dist=10.00, avgs=256, sigma=0.5,type=2, relabel=0, neg=no

blurring input image with Gaussian with sigma=0.500...
GCAMRegisterLevel(): init RMS 0.617144
#FOTS# QuadFit found better minimum quadopt=(dt=221.952,rms=0.61612) vs oldopt=(dt=369.92,rms=0.616272)
#GCMRL#  231 dt 221.952000 rms  0.616  0.166% neg 0  invalid 762 tFOTS 2.5920 tGradient 1.8410 tsec 4.6340
#GCMRL#  232 dt 369.920000 rms  0.616  0.077% neg 0  invalid 762 tFOTS 2.8220 tGradient 1.8360 tsec 4.8590
#FOTS# QuadFit found better minimum quadopt=(dt=110.976,rms=0.615523) vs oldopt=(dt=92.48,rms=0.615528)
#GCMRL#  233 dt 110.976000 rms  0.616  0.000% neg 0  invalid 762 tFOTS 2.6200 tGradient 1.8920 tsec 4.7270
#GCMRL#  234 dt 110.976000 rms  0.615  0.015% neg 0  invalid 762 tFOTS 0.0000 tGradient 1.8290 tsec 2.0170
#GCMRL#  235 dt 110.976000 rms  0.615  0.016% neg 0  invalid 762 tFOTS 0.0000 tGradient 1.8690 tsec 2.0530
#GCMRL#  236 dt 110.976000 rms  0.615  0.024% neg 0  invalid 762 tFOTS 0.0000 tGradient 1.8400 tsec 2.0270
#GCMRL#  237 dt 110.976000 rms  0.615  0.029% neg 0  invalid 762 tFOTS 0.0000 tGradient 1.8520 tsec 2.0370
#GCMRL#  238 dt 110.976000 rms  0.615  0.030% neg 0  invalid 762 tFOTS 0.0000 tGradient 1.8680 tsec 2.0500
#GCMRL#  239 dt 110.976000 rms  0.615  0.028% neg 0  invalid 762 tFOTS 0.0000 tGradient 1.8720 tsec 2.0590
#GCMRL#  240 dt 110.976000 rms  0.614  0.027% neg 0  invalid 762 tFOTS 0.0000 tGradient 1.8630 tsec 2.0510
#GCMRL#  241 dt 110.976000 rms  0.614  0.023% neg 0  invalid 762 tFOTS 0.0000 tGradient 1.8310 tsec 2.0170
#GCMRL#  242 dt 110.976000 rms  0.614  0.022% neg 0  invalid 762 tFOTS 0.0000 tGradient 1.7840 tsec 1.9900
#FOTS# QuadFit found better minimum quadopt=(dt=1183.74,rms=0.614089) vs oldopt=(dt=1479.68,rms=0.614105)
#GCMRL#  243 dt 1183.744000 rms  0.614  0.000% neg 0  invalid 762 tFOTS 2.7740 tGradient 1.7870 tsec 4.7690
setting smoothness cost coefficient to 0.031

#GCAMreg# pass 0 level1 4 level2 0 tsec 0 sigma 2
l_jacobian=1.00 l_label=1.00 l_log_likelihood=0.20 l_smoothness=0.03 
tol=5.00e-02, dt=5.00e-02, exp_k=20.0, momentum=0.90, levels=6, niter=500, lbl_dist=10.00, avgs=64, sigma=2.0,type=2, relabel=0, neg=no

blurring input image with Gaussian with sigma=2.000...
GCAMRegisterLevel(): init RMS 0.617096
#FOTS# QuadFit found better minimum quadopt=(dt=184.889,rms=0.612265) vs oldopt=(dt=103.68,rms=0.612937)
#GCMRL#  245 dt 184.888889 rms  0.612  0.783% neg 0  invalid 762 tFOTS 2.5710 tGradient 1.4340 tsec 4.2040
#FOTS# QuadFit found better minimum quadopt=(dt=119.646,rms=0.606605) vs oldopt=(dt=103.68,rms=0.606694)
#GCMRL#  246 dt 119.645688 rms  0.607  0.924% neg 0  invalid 762 tFOTS 2.5900 tGradient 1.4600 tsec 4.2510
#FOTS# QuadFit found better minimum quadopt=(dt=62.6427,rms=0.60358) vs oldopt=(dt=103.68,rms=0.604533)
#GCMRL#  247 dt  62.642741 rms  0.604  0.499% neg 0  invalid 762 tFOTS 2.5910 tGradient 1.4040 tsec 4.1890
#FOTS# QuadFit found better minimum quadopt=(dt=331.776,rms=0.598526) vs oldopt=(dt=414.72,rms=0.598942)
#GCMRL#  248 dt 331.776000 rms  0.599  0.837% neg 0  invalid 762 tFOTS 2.4810 tGradient 1.4970 tsec 4.1910
#FOTS# QuadFit found better minimum quadopt=(dt=64.3902,rms=0.59409) vs oldopt=(dt=25.92,rms=0.595201)
#GCMRL#  249 dt  64.390244 rms  0.594  0.741% neg 0  invalid 762 tFOTS 2.7070 tGradient 1.4180 tsec 4.3370
#GCMRL#  250 dt 103.680000 rms  0.592  0.319% neg 0  invalid 762 tFOTS 2.7340 tGradient 1.4830 tsec 4.4190
#FOTS# QuadFit found better minimum quadopt=(dt=72.2657,rms=0.590564) vs oldopt=(dt=103.68,rms=0.590823)
#GCMRL#  251 dt  72.265683 rms  0.591  0.276% neg 0  invalid 762 tFOTS 2.7040 tGradient 1.4690 tsec 4.3800
#FOTS# QuadFit found better minimum quadopt=(dt=124.416,rms=0.589142) vs oldopt=(dt=103.68,rms=0.589169)
#GCMRL#  252 dt 124.416000 rms  0.589  0.241% neg 0  invalid 762 tFOTS 2.4920 tGradient 1.3410 tsec 4.0410
#FOTS# QuadFit found better minimum quadopt=(dt=65.4689,rms=0.5875) vs oldopt=(dt=103.68,rms=0.587912)
#GCMRL#  253 dt  65.468852 rms  0.588  0.279% neg 0  invalid 762 tFOTS 2.6640 tGradient 1.4180 tsec 4.2900
#FOTS# QuadFit found better minimum quadopt=(dt=124.416,rms=0.586395) vs oldopt=(dt=103.68,rms=0.586409)
#GCMRL#  254 dt 124.416000 rms  0.586  0.188% neg 0  invalid 762 tFOTS 2.4600 tGradient 1.3700 tsec 4.0420
#FOTS# QuadFit found better minimum quadopt=(dt=69.0337,rms=0.584835) vs oldopt=(dt=103.68,rms=0.58513)
#GCMRL#  255 dt  69.033708 rms  0.585  0.266% neg 0  invalid 762 tFOTS 2.7240 tGradient 1.4130 tsec 4.3440
#GCMRL#  256 dt 103.680000 rms  0.584  0.149% neg 0  invalid 762 tFOTS 2.5650 tGradient 1.3810 tsec 4.1500
#FOTS# QuadFit found better minimum quadopt=(dt=82.2857,rms=0.582625) vs oldopt=(dt=103.68,rms=0.582713)
#GCMRL#  257 dt  82.285714 rms  0.583  0.229% neg 0  invalid 762 tFOTS 2.6930 tGradient 1.3830 tsec 4.2860
#FOTS# QuadFit found better minimum quadopt=(dt=82.944,rms=0.581924) vs oldopt=(dt=103.68,rms=0.582029)
#GCMRL#  258 dt  82.944000 rms  0.582  0.120% neg 0  invalid 762 tFOTS 2.6100 tGradient 1.4310 tsec 4.2540
#GCMRL#  259 dt 103.680000 rms  0.581  0.212% neg 0  invalid 762 tFOTS 2.7220 tGradient 1.3930 tsec 4.3240
#FOTS# QuadFit found better minimum quadopt=(dt=36.288,rms=0.580146) vs oldopt=(dt=25.92,rms=0.580265)
#GCMRL#  260 dt  36.288000 rms  0.580  0.093% neg 0  invalid 762 tFOTS 2.5450 tGradient 1.4220 tsec 4.1840
#FOTS# QuadFit found better minimum quadopt=(dt=580.608,rms=0.577239) vs oldopt=(dt=414.72,rms=0.577541)
#GCMRL#  261 dt 580.608000 rms  0.577  0.501% neg 0  invalid 762 tFOTS 2.7480 tGradient 1.4450 tsec 4.4020
#FOTS# QuadFit found better minimum quadopt=(dt=67.5556,rms=0.574796) vs oldopt=(dt=25.92,rms=0.575298)
#GCMRL#  262 dt  67.555556 rms  0.575  0.423% neg 0  invalid 762 tFOTS 2.7460 tGradient 1.3840 tsec 4.3350
#FOTS# QuadFit found better minimum quadopt=(dt=36.288,rms=0.574185) vs oldopt=(dt=25.92,rms=0.574287)
#GCMRL#  263 dt  36.288000 rms  0.574  0.106% neg 0  invalid 762 tFOTS 2.5510 tGradient 1.3790 tsec 4.1310
#GCMRL#  264 dt 414.720000 rms  0.573  0.262% neg 0  invalid 762 tFOTS 2.6750 tGradient 1.4720 tsec 4.3530
#FOTS# QuadFit found better minimum quadopt=(dt=36.288,rms=0.571247) vs oldopt=(dt=25.92,rms=0.571506)
#GCMRL#  265 dt  36.288000 rms  0.571  0.251% neg 0  invalid 762 tFOTS 2.6060 tGradient 1.3880 tsec 4.1960
#FOTS# QuadFit found better minimum quadopt=(dt=145.152,rms=0.570516) vs oldopt=(dt=103.68,rms=0.570626)
#GCMRL#  266 dt 145.152000 rms  0.571  0.128% neg 0  invalid 762 tFOTS 2.5810 tGradient 1.3980 tsec 4.1840
#FOTS# QuadFit found better minimum quadopt=(dt=36.288,rms=0.570199) vs oldopt=(dt=25.92,rms=0.570275)
#GCMRL#  267 dt  36.288000 rms  0.570  0.056% neg 0  invalid 762 tFOTS 2.5830 tGradient 1.4080 tsec 4.1930
#FOTS# QuadFit found better minimum quadopt=(dt=580.608,rms=0.568355) vs oldopt=(dt=414.72,rms=0.568569)
#GCMRL#  268 dt 580.608000 rms  0.568  0.323% neg 0  invalid 762 tFOTS 2.5600 tGradient 1.4320 tsec 4.1920
#FOTS# QuadFit found better minimum quadopt=(dt=36.288,rms=0.566983) vs oldopt=(dt=25.92,rms=0.567219)
#GCMRL#  269 dt  36.288000 rms  0.567  0.241% neg 0  invalid 762 tFOTS 2.5820 tGradient 1.4150 tsec 4.1940
#FOTS# QuadFit found better minimum quadopt=(dt=124.416,rms=0.566538) vs oldopt=(dt=103.68,rms=0.566555)
#GCMRL#  270 dt 124.416000 rms  0.567  0.078% neg 0  invalid 762 tFOTS 2.5750 tGradient 1.4720 tsec 4.2510
#FOTS# QuadFit found better minimum quadopt=(dt=62.208,rms=0.566147) vs oldopt=(dt=103.68,rms=0.566223)
#GCMRL#  271 dt  62.208000 rms  0.566  0.069% neg 0  invalid 762 tFOTS 2.5700 tGradient 1.4350 tsec 4.2050
#FOTS# QuadFit found better minimum quadopt=(dt=145.152,rms=0.565548) vs oldopt=(dt=103.68,rms=0.565645)
#GCMRL#  272 dt 145.152000 rms  0.566  0.106% neg 0  invalid 762 tFOTS 2.3760 tGradient 1.4960 tsec 4.0550
#FOTS# QuadFit found better minimum quadopt=(dt=36.288,rms=0.56531) vs oldopt=(dt=25.92,rms=0.565366)
#GCMRL#  273 dt  36.288000 rms  0.565  0.000% neg 0  invalid 762 tFOTS 2.5280 tGradient 1.4670 tsec 4.2150
#GCMRL#  274 dt  36.288000 rms  0.565  0.033% neg 0  invalid 762 tFOTS 0.0000 tGradient 1.4470 tsec 1.6340
#GCMRL#  275 dt  36.288000 rms  0.565  0.051% neg 0  invalid 762 tFOTS 0.0000 tGradient 1.4990 tsec 1.6830
#GCMRL#  276 dt  36.288000 rms  0.564  0.074% neg 0  invalid 762 tFOTS 0.0000 tGradient 1.4690 tsec 1.6510
#GCMRL#  277 dt  36.288000 rms  0.564  0.094% neg 0  invalid 762 tFOTS 0.0000 tGradient 1.4610 tsec 1.6490
#GCMRL#  278 dt  36.288000 rms  0.563  0.107% neg 0  invalid 762 tFOTS 0.0000 tGradient 1.5060 tsec 1.6890
#GCMRL#  279 dt  36.288000 rms  0.563  0.120% neg 0  invalid 762 tFOTS 0.0000 tGradient 1.4690 tsec 1.6570
#GCMRL#  280 dt  36.288000 rms  0.562  0.130% neg 0  invalid 762 tFOTS 0.0000 tGradient 1.5040 tsec 1.6890
#GCMRL#  281 dt  36.288000 rms  0.561  0.140% neg 0  invalid 762 tFOTS 0.0000 tGradient 1.4350 tsec 1.6170
#GCMRL#  282 dt  36.288000 rms  0.560  0.148% neg 0  invalid 762 tFOTS 0.0000 tGradient 1.4600 tsec 1.6380
#GCMRL#  283 dt  36.288000 rms  0.559  0.150% neg 0  invalid 762 tFOTS 0.0000 tGradient 1.4310 tsec 1.6240
#GCMRL#  284 dt  36.288000 rms  0.559  0.146% neg 0  invalid 762 tFOTS 0.0000 tGradient 1.4300 tsec 1.6140
#GCMRL#  285 dt  36.288000 rms  0.558  0.147% neg 0  invalid 762 tFOTS 0.0000 tGradient 1.4430 tsec 1.6200
#GCMRL#  286 dt  36.288000 rms  0.557  0.145% neg 0  invalid 762 tFOTS 0.0000 tGradient 1.3930 tsec 1.5830
#GCMRL#  287 dt  36.288000 rms  0.556  0.143% neg 0  invalid 762 tFOTS 0.0000 tGradient 1.4520 tsec 1.6430
#GCMRL#  288 dt  36.288000 rms  0.555  0.144% neg 0  invalid 762 tFOTS 0.0000 tGradient 1.4210 tsec 1.6090
#GCMRL#  289 dt  36.288000 rms  0.555  0.143% neg 0  invalid 762 tFOTS 0.0000 tGradient 1.3950 tsec 1.5800
#GCMRL#  290 dt  36.288000 rms  0.554  0.138% neg 0  invalid 762 tFOTS 0.0000 tGradient 1.4150 tsec 1.6050
#GCMRL#  291 dt  36.288000 rms  0.553  0.130% neg 0  invalid 762 tFOTS 0.0000 tGradient 1.3910 tsec 1.5820
#GCMRL#  292 dt  36.288000 rms  0.552  0.122% neg 0  invalid 762 tFOTS 0.0000 tGradient 1.4690 tsec 1.6610
#GCMRL#  293 dt  36.288000 rms  0.552  0.115% neg 0  invalid 762 tFOTS 0.0000 tGradient 1.4330 tsec 1.6310
#GCMRL#  294 dt  36.288000 rms  0.551  0.111% neg 0  invalid 762 tFOTS 0.0000 tGradient 1.4610 tsec 1.6520
#GCMRL#  295 dt  36.288000 rms  0.551  0.109% neg 0  invalid 762 tFOTS 0.0000 tGradient 1.5440 tsec 1.7340
#GCMRL#  296 dt  36.288000 rms  0.550  0.104% neg 0  invalid 762 tFOTS 0.0000 tGradient 1.5330 tsec 1.7220
#GCMRL#  297 dt  36.288000 rms  0.549  0.101% neg 0  invalid 762 tFOTS 0.0000 tGradient 1.4650 tsec 1.6510
#GCMRL#  298 dt  36.288000 rms  0.549  0.093% neg 0  invalid 762 tFOTS 0.0000 tGradient 1.4470 tsec 1.6430
#GCMRL#  299 dt  36.288000 rms  0.548  0.090% neg 0  invalid 762 tFOTS 0.0000 tGradient 1.3530 tsec 1.5440
#GCMRL#  300 dt  36.288000 rms  0.548  0.082% neg 0  invalid 762 tFOTS 0.0000 tGradient 1.4110 tsec 1.6070
#GCMRL#  301 dt  36.288000 rms  0.548  0.079% neg 0  invalid 762 tFOTS 0.0000 tGradient 1.3990 tsec 1.5900
#GCMRL#  302 dt  36.288000 rms  0.547  0.079% neg 0  invalid 762 tFOTS 0.0000 tGradient 1.4190 tsec 1.6040
#GCMRL#  303 dt  36.288000 rms  0.547  0.076% neg 0  invalid 762 tFOTS 0.0000 tGradient 1.3760 tsec 1.5650
#GCMRL#  304 dt  36.288000 rms  0.546  0.073% neg 0  invalid 762 tFOTS 0.0000 tGradient 1.3910 tsec 1.5780
#GCMRL#  305 dt  36.288000 rms  0.546  0.073% neg 0  invalid 762 tFOTS 0.0000 tGradient 1.4190 tsec 1.6120
#GCMRL#  306 dt  36.288000 rms  0.546  0.068% neg 0  invalid 762 tFOTS 0.0000 tGradient 1.3630 tsec 1.5470
#GCMRL#  307 dt  36.288000 rms  0.545  0.065% neg 0  invalid 762 tFOTS 0.0000 tGradient 1.3940 tsec 1.5820
#GCMRL#  308 dt  36.288000 rms  0.545  0.060% neg 0  invalid 762 tFOTS 0.0000 tGradient 1.3520 tsec 1.5420
#GCMRL#  309 dt  36.288000 rms  0.545  0.059% neg 0  invalid 762 tFOTS 0.0000 tGradient 1.3820 tsec 1.5820
#GCMRL#  310 dt  36.288000 rms  0.544  0.056% neg 0  invalid 762 tFOTS 0.0000 tGradient 1.4120 tsec 1.5980
#GCMRL#  311 dt  36.288000 rms  0.544  0.056% neg 0  invalid 762 tFOTS 0.0000 tGradient 1.4480 tsec 1.6370
#GCMRL#  312 dt  36.288000 rms  0.544  0.055% neg 0  invalid 762 tFOTS 0.0000 tGradient 1.4030 tsec 1.5980
#GCMRL#  313 dt  36.288000 rms  0.543  0.056% neg 0  invalid 762 tFOTS 0.0000 tGradient 1.4690 tsec 1.6550
#GCMRL#  314 dt  36.288000 rms  0.543  0.051% neg 0  invalid 762 tFOTS 0.0000 tGradient 1.4250 tsec 1.6120
#GCMRL#  315 dt  36.288000 rms  0.543  0.047% neg 0  invalid 762 tFOTS 0.0000 tGradient 1.4540 tsec 1.6390
#GCMRL#  316 dt  36.288000 rms  0.543  0.043% neg 0  invalid 762 tFOTS 0.0000 tGradient 1.4240 tsec 1.6100
#GCMRL#  317 dt  36.288000 rms  0.542  0.042% neg 0  invalid 762 tFOTS 0.0000 tGradient 1.4690 tsec 1.6610
#GCMRL#  318 dt  36.288000 rms  0.542  0.047% neg 0  invalid 762 tFOTS 0.0000 tGradient 1.4950 tsec 1.6840
#GCMRL#  319 dt  36.288000 rms  0.542  0.048% neg 0  invalid 762 tFOTS 0.0000 tGradient 1.4460 tsec 1.6300
#GCMRL#  320 dt  36.288000 rms  0.542  0.048% neg 0  invalid 762 tFOTS 0.0000 tGradient 1.4510 tsec 1.6370
#GCMRL#  321 dt  36.288000 rms  0.541  0.045% neg 0  invalid 762 tFOTS 0.0000 tGradient 1.4460 tsec 1.6280
#GCMRL#  322 dt  36.288000 rms  0.541  0.041% neg 0  invalid 762 tFOTS 0.0000 tGradient 1.4610 tsec 1.6470
#GCMRL#  323 dt  36.288000 rms  0.541  0.039% neg 0  invalid 762 tFOTS 0.0000 tGradient 1.3910 tsec 1.5740
#GCMRL#  324 dt  36.288000 rms  0.541  0.040% neg 0  invalid 762 tFOTS 0.0000 tGradient 1.4170 tsec 1.6010
#GCMRL#  325 dt  36.288000 rms  0.540  0.042% neg 0  invalid 762 tFOTS 0.0000 tGradient 1.4480 tsec 1.6760
#GCMRL#  326 dt  36.288000 rms  0.540  0.043% neg 0  invalid 762 tFOTS 0.0000 tGradient 1.4140 tsec 1.6030
#GCMRL#  327 dt  36.288000 rms  0.540  0.041% neg 0  invalid 762 tFOTS 0.0000 tGradient 1.4190 tsec 1.6050
#GCMRL#  328 dt  36.288000 rms  0.540  0.039% neg 0  invalid 762 tFOTS 0.0000 tGradient 1.4260 tsec 1.6100
#GCMRL#  329 dt  36.288000 rms  0.540  0.035% neg 0  invalid 762 tFOTS 0.0000 tGradient 1.4520 tsec 1.6390
#GCMRL#  330 dt  36.288000 rms  0.539  0.032% neg 0  invalid 762 tFOTS 0.0000 tGradient 1.4540 tsec 1.6500
#GCMRL#  331 dt  36.288000 rms  0.539  0.030% neg 0  invalid 762 tFOTS 0.0000 tGradient 1.4180 tsec 1.6070
#GCMRL#  332 dt  36.288000 rms  0.539  0.031% neg 0  invalid 762 tFOTS 0.0000 tGradient 1.4710 tsec 1.6570
#GCMRL#  333 dt  36.288000 rms  0.539  0.034% neg 0  invalid 762 tFOTS 0.0000 tGradient 1.4420 tsec 1.6320
#GCMRL#  334 dt  36.288000 rms  0.539  0.034% neg 0  invalid 762 tFOTS 0.0000 tGradient 1.4770 tsec 1.6620
#GCMRL#  335 dt  36.288000 rms  0.539  0.034% neg 0  invalid 762 tFOTS 0.0000 tGradient 1.4750 tsec 1.6620
#GCMRL#  336 dt  36.288000 rms  0.538  0.033% neg 0  invalid 762 tFOTS 0.0000 tGradient 1.4560 tsec 1.6330
#GCMRL#  337 dt  36.288000 rms  0.538  0.028% neg 0  invalid 762 tFOTS 0.0000 tGradient 1.3790 tsec 1.5690
#GCMRL#  338 dt  36.288000 rms  0.538  0.030% neg 0  invalid 762 tFOTS 0.0000 tGradient 1.4510 tsec 1.6420
#GCMRL#  339 dt  36.288000 rms  0.538  0.030% neg 0  invalid 762 tFOTS 0.0000 tGradient 1.4840 tsec 1.6690
#GCMRL#  340 dt  36.288000 rms  0.538  0.030% neg 0  invalid 762 tFOTS 0.0000 tGradient 1.4580 tsec 1.6610
#GCMRL#  341 dt  36.288000 rms  0.538  0.030% neg 0  invalid 762 tFOTS 0.0000 tGradient 1.4590 tsec 1.6520
#GCMRL#  342 dt  36.288000 rms  0.537  0.029% neg 0  invalid 762 tFOTS 0.0000 tGradient 1.4240 tsec 1.6090
#GCMRL#  343 dt  36.288000 rms  0.537  0.027% neg 0  invalid 762 tFOTS 0.0000 tGradient 1.4790 tsec 1.6720
#GCMRL#  344 dt  36.288000 rms  0.537  0.024% neg 0  invalid 762 tFOTS 0.0000 tGradient 1.3990 tsec 1.5850
#GCMRL#  345 dt  36.288000 rms  0.537  0.022% neg 0  invalid 762 tFOTS 0.0000 tGradient 1.3990 tsec 1.5970
#FOTS# QuadFit found better minimum quadopt=(dt=1327.1,rms=0.536661) vs oldopt=(dt=1658.88,rms=0.536685)
#GCMRL#  346 dt 1327.104000 rms  0.537  0.064% neg 0  invalid 762 tFOTS 2.6290 tGradient 1.4150 tsec 4.2410
#FOTS# QuadFit found better minimum quadopt=(dt=36.288,rms=0.5365) vs oldopt=(dt=25.92,rms=0.536524)
#GCMRL#  347 dt  36.288000 rms  0.537  0.000% neg 0  invalid 762 tFOTS 2.5500 tGradient 1.4320 tsec 4.1980
#GCMRL#  348 dt  36.288000 rms  0.536  0.006% neg 0  invalid 762 tFOTS 0.0000 tGradient 1.4650 tsec 1.6490

#GCAMreg# pass 0 level1 4 level2 1 tsec 259.854 sigma 0.5
l_jacobian=1.00 l_label=1.00 l_log_likelihood=0.20 l_smoothness=0.03 
tol=5.00e-02, dt=5.00e-02, exp_k=20.0, momentum=0.90, levels=6, niter=500, lbl_dist=10.00, avgs=64, sigma=0.5,type=2, relabel=0, neg=no

blurring input image with Gaussian with sigma=0.500...
GCAMRegisterLevel(): init RMS 0.537145
#GCMRL#  350 dt 103.680000 rms  0.535  0.387% neg 0  invalid 762 tFOTS 2.5090 tGradient 1.4930 tsec 4.2040
#FOTS# QuadFit found better minimum quadopt=(dt=36.288,rms=0.534587) vs oldopt=(dt=25.92,rms=0.534686)
#GCMRL#  351 dt  36.288000 rms  0.535  0.089% neg 0  invalid 762 tFOTS 2.4230 tGradient 1.3530 tsec 3.9760
#FOTS# QuadFit found better minimum quadopt=(dt=248.832,rms=0.533882) vs oldopt=(dt=414.72,rms=0.534084)
#GCMRL#  352 dt 248.832000 rms  0.534  0.132% neg 0  invalid 762 tFOTS 2.3770 tGradient 1.4180 tsec 3.9960
#FOTS# QuadFit found better minimum quadopt=(dt=62.208,rms=0.533472) vs oldopt=(dt=103.68,rms=0.533571)
#GCMRL#  353 dt  62.208000 rms  0.533  0.077% neg 0  invalid 762 tFOTS 2.5350 tGradient 1.3940 tsec 4.1300
#FOTS# QuadFit found better minimum quadopt=(dt=124.416,rms=0.533188) vs oldopt=(dt=103.68,rms=0.533201)
#GCMRL#  354 dt 124.416000 rms  0.533  0.053% neg 0  invalid 762 tFOTS 2.5450 tGradient 1.3280 tsec 4.0700
#FOTS# QuadFit found better minimum quadopt=(dt=36.288,rms=0.533084) vs oldopt=(dt=25.92,rms=0.533091)
#GCMRL#  355 dt  36.288000 rms  0.533  0.000% neg 0  invalid 762 tFOTS 2.6370 tGradient 1.4300 tsec 4.2800
#GCMRL#  356 dt  36.288000 rms  0.533  0.012% neg 0  invalid 762 tFOTS 0.0000 tGradient 1.3510 tsec 1.5350
#GCMRL#  357 dt  36.288000 rms  0.533  0.020% neg 0  invalid 762 tFOTS 0.0000 tGradient 1.4310 tsec 1.6170
#GCMRL#  358 dt  36.288000 rms  0.533  0.028% neg 0  invalid 762 tFOTS 0.0000 tGradient 1.3800 tsec 1.5680
#GCMRL#  359 dt  36.288000 rms  0.533  0.034% neg 0  invalid 762 tFOTS 0.0000 tGradient 1.3980 tsec 1.5850
#GCMRL#  360 dt  36.288000 rms  0.532  0.037% neg 0  invalid 762 tFOTS 0.0000 tGradient 1.3630 tsec 1.5520
#GCMRL#  361 dt  36.288000 rms  0.532  0.038% neg 0  invalid 762 tFOTS 0.0000 tGradient 1.3770 tsec 1.5670
#GCMRL#  362 dt  36.288000 rms  0.532  0.038% neg 0  invalid 762 tFOTS 0.0000 tGradient 1.3770 tsec 1.5710
#GCMRL#  363 dt  36.288000 rms  0.532  0.037% neg 0  invalid 762 tFOTS 0.0000 tGradient 1.3330 tsec 1.5210
#GCMRL#  364 dt  36.288000 rms  0.532  0.039% neg 0  invalid 762 tFOTS 0.0000 tGradient 1.3460 tsec 1.5340
#GCMRL#  365 dt  36.288000 rms  0.531  0.037% neg 0  invalid 762 tFOTS 0.0000 tGradient 1.2880 tsec 1.4850
#GCMRL#  366 dt  36.288000 rms  0.531  0.039% neg 0  invalid 762 tFOTS 0.0000 tGradient 1.3820 tsec 1.5730
#GCMRL#  367 dt  36.288000 rms  0.531  0.035% neg 0  invalid 762 tFOTS 0.0000 tGradient 1.4450 tsec 1.6310
#GCMRL#  368 dt  36.288000 rms  0.531  0.032% neg 0  invalid 762 tFOTS 0.0000 tGradient 1.3760 tsec 1.5660
#GCMRL#  369 dt  36.288000 rms  0.531  0.032% neg 0  invalid 762 tFOTS 0.0000 tGradient 1.3500 tsec 1.5430
#GCMRL#  370 dt  36.288000 rms  0.530  0.030% neg 0  invalid 762 tFOTS 0.0000 tGradient 1.3810 tsec 1.5710
#GCMRL#  371 dt  36.288000 rms  0.530  0.031% neg 0  invalid 762 tFOTS 0.0000 tGradient 1.3740 tsec 1.5610
#GCMRL#  372 dt  36.288000 rms  0.530  0.030% neg 0  invalid 762 tFOTS 0.0000 tGradient 1.4010 tsec 1.5880
#GCMRL#  373 dt  36.288000 rms  0.530  0.031% neg 0  invalid 762 tFOTS 0.0000 tGradient 1.3940 tsec 1.5850
#GCMRL#  374 dt  36.288000 rms  0.530  0.028% neg 0  invalid 762 tFOTS 0.0000 tGradient 1.4060 tsec 1.5970
#GCMRL#  375 dt  36.288000 rms  0.530  0.029% neg 0  invalid 762 tFOTS 0.0000 tGradient 1.4020 tsec 1.5950
#GCMRL#  376 dt  36.288000 rms  0.530  0.027% neg 0  invalid 762 tFOTS 0.0000 tGradient 1.3300 tsec 1.5180
#GCMRL#  377 dt  36.288000 rms  0.529  0.027% neg 0  invalid 762 tFOTS 0.0000 tGradient 1.3690 tsec 1.5550
#GCMRL#  378 dt  36.288000 rms  0.529  0.027% neg 0  invalid 762 tFOTS 0.0000 tGradient 1.4250 tsec 1.6180
#GCMRL#  379 dt  36.288000 rms  0.529  0.030% neg 0  invalid 762 tFOTS 0.0000 tGradient 1.3770 tsec 1.5650
#GCMRL#  380 dt  36.288000 rms  0.529  0.029% neg 0  invalid 762 tFOTS 0.0000 tGradient 1.3990 tsec 1.5880
#GCMRL#  381 dt  36.288000 rms  0.529  0.029% neg 0  invalid 762 tFOTS 0.0000 tGradient 1.4190 tsec 1.6080
#GCMRL#  382 dt  36.288000 rms  0.529  0.027% neg 0  invalid 762 tFOTS 0.0000 tGradient 1.4220 tsec 1.6100
#GCMRL#  383 dt  36.288000 rms  0.529  0.026% neg 0  invalid 762 tFOTS 0.0000 tGradient 1.4010 tsec 1.5890
#GCMRL#  384 dt  36.288000 rms  0.528  0.024% neg 0  invalid 762 tFOTS 0.0000 tGradient 1.3890 tsec 1.5710
#GCMRL#  385 dt  36.288000 rms  0.528  0.022% neg 0  invalid 762 tFOTS 0.0000 tGradient 1.3580 tsec 1.5590
#FOTS# QuadFit found better minimum quadopt=(dt=580.608,rms=0.528139) vs oldopt=(dt=414.72,rms=0.528158)
#GCMRL#  386 dt 580.608000 rms  0.528  0.027% neg 0  invalid 762 tFOTS 2.7190 tGradient 1.3980 tsec 4.3160
#FOTS# QuadFit found better minimum quadopt=(dt=82.944,rms=0.528055) vs oldopt=(dt=103.68,rms=0.528066)
#GCMRL#  387 dt  82.944000 rms  0.528  0.000% neg 0  invalid 762 tFOTS 2.5780 tGradient 1.3900 tsec 4.1800
#GCMRL#  388 dt  82.944000 rms  0.528  0.003% neg 0  invalid 762 tFOTS 0.0000 tGradient 1.3740 tsec 1.5610
#GCMRL#  389 dt  82.944000 rms  0.528  0.011% neg 0  invalid 762 tFOTS 0.0000 tGradient 1.3730 tsec 1.5560
#GCMRL#  390 dt  82.944000 rms  0.528  0.017% neg 0  invalid 762 tFOTS 0.0000 tGradient 1.3840 tsec 1.5690
#GCMRL#  391 dt  82.944000 rms  0.528  0.015% neg 0  invalid 762 tFOTS 0.0000 tGradient 1.4010 tsec 1.5900
#GCMRL#  392 dt  82.944000 rms  0.528  0.019% neg 0  invalid 762 tFOTS 0.0000 tGradient 1.4140 tsec 1.6020
#GCMRL#  393 dt  82.944000 rms  0.528  0.030% neg 0  invalid 762 tFOTS 0.0000 tGradient 1.4020 tsec 1.5860
#GCMRL#  394 dt  82.944000 rms  0.527  0.023% neg 0  invalid 762 tFOTS 0.0000 tGradient 1.3850 tsec 1.5720
#GCMRL#  395 dt  82.944000 rms  0.527  0.020% neg 0  invalid 762 tFOTS 0.0000 tGradient 1.3510 tsec 1.5560
#FOTS# QuadFit found better minimum quadopt=(dt=145.152,rms=0.527247) vs oldopt=(dt=103.68,rms=0.527259)
#GCMRL#  396 dt 145.152000 rms  0.527  0.000% neg 0  invalid 762 tFOTS 2.7000 tGradient 1.4220 tsec 4.3350
setting smoothness cost coefficient to 0.118

#GCAMreg# pass 0 level1 3 level2 0 tsec 0 sigma 2
l_jacobian=1.00 l_label=1.00 l_log_likelihood=0.20 l_smoothness=0.12 
tol=5.00e-02, dt=5.00e-02, exp_k=20.0, momentum=0.90, levels=6, niter=500, lbl_dist=10.00, avgs=16, sigma=2.0,type=2, relabel=0, neg=no

blurring input image with Gaussian with sigma=2.000...
GCAMRegisterLevel(): init RMS 0.541834
#FOTS# QuadFit found better minimum quadopt=(dt=25.6,rms=0.539903) vs oldopt=(dt=32,rms=0.540002)
#GCMRL#  398 dt  25.600000 rms  0.540  0.356% neg 0  invalid 762 tFOTS 2.5590 tGradient 1.2350 tsec 3.9960
#FOTS# QuadFit found better minimum quadopt=(dt=94.8364,rms=0.537483) vs oldopt=(dt=32,rms=0.538021)
#GCMRL#  399 dt  94.836364 rms  0.537  0.448% neg 0  invalid 762 tFOTS 2.5960 tGradient 1.2120 tsec 4.0090
#FOTS# QuadFit found better minimum quadopt=(dt=76.8,rms=0.532579) vs oldopt=(dt=128,rms=0.533639)
#GCMRL#  400 dt  76.800000 rms  0.533  0.912% neg 0  invalid 762 tFOTS 2.5470 tGradient 1.1380 tsec 3.8880
#FOTS# QuadFit found better minimum quadopt=(dt=22.287,rms=0.528812) vs oldopt=(dt=32,rms=0.529544)
#GCMRL#  401 dt  22.286976 rms  0.529  0.707% neg 0  invalid 762 tFOTS 2.4050 tGradient 1.1620 tsec 3.7690
#FOTS# QuadFit found better minimum quadopt=(dt=102.4,rms=0.52676) vs oldopt=(dt=128,rms=0.526832)
#GCMRL#  402 dt 102.400000 rms  0.527  0.388% neg 0  invalid 762 tFOTS 2.5700 tGradient 1.0820 tsec 3.8500
#FOTS# QuadFit found better minimum quadopt=(dt=28.9563,rms=0.524287) vs oldopt=(dt=32,rms=0.524349)
#GCMRL#  403 dt  28.956298 rms  0.524  0.470% neg 0  invalid 762 tFOTS 2.5630 tGradient 1.1650 tsec 3.9320
#FOTS# QuadFit found better minimum quadopt=(dt=25.6,rms=0.523185) vs oldopt=(dt=32,rms=0.523188)
#GCMRL#  404 dt  25.600000 rms  0.523  0.210% neg 0  invalid 762 tFOTS 2.5980 tGradient 1.1220 tsec 3.9240
#FOTS# QuadFit found better minimum quadopt=(dt=107.034,rms=0.521785) vs oldopt=(dt=32,rms=0.522098)
#GCMRL#  405 dt 107.034483 rms  0.522  0.268% neg 0  invalid 762 tFOTS 2.5640 tGradient 1.0930 tsec 3.8570
#FOTS# QuadFit found better minimum quadopt=(dt=20.1026,rms=0.519633) vs oldopt=(dt=32,rms=0.520278)
#GCMRL#  406 dt  20.102564 rms  0.520  0.412% neg 0  invalid 762 tFOTS 2.5840 tGradient 1.1040 tsec 3.8890
#FOTS# QuadFit found better minimum quadopt=(dt=179.2,rms=0.517455) vs oldopt=(dt=128,rms=0.517645)
#GCMRL#  407 dt 179.200000 rms  0.517  0.419% neg 0  invalid 762 tFOTS 2.4130 tGradient 1.1180 tsec 3.7350
#FOTS# QuadFit found better minimum quadopt=(dt=38.4,rms=0.516083) vs oldopt=(dt=32,rms=0.516113)
#GCMRL#  408 dt  38.400000 rms  0.516  0.265% neg 0  invalid 762 tFOTS 2.5520 tGradient 1.3170 tsec 4.0740
#FOTS# QuadFit found better minimum quadopt=(dt=38.4,rms=0.514699) vs oldopt=(dt=32,rms=0.514727)
#GCMRL#  409 dt  38.400000 rms  0.515  0.268% neg 0  invalid 762 tFOTS 2.6070 tGradient 1.3260 tsec 4.1320
#FOTS# QuadFit found better minimum quadopt=(dt=24.7887,rms=0.514156) vs oldopt=(dt=32,rms=0.514263)
#GCMRL#  410 dt  24.788732 rms  0.514  0.106% neg 0  invalid 762 tFOTS 2.6010 tGradient 1.0980 tsec 3.9040
#FOTS# QuadFit found better minimum quadopt=(dt=44.8,rms=0.513379) vs oldopt=(dt=32,rms=0.513474)
#GCMRL#  411 dt  44.800000 rms  0.513  0.151% neg 0  invalid 762 tFOTS 2.6180 tGradient 1.1660 tsec 3.9840
#FOTS# QuadFit found better minimum quadopt=(dt=25.6,rms=0.512959) vs oldopt=(dt=32,rms=0.512977)
#GCMRL#  412 dt  25.600000 rms  0.513  0.082% neg 0  invalid 762 tFOTS 2.6520 tGradient 1.1050 tsec 3.9570
#FOTS# QuadFit found better minimum quadopt=(dt=44.8,rms=0.512399) vs oldopt=(dt=32,rms=0.512504)
#GCMRL#  413 dt  44.800000 rms  0.512  0.109% neg 0  invalid 762 tFOTS 2.4660 tGradient 1.1430 tsec 3.8190
#FOTS# QuadFit found better minimum quadopt=(dt=25.6,rms=0.512071) vs oldopt=(dt=32,rms=0.512074)
#GCMRL#  414 dt  25.600000 rms  0.512  0.064% neg 0  invalid 762 tFOTS 2.6510 tGradient 1.1250 tsec 3.9840
#FOTS# QuadFit found better minimum quadopt=(dt=44.8,rms=0.511571) vs oldopt=(dt=32,rms=0.511665)
#GCMRL#  415 dt  44.800000 rms  0.512  0.098% neg 0  invalid 762 tFOTS 2.5190 tGradient 1.0940 tsec 3.8170
#FOTS# QuadFit found better minimum quadopt=(dt=25.6,rms=0.511256) vs oldopt=(dt=32,rms=0.511268)
#GCMRL#  416 dt  25.600000 rms  0.511  0.062% neg 0  invalid 762 tFOTS 2.6130 tGradient 1.1320 tsec 3.9570
#FOTS# QuadFit found better minimum quadopt=(dt=44.8,rms=0.510874) vs oldopt=(dt=32,rms=0.510916)
#GCMRL#  417 dt  44.800000 rms  0.511  0.075% neg 0  invalid 762 tFOTS 2.5100 tGradient 1.1050 tsec 3.8230
#FOTS# QuadFit found better minimum quadopt=(dt=25.6,rms=0.510555) vs oldopt=(dt=32,rms=0.510589)
#GCMRL#  418 dt  25.600000 rms  0.511  0.063% neg 0  invalid 762 tFOTS 2.6250 tGradient 1.1200 tsec 3.9560
#FOTS# QuadFit found better minimum quadopt=(dt=44.8,rms=0.510185) vs oldopt=(dt=32,rms=0.5102)
#GCMRL#  419 dt  44.800000 rms  0.510  0.072% neg 0  invalid 762 tFOTS 2.4860 tGradient 1.1430 tsec 3.8350
#FOTS# QuadFit found better minimum quadopt=(dt=25.6,rms=0.509873) vs oldopt=(dt=32,rms=0.509913)
#GCMRL#  420 dt  25.600000 rms  0.510  0.061% neg 0  invalid 762 tFOTS 2.6610 tGradient 1.1060 tsec 3.9740
#FOTS# QuadFit found better minimum quadopt=(dt=38.4,rms=0.509537) vs oldopt=(dt=32,rms=0.509544)
#GCMRL#  421 dt  38.400000 rms  0.510  0.066% neg 0  invalid 762 tFOTS 2.4550 tGradient 1.1310 tsec 3.7900
#FOTS# QuadFit found better minimum quadopt=(dt=25.6,rms=0.509268) vs oldopt=(dt=32,rms=0.509288)
#GCMRL#  422 dt  25.600000 rms  0.509  0.053% neg 0  invalid 762 tFOTS 2.6650 tGradient 1.0850 tsec 3.9600
#FOTS# QuadFit found better minimum quadopt=(dt=38.4,rms=0.508989) vs oldopt=(dt=32,rms=0.508995)
#GCMRL#  423 dt  38.400000 rms  0.509  0.055% neg 0  invalid 762 tFOTS 2.4420 tGradient 1.0990 tsec 3.7440
#FOTS# QuadFit found better minimum quadopt=(dt=25.6,rms=0.50871) vs oldopt=(dt=32,rms=0.508725)
#GCMRL#  424 dt  25.600000 rms  0.509  0.055% neg 0  invalid 762 tFOTS 2.6610 tGradient 1.1450 tsec 4.0100
#FOTS# QuadFit found better minimum quadopt=(dt=38.4,rms=0.508453) vs oldopt=(dt=32,rms=0.508455)
#GCMRL#  425 dt  38.400000 rms  0.508  0.050% neg 0  invalid 762 tFOTS 2.4910 tGradient 1.1280 tsec 3.8260
#FOTS# QuadFit found better minimum quadopt=(dt=25.6,rms=0.508175) vs oldopt=(dt=32,rms=0.508193)
#GCMRL#  426 dt  25.600000 rms  0.508  0.055% neg 0  invalid 762 tFOTS 2.7060 tGradient 1.1270 tsec 4.0460
#GCMRL#  427 dt  32.000000 rms  0.508  0.000% neg 0  invalid 762 tFOTS 2.5530 tGradient 1.1400 tsec 3.9120
#GCMRL#  428 dt  32.000000 rms  0.508  0.049% neg 0  invalid 762 tFOTS 0.0000 tGradient 1.1860 tsec 1.3740
#GCMRL#  429 dt  32.000000 rms  0.507  0.095% neg 0  invalid 762 tFOTS 0.0000 tGradient 1.1170 tsec 1.3130
#GCMRL#  430 dt  32.000000 rms  0.507  0.099% neg 0  invalid 762 tFOTS 0.0000 tGradient 1.1440 tsec 1.3300
#GCMRL#  431 dt  32.000000 rms  0.506  0.164% neg 0  invalid 762 tFOTS 0.0000 tGradient 1.1200 tsec 1.3070
#GCMRL#  432 dt  32.000000 rms  0.505  0.153% neg 0  invalid 762 tFOTS 0.0000 tGradient 1.1120 tsec 1.3000
#GCMRL#  433 dt  32.000000 rms  0.504  0.190% neg 0  invalid 762 tFOTS 0.0000 tGradient 1.1200 tsec 1.3110
#GCMRL#  434 dt  32.000000 rms  0.503  0.159% neg 0  invalid 762 tFOTS 0.0000 tGradient 1.1000 tsec 1.2890
#GCMRL#  435 dt  32.000000 rms  0.502  0.202% neg 0  invalid 762 tFOTS 0.0000 tGradient 1.1510 tsec 1.3400
#GCMRL#  436 dt  32.000000 rms  0.501  0.178% neg 0  invalid 762 tFOTS 0.0000 tGradient 1.1320 tsec 1.3230
#GCMRL#  437 dt  32.000000 rms  0.501  0.160% neg 0  invalid 762 tFOTS 0.0000 tGradient 1.1670 tsec 1.3530
#GCMRL#  438 dt  32.000000 rms  0.500  0.159% neg 0  invalid 762 tFOTS 0.0000 tGradient 1.1560 tsec 1.3500
#GCMRL#  439 dt  32.000000 rms  0.499  0.160% neg 0  invalid 762 tFOTS 0.0000 tGradient 1.1110 tsec 1.3000
#GCMRL#  440 dt  32.000000 rms  0.498  0.143% neg 0  invalid 762 tFOTS 0.0000 tGradient 1.1190 tsec 1.3070
#GCMRL#  441 dt  32.000000 rms  0.498  0.118% neg 0  invalid 762 tFOTS 0.0000 tGradient 1.1340 tsec 1.3220
#GCMRL#  442 dt  32.000000 rms  0.497  0.137% neg 0  invalid 762 tFOTS 0.0000 tGradient 1.1220 tsec 1.3060
#GCMRL#  443 dt  32.000000 rms  0.497  0.113% neg 0  invalid 762 tFOTS 0.0000 tGradient 1.1340 tsec 1.3210
#GCMRL#  444 dt  32.000000 rms  0.496  0.098% neg 0  invalid 762 tFOTS 0.0000 tGradient 1.1510 tsec 1.3450
#GCMRL#  445 dt  32.000000 rms  0.495  0.113% neg 0  invalid 762 tFOTS 0.0000 tGradient 1.1350 tsec 1.3260
#GCMRL#  446 dt  32.000000 rms  0.495  0.087% neg 0  invalid 762 tFOTS 0.0000 tGradient 1.1380 tsec 1.3320
#GCMRL#  447 dt  32.000000 rms  0.495  0.075% neg 0  invalid 762 tFOTS 0.0000 tGradient 1.1450 tsec 1.3410
#GCMRL#  448 dt  32.000000 rms  0.494  0.082% neg 0  invalid 762 tFOTS 0.0000 tGradient 1.1390 tsec 1.3310
#GCMRL#  449 dt  32.000000 rms  0.494  0.067% neg 0  invalid 762 tFOTS 0.0000 tGradient 1.1270 tsec 1.3150
#GCMRL#  450 dt  32.000000 rms  0.494  0.052% neg 0  invalid 762 tFOTS 0.0000 tGradient 1.1080 tsec 1.2950
#GCMRL#  451 dt  32.000000 rms  0.493  0.058% neg 0  invalid 762 tFOTS 0.0000 tGradient 1.1220 tsec 1.3100
#GCMRL#  452 dt  32.000000 rms  0.493  0.060% neg 0  invalid 762 tFOTS 0.0000 tGradient 1.1380 tsec 1.3280
#GCMRL#  453 dt  32.000000 rms  0.493  0.049% neg 0  invalid 762 tFOTS 0.0000 tGradient 1.1160 tsec 1.3130
#GCMRL#  454 dt  32.000000 rms  0.493  0.049% neg 0  invalid 762 tFOTS 0.0000 tGradient 1.1760 tsec 1.3690
#GCMRL#  455 dt  32.000000 rms  0.492  0.056% neg 0  invalid 762 tFOTS 0.0000 tGradient 1.1180 tsec 1.3080
#GCMRL#  456 dt  32.000000 rms  0.492  0.033% neg 0  invalid 762 tFOTS 0.0000 tGradient 1.1120 tsec 1.3120
#GCMRL#  457 dt  32.000000 rms  0.492  0.034% neg 0  invalid 762 tFOTS 0.0000 tGradient 1.1300 tsec 1.3200
#GCMRL#  458 dt  32.000000 rms  0.492  0.053% neg 0  invalid 762 tFOTS 0.0000 tGradient 1.1160 tsec 1.3070
#GCMRL#  459 dt  32.000000 rms  0.492  0.032% neg 0  invalid 762 tFOTS 0.0000 tGradient 1.1280 tsec 1.3210
#GCMRL#  460 dt  32.000000 rms  0.491  0.034% neg 0  invalid 762 tFOTS 0.0000 tGradient 1.1520 tsec 1.3450
#GCMRL#  461 dt  32.000000 rms  0.491  0.006% neg 0  invalid 762 tFOTS 0.0000 tGradient 1.1410 tsec 1.4420
#GCMRL#  462 dt  32.000000 rms  0.491 -0.005% neg 0  invalid 762 tFOTS 0.0000 tGradient 1.1490 tsec 1.4810
#FOTS# QuadFit found better minimum quadopt=(dt=4.8,rms=0.491395) vs oldopt=(dt=8,rms=0.491396)
#GCMRL#  463 dt   4.800000 rms  0.491  0.001% neg 0  invalid 762 tFOTS 2.5470 tGradient 1.1470 tsec 3.8960
#FOTS# QuadFit found better minimum quadopt=(dt=0.7,rms=0.491388) vs oldopt=(dt=0.5,rms=0.491388)
#GCMRL#  464 dt   0.700000 rms  0.491  0.001% neg 0  invalid 762 tFOTS 2.5400 tGradient 1.1390 tsec 3.8810
#FOTS# QuadFit found better minimum quadopt=(dt=0.00075,rms=0.49139) vs oldopt=(dt=0.00125,rms=0.49139)

#GCAMreg# pass 0 level1 3 level2 1 tsec 184.603 sigma 0.5
l_jacobian=1.00 l_label=1.00 l_log_likelihood=0.20 l_smoothness=0.12 
tol=5.00e-02, dt=5.00e-02, exp_k=20.0, momentum=0.90, levels=6, niter=500, lbl_dist=10.00, avgs=16, sigma=0.5,type=2, relabel=0, neg=no

blurring input image with Gaussian with sigma=0.500...
GCAMRegisterLevel(): init RMS 0.491993
#FOTS# QuadFit found better minimum quadopt=(dt=38.4,rms=0.489839) vs oldopt=(dt=32,rms=0.489896)
#GCMRL#  466 dt  38.400000 rms  0.490  0.438% neg 0  invalid 762 tFOTS 2.3960 tGradient 1.1460 tsec 3.7430
#FOTS# QuadFit found better minimum quadopt=(dt=25.4867,rms=0.489351) vs oldopt=(dt=32,rms=0.489435)
#GCMRL#  467 dt  25.486726 rms  0.489  0.100% neg 0  invalid 762 tFOTS 2.5820 tGradient 1.0780 tsec 3.8630
#FOTS# QuadFit found better minimum quadopt=(dt=11.2,rms=0.489187) vs oldopt=(dt=8,rms=0.489219)
#GCMRL#  468 dt  11.200000 rms  0.489  0.000% neg 0  invalid 762 tFOTS 2.5770 tGradient 1.0770 tsec 3.8840
#GCMRL#  469 dt  11.200000 rms  0.489  0.022% neg 0  invalid 762 tFOTS 0.0000 tGradient 1.1050 tsec 1.2920
#GCMRL#  470 dt  11.200000 rms  0.489  0.030% neg 0  invalid 762 tFOTS 0.0000 tGradient 1.0940 tsec 1.2820
#GCMRL#  471 dt  11.200000 rms  0.489  0.037% neg 0  invalid 762 tFOTS 0.0000 tGradient 1.1080 tsec 1.2970
#GCMRL#  472 dt  11.200000 rms  0.489  0.037% neg 0  invalid 762 tFOTS 0.0000 tGradient 1.1320 tsec 1.3220
#GCMRL#  473 dt  11.200000 rms  0.488  0.029% neg 0  invalid 762 tFOTS 0.0000 tGradient 1.0810 tsec 1.2770
#GCMRL#  474 dt  11.200000 rms  0.488  0.019% neg 0  invalid 762 tFOTS 0.0000 tGradient 1.1160 tsec 1.3080
#GCMRL#  475 dt  11.200000 rms  0.488  0.014% neg 0  invalid 762 tFOTS 0.0000 tGradient 1.1060 tsec 1.3160
#FOTS# QuadFit found better minimum quadopt=(dt=102.4,rms=0.488045) vs oldopt=(dt=128,rms=0.488064)
#GCMRL#  476 dt 102.400000 rms  0.488  0.046% neg 0  invalid 762 tFOTS 2.6250 tGradient 1.1080 tsec 3.9360
#FOTS# QuadFit found better minimum quadopt=(dt=25.6,rms=0.48789) vs oldopt=(dt=32,rms=0.487908)
#GCMRL#  477 dt  25.600000 rms  0.488  0.000% neg 0  invalid 762 tFOTS 2.6380 tGradient 1.0890 tsec 3.9510
#GCMRL#  478 dt  25.600000 rms  0.488  0.016% neg 0  invalid 762 tFOTS 0.0000 tGradient 1.1380 tsec 1.3300
#GCMRL#  479 dt  25.600000 rms  0.488  0.020% neg 0  invalid 762 tFOTS 0.0000 tGradient 1.1020 tsec 1.2940
#GCMRL#  480 dt  25.600000 rms  0.488  0.035% neg 0  invalid 762 tFOTS 0.0000 tGradient 1.1080 tsec 1.3010
#GCMRL#  481 dt  25.600000 rms  0.487  0.037% neg 0  invalid 762 tFOTS 0.0000 tGradient 1.1160 tsec 1.3120
#GCMRL#  482 dt  25.600000 rms  0.487  0.029% neg 0  invalid 762 tFOTS 0.0000 tGradient 1.1020 tsec 1.2970
#GCMRL#  483 dt  25.600000 rms  0.487  0.032% neg 0  invalid 762 tFOTS 0.0000 tGradient 1.0950 tsec 1.2890
#GCMRL#  484 dt  25.600000 rms  0.487  0.038% neg 0  invalid 762 tFOTS 0.0000 tGradient 1.0960 tsec 1.2930
#GCMRL#  485 dt  25.600000 rms  0.487  0.035% neg 0  invalid 762 tFOTS 0.0000 tGradient 1.1200 tsec 1.3140
#GCMRL#  486 dt  25.600000 rms  0.487  0.028% neg 0  invalid 762 tFOTS 0.0000 tGradient 1.0900 tsec 1.2790
#GCMRL#  487 dt  25.600000 rms  0.486  0.025% neg 0  invalid 762 tFOTS 0.0000 tGradient 1.0800 tsec 1.2710
#GCMRL#  488 dt  25.600000 rms  0.486  0.033% neg 0  invalid 762 tFOTS 0.0000 tGradient 1.0940 tsec 1.2810
#GCMRL#  489 dt  25.600000 rms  0.486  0.020% neg 0  invalid 762 tFOTS 0.0000 tGradient 1.1020 tsec 1.2910
#GCMRL#  490 dt  25.600000 rms  0.486  0.017% neg 0  invalid 762 tFOTS 0.0000 tGradient 1.1320 tsec 1.3550
#FOTS# QuadFit found better minimum quadopt=(dt=11.2,rms=0.486102) vs oldopt=(dt=8,rms=0.486104)
#GCMRL#  491 dt  11.200000 rms  0.486  0.000% neg 0  invalid 762 tFOTS 2.7060 tGradient 1.0970 tsec 4.0190
#GCMRL#  492 dt  11.200000 rms  0.486  0.001% neg 0  invalid 762 tFOTS 0.0000 tGradient 1.0920 tsec 1.2810
#GCMRL#  493 dt  11.200000 rms  0.486  0.004% neg 0  invalid 762 tFOTS 0.0000 tGradient 1.1220 tsec 1.3120
#GCMRL#  494 dt  11.200000 rms  0.486  0.004% neg 0  invalid 762 tFOTS 0.0000 tGradient 1.1050 tsec 1.2920
#GCMRL#  495 dt  11.200000 rms  0.486  0.005% neg 0  invalid 762 tFOTS 0.0000 tGradient 1.1060 tsec 1.3010
#GCMRL#  496 dt  11.200000 rms  0.486  0.004% neg 0  invalid 762 tFOTS 0.0000 tGradient 1.1130 tsec 1.3050
#GCMRL#  497 dt  11.200000 rms  0.486  0.005% neg 0  invalid 762 tFOTS 0.0000 tGradient 1.0920 tsec 1.2800
setting smoothness cost coefficient to 0.400

#GCAMreg# pass 0 level1 2 level2 0 tsec 0 sigma 2
l_jacobian=1.00 l_label=1.00 l_log_likelihood=0.20 l_smoothness=0.40 
tol=5.00e-02, dt=5.00e-02, exp_k=20.0, momentum=0.90, levels=6, niter=500, lbl_dist=10.00, avgs=4, sigma=2.0,type=2, relabel=0, neg=no

blurring input image with Gaussian with sigma=2.000...
GCAMRegisterLevel(): init RMS 0.519228
#GCMRL#  499 dt   0.000000 rms  0.519  0.105% neg 0  invalid 762 tFOTS 2.4060 tGradient 1.0150 tsec 3.6350
#GCMRL#  500 dt   0.150000 rms  0.519  0.000% neg 0  invalid 762 tFOTS 2.4040 tGradient 1.0140 tsec 3.7600

#GCAMreg# pass 0 level1 2 level2 1 tsec 16.776 sigma 0.5
l_jacobian=1.00 l_label=1.00 l_log_likelihood=0.20 l_smoothness=0.40 
tol=5.00e-02, dt=5.00e-02, exp_k=20.0, momentum=0.90, levels=6, niter=500, lbl_dist=10.00, avgs=4, sigma=0.5,type=2, relabel=0, neg=no

blurring input image with Gaussian with sigma=0.500...
GCAMRegisterLevel(): init RMS 0.519228
#GCMRL#  502 dt   0.000000 rms  0.519  0.105% neg 0  invalid 762 tFOTS 2.3970 tGradient 0.9980 tsec 3.6040
#GCMRL#  503 dt   0.150000 rms  0.519  0.000% neg 0  invalid 762 tFOTS 2.3780 tGradient 1.0270 tsec 3.7530
setting smoothness cost coefficient to 1.000

#GCAMreg# pass 0 level1 1 level2 0 tsec 0 sigma 2
l_jacobian=1.00 l_label=1.00 l_log_likelihood=0.20 l_smoothness=1.00 
tol=5.00e-02, dt=5.00e-02, exp_k=20.0, momentum=0.90, levels=6, niter=500, lbl_dist=10.00, avgs=1, sigma=2.0,type=2, relabel=0, neg=no

blurring input image with Gaussian with sigma=2.000...
GCAMRegisterLevel(): init RMS 0.582611
#FOTS# QuadFit found better minimum quadopt=(dt=1.792,rms=0.575273) vs oldopt=(dt=1.28,rms=0.575823)
#GCMRL#  505 dt   1.792000 rms  0.575  1.259% neg 0  invalid 762 tFOTS 2.2360 tGradient 0.9130 tsec 3.3570
#FOTS# QuadFit found better minimum quadopt=(dt=0.384,rms=0.575135) vs oldopt=(dt=0.32,rms=0.575137)
#GCMRL#  506 dt   0.384000 rms  0.575  0.000% neg 0  invalid 762 tFOTS 2.4450 tGradient 0.8600 tsec 3.5260

#GCAMreg# pass 0 level1 1 level2 1 tsec 16.108 sigma 0.5
l_jacobian=1.00 l_label=1.00 l_log_likelihood=0.20 l_smoothness=1.00 
tol=5.00e-02, dt=5.00e-02, exp_k=20.0, momentum=0.90, levels=6, niter=500, lbl_dist=10.00, avgs=1, sigma=0.5,type=2, relabel=0, neg=no

blurring input image with Gaussian with sigma=0.500...
GCAMRegisterLevel(): init RMS 0.575612
#FOTS# QuadFit found better minimum quadopt=(dt=0.448,rms=0.57481) vs oldopt=(dt=0.32,rms=0.574867)
#GCMRL#  508 dt   0.448000 rms  0.575  0.139% neg 0  invalid 762 tFOTS 2.4110 tGradient 0.8690 tsec 3.4850
#GCMRL#  509 dt   0.320000 rms  0.575  0.000% neg 0  invalid 762 tFOTS 2.4620 tGradient 0.8800 tsec 3.5580
resetting metric properties...
setting smoothness cost coefficient to 2.000

#GCAMreg# pass 0 level1 0 level2 0 tsec 0 sigma 2
l_jacobian=1.00 l_label=1.00 l_log_likelihood=0.20 l_smoothness=2.00 
tol=5.00e-02, dt=5.00e-02, exp_k=20.0, momentum=0.90, levels=6, niter=500, lbl_dist=10.00, avgs=0, sigma=2.0,type=2, relabel=0, neg=no

blurring input image with Gaussian with sigma=2.000...
GCAMRegisterLevel(): init RMS 0.504303
#FOTS# QuadFit found better minimum quadopt=(dt=0.448,rms=0.492077) vs oldopt=(dt=0.32,rms=0.495249)
#GCMRL#  511 dt   0.448000 rms  0.492  2.424% neg 0  invalid 762 tFOTS 2.3350 tGradient 0.4740 tsec 3.0120
#FOTS# QuadFit found better minimum quadopt=(dt=0.448,rms=0.489013) vs oldopt=(dt=0.32,rms=0.48986)
#GCMRL#  512 dt   0.448000 rms  0.489  0.623% neg 0  invalid 762 tFOTS 2.2380 tGradient 0.4620 tsec 2.8950
#FOTS# QuadFit found better minimum quadopt=(dt=0.448,rms=0.4871) vs oldopt=(dt=0.32,rms=0.487636)
#GCMRL#  513 dt   0.448000 rms  0.487  0.391% neg 0  invalid 762 tFOTS 2.2840 tGradient 0.4670 tsec 2.9480
#FOTS# QuadFit found better minimum quadopt=(dt=0.448,rms=0.485828) vs oldopt=(dt=0.32,rms=0.486182)
#GCMRL#  514 dt   0.448000 rms  0.486  0.261% neg 0  invalid 762 tFOTS 2.2400 tGradient 0.4620 tsec 2.9010
#FOTS# QuadFit found better minimum quadopt=(dt=0.448,rms=0.484884) vs oldopt=(dt=0.32,rms=0.485148)
#GCMRL#  515 dt   0.448000 rms  0.485  0.194% neg 0  invalid 762 tFOTS 2.3340 tGradient 0.4660 tsec 2.9970
#FOTS# QuadFit found better minimum quadopt=(dt=0.448,rms=0.48417) vs oldopt=(dt=0.32,rms=0.484368)
#GCMRL#  516 dt   0.448000 rms  0.484  0.147% neg 0  invalid 762 tFOTS 2.2450 tGradient 0.4670 tsec 2.9120
#FOTS# QuadFit found better minimum quadopt=(dt=0.448,rms=0.483593) vs oldopt=(dt=0.32,rms=0.483753)
#GCMRL#  517 dt   0.448000 rms  0.484  0.119% neg 0  invalid 762 tFOTS 2.3120 tGradient 0.4660 tsec 2.9780
#FOTS# QuadFit found better minimum quadopt=(dt=0.448,rms=0.483127) vs oldopt=(dt=0.32,rms=0.483253)
#GCMRL#  518 dt   0.448000 rms  0.483  0.096% neg 0  invalid 762 tFOTS 2.2700 tGradient 0.4650 tsec 2.9440
#FOTS# QuadFit found better minimum quadopt=(dt=0.448,rms=0.48273) vs oldopt=(dt=0.32,rms=0.482838)
#GCMRL#  519 dt   0.448000 rms  0.483  0.082% neg 0  invalid 762 tFOTS 2.2880 tGradient 0.4580 tsec 2.9550
#FOTS# QuadFit found better minimum quadopt=(dt=0.448,rms=0.482414) vs oldopt=(dt=0.32,rms=0.482499)
#GCMRL#  520 dt   0.448000 rms  0.482  0.065% neg 0  invalid 762 tFOTS 2.2630 tGradient 0.4770 tsec 2.9390
#FOTS# QuadFit found better minimum quadopt=(dt=0.448,rms=0.482122) vs oldopt=(dt=0.32,rms=0.482198)
#GCMRL#  521 dt   0.448000 rms  0.482  0.061% neg 0  invalid 762 tFOTS 2.3060 tGradient 0.4710 tsec 2.9850
#FOTS# QuadFit found better minimum quadopt=(dt=0.448,rms=0.481896) vs oldopt=(dt=0.32,rms=0.481955)
#GCMRL#  522 dt   0.448000 rms  0.482  0.000% neg 0  invalid 762 tFOTS 2.1950 tGradient 0.4650 tsec 2.8770
#GCMRL#  523 dt   0.448000 rms  0.482  0.046% neg 0  invalid 762 tFOTS 0.0000 tGradient 0.4690 tsec 0.6620
#GCMRL#  524 dt   0.448000 rms  0.481  0.076% neg 0  invalid 762 tFOTS 0.0000 tGradient 0.4810 tsec 0.6740
#GCMRL#  525 dt   0.448000 rms  0.481  0.028% neg 0  invalid 762 tFOTS 0.0000 tGradient 0.4730 tsec 0.7640
#GCMRL#  526 dt   0.448000 rms  0.481  0.055% neg 0  invalid 762 tFOTS 0.0000 tGradient 0.4680 tsec 0.6590
#GCMRL#  527 dt   0.448000 rms  0.481  0.022% neg 0  invalid 762 tFOTS 0.0000 tGradient 0.4650 tsec 0.7620
#GCMRL#  528 dt   0.448000 rms  0.481  0.037% neg 0  invalid 762 tFOTS 0.0000 tGradient 0.4670 tsec 0.6600
#GCMRL#  529 dt   0.448000 rms  0.481  0.017% neg 0  invalid 762 tFOTS 0.0000 tGradient 0.4660 tsec 0.7690
#GCMRL#  530 dt   0.448000 rms  0.480  0.029% neg 0  invalid 762 tFOTS 0.0000 tGradient 0.4670 tsec 0.6550
#GCMRL#  531 dt   0.448000 rms  0.480  0.015% neg 0  invalid 762 tFOTS 0.0000 tGradient 0.4620 tsec 0.7500
#GCMRL#  532 dt   0.448000 rms  0.480  0.009% neg 0  invalid 762 tFOTS 0.0000 tGradient 0.4670 tsec 0.7800
#FOTS# QuadFit found better minimum quadopt=(dt=0.448,rms=0.480222) vs oldopt=(dt=0.32,rms=0.480233)
#GCMRL#  533 dt   0.448000 rms  0.480  0.013% neg 0  invalid 762 tFOTS 2.2230 tGradient 0.4630 tsec 2.8860
#FOTS# QuadFit found better minimum quadopt=(dt=0.448,rms=0.480188) vs oldopt=(dt=0.32,rms=0.480192)
#GCMRL#  534 dt   0.448000 rms  0.480  0.000% neg 0  invalid 762 tFOTS 2.1850 tGradient 0.4640 tsec 2.8570
#GCMRL#  535 dt   0.448000 rms  0.480  0.011% neg 0  invalid 762 tFOTS 0.0000 tGradient 0.4770 tsec 0.6680
#GCMRL#  536 dt   0.448000 rms  0.480  0.016% neg 0  invalid 762 tFOTS 0.0000 tGradient 0.4750 tsec 0.6670
#GCMRL#  537 dt   0.448000 rms  0.480  0.007% neg 0  invalid 762 tFOTS 0.0000 tGradient 0.4660 tsec 0.7520
#GCMRL#  538 dt   0.448000 rms  0.480  0.017% neg 0  invalid 762 tFOTS 0.0000 tGradient 0.4590 tsec 0.6450

#GCAMreg# pass 0 level1 0 level2 1 tsec 59.804 sigma 0.5
l_jacobian=1.00 l_label=1.00 l_log_likelihood=0.20 l_smoothness=2.00 
tol=5.00e-02, dt=5.00e-02, exp_k=20.0, momentum=0.90, levels=6, niter=500, lbl_dist=10.00, avgs=0, sigma=0.5,type=2, relabel=0, neg=no

blurring input image with Gaussian with sigma=0.500...
GCAMRegisterLevel(): init RMS 0.480531
#FOTS# QuadFit found better minimum quadopt=(dt=0.448,rms=0.477354) vs oldopt=(dt=0.32,rms=0.478022)
#GCMRL#  540 dt   0.448000 rms  0.477  0.661% neg 0  invalid 762 tFOTS 2.2770 tGradient 0.4650 tsec 2.9450
#FOTS# QuadFit found better minimum quadopt=(dt=0.448,rms=0.476995) vs oldopt=(dt=0.32,rms=0.477083)
#GCMRL#  541 dt   0.448000 rms  0.477  0.075% neg 0  invalid 762 tFOTS 2.2350 tGradient 0.4510 tsec 2.8850
#FOTS# QuadFit found better minimum quadopt=(dt=0.448,rms=0.476858) vs oldopt=(dt=0.32,rms=0.47689)
#GCMRL#  542 dt   0.448000 rms  0.477  0.000% neg 0  invalid 762 tFOTS 2.2000 tGradient 0.4580 tsec 2.8760
#GCMRL#  543 dt   0.448000 rms  0.477  0.018% neg 0  invalid 762 tFOTS 0.0000 tGradient 0.4860 tsec 0.6800
#GCMRL#  544 dt   0.448000 rms  0.477  0.021% neg 0  invalid 762 tFOTS 0.0000 tGradient 0.4740 tsec 0.6750
#GCMRL#  545 dt   0.448000 rms  0.477  0.005% neg 0  invalid 762 tFOTS 0.0000 tGradient 0.4880 tsec 0.7900
#GCMRL#  546 dt   0.448000 rms  0.477  0.013% neg 0  invalid 762 tFOTS 0.0000 tGradient 0.4730 tsec 0.6710
#GCMRL#  547 dt   0.448000 rms  0.477  0.007% neg 0  invalid 762 tFOTS 0.0000 tGradient 0.4780 tsec 0.7930
#FOTS# QuadFit found better minimum quadopt=(dt=0.384,rms=0.476534) vs oldopt=(dt=0.32,rms=0.476534)
GCAMregister done in 18.154 min
********************* ALLOWING NEGATIVE NODES IN DEFORMATION********************************
noneg post
Starting GCAMregister()
label assignment complete, 0 changed (0.00%)
npasses = 1, nlevels = 6
#pass# 1 of 1 ************************
enabling zero nodes
setting smoothness cost coefficient to 0.008

#GCAMreg# pass 0 level1 5 level2 0 tsec 0 sigma 2
l_jacobian=1.00 l_label=1.00 l_log_likelihood=0.20 l_smoothness=0.01 
tol=2.50e-01, dt=5.00e-02, exp_k=20.0, momentum=0.90, levels=6, niter=500, lbl_dist=10.00, avgs=256, sigma=2.0,type=2, relabel=0, neg=yes

blurring input image with Gaussian with sigma=2.000...
GCAMRegisterLevel(): init RMS 0.474736
#FOTS# QuadFit found better minimum quadopt=(dt=8.092,rms=0.474118) vs oldopt=(dt=5.78,rms=0.474118)
#GCMRL#  549 dt   8.092000 rms  0.474  0.130% neg 0  invalid 762 tFOTS 2.9640 tGradient 1.6430 tsec 4.8100
#FOTS# QuadFit found better minimum quadopt=(dt=8.092,rms=0.474114) vs oldopt=(dt=5.78,rms=0.474114)
#GCMRL#  550 dt   8.092000 rms  0.474  0.000% neg 0  invalid 762 tFOTS 2.9460 tGradient 1.6500 tsec 4.8250
#GCMRL#  551 dt   8.092000 rms  0.474  0.000% neg 0  invalid 762 tFOTS 0.0000 tGradient 1.6520 tsec 1.8430

#GCAMreg# pass 0 level1 5 level2 1 tsec 21.285 sigma 0.5
l_jacobian=1.00 l_label=1.00 l_log_likelihood=0.20 l_smoothness=0.01 
tol=2.50e-01, dt=5.00e-02, exp_k=20.0, momentum=0.90, levels=6, niter=500, lbl_dist=10.00, avgs=256, sigma=0.5,type=2, relabel=0, neg=yes

blurring input image with Gaussian with sigma=0.500...
GCAMRegisterLevel(): init RMS 0.474728
#FOTS# QuadFit found better minimum quadopt=(dt=129.472,rms=0.473474) vs oldopt=(dt=92.48,rms=0.473603)
#GCMRL#  553 dt 129.472000 rms  0.473  0.264% neg 0  invalid 762 tFOTS 2.7570 tGradient 1.6920 tsec 4.6530
#FOTS# QuadFit found better minimum quadopt=(dt=129.472,rms=0.473317) vs oldopt=(dt=92.48,rms=0.473346)
#GCMRL#  554 dt 129.472000 rms  0.473  0.000% neg 0  invalid 762 tFOTS 2.7810 tGradient 1.6790 tsec 4.6800
#GCMRL#  555 dt 129.472000 rms  0.473  0.052% neg 0  invalid 762 tFOTS 0.0000 tGradient 1.6340 tsec 1.8240
#GCMRL#  556 dt 129.472000 rms  0.473  0.057% neg 0  invalid 762 tFOTS 0.0000 tGradient 1.6800 tsec 1.8720
#GCMRL#  557 dt 129.472000 rms  0.473  0.043% neg 0  invalid 762 tFOTS 0.0000 tGradient 1.6720 tsec 1.8650
#GCMRL#  558 dt 129.472000 rms  0.472  0.036% neg 0  invalid 762 tFOTS 0.0000 tGradient 1.6450 tsec 1.8510
#FOTS# QuadFit found better minimum quadopt=(dt=129.472,rms=0.472325) vs oldopt=(dt=92.48,rms=0.472342)
setting smoothness cost coefficient to 0.031

#GCAMreg# pass 0 level1 4 level2 0 tsec 0 sigma 2
l_jacobian=1.00 l_label=1.00 l_log_likelihood=0.20 l_smoothness=0.03 
tol=2.50e-01, dt=5.00e-02, exp_k=20.0, momentum=0.90, levels=6, niter=500, lbl_dist=10.00, avgs=64, sigma=2.0,type=2, relabel=0, neg=yes

blurring input image with Gaussian with sigma=2.000...
GCAMRegisterLevel(): init RMS 0.472952
#GCMRL#  560 dt  25.920000 rms  0.472  0.161% neg 0  invalid 762 tFOTS 2.7740 tGradient 1.2900 tsec 4.2670
#FOTS# QuadFit found better minimum quadopt=(dt=36.288,rms=0.472051) vs oldopt=(dt=25.92,rms=0.472061)
#GCMRL#  561 dt  36.288000 rms  0.472  0.000% neg 0  invalid 762 tFOTS 2.6550 tGradient 1.2520 tsec 4.1190
#GCMRL#  562 dt  36.288000 rms  0.472  0.050% neg 0  invalid 762 tFOTS 0.0000 tGradient 1.2360 tsec 1.4150
#GCMRL#  563 dt  36.288000 rms  0.472  0.061% neg 0  invalid 762 tFOTS 0.0000 tGradient 1.2290 tsec 1.4140
#GCMRL#  564 dt  36.288000 rms  0.471  0.043% neg 0  invalid 762 tFOTS 0.0000 tGradient 1.2230 tsec 1.4050
iter 0, gcam->neg = 1
after 3 iterations, nbhd size=0, neg = 0

#GCAMreg# pass 0 level1 4 level2 1 tsec 22.644 sigma 0.5
l_jacobian=1.00 l_label=1.00 l_log_likelihood=0.20 l_smoothness=0.03 
tol=2.50e-01, dt=5.00e-02, exp_k=20.0, momentum=0.90, levels=6, niter=500, lbl_dist=10.00, avgs=64, sigma=0.5,type=2, relabel=0, neg=yes

blurring input image with Gaussian with sigma=0.500...
GCAMRegisterLevel(): init RMS 0.471788
#FOTS# QuadFit found better minimum quadopt=(dt=91.6804,rms=0.468329) vs oldopt=(dt=103.68,rms=0.468381)
#GCMRL#  566 dt  91.680441 rms  0.468  0.733% neg 0  invalid 762 tFOTS 2.9330 tGradient 1.4350 tsec 4.5730
#FOTS# QuadFit found better minimum quadopt=(dt=36.288,rms=0.467626) vs oldopt=(dt=25.92,rms=0.467689)
#GCMRL#  567 dt  36.288000 rms  0.468  0.000% neg 0  invalid 762 tFOTS 2.8550 tGradient 1.3980 tsec 4.4750
#GCMRL#  568 dt  36.288000 rms  0.467  0.061% neg 0  invalid 762 tFOTS 0.0000 tGradient 1.3980 tsec 1.5810
#GCMRL#  569 dt  36.288000 rms  0.467  0.099% neg 0  invalid 762 tFOTS 0.0000 tGradient 1.3840 tsec 1.5770
#GCMRL#  570 dt  36.288000 rms  0.466  0.115% neg 0  invalid 762 tFOTS 0.0000 tGradient 1.3940 tsec 1.5820
#GCMRL#  571 dt  36.288000 rms  0.466  0.124% neg 0  invalid 762 tFOTS 0.0000 tGradient 1.4460 tsec 1.6310
#GCMRL#  572 dt  36.288000 rms  0.465  0.121% neg 0  invalid 762 tFOTS 0.0000 tGradient 1.3790 tsec 1.5720
#GCMRL#  573 dt  36.288000 rms  0.465  0.114% neg 0  invalid 762 tFOTS 0.0000 tGradient 1.3980 tsec 1.6050
#FOTS# QuadFit found better minimum quadopt=(dt=145.152,rms=0.464502) vs oldopt=(dt=103.68,rms=0.464519)
setting smoothness cost coefficient to 0.118

#GCAMreg# pass 0 level1 3 level2 0 tsec 0 sigma 2
l_jacobian=1.00 l_label=1.00 l_log_likelihood=0.20 l_smoothness=0.12 
tol=2.50e-01, dt=5.00e-02, exp_k=20.0, momentum=0.90, levels=6, niter=500, lbl_dist=10.00, avgs=16, sigma=2.0,type=2, relabel=0, neg=yes

blurring input image with Gaussian with sigma=2.000...
GCAMRegisterLevel(): init RMS 0.465536
iter 0, gcam->neg = 1
after 1 iterations, nbhd size=0, neg = 0
#GCMRL#  575 dt  32.000000 rms  0.463  0.603% neg 0  invalid 762 tFOTS 2.8900 tGradient 1.1900 tsec 4.9220
#FOTS# QuadFit found better minimum quadopt=(dt=76.973,rms=0.458497) vs oldopt=(dt=32,rms=0.459594)
iter 0, gcam->neg = 7
after 4 iterations, nbhd size=0, neg = 0
#GCMRL#  576 dt  76.972973 rms  0.459  0.908% neg 0  invalid 762 tFOTS 2.9070 tGradient 1.2190 tsec 5.5600
#FOTS# QuadFit found better minimum quadopt=(dt=11.2,rms=0.456998) vs oldopt=(dt=8,rms=0.457304)
#GCMRL#  577 dt  11.200000 rms  0.457  0.334% neg 0  invalid 762 tFOTS 2.8530 tGradient 1.1810 tsec 4.2320
#FOTS# QuadFit found better minimum quadopt=(dt=19.2,rms=0.456301) vs oldopt=(dt=32,rms=0.456466)
#GCMRL#  578 dt  19.200000 rms  0.456  0.000% neg 0  invalid 762 tFOTS 2.8300 tGradient 1.1480 tsec 4.1910
iter 0, gcam->neg = 2
after 0 iterations, nbhd size=0, neg = 0
#GCMRL#  579 dt  19.200000 rms  0.456  0.165% neg 0  invalid 762 tFOTS 0.0000 tGradient 1.1890 tsec 1.7860
iter 0, gcam->neg = 1
after 2 iterations, nbhd size=0, neg = 0
#GCMRL#  580 dt  19.200000 rms  0.454  0.252% neg 0  invalid 762 tFOTS 0.0000 tGradient 1.1980 tsec 2.1610
iter 0, gcam->neg = 10
after 5 iterations, nbhd size=0, neg = 0
#GCMRL#  581 dt  19.200000 rms  0.453  0.291% neg 0  invalid 762 tFOTS 0.0000 tGradient 1.1710 tsec 2.7550
iter 0, gcam->neg = 11
after 5 iterations, nbhd size=0, neg = 0
#GCMRL#  582 dt  19.200000 rms  0.452  0.299% neg 0  invalid 762 tFOTS 0.0000 tGradient 1.1980 tsec 2.7520
iter 0, gcam->neg = 13
after 6 iterations, nbhd size=0, neg = 0
#GCMRL#  583 dt  19.200000 rms  0.450  0.282% neg 0  invalid 762 tFOTS 0.0000 tGradient 1.1540 tsec 2.8970
iter 0, gcam->neg = 23
after 3 iterations, nbhd size=0, neg = 0
#GCMRL#  584 dt  19.200000 rms  0.449  0.247% neg 0  invalid 762 tFOTS 0.0000 tGradient 1.1760 tsec 2.4200
iter 0, gcam->neg = 15
after 4 iterations, nbhd size=0, neg = 0
#GCMRL#  585 dt  19.200000 rms  0.448  0.196% neg 0  invalid 762 tFOTS 0.0000 tGradient 1.1760 tsec 2.5460
iter 0, gcam->neg = 11
after 14 iterations, nbhd size=1, neg = 0
#GCMRL#  586 dt  19.200000 rms  0.448  0.169% neg 0  invalid 762 tFOTS 0.0000 tGradient 1.1680 tsec 4.4690
iter 0, gcam->neg = 10
after 4 iterations, nbhd size=0, neg = 0
#GCMRL#  587 dt  19.200000 rms  0.447  0.161% neg 0  invalid 762 tFOTS 0.0000 tGradient 1.1620 tsec 2.5170
iter 0, gcam->neg = 8
after 11 iterations, nbhd size=0, neg = 0
#GCMRL#  588 dt  19.200000 rms  0.446  0.150% neg 0  invalid 762 tFOTS 0.0000 tGradient 1.1570 tsec 3.9640
iter 0, gcam->neg = 4
after 2 iterations, nbhd size=0, neg = 0
#GCMRL#  589 dt  19.200000 rms  0.446  0.148% neg 0  invalid 762 tFOTS 0.0000 tGradient 1.1530 tsec 2.1960
iter 0, gcam->neg = 4
after 4 iterations, nbhd size=0, neg = 0
#GCMRL#  590 dt  19.200000 rms  0.445  0.126% neg 0  invalid 762 tFOTS 0.0000 tGradient 1.1600 tsec 2.6580
iter 0, gcam->neg = 3
after 3 iterations, nbhd size=0, neg = 0
#GCMRL#  591 dt  19.200000 rms  0.445  0.117% neg 0  invalid 762 tFOTS 0.0000 tGradient 1.1640 tsec 2.4380
iter 0, gcam->neg = 3
after 3 iterations, nbhd size=0, neg = 0
#GCMRL#  592 dt  19.200000 rms  0.444  0.092% neg 0  invalid 762 tFOTS 0.0000 tGradient 1.2180 tsec 2.4310
#FOTS# QuadFit found better minimum quadopt=(dt=25.6,rms=0.444094) vs oldopt=(dt=32,rms=0.444103)
iter 0, gcam->neg = 2
after 1 iterations, nbhd size=0, neg = 0
#GCMRL#  593 dt  25.600000 rms  0.444  0.000% neg 0  invalid 762 tFOTS 2.7110 tGradient 1.2160 tsec 4.7440
#GCMRL#  594 dt  25.600000 rms  0.444  0.043% neg 0  invalid 762 tFOTS 0.0000 tGradient 1.1850 tsec 1.3730
iter 0, gcam->neg = 8
after 3 iterations, nbhd size=0, neg = 0
#GCMRL#  595 dt  25.600000 rms  0.444  0.031% neg 0  invalid 762 tFOTS 0.0000 tGradient 1.2090 tsec 2.3920
iter 0, gcam->neg = 4
after 6 iterations, nbhd size=0, neg = 0

#GCAMreg# pass 0 level1 3 level2 1 tsec 76.104 sigma 0.5
l_jacobian=1.00 l_label=1.00 l_log_likelihood=0.20 l_smoothness=0.12 
tol=2.50e-01, dt=5.00e-02, exp_k=20.0, momentum=0.90, levels=6, niter=500, lbl_dist=10.00, avgs=16, sigma=0.5,type=2, relabel=0, neg=yes

blurring input image with Gaussian with sigma=0.500...
GCAMRegisterLevel(): init RMS 0.444585
#FOTS# QuadFit found better minimum quadopt=(dt=37.504,rms=0.441293) vs oldopt=(dt=32,rms=0.441308)
#GCMRL#  597 dt  37.504000 rms  0.441  0.740% neg 0  invalid 762 tFOTS 2.8870 tGradient 1.1870 tsec 4.2730
#FOTS# QuadFit found better minimum quadopt=(dt=11.2,rms=0.440747) vs oldopt=(dt=8,rms=0.440894)
#GCMRL#  598 dt  11.200000 rms  0.441  0.000% neg 0  invalid 762 tFOTS 2.8340 tGradient 1.1400 tsec 4.1940
#GCMRL#  599 dt  11.200000 rms  0.440  0.090% neg 0  invalid 762 tFOTS 0.0000 tGradient 1.1910 tsec 1.3780
#GCMRL#  600 dt  11.200000 rms  0.440  0.066% neg 0  invalid 762 tFOTS 0.0000 tGradient 1.1710 tsec 1.3580
#GCMRL#  601 dt  11.200000 rms  0.440  0.093% neg 0  invalid 762 tFOTS 0.0000 tGradient 1.1400 tsec 1.3270
#GCMRL#  602 dt  11.200000 rms  0.439  0.102% neg 0  invalid 762 tFOTS 0.0000 tGradient 1.1650 tsec 1.3530
#GCMRL#  603 dt  11.200000 rms  0.439  0.081% neg 0  invalid 762 tFOTS 0.0000 tGradient 1.2270 tsec 1.4340
#FOTS# QuadFit found better minimum quadopt=(dt=11.2,rms=0.438752) vs oldopt=(dt=8,rms=0.438772)
setting smoothness cost coefficient to 0.400

#GCAMreg# pass 0 level1 2 level2 0 tsec 0 sigma 2
l_jacobian=1.00 l_label=1.00 l_log_likelihood=0.20 l_smoothness=0.40 
tol=2.50e-01, dt=5.00e-02, exp_k=20.0, momentum=0.90, levels=6, niter=500, lbl_dist=10.00, avgs=4, sigma=2.0,type=2, relabel=0, neg=yes

blurring input image with Gaussian with sigma=2.000...
GCAMRegisterLevel(): init RMS 0.448227
#FOTS# QuadFit found better minimum quadopt=(dt=2.304,rms=0.447422) vs oldopt=(dt=2.88,rms=0.447429)
#GCMRL#  605 dt   2.304000 rms  0.447  0.180% neg 0  invalid 762 tFOTS 2.8740 tGradient 1.0470 tsec 4.1230
#FOTS# QuadFit found better minimum quadopt=(dt=1.008,rms=0.447407) vs oldopt=(dt=0.72,rms=0.447409)
#GCMRL#  606 dt   1.008000 rms  0.447  0.000% neg 0  invalid 762 tFOTS 2.8670 tGradient 1.0120 tsec 4.0930

#GCAMreg# pass 0 level1 2 level2 1 tsec 17.261 sigma 0.5
l_jacobian=1.00 l_label=1.00 l_log_likelihood=0.20 l_smoothness=0.40 
tol=2.50e-01, dt=5.00e-02, exp_k=20.0, momentum=0.90, levels=6, niter=500, lbl_dist=10.00, avgs=4, sigma=0.5,type=2, relabel=0, neg=yes

blurring input image with Gaussian with sigma=0.500...
GCAMRegisterLevel(): init RMS 0.44804
#FOTS# QuadFit found better minimum quadopt=(dt=6.25,rms=0.44683) vs oldopt=(dt=2.88,rms=0.446974)
#GCMRL#  608 dt   6.250000 rms  0.447  0.270% neg 0  invalid 762 tFOTS 2.9080 tGradient 1.0520 tsec 4.1620
#FOTS# QuadFit found better minimum quadopt=(dt=6.5,rms=0.446565) vs oldopt=(dt=2.88,rms=0.446639)
#GCMRL#  609 dt   6.500000 rms  0.447  0.000% neg 0  invalid 762 tFOTS 2.9230 tGradient 1.0270 tsec 4.1690
#GCMRL#  610 dt   6.500000 rms  0.446  0.058% neg 0  invalid 762 tFOTS 0.0000 tGradient 1.0230 tsec 1.2080
iter 0, gcam->neg = 1
after 2 iterations, nbhd size=0, neg = 0
#GCMRL#  611 dt   6.500000 rms  0.446  0.013% neg 0  invalid 762 tFOTS 0.0000 tGradient 0.9890 tsec 2.0740
iter 0, gcam->neg = 3
after 4 iterations, nbhd size=0, neg = 0
setting smoothness cost coefficient to 1.000

#GCAMreg# pass 0 level1 1 level2 0 tsec 0 sigma 2
l_jacobian=1.00 l_label=1.00 l_log_likelihood=0.20 l_smoothness=1.00 
tol=2.50e-01, dt=5.00e-02, exp_k=20.0, momentum=0.90, levels=6, niter=500, lbl_dist=10.00, avgs=1, sigma=2.0,type=2, relabel=0, neg=yes

blurring input image with Gaussian with sigma=2.000...
GCAMRegisterLevel(): init RMS 0.453592
#FOTS# QuadFit found better minimum quadopt=(dt=4e-05,rms=0.452985) vs oldopt=(dt=5e-05,rms=0.452985)
#GCMRL#  613 dt   0.000040 rms  0.453  0.134% neg 0  invalid 762 tFOTS 3.7460 tGradient 0.8370 tsec 4.7840

#GCAMreg# pass 0 level1 1 level2 1 tsec 16.076 sigma 0.5
l_jacobian=1.00 l_label=1.00 l_log_likelihood=0.20 l_smoothness=1.00 
tol=2.50e-01, dt=5.00e-02, exp_k=20.0, momentum=0.90, levels=6, niter=500, lbl_dist=10.00, avgs=1, sigma=0.5,type=2, relabel=0, neg=yes

blurring input image with Gaussian with sigma=0.500...
GCAMRegisterLevel(): init RMS 0.453592
#GCMRL#  615 dt   0.000000 rms  0.453  0.134% neg 0  invalid 762 tFOTS 2.7600 tGradient 0.8390 tsec 3.8030
resetting metric properties...
setting smoothness cost coefficient to 2.000

#GCAMreg# pass 0 level1 0 level2 0 tsec 0 sigma 2
l_jacobian=1.00 l_label=1.00 l_log_likelihood=0.20 l_smoothness=2.00 
tol=2.50e-01, dt=5.00e-02, exp_k=20.0, momentum=0.90, levels=6, niter=500, lbl_dist=10.00, avgs=0, sigma=2.0,type=2, relabel=0, neg=yes

blurring input image with Gaussian with sigma=2.000...
GCAMRegisterLevel(): init RMS 0.442338
#FOTS# QuadFit found better minimum quadopt=(dt=1.8149,rms=0.420545) vs oldopt=(dt=1.28,rms=0.422567)
iter 0, gcam->neg = 804
after 15 iterations, nbhd size=1, neg = 0
#GCMRL#  617 dt   1.814901 rms  0.420  5.111% neg 0  invalid 762 tFOTS 2.9460 tGradient 0.4560 tsec 7.4080
#GCMRL#  618 dt   0.000013 rms  0.420  0.000% neg 0  invalid 762 tFOTS 3.7570 tGradient 0.4300 tsec 4.4050

#GCAMreg# pass 0 level1 0 level2 1 tsec 19.791 sigma 0.5
l_jacobian=1.00 l_label=1.00 l_log_likelihood=0.20 l_smoothness=2.00 
tol=2.50e-01, dt=5.00e-02, exp_k=20.0, momentum=0.90, levels=6, niter=500, lbl_dist=10.00, avgs=0, sigma=0.5,type=2, relabel=0, neg=yes

blurring input image with Gaussian with sigma=0.500...
GCAMRegisterLevel(): init RMS 0.420423
#FOTS# QuadFit found better minimum quadopt=(dt=0.028,rms=0.419661) vs oldopt=(dt=0.02,rms=0.419665)
#GCMRL#  620 dt   0.028000 rms  0.420  0.181% neg 0  invalid 762 tFOTS 2.9580 tGradient 0.4330 tsec 3.5960
#FOTS# QuadFit found better minimum quadopt=(dt=0.003,rms=0.419641) vs oldopt=(dt=0.005,rms=0.419641)
#GCMRL#  621 dt   0.003000 rms  0.420  0.000% neg 0  invalid 762 tFOTS 2.9440 tGradient 0.4280 tsec 3.5920
label assignment complete, 0 changed (0.00%)
GCAMregister done in 4.5465 min
Starting GCAMcomputeMaxPriorLabels()
Morphing with label term set to 0 *******************************
Starting GCAMregister()
label assignment complete, 0 changed (0.00%)
npasses = 1, nlevels = 6
#pass# 1 of 1 ************************
enabling zero nodes
setting smoothness cost coefficient to 0.008

#GCAMreg# pass 0 level1 5 level2 0 tsec 0 sigma 2
l_jacobian=1.00 l_log_likelihood=0.20 l_smoothness=0.01 
tol=2.50e-01, dt=5.00e-02, exp_k=20.0, momentum=0.90, levels=6, niter=500, lbl_dist=10.00, avgs=256, sigma=2.0,type=2, relabel=0, neg=yes

blurring input image with Gaussian with sigma=2.000...
GCAMRegisterLevel(): init RMS 0.408308

#GCAMreg# pass 0 level1 5 level2 1 tsec 11.683 sigma 0.5
l_jacobian=1.00 l_log_likelihood=0.20 l_smoothness=0.01 
tol=2.50e-01, dt=5.00e-02, exp_k=20.0, momentum=0.90, levels=6, niter=500, lbl_dist=10.00, avgs=256, sigma=0.5,type=2, relabel=0, neg=yes

blurring input image with Gaussian with sigma=0.500...
GCAMRegisterLevel(): init RMS 0.408308
#GCMRL#  624 dt   5.780000 rms  0.408  0.000% neg 0  invalid 762 tFOTS 2.6930 tGradient 1.5750 tsec 4.4650
#FOTS# QuadFit found better minimum quadopt=(dt=2.023,rms=0.408308) vs oldopt=(dt=1.445,rms=0.408308)
#GCMRL#  625 dt   2.023000 rms  0.408  0.000% neg 0  invalid 762 tFOTS 2.6960 tGradient 1.5780 tsec 4.4810
setting smoothness cost coefficient to 0.031

#GCAMreg# pass 0 level1 4 level2 0 tsec 0 sigma 2
l_jacobian=1.00 l_log_likelihood=0.20 l_smoothness=0.03 
tol=2.50e-01, dt=5.00e-02, exp_k=20.0, momentum=0.90, levels=6, niter=500, lbl_dist=10.00, avgs=64, sigma=2.0,type=2, relabel=0, neg=yes

blurring input image with Gaussian with sigma=2.000...
GCAMRegisterLevel(): init RMS 0.408449

#GCAMreg# pass 0 level1 4 level2 1 tsec 11.897 sigma 0.5
l_jacobian=1.00 l_log_likelihood=0.20 l_smoothness=0.03 
tol=2.50e-01, dt=5.00e-02, exp_k=20.0, momentum=0.90, levels=6, niter=500, lbl_dist=10.00, avgs=64, sigma=0.5,type=2, relabel=0, neg=yes

blurring input image with Gaussian with sigma=0.500...
GCAMRegisterLevel(): init RMS 0.408449
#FOTS# QuadFit found better minimum quadopt=(dt=36.288,rms=0.408255) vs oldopt=(dt=25.92,rms=0.408294)
#GCMRL#  628 dt  36.288000 rms  0.408  0.048% neg 0  invalid 762 tFOTS 2.7300 tGradient 1.1380 tsec 4.0530
#FOTS# QuadFit found better minimum quadopt=(dt=124.416,rms=0.408006) vs oldopt=(dt=103.68,rms=0.408016)
#GCMRL#  629 dt 124.416000 rms  0.408  0.061% neg 0  invalid 762 tFOTS 2.5730 tGradient 1.1370 tsec 3.9020
#FOTS# QuadFit found better minimum quadopt=(dt=145.152,rms=0.407624) vs oldopt=(dt=103.68,rms=0.407695)
#GCMRL#  630 dt 145.152000 rms  0.408  0.094% neg 0  invalid 762 tFOTS 2.5600 tGradient 1.1020 tsec 3.8570
#FOTS# QuadFit found better minimum quadopt=(dt=31.104,rms=0.407605) vs oldopt=(dt=25.92,rms=0.407606)
#GCMRL#  631 dt  31.104000 rms  0.408  0.000% neg 0  invalid 762 tFOTS 2.6050 tGradient 1.1200 tsec 3.9300
#GCMRL#  632 dt  31.104000 rms  0.408  0.005% neg 0  invalid 762 tFOTS 0.0000 tGradient 1.1420 tsec 1.3180
#GCMRL#  633 dt  31.104000 rms  0.408  0.009% neg 0  invalid 762 tFOTS 0.0000 tGradient 1.1280 tsec 1.3090
#GCMRL#  634 dt  31.104000 rms  0.407  0.015% neg 0  invalid 762 tFOTS 0.0000 tGradient 1.1080 tsec 1.2820
#GCMRL#  635 dt  31.104000 rms  0.407  0.023% neg 0  invalid 762 tFOTS 0.0000 tGradient 1.1120 tsec 1.2860
iter 0, gcam->neg = 1
after 1 iterations, nbhd size=0, neg = 0
#GCMRL#  636 dt  31.104000 rms  0.407  0.026% neg 0  invalid 762 tFOTS 0.0000 tGradient 1.1350 tsec 1.9690
#GCMRL#  637 dt  31.104000 rms  0.407  0.025% neg 0  invalid 762 tFOTS 0.0000 tGradient 1.1640 tsec 1.3370
setting smoothness cost coefficient to 0.118

#GCAMreg# pass 0 level1 3 level2 0 tsec 0 sigma 2
l_jacobian=1.00 l_log_likelihood=0.20 l_smoothness=0.12 
tol=2.50e-01, dt=5.00e-02, exp_k=20.0, momentum=0.90, levels=6, niter=500, lbl_dist=10.00, avgs=16, sigma=2.0,type=2, relabel=0, neg=yes

blurring input image with Gaussian with sigma=2.000...
GCAMRegisterLevel(): init RMS 0.407693
#FOTS# QuadFit found better minimum quadopt=(dt=11.2,rms=0.407488) vs oldopt=(dt=8,rms=0.4075)
iter 0, gcam->neg = 10
after 10 iterations, nbhd size=1, neg = 0
#GCMRL#  639 dt  11.200000 rms  0.408  0.023% neg 0  invalid 762 tFOTS 2.6850 tGradient 0.8850 tsec 6.3740
#FOTS# QuadFit found better minimum quadopt=(dt=9.6,rms=0.407525) vs oldopt=(dt=8,rms=0.407526)
iter 0, gcam->neg = 8
after 9 iterations, nbhd size=1, neg = 0
#GCMRL#  640 dt   9.600000 rms  0.408  0.000% neg 0  invalid 762 tFOTS 2.7430 tGradient 0.8850 tsec 6.2120
iter 0, gcam->neg = 8
after 12 iterations, nbhd size=1, neg = 0

#GCAMreg# pass 0 level1 3 level2 1 tsec 24.731 sigma 0.5
l_jacobian=1.00 l_log_likelihood=0.20 l_smoothness=0.12 
tol=2.50e-01, dt=5.00e-02, exp_k=20.0, momentum=0.90, levels=6, niter=500, lbl_dist=10.00, avgs=16, sigma=0.5,type=2, relabel=0, neg=yes

blurring input image with Gaussian with sigma=0.500...
GCAMRegisterLevel(): init RMS 0.407565
#FOTS# QuadFit found better minimum quadopt=(dt=44.8,rms=0.405143) vs oldopt=(dt=32,rms=0.40543)
iter 0, gcam->neg = 23
after 12 iterations, nbhd size=1, neg = 0
#GCMRL#  642 dt  44.800000 rms  0.405  0.556% neg 0  invalid 762 tFOTS 2.6220 tGradient 0.8720 tsec 6.7640
#FOTS# QuadFit found better minimum quadopt=(dt=23.9208,rms=0.404485) vs oldopt=(dt=32,rms=0.404633)
iter 0, gcam->neg = 12
after 13 iterations, nbhd size=1, neg = 0
#GCMRL#  643 dt  23.920792 rms  0.405  0.000% neg 0  invalid 762 tFOTS 2.7000 tGradient 0.8910 tsec 7.1280
iter 0, gcam->neg = 14
after 11 iterations, nbhd size=1, neg = 0
#GCMRL#  644 dt  23.920792 rms  0.404  0.141% neg 0  invalid 762 tFOTS 0.0000 tGradient 0.8910 tsec 3.9700
iter 0, gcam->neg = 6
after 2 iterations, nbhd size=0, neg = 0
#GCMRL#  645 dt  23.920792 rms  0.403  0.191% neg 0  invalid 762 tFOTS 0.0000 tGradient 0.8970 tsec 1.9730
iter 0, gcam->neg = 28
after 16 iterations, nbhd size=1, neg = 0
#GCMRL#  646 dt  23.920792 rms  0.402  0.222% neg 0  invalid 762 tFOTS 0.0000 tGradient 0.8880 tsec 4.8860
iter 0, gcam->neg = 22
after 10 iterations, nbhd size=1, neg = 0
#GCMRL#  647 dt  23.920792 rms  0.402  0.165% neg 0  invalid 762 tFOTS 0.0000 tGradient 0.8740 tsec 3.6380
iter 0, gcam->neg = 26
after 4 iterations, nbhd size=0, neg = 0
#GCMRL#  648 dt  23.920792 rms  0.401  0.183% neg 0  invalid 762 tFOTS 0.0000 tGradient 0.8760 tsec 2.3830
iter 0, gcam->neg = 34
after 14 iterations, nbhd size=1, neg = 0
#GCMRL#  649 dt  23.920792 rms  0.400  0.137% neg 0  invalid 762 tFOTS 0.0000 tGradient 0.8730 tsec 4.5040
iter 0, gcam->neg = 27
after 5 iterations, nbhd size=0, neg = 0
#GCMRL#  650 dt  23.920792 rms  0.400  0.117% neg 0  invalid 762 tFOTS 0.0000 tGradient 0.8820 tsec 2.6410
iter 0, gcam->neg = 28
after 11 iterations, nbhd size=1, neg = 0
#GCMRL#  651 dt  23.920792 rms  0.400  0.094% neg 0  invalid 762 tFOTS 0.0000 tGradient 0.8890 tsec 3.8980
#FOTS# QuadFit found better minimum quadopt=(dt=44.8,rms=0.39928) vs oldopt=(dt=32,rms=0.399329)
iter 0, gcam->neg = 5
after 8 iterations, nbhd size=1, neg = 0
#GCMRL#  652 dt  44.800000 rms  0.399  0.000% neg 0  invalid 762 tFOTS 2.5420 tGradient 0.9180 tsec 5.8430
iter 0, gcam->neg = 4
after 1 iterations, nbhd size=0, neg = 0
#GCMRL#  653 dt  44.800000 rms  0.399  0.022% neg 0  invalid 762 tFOTS 0.0000 tGradient 0.8710 tsec 1.7100
iter 0, gcam->neg = 9
after 3 iterations, nbhd size=0, neg = 0
#GCMRL#  654 dt  44.800000 rms  0.399  0.068% neg 0  invalid 762 tFOTS 0.0000 tGradient 0.8700 tsec 2.1990
iter 0, gcam->neg = 10
after 3 iterations, nbhd size=0, neg = 0
#GCMRL#  655 dt  44.800000 rms  0.399  0.045% neg 0  invalid 762 tFOTS 0.0000 tGradient 0.8990 tsec 2.3000
iter 0, gcam->neg = 22
after 14 iterations, nbhd size=1, neg = 0
setting smoothness cost coefficient to 0.400

#GCAMreg# pass 0 level1 2 level2 0 tsec 0 sigma 2
l_jacobian=1.00 l_log_likelihood=0.20 l_smoothness=0.40 
tol=2.50e-01, dt=5.00e-02, exp_k=20.0, momentum=0.90, levels=6, niter=500, lbl_dist=10.00, avgs=4, sigma=2.0,type=2, relabel=0, neg=yes

blurring input image with Gaussian with sigma=2.000...
GCAMRegisterLevel(): init RMS 0.402704
#FOTS# QuadFit found better minimum quadopt=(dt=0.864,rms=0.402696) vs oldopt=(dt=0.72,rms=0.402696)
#GCMRL#  657 dt   0.864000 rms  0.403  0.002% neg 0  invalid 762 tFOTS 2.6720 tGradient 0.7820 tsec 3.6420
#FOTS# QuadFit found better minimum quadopt=(dt=0.216,rms=0.402695) vs oldopt=(dt=0.18,rms=0.402695)
#GCMRL#  658 dt   0.216000 rms  0.403  0.000% neg 0  invalid 762 tFOTS 2.5480 tGradient 0.7590 tsec 3.5180
iter 0, gcam->neg = 1
after 0 iterations, nbhd size=0, neg = 0

#GCAMreg# pass 0 level1 2 level2 1 tsec 16.684 sigma 0.5
l_jacobian=1.00 l_log_likelihood=0.20 l_smoothness=0.40 
tol=2.50e-01, dt=5.00e-02, exp_k=20.0, momentum=0.90, levels=6, niter=500, lbl_dist=10.00, avgs=4, sigma=0.5,type=2, relabel=0, neg=yes

blurring input image with Gaussian with sigma=0.500...
GCAMRegisterLevel(): init RMS 0.402695
#FOTS# QuadFit found better minimum quadopt=(dt=8,rms=0.402336) vs oldopt=(dt=11.52,rms=0.4024)
iter 0, gcam->neg = 1
after 0 iterations, nbhd size=0, neg = 0
#GCMRL#  660 dt   8.000000 rms  0.402  0.089% neg 0  invalid 762 tFOTS 2.6180 tGradient 0.7640 tsec 4.0580
#FOTS# QuadFit found better minimum quadopt=(dt=14.4,rms=0.401943) vs oldopt=(dt=11.52,rms=0.401962)
iter 0, gcam->neg = 10
after 2 iterations, nbhd size=0, neg = 0
#GCMRL#  661 dt  14.400000 rms  0.402  0.093% neg 0  invalid 762 tFOTS 2.7270 tGradient 0.7890 tsec 4.6390
#FOTS# QuadFit found better minimum quadopt=(dt=48.3137,rms=0.400701) vs oldopt=(dt=46.08,rms=0.400704)
iter 0, gcam->neg = 73
after 15 iterations, nbhd size=1, neg = 0
#GCMRL#  662 dt  48.313725 rms  0.401  0.246% neg 0  invalid 762 tFOTS 2.7230 tGradient 0.7820 tsec 7.6170
#FOTS# QuadFit found better minimum quadopt=(dt=14.6383,rms=0.400423) vs oldopt=(dt=11.52,rms=0.400449)
iter 0, gcam->neg = 36
after 15 iterations, nbhd size=1, neg = 0
#GCMRL#  663 dt  14.638298 rms  0.400  0.000% neg 0  invalid 762 tFOTS 2.8000 tGradient 0.7870 tsec 7.6720
iter 0, gcam->neg = 18
after 12 iterations, nbhd size=1, neg = 0
#GCMRL#  664 dt  14.638298 rms  0.400  0.068% neg 0  invalid 762 tFOTS 0.0000 tGradient 0.8040 tsec 4.0450
iter 0, gcam->neg = 72
after 17 iterations, nbhd size=1, neg = 0
#GCMRL#  665 dt  14.638298 rms  0.400  0.063% neg 0  invalid 762 tFOTS 0.0000 tGradient 0.7600 tsec 5.1210
iter 0, gcam->neg = 82
after 18 iterations, nbhd size=1, neg = 0
setting smoothness cost coefficient to 1.000

#GCAMreg# pass 0 level1 1 level2 0 tsec 0 sigma 2
l_jacobian=1.00 l_log_likelihood=0.20 l_smoothness=1.00 
tol=2.50e-01, dt=5.00e-02, exp_k=20.0, momentum=0.90, levels=6, niter=500, lbl_dist=10.00, avgs=1, sigma=2.0,type=2, relabel=0, neg=yes

blurring input image with Gaussian with sigma=2.000...
GCAMRegisterLevel(): init RMS 0.40591
#GCMRL#  667 dt   0.000050 rms  0.406  0.000% neg 0  invalid 762 tFOTS 3.5090 tGradient 0.6160 tsec 4.3170
#FOTS# QuadFit found better minimum quadopt=(dt=0,rms=0.40591) vs oldopt=(dt=0,rms=0.40591)
#GCMRL#  668 dt   0.100000 rms  0.406  0.000% neg 0  invalid 762 tFOTS 2.6500 tGradient 0.6220 tsec 3.4830

#GCAMreg# pass 0 level1 1 level2 1 tsec 16.694 sigma 0.5
l_jacobian=1.00 l_log_likelihood=0.20 l_smoothness=1.00 
tol=2.50e-01, dt=5.00e-02, exp_k=20.0, momentum=0.90, levels=6, niter=500, lbl_dist=10.00, avgs=1, sigma=0.5,type=2, relabel=0, neg=yes

blurring input image with Gaussian with sigma=0.500...
GCAMRegisterLevel(): init RMS 0.40591
resetting metric properties...
setting smoothness cost coefficient to 2.000

#GCAMreg# pass 0 level1 0 level2 0 tsec 0 sigma 2
l_jacobian=1.00 l_log_likelihood=0.20 l_smoothness=2.00 
tol=2.50e-01, dt=5.00e-02, exp_k=20.0, momentum=0.90, levels=6, niter=500, lbl_dist=10.00, avgs=0, sigma=2.0,type=2, relabel=0, neg=yes

blurring input image with Gaussian with sigma=2.000...
GCAMRegisterLevel(): init RMS 0.395707
#FOTS# QuadFit found better minimum quadopt=(dt=0.960685,rms=0.388588) vs oldopt=(dt=1.28,rms=0.389477)
iter 0, gcam->neg = 581
after 20 iterations, nbhd size=1, neg = 0
#GCMRL#  671 dt   0.960685 rms  0.389  1.570% neg 0  invalid 762 tFOTS 2.6670 tGradient 0.1850 tsec 7.0990
#FOTS# QuadFit found better minimum quadopt=(dt=4e-05,rms=0.389493) vs oldopt=(dt=5e-05,rms=0.389493)
#GCMRL#  672 dt   0.000040 rms  0.389  0.000% neg 0  invalid 762 tFOTS 3.5180 tGradient 0.1890 tsec 3.9290

#GCAMreg# pass 0 level1 0 level2 1 tsec 19.509 sigma 0.5
l_jacobian=1.00 l_log_likelihood=0.20 l_smoothness=2.00 
tol=2.50e-01, dt=5.00e-02, exp_k=20.0, momentum=0.90, levels=6, niter=500, lbl_dist=10.00, avgs=0, sigma=0.5,type=2, relabel=0, neg=yes

blurring input image with Gaussian with sigma=0.500...
GCAMRegisterLevel(): init RMS 0.389493
#FOTS# QuadFit found better minimum quadopt=(dt=0.112,rms=0.389211) vs oldopt=(dt=0.08,rms=0.389255)
#GCMRL#  674 dt   0.112000 rms  0.389  0.072% neg 0  invalid 762 tFOTS 2.7830 tGradient 0.1850 tsec 3.1610
#FOTS# QuadFit found better minimum quadopt=(dt=0.112,rms=0.38904) vs oldopt=(dt=0.08,rms=0.389071)
#GCMRL#  675 dt   0.112000 rms  0.389  0.000% neg 0  invalid 762 tFOTS 2.8020 tGradient 0.1870 tsec 3.2090
#GCMRL#  676 dt   0.112000 rms  0.389  0.038% neg 0  invalid 762 tFOTS 0.0000 tGradient 0.1970 tsec 0.3830
#GCMRL#  677 dt   0.112000 rms  0.389  0.029% neg 0  invalid 762 tFOTS 0.0000 tGradient 0.1850 tsec 0.3680
GCAMregister done in 4.18272 min
writing output transformation to transforms/talairach.m3z...
GCAMwrite
Calls to gcamLogLikelihoodEnergy 4876 tmin = 1.04585
Calls to gcamLabelEnergy         4279 tmin = 0.791333
Calls to gcamJacobianEnergy      4876 tmin = 0.549467
Calls to gcamSmoothnessEnergy    4876 tmin = 3.44942
Calls to gcamLogLikelihoodTerm 679 tmin = 0.429967
Calls to gcamLabelTerm         623 tmin = 4.20435
Calls to gcamJacobianTerm      679 tmin = 0.6418
Calls to gcamSmoothnessTerm    679 tmin = 0.296333
Calls to gcamComputeGradient    679 tmin = 15.3807
Calls to gcamComputeMetricProperties    7003 tmin = 1.5684
mri_ca_register took 0 hours, 35 minutes and 22 seconds.
#VMPC# mri_ca_register VmPeak  3384820
FSRUNTIME@ mri_ca_register  0.5893 hours 16 threads
#--------------------------------------
#@# SubCort Seg Sun Mar 15 09:01:00 CET 2026

 mri_ca_label -relabel_unlikely 9 .3 -prior 0.5 -align norm.mgz transforms/talairach.m3z /opt/freesurfer/average/RB_all_2020-01-02.gca aseg.auto_noCCseg.mgz 

sysname  Linux
hostname dna080
machine  x86_64

setenv SUBJECTS_DIR /out/sourcedata/freesurfer
cd /out/sourcedata/freesurfer/sub-v2s10x28955_ses-1/mri
mri_ca_label -relabel_unlikely 9 .3 -prior 0.5 -align norm.mgz transforms/talairach.m3z /opt/freesurfer/average/RB_all_2020-01-02.gca aseg.auto_noCCseg.mgz 

relabeling unlikely voxels with window_size = 9 and prior threshold 0.30
using Gibbs prior factor = 0.500
renormalizing sequences with structure alignment, equivalent to:
	-renormalize
	-renormalize_mean 0.500
	-regularize 0.500

== Number of threads available to for OpenMP = 16 == 
reading 1 input volumes
reading classifier array from /opt/freesurfer/average/RB_all_2020-01-02.gca
reading input volume from norm.mgz
average std[0] = 7.2
reading transform from transforms/talairach.m3z
setting orig areas to linear transform determinant scaled 6.81
Atlas used for the 3D morph was /opt/freesurfer/average/RB_all_2020-01-02.gca
average std = 7.2   using min determinant for regularization = 5.2
0 singular and 0 ill-conditioned covariance matrices regularized
labeling volume...
renormalizing by structure alignment....
renormalizing input #0
gca peak = 0.15521 (20)
mri peak = 0.18123 (20)
Left_Lateral_Ventricle (4): linear fit = 0.93 x + 0.0 (461 voxels, overlap=0.828)
Left_Lateral_Ventricle (4): linear fit = 0.93 x + 0.0 (461 voxels, peak = 18), gca=18.5
gca peak = 0.20380 (13)
mri peak = 0.17651 (20)
Right_Lateral_Ventricle (43): linear fit = 1.34 x + 0.0 (769 voxels, overlap=0.319)
Right_Lateral_Ventricle (43): linear fit = 1.34 x + 0.0 (769 voxels, peak = 17), gca=17.4
gca peak = 0.26283 (96)
mri peak = 0.14456 (90)
Right_Pallidum (52): linear fit = 0.94 x + 0.0 (1133 voxels, overlap=0.248)
Right_Pallidum (52): linear fit = 0.94 x + 0.0 (1133 voxels, peak = 91), gca=90.7
gca peak = 0.15814 (97)
mri peak = 0.18436 (92)
Left_Pallidum (13): linear fit = 0.98 x + 0.0 (886 voxels, overlap=0.965)
Left_Pallidum (13): linear fit = 0.98 x + 0.0 (886 voxels, peak = 95), gca=94.6
gca peak = 0.27624 (56)
mri peak = 0.14903 (66)
Right_Hippocampus (53): linear fit = 1.15 x + 0.0 (1415 voxels, overlap=0.013)
Right_Hippocampus (53): linear fit = 1.15 x + 0.0 (1415 voxels, peak = 65), gca=64.7
gca peak = 0.28723 (59)
mri peak = 0.15587 (65)
Left_Hippocampus (17): linear fit = 1.12 x + 0.0 (1330 voxels, overlap=0.420)
Left_Hippocampus (17): linear fit = 1.12 x + 0.0 (1330 voxels, peak = 66), gca=65.8
gca peak = 0.07623 (103)
mri peak = 0.17073 (108)
Right_Cerebral_White_Matter (41): linear fit = 1.03 x + 0.0 (34814 voxels, overlap=0.516)
Right_Cerebral_White_Matter (41): linear fit = 1.03 x + 0.0 (34814 voxels, peak = 107), gca=106.6
gca peak = 0.07837 (105)
mri peak = 0.20103 (108)
Left_Cerebral_White_Matter (2): linear fit = 1.02 x + 0.0 (34060 voxels, overlap=0.421)
Left_Cerebral_White_Matter (2): linear fit = 1.02 x + 0.0 (34060 voxels, peak = 108), gca=107.6
gca peak = 0.10165 (58)
mri peak = 0.04933 (62)
Left_Cerebral_Cortex (3): linear fit = 1.04 x + 0.0 (45645 voxels, overlap=0.917)
Left_Cerebral_Cortex (3): linear fit = 1.04 x + 0.0 (45645 voxels, peak = 61), gca=60.6
gca peak = 0.11113 (58)
mri peak = 0.06368 (62)
Right_Cerebral_Cortex (42): linear fit = 1.08 x + 0.0 (43692 voxels, overlap=0.917)
Right_Cerebral_Cortex (42): linear fit = 1.08 x + 0.0 (43692 voxels, peak = 62), gca=62.4
gca peak = 0.27796 (67)
mri peak = 0.22294 (79)
Right_Caudate (50): linear fit = 1.14 x + 0.0 (1247 voxels, overlap=0.011)
Right_Caudate (50): linear fit = 1.14 x + 0.0 (1247 voxels, peak = 77), gca=76.7
gca peak = 0.14473 (69)
mri peak = 0.16014 (79)
Left_Caudate (11): linear fit = 1.04 x + 0.0 (1149 voxels, overlap=0.567)
Left_Caudate (11): linear fit = 1.04 x + 0.0 (1149 voxels, peak = 72), gca=72.1
gca peak = 0.14301 (56)
mri peak = 0.05889 (57)
Left_Cerebellum_Cortex (8): linear fit = 1.04 x + 0.0 (31460 voxels, overlap=0.981)
Left_Cerebellum_Cortex (8): linear fit = 1.04 x + 0.0 (31460 voxels, peak = 59), gca=58.5
gca peak = 0.14610 (55)
mri peak = 0.06812 (63)
Right_Cerebellum_Cortex (47): linear fit = 1.07 x + 0.0 (31656 voxels, overlap=0.902)
Right_Cerebellum_Cortex (47): linear fit = 1.07 x + 0.0 (31656 voxels, peak = 59), gca=58.6
gca peak = 0.16309 (85)
mri peak = 0.15654 (88)
Left_Cerebellum_White_Matter (7): linear fit = 1.03 x + 0.0 (7281 voxels, overlap=0.660)
Left_Cerebellum_White_Matter (7): linear fit = 1.03 x + 0.0 (7281 voxels, peak = 88), gca=88.0
gca peak = 0.15172 (84)
mri peak = 0.14270 (88)
Right_Cerebellum_White_Matter (46): linear fit = 1.03 x + 0.0 (7393 voxels, overlap=0.761)
Right_Cerebellum_White_Matter (46): linear fit = 1.03 x + 0.0 (7393 voxels, peak = 87), gca=86.9
gca peak = 0.30461 (58)
mri peak = 0.15241 (67)
Left_Amygdala (18): linear fit = 1.13 x + 0.0 (873 voxels, overlap=0.041)
Left_Amygdala (18): linear fit = 1.13 x + 0.0 (873 voxels, peak = 66), gca=65.8
gca peak = 0.32293 (57)
mri peak = 0.14548 (66)
Right_Amygdala (54): linear fit = 1.16 x + 0.0 (763 voxels, overlap=0.040)
Right_Amygdala (54): linear fit = 1.16 x + 0.0 (763 voxels, peak = 66), gca=66.4
gca peak = 0.11083 (90)
mri peak = 0.07535 (87)
Left_Thalamus (10): linear fit = 0.99 x + 0.0 (5091 voxels, overlap=0.995)
Left_Thalamus (10): linear fit = 0.99 x + 0.0 (5091 voxels, peak = 89), gca=88.7
gca peak = 0.11393 (83)
mri peak = 0.07548 (83)
Right_Thalamus (49): linear fit = 1.04 x + 0.0 (5440 voxels, overlap=0.980)
Right_Thalamus (49): linear fit = 1.04 x + 0.0 (5440 voxels, peak = 87), gca=86.7
gca peak = 0.08575 (81)
mri peak = 0.13199 (86)
Left_Putamen (12): linear fit = 1.07 x + 0.0 (2679 voxels, overlap=0.511)
Left_Putamen (12): linear fit = 1.07 x + 0.0 (2679 voxels, peak = 86), gca=86.3
gca peak = 0.08618 (78)
mri peak = 0.13208 (84)
Right_Putamen (51): linear fit = 1.07 x + 0.0 (1855 voxels, overlap=0.760)
Right_Putamen (51): linear fit = 1.07 x + 0.0 (1855 voxels, peak = 83), gca=83.1
gca peak = 0.08005 (78)
mri peak = 0.10393 (88)
Brain_Stem (16): linear fit = 1.09 x + 0.0 (12112 voxels, overlap=0.492)
Brain_Stem (16): linear fit = 1.09 x + 0.0 (12112 voxels, peak = 85), gca=84.6
gca peak = 0.12854 (88)
mri peak = 0.08882 (93)
Right_VentralDC (60): linear fit = 1.04 x + 0.0 (1598 voxels, overlap=0.789)
Right_VentralDC (60): linear fit = 1.04 x + 0.0 (1598 voxels, peak = 92), gca=92.0
gca peak = 0.15703 (87)
mri peak = 0.08544 (92)
Left_VentralDC (28): linear fit = 1.05 x + 0.0 (1769 voxels, overlap=0.879)
Left_VentralDC (28): linear fit = 1.05 x + 0.0 (1769 voxels, peak = 92), gca=91.8
gca peak = 0.17522 (25)
mri peak = 0.13417 (28)
gca peak = 0.17113 (14)
mri peak = 0.23754 (22)
Fourth_Ventricle (15): linear fit = 1.40 x + 0.0 (215 voxels, overlap=0.102)
Fourth_Ventricle (15): linear fit = 1.40 x + 0.0 (215 voxels, peak = 20), gca=19.7
gca peak Unknown = 0.94777 ( 0)
gca peak Left_Inf_Lat_Vent = 0.16627 (28)
gca peak Third_Ventricle = 0.17522 (25)
gca peak CSF = 0.20346 (36)
gca peak Left_Accumbens_area = 0.70646 (62)
gca peak Left_undetermined = 1.00000 (28)
gca peak Left_vessel = 0.89917 (53)
gca peak Left_choroid_plexus = 0.11689 (35)
gca peak Right_Inf_Lat_Vent = 0.25504 (23)
gca peak Right_Accumbens_area = 0.31650 (65)
gca peak Right_vessel = 0.77268 (52)
gca peak Right_choroid_plexus = 0.13275 (38)
gca peak Fifth_Ventricle = 0.60973 (33)
gca peak WM_hypointensities = 0.11013 (77)
gca peak non_WM_hypointensities = 0.11354 (41)
gca peak Optic_Chiasm = 0.51646 (76)
not using caudate to estimate GM means
estimating mean gm scale to be 1.11 x + 0.0
estimating mean wm scale to be 1.03 x + 0.0
estimating mean csf scale to be 1.22 x + 0.0
saving intensity scales to aseg.auto_noCCseg.label_intensities.txt
renormalizing by structure alignment....
renormalizing input #0
gca peak = 0.18640 (19)
mri peak = 0.18123 (20)
Left_Lateral_Ventricle (4): linear fit = 1.10 x + 0.0 (461 voxels, overlap=0.810)
Left_Lateral_Ventricle (4): linear fit = 1.10 x + 0.0 (461 voxels, peak = 21), gca=20.8
gca peak = 0.17042 (17)
mri peak = 0.17651 (20)
Right_Lateral_Ventricle (43): linear fit = 1.00 x + 0.0 (769 voxels, overlap=0.563)
Right_Lateral_Ventricle (43): linear fit = 1.00 x + 0.0 (769 voxels, peak = 17), gca=17.0
gca peak = 0.26631 (90)
mri peak = 0.14456 (90)
Right_Pallidum (52): linear fit = 1.00 x + 0.0 (1133 voxels, overlap=1.008)
Right_Pallidum (52): linear fit = 1.00 x + 0.0 (1133 voxels, peak = 90), gca=90.0
gca peak = 0.18156 (94)
mri peak = 0.18436 (92)
Left_Pallidum (13): linear fit = 1.00 x + 0.0 (886 voxels, overlap=0.999)
Left_Pallidum (13): linear fit = 1.00 x + 0.0 (886 voxels, peak = 94), gca=94.0
gca peak = 0.24393 (64)
mri peak = 0.14903 (66)
Right_Hippocampus (53): linear fit = 1.00 x + 0.0 (1415 voxels, overlap=0.976)
Right_Hippocampus (53): linear fit = 1.00 x + 0.0 (1415 voxels, peak = 64), gca=64.0
gca peak = 0.32559 (63)
mri peak = 0.15587 (65)
Left_Hippocampus (17): linear fit = 0.99 x + 0.0 (1330 voxels, overlap=1.000)
Left_Hippocampus (17): linear fit = 0.99 x + 0.0 (1330 voxels, peak = 62), gca=62.1
gca peak = 0.07636 (107)
mri peak = 0.17073 (108)
Right_Cerebral_White_Matter (41): linear fit = 1.00 x + 0.0 (34814 voxels, overlap=0.671)
Right_Cerebral_White_Matter (41): linear fit = 1.00 x + 0.0 (34814 voxels, peak = 107), gca=107.0
gca peak = 0.07733 (107)
mri peak = 0.20103 (108)
Left_Cerebral_White_Matter (2): linear fit = 1.00 x + 0.0 (34060 voxels, overlap=0.547)
Left_Cerebral_White_Matter (2): linear fit = 1.00 x + 0.0 (34060 voxels, peak = 108), gca=107.5
gca peak = 0.09138 (61)
mri peak = 0.04933 (62)
Left_Cerebral_Cortex (3): linear fit = 1.02 x + 0.0 (45645 voxels, overlap=0.971)
Left_Cerebral_Cortex (3): linear fit = 1.02 x + 0.0 (45645 voxels, peak = 63), gca=62.5
gca peak = 0.10665 (63)
mri peak = 0.06368 (62)
Right_Cerebral_Cortex (42): linear fit = 0.99 x + 0.0 (43692 voxels, overlap=0.971)
Right_Cerebral_Cortex (42): linear fit = 0.99 x + 0.0 (43692 voxels, peak = 62), gca=62.1
gca peak = 0.21882 (76)
mri peak = 0.22294 (79)
Right_Caudate (50): linear fit = 1.01 x + 0.0 (1247 voxels, overlap=0.998)
Right_Caudate (50): linear fit = 1.01 x + 0.0 (1247 voxels, peak = 77), gca=77.1
gca peak = 0.16727 (81)
mri peak = 0.16014 (79)
Left_Caudate (11): linear fit = 0.99 x + 0.0 (1149 voxels, overlap=0.791)
Left_Caudate (11): linear fit = 0.99 x + 0.0 (1149 voxels, peak = 80), gca=79.8
gca peak = 0.13218 (58)
mri peak = 0.05889 (57)
Left_Cerebellum_Cortex (8): linear fit = 1.02 x + 0.0 (31460 voxels, overlap=1.000)
Left_Cerebellum_Cortex (8): linear fit = 1.02 x + 0.0 (31460 voxels, peak = 59), gca=59.4
gca peak = 0.14378 (59)
mri peak = 0.06812 (63)
Right_Cerebellum_Cortex (47): linear fit = 1.02 x + 0.0 (31656 voxels, overlap=0.990)
Right_Cerebellum_Cortex (47): linear fit = 1.02 x + 0.0 (31656 voxels, peak = 60), gca=60.5
gca peak = 0.16129 (88)
mri peak = 0.15654 (88)
Left_Cerebellum_White_Matter (7): linear fit = 1.00 x + 0.0 (7281 voxels, overlap=0.870)
Left_Cerebellum_White_Matter (7): linear fit = 1.00 x + 0.0 (7281 voxels, peak = 88), gca=88.0
gca peak = 0.14284 (86)
mri peak = 0.14270 (88)
Right_Cerebellum_White_Matter (46): linear fit = 1.00 x + 0.0 (7393 voxels, overlap=0.908)
Right_Cerebellum_White_Matter (46): linear fit = 1.00 x + 0.0 (7393 voxels, peak = 86), gca=86.0
gca peak = 0.26893 (66)
mri peak = 0.15241 (67)
Left_Amygdala (18): linear fit = 1.01 x + 0.0 (873 voxels, overlap=1.009)
Left_Amygdala (18): linear fit = 1.01 x + 0.0 (873 voxels, peak = 67), gca=67.0
gca peak = 0.27898 (66)
mri peak = 0.14548 (66)
Right_Amygdala (54): linear fit = 1.00 x + 0.0 (763 voxels, overlap=1.002)
Right_Amygdala (54): linear fit = 1.00 x + 0.0 (763 voxels, peak = 66), gca=66.0
gca peak = 0.11009 (87)
mri peak = 0.07535 (87)
Left_Thalamus (10): linear fit = 0.99 x + 0.0 (5091 voxels, overlap=0.996)
Left_Thalamus (10): linear fit = 0.99 x + 0.0 (5091 voxels, peak = 86), gca=85.7
gca peak = 0.09538 (86)
mri peak = 0.07548 (83)
Right_Thalamus (49): linear fit = 0.99 x + 0.0 (5440 voxels, overlap=0.997)
Right_Thalamus (49): linear fit = 0.99 x + 0.0 (5440 voxels, peak = 85), gca=84.7
gca peak = 0.07447 (88)
mri peak = 0.13199 (86)
Left_Putamen (12): linear fit = 1.00 x + 0.0 (2679 voxels, overlap=0.733)
Left_Putamen (12): linear fit = 1.00 x + 0.0 (2679 voxels, peak = 88), gca=88.0
gca peak = 0.08515 (83)
mri peak = 0.13208 (84)
Right_Putamen (51): linear fit = 0.98 x + 0.0 (1855 voxels, overlap=0.830)
Right_Putamen (51): linear fit = 0.98 x + 0.0 (1855 voxels, peak = 81), gca=80.9
gca peak = 0.07812 (85)
mri peak = 0.10393 (88)
Brain_Stem (16): linear fit = 1.01 x + 0.0 (12112 voxels, overlap=0.777)
Brain_Stem (16): linear fit = 1.01 x + 0.0 (12112 voxels, peak = 86), gca=86.3
gca peak = 0.11793 (92)
mri peak = 0.08882 (93)
Right_VentralDC (60): linear fit = 1.00 x + 0.0 (1598 voxels, overlap=0.860)
Right_VentralDC (60): linear fit = 1.00 x + 0.0 (1598 voxels, peak = 92), gca=91.5
gca peak = 0.16948 (90)
mri peak = 0.08544 (92)
Left_VentralDC (28): linear fit = 1.00 x + 0.0 (1769 voxels, overlap=0.939)
Left_VentralDC (28): linear fit = 1.00 x + 0.0 (1769 voxels, peak = 90), gca=89.6
gca peak = 0.17353 (31)
mri peak = 0.13417 (28)
gca peak = 0.15172 (20)
mri peak = 0.23754 (22)
Fourth_Ventricle (15): linear fit = 1.05 x + 0.0 (215 voxels, overlap=0.595)
Fourth_Ventricle (15): linear fit = 1.05 x + 0.0 (215 voxels, peak = 21), gca=21.1
gca peak Unknown = 0.94777 ( 0)
gca peak Left_Inf_Lat_Vent = 0.17678 (31)
gca peak Third_Ventricle = 0.17353 (31)
gca peak CSF = 0.18072 (44)
gca peak Left_Accumbens_area = 0.74269 (65)
gca peak Left_undetermined = 1.00000 (28)
gca peak Left_vessel = 0.89917 (53)
gca peak Left_choroid_plexus = 0.10623 (35)
gca peak Right_Inf_Lat_Vent = 0.24870 (27)
gca peak Right_Accumbens_area = 0.29378 (74)
gca peak Right_vessel = 0.77268 (52)
gca peak Right_choroid_plexus = 0.13294 (38)
gca peak Fifth_Ventricle = 0.77755 (39)
gca peak WM_hypointensities = 0.10286 (79)
gca peak non_WM_hypointensities = 0.14635 (42)
gca peak Optic_Chiasm = 0.51863 (76)
not using caudate to estimate GM means
estimating mean gm scale to be 1.00 x + 0.0
estimating mean wm scale to be 1.00 x + 0.0
estimating mean csf scale to be 1.05 x + 0.0
saving intensity scales to aseg.auto_noCCseg.label_intensities.txt
saving sequentially combined intensity scales to aseg.auto_noCCseg.label_intensities.txt
34856 voxels changed in iteration 0 of unlikely voxel relabeling
88 voxels changed in iteration 1 of unlikely voxel relabeling
5 voxels changed in iteration 2 of unlikely voxel relabeling
0 voxels changed in iteration 3 of unlikely voxel relabeling
30474 gm and wm labels changed (%29 to gray, %71 to white out of all changed labels)
350 hippocampal voxels changed.
0 amygdala voxels changed.
Reclassifying using Gibbs Priors
pass 1: 51316 changed. image ll: -2.076, PF=0.500
pass 2: 12199 changed. image ll: -2.075, PF=0.500
pass 3: 4022 changed.
21875 voxels changed in iteration 0 of unlikely voxel relabeling
108 voxels changed in iteration 1 of unlikely voxel relabeling
5 voxels changed in iteration 2 of unlikely voxel relabeling
0 voxels changed in iteration 3 of unlikely voxel relabeling
5346 voxels changed in iteration 0 of unlikely voxel relabeling
142 voxels changed in iteration 1 of unlikely voxel relabeling
1 voxels changed in iteration 2 of unlikely voxel relabeling
0 voxels changed in iteration 3 of unlikely voxel relabeling
5331 voxels changed in iteration 0 of unlikely voxel relabeling
108 voxels changed in iteration 1 of unlikely voxel relabeling
3 voxels changed in iteration 2 of unlikely voxel relabeling
0 voxels changed in iteration 3 of unlikely voxel relabeling
4757 voxels changed in iteration 0 of unlikely voxel relabeling
43 voxels changed in iteration 1 of unlikely voxel relabeling
1 voxels changed in iteration 2 of unlikely voxel relabeling
0 voxels changed in iteration 3 of unlikely voxel relabeling
 !!!!!!!!! ventricle segment 0 with volume 4500 above threshold 100 - not erasing !!!!!!!!!!
 !!!!!!!!! ventricle segment 1 with volume 124 above threshold 100 - not erasing !!!!!!!!!!
 !!!!!!!!! ventricle segment 4 with volume 5116 above threshold 100 - not erasing !!!!!!!!!!
writing labeled volume to aseg.auto_noCCseg.mgz
mri_ca_label utimesec    1237.567171
mri_ca_label stimesec    2.899082
mri_ca_label ru_maxrss   2160804
mri_ca_label ru_ixrss    0
mri_ca_label ru_idrss    0
mri_ca_label ru_isrss    0
mri_ca_label ru_minflt   3277025
mri_ca_label ru_majflt   8
mri_ca_label ru_nswap    0
mri_ca_label ru_inblock  1142
mri_ca_label ru_oublock  640
mri_ca_label ru_msgsnd   0
mri_ca_label ru_msgrcv   0
mri_ca_label ru_nsignals 0
mri_ca_label ru_nvcsw    2360
mri_ca_label ru_nivcsw   1471
auto-labeling took 19 minutes and 33 seconds.
#--------------------------------------
#@# CC Seg Sun Mar 15 09:20:33 CET 2026

 mri_cc -aseg aseg.auto_noCCseg.mgz -o aseg.auto.mgz -lta /out/sourcedata/freesurfer/sub-v2s10x28955_ses-1/mri/transforms/cc_up.lta sub-v2s10x28955_ses-1 

will read input aseg from aseg.auto_noCCseg.mgz
writing aseg with cc labels to aseg.auto.mgz
will write lta as /out/sourcedata/freesurfer/sub-v2s10x28955_ses-1/mri/transforms/cc_up.lta
reading aseg from /out/sourcedata/freesurfer/sub-v2s10x28955_ses-1/mri/aseg.auto_noCCseg.mgz
reading norm from /out/sourcedata/freesurfer/sub-v2s10x28955_ses-1/mri/norm.mgz
92979 voxels in left wm, 82542 in right wm, xrange [120, 138]
searching rotation angles z=[-4 10], y=[-1 13]
searching scale 1 Z rot -4.5  searching scale 1 Z rot -4.2  searching scale 1 Z rot -4.0  searching scale 1 Z rot -3.7  searching scale 1 Z rot -3.5  searching scale 1 Z rot -3.2  searching scale 1 Z rot -3.0  searching scale 1 Z rot -2.7  searching scale 1 Z rot -2.5  searching scale 1 Z rot -2.2  searching scale 1 Z rot -2.0  searching scale 1 Z rot -1.7  searching scale 1 Z rot -1.5  searching scale 1 Z rot -1.2  searching scale 1 Z rot -1.0  searching scale 1 Z rot -0.7  searching scale 1 Z rot -0.5  searching scale 1 Z rot -0.2  searching scale 1 Z rot 0.0  searching scale 1 Z rot 0.3  searching scale 1 Z rot 0.5  searching scale 1 Z rot 0.8  searching scale 1 Z rot 1.0  searching scale 1 Z rot 1.3  searching scale 1 Z rot 1.5  searching scale 1 Z rot 1.8  searching scale 1 Z rot 2.0  searching scale 1 Z rot 2.3  searching scale 1 Z rot 2.5  searching scale 1 Z rot 2.8  searching scale 1 Z rot 3.0  searching scale 1 Z rot 3.3  searching scale 1 Z rot 3.5  searching scale 1 Z rot 3.8  searching scale 1 Z rot 4.0  searching scale 1 Z rot 4.3  searching scale 1 Z rot 4.5  searching scale 1 Z rot 4.8  searching scale 1 Z rot 5.0  searching scale 1 Z rot 5.3  searching scale 1 Z rot 5.5  searching scale 1 Z rot 5.8  searching scale 1 Z rot 6.0  searching scale 1 Z rot 6.3  searching scale 1 Z rot 6.5  searching scale 1 Z rot 6.8  searching scale 1 Z rot 7.0  searching scale 1 Z rot 7.3  searching scale 1 Z rot 7.5  searching scale 1 Z rot 7.8  searching scale 1 Z rot 8.0  searching scale 1 Z rot 8.3  searching scale 1 Z rot 8.5  searching scale 1 Z rot 8.8  searching scale 1 Z rot 9.0  searching scale 1 Z rot 9.3  global minimum found at slice 128.1, rotations (5.51, 2.53)
final transformation (x=128.1, yr=5.509, zr=2.528):
 0.99441  -0.04411   0.09590  -5.66927;
 0.04391   0.99903   0.00423   36.01401;
-0.09600   0.00000   0.99538   35.78300;
 0.00000   0.00000   0.00000   1.00000;
updating x range to be [127, 131] in xformed coordinates
best xformed slice 128
min_x_fornix = 137
min_x_fornix = 137
min_x_fornix = 142
min_x_fornix = 143
min_x_fornix = 140
cc center is found at 128 86 105
eigenvectors:
 0.00050  -0.00069   1.00000;
-0.15290  -0.98824  -0.00061;
 0.98824  -0.15290  -0.00060;
writing aseg with callosum to /out/sourcedata/freesurfer/sub-v2s10x28955_ses-1/mri/aseg.auto.mgz...
corpus callosum segmentation took 0.6 minutes
#VMPC# mri_cc VmPeak  556788
mri_cc done
#--------------------------------------
#@# Merge ASeg Sun Mar 15 09:21:09 CET 2026

 cp aseg.auto.mgz aseg.presurf.mgz 

#--------------------------------------------
#@# Intensity Normalization2 Sun Mar 15 09:21:09 CET 2026
/out/sourcedata/freesurfer/sub-v2s10x28955_ses-1/mri

 mri_normalize -seed 1234 -mprage -aseg aseg.presurf.mgz -mask brainmask.mgz norm.mgz brain.mgz 

setting seed for random number genererator to 1234
assuming input volume is MGH (Van der Kouwe) MP-RAGE
using segmentation for initial intensity normalization
using MR volume brainmask.mgz to mask input volume...
reading mri_src from norm.mgz...
Reading aseg aseg.presurf.mgz
normalizing image...
NOT doing gentle normalization with control points/label
processing with aseg
removing outliers in the aseg WM...
357 control points removed
Building bias image
building Voronoi diagram...
performing soap bubble smoothing, sigma = 0...
Smoothing with sigma 8
Applying bias correction
building Voronoi diagram...
performing soap bubble smoothing, sigma = 8...

Iterating 2 times
---------------------------------
3d normalization pass 1 of 2
white matter peak found at 110
white matter peak found at 110
gm peak at 69 (69), valley at  0 (-1)
csf peak at 34, setting threshold to 57
building Voronoi diagram...
performing soap bubble smoothing, sigma = 8...
---------------------------------
3d normalization pass 2 of 2
white matter peak found at 110
white matter peak found at 110
gm peak at 69 (69), valley at  0 (-1)
csf peak at 34, setting threshold to 57
building Voronoi diagram...
performing soap bubble smoothing, sigma = 8...
Done iterating ---------------------------------
writing output to brain.mgz
3D bias adjustment took 1 minutes and 25 seconds.
#--------------------------------------------
#@# Mask BFS Sun Mar 15 09:22:36 CET 2026
/out/sourcedata/freesurfer/sub-v2s10x28955_ses-1/mri

 mri_mask -T 5 brain.mgz brainmask.mgz brain.finalsurfs.mgz 

threshold mask volume at 5
DoAbs = 0
Found 1494876 voxels in mask (pct=  8.91)
Writing masked volume to brain.finalsurfs.mgz...done.
#--------------------------------------------
#@# WM Segmentation Sun Mar 15 09:22:36 CET 2026

 AntsDenoiseImageFs -i brain.mgz -o antsdn.brain.mgz 


 mri_segment -wsizemm 13 -mprage antsdn.brain.mgz wm.seg.mgz 

wsizemm = 13, voxres = 1, wsize = 13
Widening wm low from 89 to 79
assuming input volume is MGH (Van der Kouwe) MP-RAGE
wm mean:  110
wsize:    13
wm low:   79
wm hi:    125
gray low: 30
gray hi:  99
Doing initial trinary intensity segmentation 
Using local statistics to label ambiguous voxels
Autodetecting stats
Computing class statistics for intensity windows...
CCS WM (102.0): 102.1 +- 5.8 [79.0 --> 121.0]
CCS GM (75.0) : 74.3 +- 9.1 [30.0 --> 95.0]
 white_mean 102.063
 white_sigma 5.82
 gray_mean 74.3207
 gray_sigma 9.07263
setting bottom of white matter range wm_low to 83.4
setting top of gray matter range gray_hi to 92.5
 wm_low 83.3933
 wm_hi  125
 gray_low 30
 gray_hi  92.466
Redoing initial intensity segmentation...
Recomputing local statistics to label ambiguous voxels...
 wm_low 83.3933
 wm_hi  125
 gray_low 30
 gray_hi  92.466
using local geometry to label remaining ambiguous voxels...
polvwsize = 5, polvlen = 3, gray_hi = 92.466, wm_low = 83.3933
MRIcpolvMedianCurveSegment(): wsize=5, len=3, gmhi=92.466, wmlow=83.3933
    124213 voxels processed (0.74%)
     56712 voxels white (0.34%)
     67501 voxels non-white (0.40%)

Reclassifying voxels using Gaussian border classifier niter=1
MRIreclassify(): wm_low=78.3933, gray_hi=92.466, wsize=13
    238214 voxels tested (1.42%)
     43325 voxels changed (0.26%)
     58291 multi-scale searches  (0.35%)
Recovering bright white
MRIrecoverBrightWhite()
 wm_low 83.3933
 wm_hi 125
 slack 5.82
 pct_thresh 0.33
 intensity_thresh 130.82
 nvox_thresh 8.58
        0 voxels tested (0.00%)
        0 voxels changed (0.00%)

removing voxels with positive offset direction...
MRIremoveWrongDirection() wsize=3, lowthr=78.3933, hithr=92.466
  smoothing input volume with sigma = 0.250
    73223 voxels tested (0.44%)
    12820 voxels changed (0.08%)
thicken = 1
removing 1-dimensional structures...
MRIremove1dStructures(): max_iter=10000, thresh=2, WM_MIN_VAL=5
 1484 sparsely connected voxels removed in 1 iterations
thickening thin strands....
thickness 4
nsegments 20
wm_hi 125
1070 diagonally connected voxels added...
MRIthickenThinWMStrands(): thickness=4, nsegments=20
  20 segments, 4892 filled
MRIfindBrightNonWM(): 0 bright non-wm voxels segmented.
MRIfilterMorphology() WM_MIN_VAL=5, DIAGONAL_FILL=230
white matter segmentation took 0.8 minutes
writing output to wm.seg.mgz...

 mri_edit_wm_with_aseg -keep-in wm.seg.mgz brain.mgz aseg.presurf.mgz wm.asegedit.mgz 

preserving editing changes in input volume...
auto filling took 0.34 minutes
reading wm segmentation from wm.seg.mgz...
0 voxels added to wm to prevent paths from MTL structures to cortex
2546 additional wm voxels added
0 additional wm voxels added
SEG EDIT: 34626 voxels turned on, 42112 voxels turned off.
propagating editing to output volume from wm.seg.mgz
writing edited volume to wm.asegedit.mgz....

 mri_pretess wm.asegedit.mgz wm norm.mgz wm.mgz 


Iteration Number : 1
pass   1 (xy+):  19 found -  19 modified     |    TOTAL:  19
pass   2 (xy+):   0 found -  19 modified     |    TOTAL:  19
pass   1 (xy-):  10 found -  10 modified     |    TOTAL:  29
pass   2 (xy-):   0 found -  10 modified     |    TOTAL:  29
pass   1 (yz+):  16 found -  16 modified     |    TOTAL:  45
pass   2 (yz+):   0 found -  16 modified     |    TOTAL:  45
pass   1 (yz-):  13 found -  13 modified     |    TOTAL:  58
pass   2 (yz-):   0 found -  13 modified     |    TOTAL:  58
pass   1 (xz+):  12 found -  12 modified     |    TOTAL:  70
pass   2 (xz+):   0 found -  12 modified     |    TOTAL:  70
pass   1 (xz-):  11 found -  11 modified     |    TOTAL:  81
pass   2 (xz-):   0 found -  11 modified     |    TOTAL:  81
Iteration Number : 1
pass   1 (+++):   4 found -   4 modified     |    TOTAL:   4
pass   2 (+++):   0 found -   4 modified     |    TOTAL:   4
pass   1 (+++):   3 found -   3 modified     |    TOTAL:   7
pass   2 (+++):   0 found -   3 modified     |    TOTAL:   7
pass   1 (+++):   6 found -   6 modified     |    TOTAL:  13
pass   2 (+++):   0 found -   6 modified     |    TOTAL:  13
pass   1 (+++):   6 found -   6 modified     |    TOTAL:  19
pass   2 (+++):   0 found -   6 modified     |    TOTAL:  19
Iteration Number : 1
pass   1 (++):  64 found -  64 modified     |    TOTAL:  64
pass   2 (++):   0 found -  64 modified     |    TOTAL:  64
pass   1 (+-):  67 found -  67 modified     |    TOTAL: 131
pass   2 (+-):   0 found -  67 modified     |    TOTAL: 131
pass   1 (--):  49 found -  49 modified     |    TOTAL: 180
pass   2 (--):   0 found -  49 modified     |    TOTAL: 180
pass   1 (-+): 103 found - 103 modified     |    TOTAL: 283
pass   2 (-+):   0 found - 103 modified     |    TOTAL: 283
Iteration Number : 2
pass   1 (xy+):   1 found -   1 modified     |    TOTAL:   1
pass   2 (xy+):   0 found -   1 modified     |    TOTAL:   1
pass   1 (xy-):   2 found -   2 modified     |    TOTAL:   3
pass   2 (xy-):   0 found -   2 modified     |    TOTAL:   3
pass   1 (yz+):   1 found -   1 modified     |    TOTAL:   4
pass   2 (yz+):   0 found -   1 modified     |    TOTAL:   4
pass   1 (yz-):   0 found -   0 modified     |    TOTAL:   4
pass   1 (xz+):   1 found -   1 modified     |    TOTAL:   5
pass   2 (xz+):   0 found -   1 modified     |    TOTAL:   5
pass   1 (xz-):   2 found -   2 modified     |    TOTAL:   7
pass   2 (xz-):   0 found -   2 modified     |    TOTAL:   7
Iteration Number : 2
pass   1 (+++):   0 found -   0 modified     |    TOTAL:   0
pass   1 (+++):   0 found -   0 modified     |    TOTAL:   0
pass   1 (+++):   0 found -   0 modified     |    TOTAL:   0
pass   1 (+++):   2 found -   2 modified     |    TOTAL:   2
pass   2 (+++):   0 found -   2 modified     |    TOTAL:   2
Iteration Number : 2
pass   1 (++):   1 found -   1 modified     |    TOTAL:   1
pass   2 (++):   0 found -   1 modified     |    TOTAL:   1
pass   1 (+-):   1 found -   1 modified     |    TOTAL:   2
pass   2 (+-):   0 found -   1 modified     |    TOTAL:   2
pass   1 (--):   0 found -   0 modified     |    TOTAL:   2
pass   1 (-+):   0 found -   0 modified     |    TOTAL:   2
Iteration Number : 3
pass   1 (xy+):   0 found -   0 modified     |    TOTAL:   0
pass   1 (xy-):   0 found -   0 modified     |    TOTAL:   0
pass   1 (yz+):   0 found -   0 modified     |    TOTAL:   0
pass   1 (yz-):   0 found -   0 modified     |    TOTAL:   0
pass   1 (xz+):   0 found -   0 modified     |    TOTAL:   0
pass   1 (xz-):   0 found -   0 modified     |    TOTAL:   0
Iteration Number : 3
pass   1 (+++):   0 found -   0 modified     |    TOTAL:   0
pass   1 (+++):   0 found -   0 modified     |    TOTAL:   0
pass   1 (+++):   0 found -   0 modified     |    TOTAL:   0
pass   1 (+++):   0 found -   0 modified     |    TOTAL:   0
Iteration Number : 3
pass   1 (++):   0 found -   0 modified     |    TOTAL:   0
pass   1 (+-):   0 found -   0 modified     |    TOTAL:   0
pass   1 (--):   0 found -   0 modified     |    TOTAL:   0
pass   1 (-+):   0 found -   0 modified     |    TOTAL:   0

Total Number of Modified Voxels = 394 (out of 524724: 0.075087)
binarizing input wm segmentation...
Ambiguous edge configurations... 

mri_pretess done

#--------------------------------------------
#@# Fill Sun Mar 15 09:24:08 CET 2026
/out/sourcedata/freesurfer/sub-v2s10x28955_ses-1/mri

 mri_fill -a ../scripts/ponscc.cut.log -xform transforms/talairach.lta -segmentation aseg.presurf.mgz -ctab /opt/freesurfer/SubCorticalMassLUT.txt wm.mgz filled.mgz 

logging cutting plane coordinates to ../scripts/ponscc.cut.log...
INFO: Using transforms/talairach.lta and its offset for Talairach volume ...
using segmentation aseg.presurf.mgz...
reading input volume...done.
searching for cutting planes...voxel to talairach voxel transform
 1.05120  -0.01106   0.07308  -15.18256;
 0.00195   1.12563   0.09645  -7.21286;
-0.05965  -0.11090   0.97964   18.96075;
 0.00000   0.00000   0.00000   1.00000;
voxel to talairach voxel transform
 1.05120  -0.01106   0.07308  -15.18256;
 0.00195   1.12563   0.09645  -7.21286;
-0.05965  -0.11090   0.97964   18.96075;
 0.00000   0.00000   0.00000   1.00000;
reading segmented volume aseg.presurf.mgz
removing CC from segmentation
Looking for area (min, max) = (350, 1400)
area[0] = 2453 (min = 350, max = 1400), aspect = 1.34 (min = 0.10, max = 0.75)
need search nearby
using seed (125, 112, 145), TAL = (3.0, 17.0, 16.0)
talairach voxel to voxel transform
 0.94726   0.00233  -0.07089   15.74285;
-0.00652   0.87984  -0.08614   7.88049;
 0.05694   0.09975   1.00671  -17.50403;
 0.00000   0.00000   0.00000   1.00000;
segmentation indicates cc at (125,  112,  145) --> (3.0, 17.0, 16.0)
done.
filling took 0.6 minutes
talairach cc position changed to (3.00, 17.00, 16.00)
Erasing brainstem...done.
seed_search_size = 9, min_neighbors = 5
search rh wm seed point around talairach space:(21.00, 17.00, 16.00) SRC: (107.08, 93.23, 145.73)
search lh wm seed point around talairach space (-15.00, 17.00, 16.00), SRC: (141.18, 93.00, 147.78)
compute mri_fill using aseg
Erasing Brain Stem and Cerebellum ...
Define left and right masks using aseg:
Building Voronoi diagram ...
Using the Voronoi diagram for separating WM into two hemispheres ...
Find the largest connected component for each hemisphere ...
Embedding colortable
mri_fill done, writing output to filled.mgz...
 cp filled.mgz filled.auto.mgz

Started at Sun Mar 15 08:24:44 CET 2026 
Ended   at Sun Mar 15 09:24:45 CET 2026
#@#%# recon-all-run-time-hours 1.000
recon-all -s sub-v2s10x28955_ses-1 finished without error at Sun Mar 15 09:24:45 CET 2026



#New# invocation of recon-all 




Sun Mar 15 09:54:47 CET 2026
cd /out/sourcedata/freesurfer/sub-v2s10x28955_ses-1
setenv SUBJECTS_DIR /out/sourcedata/freesurfer
/opt/freesurfer/bin/recon-all -parallel -subjid sub-v2s10x28955_ses-1 -sd /out/sourcedata/freesurfer -cortribbon

subjid sub-v2s10x28955_ses-1
setenv SUBJECTS_DIR /out/sourcedata/freesurfer
FREESURFER_HOME /opt/freesurfer
Actual FREESURFER_HOME /opt/freesurfer
build-stamp.txt: freesurfer-linux-ubuntu22_x86_64-7.3.2-20220804-6354275
Linux dna080 5.14.0-427.37.1.el9_4.x86_64 #1 SMP PREEMPT_DYNAMIC Fri Sep 13 12:41:50 EDT 2024 x86_64 x86_64 x86_64 GNU/Linux
cputime      unlimited
filesize     unlimited
datasize     unlimited
stacksize    8192 kbytes
coredumpsize 0 kbytes
memoryuse    67108864 kbytes
vmemoryuse   unlimited
descriptors  1024 
memorylocked unlimited
maxproc      2061970 
maxlocks     unlimited
maxsignal    2062029 
maxmessage   819200 
maxnice      0 
maxrtprio    0 
maxrttime    unlimited

               total        used        free      shared  buff/cache   available
Mem:           503Gi        50Gi       129Gi        21Gi       324Gi       428Gi
Swap:             0B          0B          0B

########################################
program versions used
7.3.2 (freesurfer-linux-ubuntu22_x86_64-7.3.2-20220804-6354275)
7.3.2

ProgramName: lta_convert  ProgramArguments: lta_convert -all-info  ProgramVersion: 7.3.2  TimeStamp: 2026/03/15-08:54:47-GMT  BuildTime: Aug  4 2022 06:17:15  BuildStamp: freesurfer-linux-ubuntu22_x86_64-7.3.2-20220804-6354275  User: oesteban  Machine: dna080  Platform: Linux  PlatformVersion: 5.14.0-427.37.1.el9_4.x86_64  CompilerName: GCC  CompilerVersion: 8.4.0
ProgramName: mri_and  ProgramArguments: mri_and -all-info  ProgramVersion: 7.3.2  TimeStamp: 2026/03/15-08:54:47-GMT  BuildTime: Aug  4 2022 06:17:15  BuildStamp: freesurfer-linux-ubuntu22_x86_64-7.3.2-20220804-6354275  User: oesteban  Machine: dna080  Platform: Linux  PlatformVersion: 5.14.0-427.37.1.el9_4.x86_64  CompilerName: GCC  CompilerVersion: 8.4.0
ProgramName: mri_annotation2label  ProgramArguments: mri_annotation2label -all-info  ProgramVersion: 7.3.2  TimeStamp: 2026/03/15-08:54:47-GMT  BuildTime: Aug  4 2022 06:17:15  BuildStamp: freesurfer-linux-ubuntu22_x86_64-7.3.2-20220804-6354275  User: oesteban  Machine: dna080  Platform: Linux  PlatformVersion: 5.14.0-427.37.1.el9_4.x86_64  CompilerName: GCC  CompilerVersion: 8.4.0
ProgramName: mri_aparc2aseg  ProgramArguments: mri_aparc2aseg -all-info  ProgramVersion: 7.3.2  TimeStamp: 2026/03/15-08:54:47-GMT  BuildTime: Aug  4 2022 06:17:15  BuildStamp: freesurfer-linux-ubuntu22_x86_64-7.3.2-20220804-6354275  User: oesteban  Machine: dna080  Platform: Linux  PlatformVersion: 5.14.0-427.37.1.el9_4.x86_64  CompilerName: GCC  CompilerVersion: 8.4.0
ProgramName: mri_surf2volseg  ProgramArguments: mri_surf2volseg -all-info  ProgramVersion: 7.3.2  TimeStamp: 2026/03/15-08:54:47-GMT  BuildTime: Aug  4 2022 06:17:15  BuildStamp: freesurfer-linux-ubuntu22_x86_64-7.3.2-20220804-6354275  User: oesteban  Machine: dna080  Platform: Linux  PlatformVersion: 5.14.0-427.37.1.el9_4.x86_64  CompilerName: GCC  CompilerVersion: 8.4.0
ProgramName: mri_binarize  ProgramArguments: mri_binarize -all-info  ProgramVersion: 7.3.2  TimeStamp: 2026/03/15-08:54:47-GMT  BuildTime: Aug  4 2022 06:17:15  BuildStamp: freesurfer-linux-ubuntu22_x86_64-7.3.2-20220804-6354275  User: oesteban  Machine: dna080  Platform: Linux  PlatformVersion: 5.14.0-427.37.1.el9_4.x86_64  CompilerName: GCC  CompilerVersion: 8.4.0
ProgramName: mri_ca_label  ProgramArguments: mri_ca_label -all-info  ProgramVersion: 7.3.2  TimeStamp: 2026/03/15-08:54:47-GMT  BuildTime: Aug  4 2022 06:17:15  BuildStamp: freesurfer-linux-ubuntu22_x86_64-7.3.2-20220804-6354275  User: oesteban  Machine: dna080  Platform: Linux  PlatformVersion: 5.14.0-427.37.1.el9_4.x86_64  CompilerName: GCC  CompilerVersion: 8.4.0
ProgramName: mri_ca_normalize  ProgramArguments: mri_ca_normalize -all-info  ProgramVersion: 7.3.2  TimeStamp: 2026/03/15-08:54:47-GMT  BuildTime: Aug  4 2022 06:17:15  BuildStamp: freesurfer-linux-ubuntu22_x86_64-7.3.2-20220804-6354275  User: oesteban  Machine: dna080  Platform: Linux  PlatformVersion: 5.14.0-427.37.1.el9_4.x86_64  CompilerName: GCC  CompilerVersion: 8.4.0
ProgramName: mri_ca_register  ProgramArguments: mri_ca_register -all-info  ProgramVersion: 7.3.2  TimeStamp: 2026/03/15-08:54:47-GMT  BuildTime: Aug  4 2022 06:17:15  BuildStamp: freesurfer-linux-ubuntu22_x86_64-7.3.2-20220804-6354275  User: oesteban  Machine: dna080  Platform: Linux  PlatformVersion: 5.14.0-427.37.1.el9_4.x86_64  CompilerName: GCC  CompilerVersion: 8.4.0
ProgramName: mri_cc  ProgramArguments: mri_cc -all-info  ProgramVersion: 7.3.2  TimeStamp: 2026/03/15-08:54:47-GMT  BuildTime: Aug  4 2022 06:17:15  BuildStamp: freesurfer-linux-ubuntu22_x86_64-7.3.2-20220804-6354275  User: oesteban  Machine: dna080  Platform: Linux  PlatformVersion: 5.14.0-427.37.1.el9_4.x86_64  CompilerName: GCC  CompilerVersion: 8.4.0
ProgramName: mri_compute_overlap  ProgramArguments: mri_compute_overlap -all-info  ProgramVersion: 7.3.2  TimeStamp: 2026/03/15-08:54:47-GMT  BuildTime: Aug  4 2022 06:17:15  BuildStamp: freesurfer-linux-ubuntu22_x86_64-7.3.2-20220804-6354275  User: oesteban  Machine: dna080  Platform: Linux  PlatformVersion: 5.14.0-427.37.1.el9_4.x86_64  CompilerName: GCC  CompilerVersion: 8.4.0
ProgramName: mri_compute_seg_overlap  ProgramArguments: mri_compute_seg_overlap -all-info  ProgramVersion: 7.3.2  TimeStamp: 2026/03/15-08:54:47-GMT  BuildTime: Aug  4 2022 06:17:15  BuildStamp: freesurfer-linux-ubuntu22_x86_64-7.3.2-20220804-6354275  User: oesteban  Machine: dna080  Platform: Linux  PlatformVersion: 5.14.0-427.37.1.el9_4.x86_64  CompilerName: GCC  CompilerVersion: 8.4.0
ProgramName: mri_concat  ProgramArguments: mri_concat -all-info  ProgramVersion: 7.3.2  TimeStamp: 2026/03/15-08:54:47-GMT  BuildTime: Aug  4 2022 06:17:15  BuildStamp: freesurfer-linux-ubuntu22_x86_64-7.3.2-20220804-6354275  User: oesteban  Machine: dna080  Platform: Linux  PlatformVersion: 5.14.0-427.37.1.el9_4.x86_64  CompilerName: GCC  CompilerVersion: 8.4.0
ProgramName: mri_concatenate_lta  ProgramArguments: mri_concatenate_lta -all-info  ProgramVersion: 7.3.2  TimeStamp: 2026/03/15-08:54:47-GMT  BuildTime: Aug  4 2022 06:17:15  BuildStamp: freesurfer-linux-ubuntu22_x86_64-7.3.2-20220804-6354275  User: oesteban  Machine: dna080  Platform: Linux  PlatformVersion: 5.14.0-427.37.1.el9_4.x86_64  CompilerName: GCC  CompilerVersion: 8.4.0
mri_convert -all-info 
ProgramName: mri_convert  ProgramArguments: mri_convert -all-info  ProgramVersion: 7.3.2  TimeStamp: 2026/03/15-08:54:47-GMT  BuildTime: Aug  4 2022 06:17:15  BuildStamp: freesurfer-linux-ubuntu22_x86_64-7.3.2-20220804-6354275  User: oesteban  Machine: dna080  Platform: Linux  PlatformVersion: 5.14.0-427.37.1.el9_4.x86_64  CompilerName: GCC  CompilerVersion: 8.4.0
ProgramName: mri_diff  ProgramArguments: mri_diff -all-info  ProgramVersion: 7.3.2  TimeStamp: 2026/03/15-08:54:47-GMT  BuildTime: Aug  4 2022 06:17:15  BuildStamp: freesurfer-linux-ubuntu22_x86_64-7.3.2-20220804-6354275  User: oesteban  Machine: dna080  Platform: Linux  PlatformVersion: 5.14.0-427.37.1.el9_4.x86_64  CompilerName: GCC  CompilerVersion: 8.4.0
ProgramName: mri_edit_wm_with_aseg  ProgramArguments: mri_edit_wm_with_aseg -all-info  ProgramVersion: 7.3.2  TimeStamp: 2026/03/15-08:54:47-GMT  BuildTime: Aug  4 2022 06:17:15  BuildStamp: freesurfer-linux-ubuntu22_x86_64-7.3.2-20220804-6354275  User: oesteban  Machine: dna080  Platform: Linux  PlatformVersion: 5.14.0-427.37.1.el9_4.x86_64  CompilerName: GCC  CompilerVersion: 8.4.0
ProgramName: mri_em_register  ProgramArguments: mri_em_register -all-info  ProgramVersion: 7.3.2  TimeStamp: 2026/03/15-08:54:47-GMT  BuildTime: Aug  4 2022 06:17:15  BuildStamp: freesurfer-linux-ubuntu22_x86_64-7.3.2-20220804-6354275  User: oesteban  Machine: dna080  Platform: Linux  PlatformVersion: 5.14.0-427.37.1.el9_4.x86_64  CompilerName: GCC  CompilerVersion: 8.4.0
ProgramName: mri_fill  ProgramArguments: mri_fill -all-info  ProgramVersion: 7.3.2  TimeStamp: 2026/03/15-08:54:47-GMT  BuildTime: Aug  4 2022 06:17:15  BuildStamp: freesurfer-linux-ubuntu22_x86_64-7.3.2-20220804-6354275  User: oesteban  Machine: dna080  Platform: Linux  PlatformVersion: 5.14.0-427.37.1.el9_4.x86_64  CompilerName: GCC  CompilerVersion: 8.4.0
ProgramName: mri_fuse_segmentations  ProgramArguments: mri_fuse_segmentations -all-info  ProgramVersion: 7.3.2  TimeStamp: 2026/03/15-08:54:47-GMT  BuildTime: Aug  4 2022 06:17:15  BuildStamp: freesurfer-linux-ubuntu22_x86_64-7.3.2-20220804-6354275  User: oesteban  Machine: dna080  Platform: Linux  PlatformVersion: 5.14.0-427.37.1.el9_4.x86_64  CompilerName: GCC  CompilerVersion: 8.4.0
ProgramName: mri_fwhm  ProgramArguments: mri_fwhm -all-info  ProgramVersion: 7.3.2  TimeStamp: 2026/03/15-08:54:47-GMT  BuildTime: Aug  4 2022 06:17:15  BuildStamp: freesurfer-linux-ubuntu22_x86_64-7.3.2-20220804-6354275  User: oesteban  Machine: dna080  Platform: Linux  PlatformVersion: 5.14.0-427.37.1.el9_4.x86_64  CompilerName: GCC  CompilerVersion: 8.4.0
ProgramName: mri_gcut  ProgramArguments: mri_gcut -all-info  ProgramVersion: 7.3.2  TimeStamp: 2026/03/15-08:54:47-GMT  BuildTime: Aug  4 2022 06:17:15  BuildStamp: freesurfer-linux-ubuntu22_x86_64-7.3.2-20220804-6354275  User: oesteban  Machine: dna080  Platform: Linux  PlatformVersion: 5.14.0-427.37.1.el9_4.x86_64  CompilerName: GCC  CompilerVersion: 8.4.0
ProgramName: mri_info  ProgramArguments: mri_info -all-info  ProgramVersion: 7.3.2  TimeStamp: 2026/03/15-08:54:47-GMT  BuildTime: Aug  4 2022 06:17:15  BuildStamp: freesurfer-linux-ubuntu22_x86_64-7.3.2-20220804-6354275  User: oesteban  Machine: dna080  Platform: Linux  PlatformVersion: 5.14.0-427.37.1.el9_4.x86_64  CompilerName: GCC  CompilerVersion: 8.4.0
ProgramName: mri_label2label  ProgramArguments: mri_label2label -all-info  ProgramVersion: 7.3.2  TimeStamp: 2026/03/15-08:54:47-GMT  BuildTime: Aug  4 2022 06:17:15  BuildStamp: freesurfer-linux-ubuntu22_x86_64-7.3.2-20220804-6354275  User: oesteban  Machine: dna080  Platform: Linux  PlatformVersion: 5.14.0-427.37.1.el9_4.x86_64  CompilerName: GCC  CompilerVersion: 8.4.0
ProgramName: mri_label2vol  ProgramArguments: mri_label2vol -all-info  ProgramVersion: 7.3.2  TimeStamp: 2026/03/15-08:54:47-GMT  BuildTime: Aug  4 2022 06:17:15  BuildStamp: freesurfer-linux-ubuntu22_x86_64-7.3.2-20220804-6354275  User: oesteban  Machine: dna080  Platform: Linux  PlatformVersion: 5.14.0-427.37.1.el9_4.x86_64  CompilerName: GCC  CompilerVersion: 8.4.0
ProgramName: mri_log_likelihood  ProgramArguments: mri_log_likelihood -all-info  ProgramVersion: 7.3.2  TimeStamp: 2026/03/15-08:54:47-GMT  BuildTime: Aug  4 2022 06:17:15  BuildStamp: freesurfer-linux-ubuntu22_x86_64-7.3.2-20220804-6354275  User: oesteban  Machine: dna080  Platform: Linux  PlatformVersion: 5.14.0-427.37.1.el9_4.x86_64  CompilerName: GCC  CompilerVersion: 8.4.0
ProgramName: mri_mask  ProgramArguments: mri_mask -all-info  ProgramVersion: 7.3.2  TimeStamp: 2026/03/15-08:54:47-GMT  BuildTime: Aug  4 2022 06:17:15  BuildStamp: freesurfer-linux-ubuntu22_x86_64-7.3.2-20220804-6354275  User: oesteban  Machine: dna080  Platform: Linux  PlatformVersion: 5.14.0-427.37.1.el9_4.x86_64  CompilerName: GCC  CompilerVersion: 8.4.0
ProgramName: mri_matrix_multiply  ProgramArguments: mri_matrix_multiply -all-info  ProgramVersion: 7.3.2  TimeStamp: 2026/03/15-08:54:47-GMT  BuildTime: Aug  4 2022 06:17:15  BuildStamp: freesurfer-linux-ubuntu22_x86_64-7.3.2-20220804-6354275  User: oesteban  Machine: dna080  Platform: Linux  PlatformVersion: 5.14.0-427.37.1.el9_4.x86_64  CompilerName: GCC  CompilerVersion: 8.4.0
ProgramName: mri_normalize  ProgramArguments: mri_normalize -all-info  ProgramVersion: 7.3.2  TimeStamp: 2026/03/15-08:54:47-GMT  BuildTime: Aug  4 2022 06:17:15  BuildStamp: freesurfer-linux-ubuntu22_x86_64-7.3.2-20220804-6354275  User: oesteban  Machine: dna080  Platform: Linux  PlatformVersion: 5.14.0-427.37.1.el9_4.x86_64  CompilerName: GCC  CompilerVersion: 8.4.0
ProgramName: mri_normalize_tp2  ProgramArguments: mri_normalize_tp2 -all-info  ProgramVersion: 7.3.2  TimeStamp: 2026/03/15-08:54:47-GMT  BuildTime: Aug  4 2022 06:17:15  BuildStamp: freesurfer-linux-ubuntu22_x86_64-7.3.2-20220804-6354275  User: oesteban  Machine: dna080  Platform: Linux  PlatformVersion: 5.14.0-427.37.1.el9_4.x86_64  CompilerName: GCC  CompilerVersion: 8.4.0
ProgramName: mri_or  ProgramArguments: mri_or -all-info  ProgramVersion: 7.3.2  TimeStamp: 2026/03/15-08:54:47-GMT  BuildTime: Aug  4 2022 06:17:15  BuildStamp: freesurfer-linux-ubuntu22_x86_64-7.3.2-20220804-6354275  User: oesteban  Machine: dna080  Platform: Linux  PlatformVersion: 5.14.0-427.37.1.el9_4.x86_64  CompilerName: GCC  CompilerVersion: 8.4.0
ProgramName: mri_relabel_hypointensities  ProgramArguments: mri_relabel_hypointensities -all-info  ProgramVersion: 7.3.2  TimeStamp: 2026/03/15-08:54:47-GMT  BuildTime: Aug  4 2022 06:17:15  BuildStamp: freesurfer-linux-ubuntu22_x86_64-7.3.2-20220804-6354275  User: oesteban  Machine: dna080  Platform: Linux  PlatformVersion: 5.14.0-427.37.1.el9_4.x86_64  CompilerName: GCC  CompilerVersion: 8.4.0
ProgramName: mri_relabel_nonwm_hypos  ProgramArguments: mri_relabel_nonwm_hypos -all-info  ProgramVersion: 7.3.2  TimeStamp: 2026/03/15-08:54:47-GMT  BuildTime: Aug  4 2022 06:17:15  BuildStamp: freesurfer-linux-ubuntu22_x86_64-7.3.2-20220804-6354275  User: oesteban  Machine: dna080  Platform: Linux  PlatformVersion: 5.14.0-427.37.1.el9_4.x86_64  CompilerName: GCC  CompilerVersion: 8.4.0
ProgramName: mri_remove_neck  ProgramArguments: mri_remove_neck -all-info  ProgramVersion: 7.3.2  TimeStamp: 2026/03/15-08:54:47-GMT  BuildTime: Aug  4 2022 06:17:15  BuildStamp: freesurfer-linux-ubuntu22_x86_64-7.3.2-20220804-6354275  User: oesteban  Machine: dna080  Platform: Linux  PlatformVersion: 5.14.0-427.37.1.el9_4.x86_64  CompilerName: GCC  CompilerVersion: 8.4.0
7.3.2

ProgramName: mri_robust_register  ProgramArguments: mri_robust_register -all-info  ProgramVersion: 7.3.2  TimeStamp: 2026/03/15-08:54:47-GMT  BuildTime: Aug  4 2022 06:17:15  BuildStamp: freesurfer-linux-ubuntu22_x86_64-7.3.2-20220804-6354275  User: oesteban  Machine: dna080  Platform: Linux  PlatformVersion: 5.14.0-427.37.1.el9_4.x86_64  CompilerName: GCC  CompilerVersion: 8.4.0
7.3.2

ProgramName: mri_robust_template  ProgramArguments: mri_robust_template -all-info  ProgramVersion: 7.3.2  TimeStamp: 2026/03/15-08:54:47-GMT  BuildTime: Aug  4 2022 06:17:15  BuildStamp: freesurfer-linux-ubuntu22_x86_64-7.3.2-20220804-6354275  User: oesteban  Machine: dna080  Platform: Linux  PlatformVersion: 5.14.0-427.37.1.el9_4.x86_64  CompilerName: GCC  CompilerVersion: 8.4.0
ProgramName: mris_anatomical_stats  ProgramArguments: mris_anatomical_stats -all-info  ProgramVersion: 7.3.2  TimeStamp: 2026/03/15-08:54:47-GMT  BuildTime: Aug  4 2022 06:17:15  BuildStamp: freesurfer-linux-ubuntu22_x86_64-7.3.2-20220804-6354275  User: oesteban  Machine: dna080  Platform: Linux  PlatformVersion: 5.14.0-427.37.1.el9_4.x86_64  CompilerName: GCC  CompilerVersion: 8.4.0
ProgramName: mris_ca_label  ProgramArguments: mris_ca_label -all-info  ProgramVersion: 7.3.2  TimeStamp: 2026/03/15-08:54:47-GMT  BuildTime: Aug  4 2022 06:17:15  BuildStamp: freesurfer-linux-ubuntu22_x86_64-7.3.2-20220804-6354275  User: oesteban  Machine: dna080  Platform: Linux  PlatformVersion: 5.14.0-427.37.1.el9_4.x86_64  CompilerName: GCC  CompilerVersion: 8.4.0
ProgramName: mris_calc  ProgramArguments: mris_calc -all-info  ProgramVersion: 7.3.2  TimeStamp: 2026/03/15-08:54:47-GMT  BuildTime: Aug  4 2022 06:17:15  BuildStamp: freesurfer-linux-ubuntu22_x86_64-7.3.2-20220804-6354275  User: oesteban  Machine: dna080  Platform: Linux  PlatformVersion: 5.14.0-427.37.1.el9_4.x86_64  CompilerName: GCC  CompilerVersion: 8.4.0
ProgramName: mris_convert  ProgramArguments: mris_convert -all-info  ProgramVersion: 7.3.2  TimeStamp: 2026/03/15-08:54:47-GMT  BuildTime: Aug  4 2022 06:17:15  BuildStamp: freesurfer-linux-ubuntu22_x86_64-7.3.2-20220804-6354275  User: oesteban  Machine: dna080  Platform: Linux  PlatformVersion: 5.14.0-427.37.1.el9_4.x86_64  CompilerName: GCC  CompilerVersion: 8.4.0
ProgramName: mris_curvature  ProgramArguments: mris_curvature -all-info  ProgramVersion: 7.3.2  TimeStamp: 2026/03/15-08:54:47-GMT  BuildTime: Aug  4 2022 06:17:15  BuildStamp: freesurfer-linux-ubuntu22_x86_64-7.3.2-20220804-6354275  User: oesteban  Machine: dna080  Platform: Linux  PlatformVersion: 5.14.0-427.37.1.el9_4.x86_64  CompilerName: GCC  CompilerVersion: 8.4.0
ProgramName: mris_curvature_stats  ProgramArguments: mris_curvature_stats -all-info  ProgramVersion: 7.3.2  TimeStamp: 2026/03/15-08:54:47-GMT  BuildTime: Aug  4 2022 06:17:15  BuildStamp: freesurfer-linux-ubuntu22_x86_64-7.3.2-20220804-6354275  User: oesteban  Machine: dna080  Platform: Linux  PlatformVersion: 5.14.0-427.37.1.el9_4.x86_64  CompilerName: GCC  CompilerVersion: 8.4.0
ProgramName: mris_diff  ProgramArguments: mris_diff -all-info  ProgramVersion: 7.3.2  TimeStamp: 2026/03/15-08:54:47-GMT  BuildTime: Aug  4 2022 06:17:15  BuildStamp: freesurfer-linux-ubuntu22_x86_64-7.3.2-20220804-6354275  User: oesteban  Machine: dna080  Platform: Linux  PlatformVersion: 5.14.0-427.37.1.el9_4.x86_64  CompilerName: GCC  CompilerVersion: 8.4.0
ProgramName: mris_divide_parcellation  ProgramArguments: mris_divide_parcellation -all-info  ProgramVersion: 7.3.2  TimeStamp: 2026/03/15-08:54:47-GMT  BuildTime: Aug  4 2022 06:17:15  BuildStamp: freesurfer-linux-ubuntu22_x86_64-7.3.2-20220804-6354275  User: oesteban  Machine: dna080  Platform: Linux  PlatformVersion: 5.14.0-427.37.1.el9_4.x86_64  CompilerName: GCC  CompilerVersion: 8.4.0
ProgramName: mri_segment  ProgramArguments: mri_segment -all-info  ProgramVersion: 7.3.2  TimeStamp: 2026/03/15-08:54:47-GMT  BuildTime: Aug  4 2022 06:17:15  BuildStamp: freesurfer-linux-ubuntu22_x86_64-7.3.2-20220804-6354275  User: oesteban  Machine: dna080  Platform: Linux  PlatformVersion: 5.14.0-427.37.1.el9_4.x86_64  CompilerName: GCC  CompilerVersion: 8.4.0
ProgramName: mri_segstats  ProgramArguments: mri_segstats -all-info  ProgramVersion: 7.3.2  TimeStamp: 2026/03/15-08:54:47-GMT  BuildTime: Aug  4 2022 06:17:15  BuildStamp: freesurfer-linux-ubuntu22_x86_64-7.3.2-20220804-6354275  User: oesteban  Machine: dna080  Platform: Linux  PlatformVersion: 5.14.0-427.37.1.el9_4.x86_64  CompilerName: GCC  CompilerVersion: 8.4.0
ProgramName: mris_euler_number  ProgramArguments: mris_euler_number -all-info  ProgramVersion: 7.3.2  TimeStamp: 2026/03/15-08:54:47-GMT  BuildTime: Aug  4 2022 06:17:15  BuildStamp: freesurfer-linux-ubuntu22_x86_64-7.3.2-20220804-6354275  User: oesteban  Machine: dna080  Platform: Linux  PlatformVersion: 5.14.0-427.37.1.el9_4.x86_64  CompilerName: GCC  CompilerVersion: 8.4.0
ProgramName: mris_fix_topology  ProgramArguments: mris_fix_topology -all-info  ProgramVersion: 7.3.2  TimeStamp: 2026/03/15-08:54:47-GMT  BuildTime: Aug  4 2022 06:17:15  BuildStamp: freesurfer-linux-ubuntu22_x86_64-7.3.2-20220804-6354275  User: oesteban  Machine: dna080  Platform: Linux  PlatformVersion: 5.14.0-427.37.1.el9_4.x86_64  CompilerName: GCC  CompilerVersion: 8.4.0
ProgramName: mris_topo_fixer  ProgramArguments: mris_topo_fixer -all-info  ProgramVersion: 7.3.2  TimeStamp: 2026/03/15-08:54:47-GMT  BuildTime: Aug  4 2022 06:17:15  BuildStamp: freesurfer-linux-ubuntu22_x86_64-7.3.2-20220804-6354275  User: oesteban  Machine: dna080  Platform: Linux  PlatformVersion: 5.14.0-427.37.1.el9_4.x86_64  CompilerName: GCC  CompilerVersion: 8.4.0
ProgramName: mris_jacobian  ProgramArguments: mris_jacobian -all-info  ProgramVersion: 7.3.2  TimeStamp: 2026/03/15-08:54:47-GMT  BuildTime: Aug  4 2022 06:17:15  BuildStamp: freesurfer-linux-ubuntu22_x86_64-7.3.2-20220804-6354275  User: oesteban  Machine: dna080  Platform: Linux  PlatformVersion: 5.14.0-427.37.1.el9_4.x86_64  CompilerName: GCC  CompilerVersion: 8.4.0
ProgramName: mris_label2annot  ProgramArguments: mris_label2annot -all-info  ProgramVersion: 7.3.2  TimeStamp: 2026/03/15-08:54:47-GMT  BuildTime: Aug  4 2022 06:17:15  BuildStamp: freesurfer-linux-ubuntu22_x86_64-7.3.2-20220804-6354275  User: oesteban  Machine: dna080  Platform: Linux  PlatformVersion: 5.14.0-427.37.1.el9_4.x86_64  CompilerName: GCC  CompilerVersion: 8.4.0
ProgramName: mris_left_right_register  ProgramArguments: mris_left_right_register -all-info  ProgramVersion: 7.3.2  TimeStamp: 2026/03/15-08:54:47-GMT  BuildTime: Aug  4 2022 06:17:15  BuildStamp: freesurfer-linux-ubuntu22_x86_64-7.3.2-20220804-6354275  User: oesteban  Machine: dna080  Platform: Linux  PlatformVersion: 5.14.0-427.37.1.el9_4.x86_64  CompilerName: GCC  CompilerVersion: 8.4.0
ProgramName: mris_place_surface  ProgramArguments: mris_place_surface -all-info  ProgramVersion: 7.3.2  TimeStamp: 2026/03/15-08:54:47-GMT  BuildTime: Aug  4 2022 06:17:15  BuildStamp: freesurfer-linux-ubuntu22_x86_64-7.3.2-20220804-6354275  User: oesteban  Machine: dna080  Platform: Linux  PlatformVersion: 5.14.0-427.37.1.el9_4.x86_64  CompilerName: GCC  CompilerVersion: 8.4.0
ProgramName: mrisp_paint  ProgramArguments: mrisp_paint -all-info  ProgramVersion: 7.3.2  TimeStamp: 2026/03/15-08:54:47-GMT  BuildTime: Aug  4 2022 06:17:15  BuildStamp: freesurfer-linux-ubuntu22_x86_64-7.3.2-20220804-6354275  User: oesteban  Machine: dna080  Platform: Linux  PlatformVersion: 5.14.0-427.37.1.el9_4.x86_64  CompilerName: GCC  CompilerVersion: 8.4.0
ProgramName: mris_register  ProgramArguments: mris_register -all-info  ProgramVersion: 7.3.2  TimeStamp: 2026/03/15-08:54:47-GMT  BuildTime: Aug  4 2022 06:17:15  BuildStamp: freesurfer-linux-ubuntu22_x86_64-7.3.2-20220804-6354275  User: oesteban  Machine: dna080  Platform: Linux  PlatformVersion: 5.14.0-427.37.1.el9_4.x86_64  CompilerName: GCC  CompilerVersion: 8.4.0
ProgramName: mris_smooth  ProgramArguments: mris_smooth -all-info  ProgramVersion: 7.3.2  TimeStamp: 2026/03/15-08:54:47-GMT  BuildTime: Aug  4 2022 06:17:15  BuildStamp: freesurfer-linux-ubuntu22_x86_64-7.3.2-20220804-6354275  User: oesteban  Machine: dna080  Platform: Linux  PlatformVersion: 5.14.0-427.37.1.el9_4.x86_64  CompilerName: GCC  CompilerVersion: 8.4.0
ProgramName: mris_sphere  ProgramArguments: mris_sphere -all-info  ProgramVersion: 7.3.2  TimeStamp: 2026/03/15-08:54:47-GMT  BuildTime: Aug  4 2022 06:17:15  BuildStamp: freesurfer-linux-ubuntu22_x86_64-7.3.2-20220804-6354275  User: oesteban  Machine: dna080  Platform: Linux  PlatformVersion: 5.14.0-427.37.1.el9_4.x86_64  CompilerName: GCC  CompilerVersion: 8.4.0
ProgramName: mris_surface_stats  ProgramArguments: mris_surface_stats -all-info  ProgramVersion: 7.3.2  TimeStamp: 2026/03/15-08:54:47-GMT  BuildTime: Aug  4 2022 06:17:15  BuildStamp: freesurfer-linux-ubuntu22_x86_64-7.3.2-20220804-6354275  User: oesteban  Machine: dna080  Platform: Linux  PlatformVersion: 5.14.0-427.37.1.el9_4.x86_64  CompilerName: GCC  CompilerVersion: 8.4.0
ProgramName: mri_stats2seg  ProgramArguments: mri_stats2seg -all-info  ProgramVersion: 7.3.2  TimeStamp: 2026/03/15-08:54:47-GMT  BuildTime: Aug  4 2022 06:17:15  BuildStamp: freesurfer-linux-ubuntu22_x86_64-7.3.2-20220804-6354275  User: oesteban  Machine: dna080  Platform: Linux  PlatformVersion: 5.14.0-427.37.1.el9_4.x86_64  CompilerName: GCC  CompilerVersion: 8.4.0
ProgramName: mris_thickness  ProgramArguments: mris_thickness -all-info  ProgramVersion: 7.3.2  TimeStamp: 2026/03/15-08:54:47-GMT  BuildTime: Aug  4 2022 06:17:15  BuildStamp: freesurfer-linux-ubuntu22_x86_64-7.3.2-20220804-6354275  User: oesteban  Machine: dna080  Platform: Linux  PlatformVersion: 5.14.0-427.37.1.el9_4.x86_64  CompilerName: GCC  CompilerVersion: 8.4.0
ProgramName: mris_thickness_diff  ProgramArguments: mris_thickness_diff -all-info  ProgramVersion: 7.3.2  TimeStamp: 2026/03/15-08:54:47-GMT  BuildTime: Aug  4 2022 06:17:15  BuildStamp: freesurfer-linux-ubuntu22_x86_64-7.3.2-20220804-6354275  User: oesteban  Machine: dna080  Platform: Linux  PlatformVersion: 5.14.0-427.37.1.el9_4.x86_64  CompilerName: GCC  CompilerVersion: 8.4.0
ProgramName: mris_topo_fixer  ProgramArguments: mris_topo_fixer -all-info  ProgramVersion: 7.3.2  TimeStamp: 2026/03/15-08:54:47-GMT  BuildTime: Aug  4 2022 06:17:15  BuildStamp: freesurfer-linux-ubuntu22_x86_64-7.3.2-20220804-6354275  User: oesteban  Machine: dna080  Platform: Linux  PlatformVersion: 5.14.0-427.37.1.el9_4.x86_64  CompilerName: GCC  CompilerVersion: 8.4.0
ProgramName: mri_surf2surf  ProgramArguments: mri_surf2surf -all-info  ProgramVersion: 7.3.2  TimeStamp: 2026/03/15-08:54:47-GMT  BuildTime: Aug  4 2022 06:17:15  BuildStamp: freesurfer-linux-ubuntu22_x86_64-7.3.2-20220804-6354275  User: oesteban  Machine: dna080  Platform: Linux  PlatformVersion: 5.14.0-427.37.1.el9_4.x86_64  CompilerName: GCC  CompilerVersion: 8.4.0
ProgramName: mri_surf2vol  ProgramArguments: mri_surf2vol -all-info  ProgramVersion: 7.3.2  TimeStamp: 2026/03/15-08:54:47-GMT  BuildTime: Aug  4 2022 06:17:15  BuildStamp: freesurfer-linux-ubuntu22_x86_64-7.3.2-20220804-6354275  User: oesteban  Machine: dna080  Platform: Linux  PlatformVersion: 5.14.0-427.37.1.el9_4.x86_64  CompilerName: GCC  CompilerVersion: 8.4.0
ProgramName: mri_surfcluster  ProgramArguments: mri_surfcluster -all-info  ProgramVersion: 7.3.2  TimeStamp: 2026/03/15-08:54:47-GMT  BuildTime: Aug  4 2022 06:17:15  BuildStamp: freesurfer-linux-ubuntu22_x86_64-7.3.2-20220804-6354275  User: oesteban  Machine: dna080  Platform: Linux  PlatformVersion: 5.14.0-427.37.1.el9_4.x86_64  CompilerName: GCC  CompilerVersion: 8.4.0
ProgramName: mris_volmask  ProgramArguments: mris_volmask -all-info  ProgramVersion: 7.3.2  TimeStamp: 2026/03/15-08:54:47-GMT  BuildTime: Aug  4 2022 06:17:15  BuildStamp: freesurfer-linux-ubuntu22_x86_64-7.3.2-20220804-6354275  User: oesteban  Machine: dna080  Platform: Linux  PlatformVersion: 5.14.0-427.37.1.el9_4.x86_64  CompilerName: GCC  CompilerVersion: 8.4.0
ProgramName: mri_tessellate  ProgramArguments: mri_tessellate -all-info  ProgramVersion: 7.3.2  TimeStamp: 2026/03/15-08:54:47-GMT  BuildTime: Aug  4 2022 06:17:15  BuildStamp: freesurfer-linux-ubuntu22_x86_64-7.3.2-20220804-6354275  User: oesteban  Machine: dna080  Platform: Linux  PlatformVersion: 5.14.0-427.37.1.el9_4.x86_64  CompilerName: GCC  CompilerVersion: 8.4.0
ProgramName: mri_vol2surf  ProgramArguments: mri_vol2surf -all-info  ProgramVersion: 7.3.2  TimeStamp: 2026/03/15-08:54:47-GMT  BuildTime: Aug  4 2022 06:17:15  BuildStamp: freesurfer-linux-ubuntu22_x86_64-7.3.2-20220804-6354275  User: oesteban  Machine: dna080  Platform: Linux  PlatformVersion: 5.14.0-427.37.1.el9_4.x86_64  CompilerName: GCC  CompilerVersion: 8.4.0
ProgramName: mri_vol2vol  ProgramArguments: mri_vol2vol -all-info  ProgramVersion: 7.3.2  TimeStamp: 2026/03/15-08:54:47-GMT  BuildTime: Aug  4 2022 06:17:15  BuildStamp: freesurfer-linux-ubuntu22_x86_64-7.3.2-20220804-6354275  User: oesteban  Machine: dna080  Platform: Linux  PlatformVersion: 5.14.0-427.37.1.el9_4.x86_64  CompilerName: GCC  CompilerVersion: 8.4.0
ProgramName: mri_voldiff  ProgramArguments: mri_voldiff -all-info  ProgramVersion: 7.3.2  TimeStamp: 2026/03/15-08:54:47-GMT  BuildTime: Aug  4 2022 06:17:15  BuildStamp: freesurfer-linux-ubuntu22_x86_64-7.3.2-20220804-6354275  User: oesteban  Machine: dna080  Platform: Linux  PlatformVersion: 5.14.0-427.37.1.el9_4.x86_64  CompilerName: GCC  CompilerVersion: 8.4.0
ProgramName: mri_watershed  ProgramArguments: mri_watershed -all-info  ProgramVersion: 7.3.2  TimeStamp: 2026/03/15-08:54:47-GMT  BuildTime: Aug  4 2022 06:17:15  BuildStamp: freesurfer-linux-ubuntu22_x86_64-7.3.2-20220804-6354275  User: oesteban  Machine: dna080  Platform: Linux  PlatformVersion: 5.14.0-427.37.1.el9_4.x86_64  CompilerName: GCC  CompilerVersion: 8.4.0
ProgramName: tkregister2  ProgramArguments: tkregister2_cmdl -all-info  ProgramVersion: 7.3.2  TimeStamp: 2026/03/15-08:54:47-GMT  BuildTime: Aug  4 2022 06:17:15  BuildStamp: freesurfer-linux-ubuntu22_x86_64-7.3.2-20220804-6354275  User: oesteban  Machine: dna080  Platform: Linux  PlatformVersion: 5.14.0-427.37.1.el9_4.x86_64  CompilerName: GCC  CompilerVersion: 8.4.0
mri_motion_correct.fsl 7.3.2
mri_convert -all-info 
ProgramName: mri_convert  ProgramArguments: mri_convert -all-info  ProgramVersion: 7.3.2  TimeStamp: 2026/03/15-08:54:47-GMT  BuildTime: Aug  4 2022 06:17:15  BuildStamp: freesurfer-linux-ubuntu22_x86_64-7.3.2-20220804-6354275  User: oesteban  Machine: dna080  Platform: Linux  PlatformVersion: 5.14.0-427.37.1.el9_4.x86_64  CompilerName: GCC  CompilerVersion: 8.4.0
Program nu_correct, built from:
Package MNI N3, version 1.12.0, compiled by nicks@terrier (x86_64-unknown-linux-gnu) on 2015-06-19 at 01:25:34
#######################################
GCADIR /opt/freesurfer/average
GCA RB_all_2020-01-02.gca
GCASkull RB_all_withskull_2020_01_02.gca
AvgCurvTif folding.atlas.acfb40.noaparc.i12.2016-08-02.tif
GCSDIR /opt/freesurfer/average
GCS DKaparc.atlas.acfb40.noaparc.i12.2016-08-02.gcs
#######################################
#@# white curv lh Sun Mar 15 09:54:47 CET 2026
cd /out/sourcedata/freesurfer/sub-v2s10x28955_ses-1/mri
mris_place_surface --curv-map ../surf/lh.white 2 10 ../surf/lh.curv
   Update not needed
#@# white area lh Sun Mar 15 09:54:47 CET 2026
cd /out/sourcedata/freesurfer/sub-v2s10x28955_ses-1/mri
mris_place_surface --area-map ../surf/lh.white ../surf/lh.area
   Update not needed
#@# pial curv lh Sun Mar 15 09:54:47 CET 2026
cd /out/sourcedata/freesurfer/sub-v2s10x28955_ses-1/mri
mris_place_surface --curv-map ../surf/lh.pial 2 10 ../surf/lh.curv.pial
   Update not needed
#@# pial area lh Sun Mar 15 09:54:47 CET 2026
cd /out/sourcedata/freesurfer/sub-v2s10x28955_ses-1/mri
mris_place_surface --area-map ../surf/lh.pial ../surf/lh.area.pial
   Update not needed
#@# thickness lh Sun Mar 15 09:54:47 CET 2026
cd /out/sourcedata/freesurfer/sub-v2s10x28955_ses-1/mri
mris_place_surface --thickness ../surf/lh.white ../surf/lh.pial 20 5 ../surf/lh.thickness
   Update not needed
#@# area and vertex vol lh Sun Mar 15 09:54:47 CET 2026
cd /out/sourcedata/freesurfer/sub-v2s10x28955_ses-1/mri
mris_place_surface --thickness ../surf/lh.white ../surf/lh.pial 20 5 ../surf/lh.thickness
   Update not needed
#@# white curv rh Sun Mar 15 09:54:47 CET 2026
cd /out/sourcedata/freesurfer/sub-v2s10x28955_ses-1/mri
mris_place_surface --curv-map ../surf/rh.white 2 10 ../surf/rh.curv
   Update not needed
#@# white area rh Sun Mar 15 09:54:47 CET 2026
cd /out/sourcedata/freesurfer/sub-v2s10x28955_ses-1/mri
mris_place_surface --area-map ../surf/rh.white ../surf/rh.area
   Update not needed
#@# pial curv rh Sun Mar 15 09:54:47 CET 2026
cd /out/sourcedata/freesurfer/sub-v2s10x28955_ses-1/mri
mris_place_surface --curv-map ../surf/rh.pial 2 10 ../surf/rh.curv.pial
   Update not needed
#@# pial area rh Sun Mar 15 09:54:47 CET 2026
cd /out/sourcedata/freesurfer/sub-v2s10x28955_ses-1/mri
mris_place_surface --area-map ../surf/rh.pial ../surf/rh.area.pial
   Update not needed
#@# thickness rh Sun Mar 15 09:54:47 CET 2026
cd /out/sourcedata/freesurfer/sub-v2s10x28955_ses-1/mri
mris_place_surface --thickness ../surf/rh.white ../surf/rh.pial 20 5 ../surf/rh.thickness
   Update not needed
#@# area and vertex vol rh Sun Mar 15 09:54:47 CET 2026
cd /out/sourcedata/freesurfer/sub-v2s10x28955_ses-1/mri
mris_place_surface --thickness ../surf/rh.white ../surf/rh.pial 20 5 ../surf/rh.thickness
   Update not needed
#--------------------------------------------
#@# Cortical ribbon mask Sun Mar 15 09:54:47 CET 2026
/out/sourcedata/freesurfer/sub-v2s10x28955_ses-1/mri

 mris_volmask --aseg_name aseg.presurf --label_left_white 2 --label_left_ribbon 3 --label_right_white 41 --label_right_ribbon 42 --save_ribbon sub-v2s10x28955_ses-1 

SUBJECTS_DIR is /out/sourcedata/freesurfer
loading input data...
Running hemis serially
Processing left hemi
computing distance to left white surface 
computing distance to left pial surface 
Processing right hemi
computing distance to right white surface 
computing distance to right pial surface 
 hemi masks overlap voxels = 303
writing volume /out/sourcedata/freesurfer/sub-v2s10x28955_ses-1/mri/ribbon.mgz
mris_volmask took 4.09 minutes
 writing ribbon files

Started at Sun Mar 15 09:54:47 CET 2026 
Ended   at Sun Mar 15 09:58:52 CET 2026
#@#%# recon-all-run-time-hours 0.068
recon-all -s sub-v2s10x28955_ses-1 finished without error at Sun Mar 15 09:58:52 CET 2026



#New# invocation of recon-all 




Sun Mar 15 10:03:51 CET 2026
cd /out/sourcedata/freesurfer/sub-v2s10x28955_ses-1
setenv SUBJECTS_DIR /out/sourcedata/freesurfer
/opt/freesurfer/bin/recon-all -autorecon3 -openmp 16 -subjid sub-v2s10x28955_ses-1 -sd /out/sourcedata/freesurfer -nosphere -nosurfreg -nojacobian_white -noavgcurv -nocortparc -nopial -noparcstats -nocortparc2 -noparcstats2 -nocortparc3 -noparcstats3 -nopctsurfcon -nocortribbon -nobalabels

subjid sub-v2s10x28955_ses-1
setenv SUBJECTS_DIR /out/sourcedata/freesurfer
FREESURFER_HOME /opt/freesurfer
Actual FREESURFER_HOME /opt/freesurfer
build-stamp.txt: freesurfer-linux-ubuntu22_x86_64-7.3.2-20220804-6354275
Linux dna080 5.14.0-427.37.1.el9_4.x86_64 #1 SMP PREEMPT_DYNAMIC Fri Sep 13 12:41:50 EDT 2024 x86_64 x86_64 x86_64 GNU/Linux
cputime      unlimited
filesize     unlimited
datasize     unlimited
stacksize    8192 kbytes
coredumpsize 0 kbytes
memoryuse    67108864 kbytes
vmemoryuse   unlimited
descriptors  1024 
memorylocked unlimited
maxproc      2061970 
maxlocks     unlimited
maxsignal    2062029 
maxmessage   819200 
maxnice      0 
maxrtprio    0 
maxrttime    unlimited

               total        used        free      shared  buff/cache   available
Mem:           503Gi        50Gi       128Gi        21Gi       324Gi       427Gi
Swap:             0B          0B          0B

########################################
program versions used
7.3.2 (freesurfer-linux-ubuntu22_x86_64-7.3.2-20220804-6354275)
7.3.2

ProgramName: lta_convert  ProgramArguments: lta_convert -all-info  ProgramVersion: 7.3.2  TimeStamp: 2026/03/15-09:03:51-GMT  BuildTime: Aug  4 2022 06:17:15  BuildStamp: freesurfer-linux-ubuntu22_x86_64-7.3.2-20220804-6354275  User: oesteban  Machine: dna080  Platform: Linux  PlatformVersion: 5.14.0-427.37.1.el9_4.x86_64  CompilerName: GCC  CompilerVersion: 8.4.0
ProgramName: mri_and  ProgramArguments: mri_and -all-info  ProgramVersion: 7.3.2  TimeStamp: 2026/03/15-09:03:51-GMT  BuildTime: Aug  4 2022 06:17:15  BuildStamp: freesurfer-linux-ubuntu22_x86_64-7.3.2-20220804-6354275  User: oesteban  Machine: dna080  Platform: Linux  PlatformVersion: 5.14.0-427.37.1.el9_4.x86_64  CompilerName: GCC  CompilerVersion: 8.4.0
ProgramName: mri_annotation2label  ProgramArguments: mri_annotation2label -all-info  ProgramVersion: 7.3.2  TimeStamp: 2026/03/15-09:03:51-GMT  BuildTime: Aug  4 2022 06:17:15  BuildStamp: freesurfer-linux-ubuntu22_x86_64-7.3.2-20220804-6354275  User: oesteban  Machine: dna080  Platform: Linux  PlatformVersion: 5.14.0-427.37.1.el9_4.x86_64  CompilerName: GCC  CompilerVersion: 8.4.0
ProgramName: mri_aparc2aseg  ProgramArguments: mri_aparc2aseg -all-info  ProgramVersion: 7.3.2  TimeStamp: 2026/03/15-09:03:51-GMT  BuildTime: Aug  4 2022 06:17:15  BuildStamp: freesurfer-linux-ubuntu22_x86_64-7.3.2-20220804-6354275  User: oesteban  Machine: dna080  Platform: Linux  PlatformVersion: 5.14.0-427.37.1.el9_4.x86_64  CompilerName: GCC  CompilerVersion: 8.4.0
ProgramName: mri_surf2volseg  ProgramArguments: mri_surf2volseg -all-info  ProgramVersion: 7.3.2  TimeStamp: 2026/03/15-09:03:51-GMT  BuildTime: Aug  4 2022 06:17:15  BuildStamp: freesurfer-linux-ubuntu22_x86_64-7.3.2-20220804-6354275  User: oesteban  Machine: dna080  Platform: Linux  PlatformVersion: 5.14.0-427.37.1.el9_4.x86_64  CompilerName: GCC  CompilerVersion: 8.4.0
ProgramName: mri_binarize  ProgramArguments: mri_binarize -all-info  ProgramVersion: 7.3.2  TimeStamp: 2026/03/15-09:03:51-GMT  BuildTime: Aug  4 2022 06:17:15  BuildStamp: freesurfer-linux-ubuntu22_x86_64-7.3.2-20220804-6354275  User: oesteban  Machine: dna080  Platform: Linux  PlatformVersion: 5.14.0-427.37.1.el9_4.x86_64  CompilerName: GCC  CompilerVersion: 8.4.0
ProgramName: mri_ca_label  ProgramArguments: mri_ca_label -all-info  ProgramVersion: 7.3.2  TimeStamp: 2026/03/15-09:03:51-GMT  BuildTime: Aug  4 2022 06:17:15  BuildStamp: freesurfer-linux-ubuntu22_x86_64-7.3.2-20220804-6354275  User: oesteban  Machine: dna080  Platform: Linux  PlatformVersion: 5.14.0-427.37.1.el9_4.x86_64  CompilerName: GCC  CompilerVersion: 8.4.0
ProgramName: mri_ca_normalize  ProgramArguments: mri_ca_normalize -all-info  ProgramVersion: 7.3.2  TimeStamp: 2026/03/15-09:03:51-GMT  BuildTime: Aug  4 2022 06:17:15  BuildStamp: freesurfer-linux-ubuntu22_x86_64-7.3.2-20220804-6354275  User: oesteban  Machine: dna080  Platform: Linux  PlatformVersion: 5.14.0-427.37.1.el9_4.x86_64  CompilerName: GCC  CompilerVersion: 8.4.0
ProgramName: mri_ca_register  ProgramArguments: mri_ca_register -all-info  ProgramVersion: 7.3.2  TimeStamp: 2026/03/15-09:03:51-GMT  BuildTime: Aug  4 2022 06:17:15  BuildStamp: freesurfer-linux-ubuntu22_x86_64-7.3.2-20220804-6354275  User: oesteban  Machine: dna080  Platform: Linux  PlatformVersion: 5.14.0-427.37.1.el9_4.x86_64  CompilerName: GCC  CompilerVersion: 8.4.0
ProgramName: mri_cc  ProgramArguments: mri_cc -all-info  ProgramVersion: 7.3.2  TimeStamp: 2026/03/15-09:03:51-GMT  BuildTime: Aug  4 2022 06:17:15  BuildStamp: freesurfer-linux-ubuntu22_x86_64-7.3.2-20220804-6354275  User: oesteban  Machine: dna080  Platform: Linux  PlatformVersion: 5.14.0-427.37.1.el9_4.x86_64  CompilerName: GCC  CompilerVersion: 8.4.0
ProgramName: mri_compute_overlap  ProgramArguments: mri_compute_overlap -all-info  ProgramVersion: 7.3.2  TimeStamp: 2026/03/15-09:03:51-GMT  BuildTime: Aug  4 2022 06:17:15  BuildStamp: freesurfer-linux-ubuntu22_x86_64-7.3.2-20220804-6354275  User: oesteban  Machine: dna080  Platform: Linux  PlatformVersion: 5.14.0-427.37.1.el9_4.x86_64  CompilerName: GCC  CompilerVersion: 8.4.0
ProgramName: mri_compute_seg_overlap  ProgramArguments: mri_compute_seg_overlap -all-info  ProgramVersion: 7.3.2  TimeStamp: 2026/03/15-09:03:51-GMT  BuildTime: Aug  4 2022 06:17:15  BuildStamp: freesurfer-linux-ubuntu22_x86_64-7.3.2-20220804-6354275  User: oesteban  Machine: dna080  Platform: Linux  PlatformVersion: 5.14.0-427.37.1.el9_4.x86_64  CompilerName: GCC  CompilerVersion: 8.4.0
ProgramName: mri_concat  ProgramArguments: mri_concat -all-info  ProgramVersion: 7.3.2  TimeStamp: 2026/03/15-09:03:51-GMT  BuildTime: Aug  4 2022 06:17:15  BuildStamp: freesurfer-linux-ubuntu22_x86_64-7.3.2-20220804-6354275  User: oesteban  Machine: dna080  Platform: Linux  PlatformVersion: 5.14.0-427.37.1.el9_4.x86_64  CompilerName: GCC  CompilerVersion: 8.4.0
ProgramName: mri_concatenate_lta  ProgramArguments: mri_concatenate_lta -all-info  ProgramVersion: 7.3.2  TimeStamp: 2026/03/15-09:03:51-GMT  BuildTime: Aug  4 2022 06:17:15  BuildStamp: freesurfer-linux-ubuntu22_x86_64-7.3.2-20220804-6354275  User: oesteban  Machine: dna080  Platform: Linux  PlatformVersion: 5.14.0-427.37.1.el9_4.x86_64  CompilerName: GCC  CompilerVersion: 8.4.0
mri_convert -all-info 
ProgramName: mri_convert  ProgramArguments: mri_convert -all-info  ProgramVersion: 7.3.2  TimeStamp: 2026/03/15-09:03:51-GMT  BuildTime: Aug  4 2022 06:17:15  BuildStamp: freesurfer-linux-ubuntu22_x86_64-7.3.2-20220804-6354275  User: oesteban  Machine: dna080  Platform: Linux  PlatformVersion: 5.14.0-427.37.1.el9_4.x86_64  CompilerName: GCC  CompilerVersion: 8.4.0
ProgramName: mri_diff  ProgramArguments: mri_diff -all-info  ProgramVersion: 7.3.2  TimeStamp: 2026/03/15-09:03:51-GMT  BuildTime: Aug  4 2022 06:17:15  BuildStamp: freesurfer-linux-ubuntu22_x86_64-7.3.2-20220804-6354275  User: oesteban  Machine: dna080  Platform: Linux  PlatformVersion: 5.14.0-427.37.1.el9_4.x86_64  CompilerName: GCC  CompilerVersion: 8.4.0
ProgramName: mri_edit_wm_with_aseg  ProgramArguments: mri_edit_wm_with_aseg -all-info  ProgramVersion: 7.3.2  TimeStamp: 2026/03/15-09:03:51-GMT  BuildTime: Aug  4 2022 06:17:15  BuildStamp: freesurfer-linux-ubuntu22_x86_64-7.3.2-20220804-6354275  User: oesteban  Machine: dna080  Platform: Linux  PlatformVersion: 5.14.0-427.37.1.el9_4.x86_64  CompilerName: GCC  CompilerVersion: 8.4.0
ProgramName: mri_em_register  ProgramArguments: mri_em_register -all-info  ProgramVersion: 7.3.2  TimeStamp: 2026/03/15-09:03:51-GMT  BuildTime: Aug  4 2022 06:17:15  BuildStamp: freesurfer-linux-ubuntu22_x86_64-7.3.2-20220804-6354275  User: oesteban  Machine: dna080  Platform: Linux  PlatformVersion: 5.14.0-427.37.1.el9_4.x86_64  CompilerName: GCC  CompilerVersion: 8.4.0
ProgramName: mri_fill  ProgramArguments: mri_fill -all-info  ProgramVersion: 7.3.2  TimeStamp: 2026/03/15-09:03:51-GMT  BuildTime: Aug  4 2022 06:17:15  BuildStamp: freesurfer-linux-ubuntu22_x86_64-7.3.2-20220804-6354275  User: oesteban  Machine: dna080  Platform: Linux  PlatformVersion: 5.14.0-427.37.1.el9_4.x86_64  CompilerName: GCC  CompilerVersion: 8.4.0
ProgramName: mri_fuse_segmentations  ProgramArguments: mri_fuse_segmentations -all-info  ProgramVersion: 7.3.2  TimeStamp: 2026/03/15-09:03:51-GMT  BuildTime: Aug  4 2022 06:17:15  BuildStamp: freesurfer-linux-ubuntu22_x86_64-7.3.2-20220804-6354275  User: oesteban  Machine: dna080  Platform: Linux  PlatformVersion: 5.14.0-427.37.1.el9_4.x86_64  CompilerName: GCC  CompilerVersion: 8.4.0
ProgramName: mri_fwhm  ProgramArguments: mri_fwhm -all-info  ProgramVersion: 7.3.2  TimeStamp: 2026/03/15-09:03:51-GMT  BuildTime: Aug  4 2022 06:17:15  BuildStamp: freesurfer-linux-ubuntu22_x86_64-7.3.2-20220804-6354275  User: oesteban  Machine: dna080  Platform: Linux  PlatformVersion: 5.14.0-427.37.1.el9_4.x86_64  CompilerName: GCC  CompilerVersion: 8.4.0
ProgramName: mri_gcut  ProgramArguments: mri_gcut -all-info  ProgramVersion: 7.3.2  TimeStamp: 2026/03/15-09:03:51-GMT  BuildTime: Aug  4 2022 06:17:15  BuildStamp: freesurfer-linux-ubuntu22_x86_64-7.3.2-20220804-6354275  User: oesteban  Machine: dna080  Platform: Linux  PlatformVersion: 5.14.0-427.37.1.el9_4.x86_64  CompilerName: GCC  CompilerVersion: 8.4.0
ProgramName: mri_info  ProgramArguments: mri_info -all-info  ProgramVersion: 7.3.2  TimeStamp: 2026/03/15-09:03:51-GMT  BuildTime: Aug  4 2022 06:17:15  BuildStamp: freesurfer-linux-ubuntu22_x86_64-7.3.2-20220804-6354275  User: oesteban  Machine: dna080  Platform: Linux  PlatformVersion: 5.14.0-427.37.1.el9_4.x86_64  CompilerName: GCC  CompilerVersion: 8.4.0
ProgramName: mri_label2label  ProgramArguments: mri_label2label -all-info  ProgramVersion: 7.3.2  TimeStamp: 2026/03/15-09:03:51-GMT  BuildTime: Aug  4 2022 06:17:15  BuildStamp: freesurfer-linux-ubuntu22_x86_64-7.3.2-20220804-6354275  User: oesteban  Machine: dna080  Platform: Linux  PlatformVersion: 5.14.0-427.37.1.el9_4.x86_64  CompilerName: GCC  CompilerVersion: 8.4.0
ProgramName: mri_label2vol  ProgramArguments: mri_label2vol -all-info  ProgramVersion: 7.3.2  TimeStamp: 2026/03/15-09:03:51-GMT  BuildTime: Aug  4 2022 06:17:15  BuildStamp: freesurfer-linux-ubuntu22_x86_64-7.3.2-20220804-6354275  User: oesteban  Machine: dna080  Platform: Linux  PlatformVersion: 5.14.0-427.37.1.el9_4.x86_64  CompilerName: GCC  CompilerVersion: 8.4.0
ProgramName: mri_log_likelihood  ProgramArguments: mri_log_likelihood -all-info  ProgramVersion: 7.3.2  TimeStamp: 2026/03/15-09:03:51-GMT  BuildTime: Aug  4 2022 06:17:15  BuildStamp: freesurfer-linux-ubuntu22_x86_64-7.3.2-20220804-6354275  User: oesteban  Machine: dna080  Platform: Linux  PlatformVersion: 5.14.0-427.37.1.el9_4.x86_64  CompilerName: GCC  CompilerVersion: 8.4.0
ProgramName: mri_mask  ProgramArguments: mri_mask -all-info  ProgramVersion: 7.3.2  TimeStamp: 2026/03/15-09:03:51-GMT  BuildTime: Aug  4 2022 06:17:15  BuildStamp: freesurfer-linux-ubuntu22_x86_64-7.3.2-20220804-6354275  User: oesteban  Machine: dna080  Platform: Linux  PlatformVersion: 5.14.0-427.37.1.el9_4.x86_64  CompilerName: GCC  CompilerVersion: 8.4.0
ProgramName: mri_matrix_multiply  ProgramArguments: mri_matrix_multiply -all-info  ProgramVersion: 7.3.2  TimeStamp: 2026/03/15-09:03:51-GMT  BuildTime: Aug  4 2022 06:17:15  BuildStamp: freesurfer-linux-ubuntu22_x86_64-7.3.2-20220804-6354275  User: oesteban  Machine: dna080  Platform: Linux  PlatformVersion: 5.14.0-427.37.1.el9_4.x86_64  CompilerName: GCC  CompilerVersion: 8.4.0
ProgramName: mri_normalize  ProgramArguments: mri_normalize -all-info  ProgramVersion: 7.3.2  TimeStamp: 2026/03/15-09:03:51-GMT  BuildTime: Aug  4 2022 06:17:15  BuildStamp: freesurfer-linux-ubuntu22_x86_64-7.3.2-20220804-6354275  User: oesteban  Machine: dna080  Platform: Linux  PlatformVersion: 5.14.0-427.37.1.el9_4.x86_64  CompilerName: GCC  CompilerVersion: 8.4.0
ProgramName: mri_normalize_tp2  ProgramArguments: mri_normalize_tp2 -all-info  ProgramVersion: 7.3.2  TimeStamp: 2026/03/15-09:03:51-GMT  BuildTime: Aug  4 2022 06:17:15  BuildStamp: freesurfer-linux-ubuntu22_x86_64-7.3.2-20220804-6354275  User: oesteban  Machine: dna080  Platform: Linux  PlatformVersion: 5.14.0-427.37.1.el9_4.x86_64  CompilerName: GCC  CompilerVersion: 8.4.0
ProgramName: mri_or  ProgramArguments: mri_or -all-info  ProgramVersion: 7.3.2  TimeStamp: 2026/03/15-09:03:51-GMT  BuildTime: Aug  4 2022 06:17:15  BuildStamp: freesurfer-linux-ubuntu22_x86_64-7.3.2-20220804-6354275  User: oesteban  Machine: dna080  Platform: Linux  PlatformVersion: 5.14.0-427.37.1.el9_4.x86_64  CompilerName: GCC  CompilerVersion: 8.4.0
ProgramName: mri_relabel_hypointensities  ProgramArguments: mri_relabel_hypointensities -all-info  ProgramVersion: 7.3.2  TimeStamp: 2026/03/15-09:03:51-GMT  BuildTime: Aug  4 2022 06:17:15  BuildStamp: freesurfer-linux-ubuntu22_x86_64-7.3.2-20220804-6354275  User: oesteban  Machine: dna080  Platform: Linux  PlatformVersion: 5.14.0-427.37.1.el9_4.x86_64  CompilerName: GCC  CompilerVersion: 8.4.0
ProgramName: mri_relabel_nonwm_hypos  ProgramArguments: mri_relabel_nonwm_hypos -all-info  ProgramVersion: 7.3.2  TimeStamp: 2026/03/15-09:03:51-GMT  BuildTime: Aug  4 2022 06:17:15  BuildStamp: freesurfer-linux-ubuntu22_x86_64-7.3.2-20220804-6354275  User: oesteban  Machine: dna080  Platform: Linux  PlatformVersion: 5.14.0-427.37.1.el9_4.x86_64  CompilerName: GCC  CompilerVersion: 8.4.0
ProgramName: mri_remove_neck  ProgramArguments: mri_remove_neck -all-info  ProgramVersion: 7.3.2  TimeStamp: 2026/03/15-09:03:51-GMT  BuildTime: Aug  4 2022 06:17:15  BuildStamp: freesurfer-linux-ubuntu22_x86_64-7.3.2-20220804-6354275  User: oesteban  Machine: dna080  Platform: Linux  PlatformVersion: 5.14.0-427.37.1.el9_4.x86_64  CompilerName: GCC  CompilerVersion: 8.4.0
7.3.2

ProgramName: mri_robust_register  ProgramArguments: mri_robust_register -all-info  ProgramVersion: 7.3.2  TimeStamp: 2026/03/15-09:03:51-GMT  BuildTime: Aug  4 2022 06:17:15  BuildStamp: freesurfer-linux-ubuntu22_x86_64-7.3.2-20220804-6354275  User: oesteban  Machine: dna080  Platform: Linux  PlatformVersion: 5.14.0-427.37.1.el9_4.x86_64  CompilerName: GCC  CompilerVersion: 8.4.0
7.3.2

ProgramName: mri_robust_template  ProgramArguments: mri_robust_template -all-info  ProgramVersion: 7.3.2  TimeStamp: 2026/03/15-09:03:51-GMT  BuildTime: Aug  4 2022 06:17:15  BuildStamp: freesurfer-linux-ubuntu22_x86_64-7.3.2-20220804-6354275  User: oesteban  Machine: dna080  Platform: Linux  PlatformVersion: 5.14.0-427.37.1.el9_4.x86_64  CompilerName: GCC  CompilerVersion: 8.4.0
ProgramName: mris_anatomical_stats  ProgramArguments: mris_anatomical_stats -all-info  ProgramVersion: 7.3.2  TimeStamp: 2026/03/15-09:03:51-GMT  BuildTime: Aug  4 2022 06:17:15  BuildStamp: freesurfer-linux-ubuntu22_x86_64-7.3.2-20220804-6354275  User: oesteban  Machine: dna080  Platform: Linux  PlatformVersion: 5.14.0-427.37.1.el9_4.x86_64  CompilerName: GCC  CompilerVersion: 8.4.0
ProgramName: mris_ca_label  ProgramArguments: mris_ca_label -all-info  ProgramVersion: 7.3.2  TimeStamp: 2026/03/15-09:03:51-GMT  BuildTime: Aug  4 2022 06:17:15  BuildStamp: freesurfer-linux-ubuntu22_x86_64-7.3.2-20220804-6354275  User: oesteban  Machine: dna080  Platform: Linux  PlatformVersion: 5.14.0-427.37.1.el9_4.x86_64  CompilerName: GCC  CompilerVersion: 8.4.0
ProgramName: mris_calc  ProgramArguments: mris_calc -all-info  ProgramVersion: 7.3.2  TimeStamp: 2026/03/15-09:03:51-GMT  BuildTime: Aug  4 2022 06:17:15  BuildStamp: freesurfer-linux-ubuntu22_x86_64-7.3.2-20220804-6354275  User: oesteban  Machine: dna080  Platform: Linux  PlatformVersion: 5.14.0-427.37.1.el9_4.x86_64  CompilerName: GCC  CompilerVersion: 8.4.0
ProgramName: mris_convert  ProgramArguments: mris_convert -all-info  ProgramVersion: 7.3.2  TimeStamp: 2026/03/15-09:03:51-GMT  BuildTime: Aug  4 2022 06:17:15  BuildStamp: freesurfer-linux-ubuntu22_x86_64-7.3.2-20220804-6354275  User: oesteban  Machine: dna080  Platform: Linux  PlatformVersion: 5.14.0-427.37.1.el9_4.x86_64  CompilerName: GCC  CompilerVersion: 8.4.0
ProgramName: mris_curvature  ProgramArguments: mris_curvature -all-info  ProgramVersion: 7.3.2  TimeStamp: 2026/03/15-09:03:51-GMT  BuildTime: Aug  4 2022 06:17:15  BuildStamp: freesurfer-linux-ubuntu22_x86_64-7.3.2-20220804-6354275  User: oesteban  Machine: dna080  Platform: Linux  PlatformVersion: 5.14.0-427.37.1.el9_4.x86_64  CompilerName: GCC  CompilerVersion: 8.4.0
ProgramName: mris_curvature_stats  ProgramArguments: mris_curvature_stats -all-info  ProgramVersion: 7.3.2  TimeStamp: 2026/03/15-09:03:51-GMT  BuildTime: Aug  4 2022 06:17:15  BuildStamp: freesurfer-linux-ubuntu22_x86_64-7.3.2-20220804-6354275  User: oesteban  Machine: dna080  Platform: Linux  PlatformVersion: 5.14.0-427.37.1.el9_4.x86_64  CompilerName: GCC  CompilerVersion: 8.4.0
ProgramName: mris_diff  ProgramArguments: mris_diff -all-info  ProgramVersion: 7.3.2  TimeStamp: 2026/03/15-09:03:51-GMT  BuildTime: Aug  4 2022 06:17:15  BuildStamp: freesurfer-linux-ubuntu22_x86_64-7.3.2-20220804-6354275  User: oesteban  Machine: dna080  Platform: Linux  PlatformVersion: 5.14.0-427.37.1.el9_4.x86_64  CompilerName: GCC  CompilerVersion: 8.4.0
ProgramName: mris_divide_parcellation  ProgramArguments: mris_divide_parcellation -all-info  ProgramVersion: 7.3.2  TimeStamp: 2026/03/15-09:03:51-GMT  BuildTime: Aug  4 2022 06:17:15  BuildStamp: freesurfer-linux-ubuntu22_x86_64-7.3.2-20220804-6354275  User: oesteban  Machine: dna080  Platform: Linux  PlatformVersion: 5.14.0-427.37.1.el9_4.x86_64  CompilerName: GCC  CompilerVersion: 8.4.0
ProgramName: mri_segment  ProgramArguments: mri_segment -all-info  ProgramVersion: 7.3.2  TimeStamp: 2026/03/15-09:03:51-GMT  BuildTime: Aug  4 2022 06:17:15  BuildStamp: freesurfer-linux-ubuntu22_x86_64-7.3.2-20220804-6354275  User: oesteban  Machine: dna080  Platform: Linux  PlatformVersion: 5.14.0-427.37.1.el9_4.x86_64  CompilerName: GCC  CompilerVersion: 8.4.0
ProgramName: mri_segstats  ProgramArguments: mri_segstats -all-info  ProgramVersion: 7.3.2  TimeStamp: 2026/03/15-09:03:51-GMT  BuildTime: Aug  4 2022 06:17:15  BuildStamp: freesurfer-linux-ubuntu22_x86_64-7.3.2-20220804-6354275  User: oesteban  Machine: dna080  Platform: Linux  PlatformVersion: 5.14.0-427.37.1.el9_4.x86_64  CompilerName: GCC  CompilerVersion: 8.4.0
ProgramName: mris_euler_number  ProgramArguments: mris_euler_number -all-info  ProgramVersion: 7.3.2  TimeStamp: 2026/03/15-09:03:51-GMT  BuildTime: Aug  4 2022 06:17:15  BuildStamp: freesurfer-linux-ubuntu22_x86_64-7.3.2-20220804-6354275  User: oesteban  Machine: dna080  Platform: Linux  PlatformVersion: 5.14.0-427.37.1.el9_4.x86_64  CompilerName: GCC  CompilerVersion: 8.4.0
ProgramName: mris_fix_topology  ProgramArguments: mris_fix_topology -all-info  ProgramVersion: 7.3.2  TimeStamp: 2026/03/15-09:03:51-GMT  BuildTime: Aug  4 2022 06:17:15  BuildStamp: freesurfer-linux-ubuntu22_x86_64-7.3.2-20220804-6354275  User: oesteban  Machine: dna080  Platform: Linux  PlatformVersion: 5.14.0-427.37.1.el9_4.x86_64  CompilerName: GCC  CompilerVersion: 8.4.0
ProgramName: mris_topo_fixer  ProgramArguments: mris_topo_fixer -all-info  ProgramVersion: 7.3.2  TimeStamp: 2026/03/15-09:03:51-GMT  BuildTime: Aug  4 2022 06:17:15  BuildStamp: freesurfer-linux-ubuntu22_x86_64-7.3.2-20220804-6354275  User: oesteban  Machine: dna080  Platform: Linux  PlatformVersion: 5.14.0-427.37.1.el9_4.x86_64  CompilerName: GCC  CompilerVersion: 8.4.0
ProgramName: mris_jacobian  ProgramArguments: mris_jacobian -all-info  ProgramVersion: 7.3.2  TimeStamp: 2026/03/15-09:03:51-GMT  BuildTime: Aug  4 2022 06:17:15  BuildStamp: freesurfer-linux-ubuntu22_x86_64-7.3.2-20220804-6354275  User: oesteban  Machine: dna080  Platform: Linux  PlatformVersion: 5.14.0-427.37.1.el9_4.x86_64  CompilerName: GCC  CompilerVersion: 8.4.0
ProgramName: mris_label2annot  ProgramArguments: mris_label2annot -all-info  ProgramVersion: 7.3.2  TimeStamp: 2026/03/15-09:03:51-GMT  BuildTime: Aug  4 2022 06:17:15  BuildStamp: freesurfer-linux-ubuntu22_x86_64-7.3.2-20220804-6354275  User: oesteban  Machine: dna080  Platform: Linux  PlatformVersion: 5.14.0-427.37.1.el9_4.x86_64  CompilerName: GCC  CompilerVersion: 8.4.0
ProgramName: mris_left_right_register  ProgramArguments: mris_left_right_register -all-info  ProgramVersion: 7.3.2  TimeStamp: 2026/03/15-09:03:51-GMT  BuildTime: Aug  4 2022 06:17:15  BuildStamp: freesurfer-linux-ubuntu22_x86_64-7.3.2-20220804-6354275  User: oesteban  Machine: dna080  Platform: Linux  PlatformVersion: 5.14.0-427.37.1.el9_4.x86_64  CompilerName: GCC  CompilerVersion: 8.4.0
ProgramName: mris_place_surface  ProgramArguments: mris_place_surface -all-info  ProgramVersion: 7.3.2  TimeStamp: 2026/03/15-09:03:51-GMT  BuildTime: Aug  4 2022 06:17:15  BuildStamp: freesurfer-linux-ubuntu22_x86_64-7.3.2-20220804-6354275  User: oesteban  Machine: dna080  Platform: Linux  PlatformVersion: 5.14.0-427.37.1.el9_4.x86_64  CompilerName: GCC  CompilerVersion: 8.4.0
ProgramName: mrisp_paint  ProgramArguments: mrisp_paint -all-info  ProgramVersion: 7.3.2  TimeStamp: 2026/03/15-09:03:51-GMT  BuildTime: Aug  4 2022 06:17:15  BuildStamp: freesurfer-linux-ubuntu22_x86_64-7.3.2-20220804-6354275  User: oesteban  Machine: dna080  Platform: Linux  PlatformVersion: 5.14.0-427.37.1.el9_4.x86_64  CompilerName: GCC  CompilerVersion: 8.4.0
ProgramName: mris_register  ProgramArguments: mris_register -all-info  ProgramVersion: 7.3.2  TimeStamp: 2026/03/15-09:03:51-GMT  BuildTime: Aug  4 2022 06:17:15  BuildStamp: freesurfer-linux-ubuntu22_x86_64-7.3.2-20220804-6354275  User: oesteban  Machine: dna080  Platform: Linux  PlatformVersion: 5.14.0-427.37.1.el9_4.x86_64  CompilerName: GCC  CompilerVersion: 8.4.0
ProgramName: mris_smooth  ProgramArguments: mris_smooth -all-info  ProgramVersion: 7.3.2  TimeStamp: 2026/03/15-09:03:51-GMT  BuildTime: Aug  4 2022 06:17:15  BuildStamp: freesurfer-linux-ubuntu22_x86_64-7.3.2-20220804-6354275  User: oesteban  Machine: dna080  Platform: Linux  PlatformVersion: 5.14.0-427.37.1.el9_4.x86_64  CompilerName: GCC  CompilerVersion: 8.4.0
ProgramName: mris_sphere  ProgramArguments: mris_sphere -all-info  ProgramVersion: 7.3.2  TimeStamp: 2026/03/15-09:03:51-GMT  BuildTime: Aug  4 2022 06:17:15  BuildStamp: freesurfer-linux-ubuntu22_x86_64-7.3.2-20220804-6354275  User: oesteban  Machine: dna080  Platform: Linux  PlatformVersion: 5.14.0-427.37.1.el9_4.x86_64  CompilerName: GCC  CompilerVersion: 8.4.0
ProgramName: mris_surface_stats  ProgramArguments: mris_surface_stats -all-info  ProgramVersion: 7.3.2  TimeStamp: 2026/03/15-09:03:51-GMT  BuildTime: Aug  4 2022 06:17:15  BuildStamp: freesurfer-linux-ubuntu22_x86_64-7.3.2-20220804-6354275  User: oesteban  Machine: dna080  Platform: Linux  PlatformVersion: 5.14.0-427.37.1.el9_4.x86_64  CompilerName: GCC  CompilerVersion: 8.4.0
ProgramName: mri_stats2seg  ProgramArguments: mri_stats2seg -all-info  ProgramVersion: 7.3.2  TimeStamp: 2026/03/15-09:03:51-GMT  BuildTime: Aug  4 2022 06:17:15  BuildStamp: freesurfer-linux-ubuntu22_x86_64-7.3.2-20220804-6354275  User: oesteban  Machine: dna080  Platform: Linux  PlatformVersion: 5.14.0-427.37.1.el9_4.x86_64  CompilerName: GCC  CompilerVersion: 8.4.0
ProgramName: mris_thickness  ProgramArguments: mris_thickness -all-info  ProgramVersion: 7.3.2  TimeStamp: 2026/03/15-09:03:51-GMT  BuildTime: Aug  4 2022 06:17:15  BuildStamp: freesurfer-linux-ubuntu22_x86_64-7.3.2-20220804-6354275  User: oesteban  Machine: dna080  Platform: Linux  PlatformVersion: 5.14.0-427.37.1.el9_4.x86_64  CompilerName: GCC  CompilerVersion: 8.4.0
ProgramName: mris_thickness_diff  ProgramArguments: mris_thickness_diff -all-info  ProgramVersion: 7.3.2  TimeStamp: 2026/03/15-09:03:51-GMT  BuildTime: Aug  4 2022 06:17:15  BuildStamp: freesurfer-linux-ubuntu22_x86_64-7.3.2-20220804-6354275  User: oesteban  Machine: dna080  Platform: Linux  PlatformVersion: 5.14.0-427.37.1.el9_4.x86_64  CompilerName: GCC  CompilerVersion: 8.4.0
ProgramName: mris_topo_fixer  ProgramArguments: mris_topo_fixer -all-info  ProgramVersion: 7.3.2  TimeStamp: 2026/03/15-09:03:51-GMT  BuildTime: Aug  4 2022 06:17:15  BuildStamp: freesurfer-linux-ubuntu22_x86_64-7.3.2-20220804-6354275  User: oesteban  Machine: dna080  Platform: Linux  PlatformVersion: 5.14.0-427.37.1.el9_4.x86_64  CompilerName: GCC  CompilerVersion: 8.4.0
ProgramName: mri_surf2surf  ProgramArguments: mri_surf2surf -all-info  ProgramVersion: 7.3.2  TimeStamp: 2026/03/15-09:03:51-GMT  BuildTime: Aug  4 2022 06:17:15  BuildStamp: freesurfer-linux-ubuntu22_x86_64-7.3.2-20220804-6354275  User: oesteban  Machine: dna080  Platform: Linux  PlatformVersion: 5.14.0-427.37.1.el9_4.x86_64  CompilerName: GCC  CompilerVersion: 8.4.0
ProgramName: mri_surf2vol  ProgramArguments: mri_surf2vol -all-info  ProgramVersion: 7.3.2  TimeStamp: 2026/03/15-09:03:51-GMT  BuildTime: Aug  4 2022 06:17:15  BuildStamp: freesurfer-linux-ubuntu22_x86_64-7.3.2-20220804-6354275  User: oesteban  Machine: dna080  Platform: Linux  PlatformVersion: 5.14.0-427.37.1.el9_4.x86_64  CompilerName: GCC  CompilerVersion: 8.4.0
ProgramName: mri_surfcluster  ProgramArguments: mri_surfcluster -all-info  ProgramVersion: 7.3.2  TimeStamp: 2026/03/15-09:03:51-GMT  BuildTime: Aug  4 2022 06:17:15  BuildStamp: freesurfer-linux-ubuntu22_x86_64-7.3.2-20220804-6354275  User: oesteban  Machine: dna080  Platform: Linux  PlatformVersion: 5.14.0-427.37.1.el9_4.x86_64  CompilerName: GCC  CompilerVersion: 8.4.0
ProgramName: mris_volmask  ProgramArguments: mris_volmask -all-info  ProgramVersion: 7.3.2  TimeStamp: 2026/03/15-09:03:51-GMT  BuildTime: Aug  4 2022 06:17:15  BuildStamp: freesurfer-linux-ubuntu22_x86_64-7.3.2-20220804-6354275  User: oesteban  Machine: dna080  Platform: Linux  PlatformVersion: 5.14.0-427.37.1.el9_4.x86_64  CompilerName: GCC  CompilerVersion: 8.4.0
ProgramName: mri_tessellate  ProgramArguments: mri_tessellate -all-info  ProgramVersion: 7.3.2  TimeStamp: 2026/03/15-09:03:51-GMT  BuildTime: Aug  4 2022 06:17:15  BuildStamp: freesurfer-linux-ubuntu22_x86_64-7.3.2-20220804-6354275  User: oesteban  Machine: dna080  Platform: Linux  PlatformVersion: 5.14.0-427.37.1.el9_4.x86_64  CompilerName: GCC  CompilerVersion: 8.4.0
ProgramName: mri_vol2surf  ProgramArguments: mri_vol2surf -all-info  ProgramVersion: 7.3.2  TimeStamp: 2026/03/15-09:03:51-GMT  BuildTime: Aug  4 2022 06:17:15  BuildStamp: freesurfer-linux-ubuntu22_x86_64-7.3.2-20220804-6354275  User: oesteban  Machine: dna080  Platform: Linux  PlatformVersion: 5.14.0-427.37.1.el9_4.x86_64  CompilerName: GCC  CompilerVersion: 8.4.0
ProgramName: mri_vol2vol  ProgramArguments: mri_vol2vol -all-info  ProgramVersion: 7.3.2  TimeStamp: 2026/03/15-09:03:51-GMT  BuildTime: Aug  4 2022 06:17:15  BuildStamp: freesurfer-linux-ubuntu22_x86_64-7.3.2-20220804-6354275  User: oesteban  Machine: dna080  Platform: Linux  PlatformVersion: 5.14.0-427.37.1.el9_4.x86_64  CompilerName: GCC  CompilerVersion: 8.4.0
ProgramName: mri_voldiff  ProgramArguments: mri_voldiff -all-info  ProgramVersion: 7.3.2  TimeStamp: 2026/03/15-09:03:51-GMT  BuildTime: Aug  4 2022 06:17:15  BuildStamp: freesurfer-linux-ubuntu22_x86_64-7.3.2-20220804-6354275  User: oesteban  Machine: dna080  Platform: Linux  PlatformVersion: 5.14.0-427.37.1.el9_4.x86_64  CompilerName: GCC  CompilerVersion: 8.4.0
ProgramName: mri_watershed  ProgramArguments: mri_watershed -all-info  ProgramVersion: 7.3.2  TimeStamp: 2026/03/15-09:03:51-GMT  BuildTime: Aug  4 2022 06:17:15  BuildStamp: freesurfer-linux-ubuntu22_x86_64-7.3.2-20220804-6354275  User: oesteban  Machine: dna080  Platform: Linux  PlatformVersion: 5.14.0-427.37.1.el9_4.x86_64  CompilerName: GCC  CompilerVersion: 8.4.0
ProgramName: tkregister2  ProgramArguments: tkregister2_cmdl -all-info  ProgramVersion: 7.3.2  TimeStamp: 2026/03/15-09:03:51-GMT  BuildTime: Aug  4 2022 06:17:15  BuildStamp: freesurfer-linux-ubuntu22_x86_64-7.3.2-20220804-6354275  User: oesteban  Machine: dna080  Platform: Linux  PlatformVersion: 5.14.0-427.37.1.el9_4.x86_64  CompilerName: GCC  CompilerVersion: 8.4.0
mri_motion_correct.fsl 7.3.2
mri_convert -all-info 
ProgramName: mri_convert  ProgramArguments: mri_convert -all-info  ProgramVersion: 7.3.2  TimeStamp: 2026/03/15-09:03:51-GMT  BuildTime: Aug  4 2022 06:17:15  BuildStamp: freesurfer-linux-ubuntu22_x86_64-7.3.2-20220804-6354275  User: oesteban  Machine: dna080  Platform: Linux  PlatformVersion: 5.14.0-427.37.1.el9_4.x86_64  CompilerName: GCC  CompilerVersion: 8.4.0
Program nu_correct, built from:
Package MNI N3, version 1.12.0, compiled by nicks@terrier (x86_64-unknown-linux-gnu) on 2015-06-19 at 01:25:34
#######################################
GCADIR /opt/freesurfer/average
GCA RB_all_2020-01-02.gca
GCASkull RB_all_withskull_2020_01_02.gca
AvgCurvTif folding.atlas.acfb40.noaparc.i12.2016-08-02.tif
GCSDIR /opt/freesurfer/average
GCS DKaparc.atlas.acfb40.noaparc.i12.2016-08-02.gcs
#######################################
#--------------------------------------------
#@# WhiteSurfs lh Sun Mar 15 10:03:51 CET 2026
cd /out/sourcedata/freesurfer/sub-v2s10x28955_ses-1/mri
mris_place_surface --adgws-in ../surf/autodet.gw.stats.lh.dat --seg aseg.presurf.mgz --threads 16 --wm wm.mgz --invol brain.finalsurfs.mgz --lh --i ../surf/lh.white.preaparc --o ../surf/lh.white --white --nsmooth 0 --rip-label ../label/lh.cortex.label --rip-bg --rip-surf ../surf/lh.white.preaparc --aparc ../label/lh.aparc.annot
   Update not needed
#--------------------------------------------
#@# WhiteSurfs rh Sun Mar 15 10:03:51 CET 2026
cd /out/sourcedata/freesurfer/sub-v2s10x28955_ses-1/mri
mris_place_surface --adgws-in ../surf/autodet.gw.stats.rh.dat --seg aseg.presurf.mgz --threads 16 --wm wm.mgz --invol brain.finalsurfs.mgz --rh --i ../surf/rh.white.preaparc --o ../surf/rh.white --white --nsmooth 0 --rip-label ../label/rh.cortex.label --rip-bg --rip-surf ../surf/rh.white.preaparc --aparc ../label/rh.aparc.annot
   Update not needed
#@# white curv lh Sun Mar 15 10:03:51 CET 2026
cd /out/sourcedata/freesurfer/sub-v2s10x28955_ses-1/mri
mris_place_surface --curv-map ../surf/lh.white 2 10 ../surf/lh.curv
   Update not needed
#@# white area lh Sun Mar 15 10:03:51 CET 2026
cd /out/sourcedata/freesurfer/sub-v2s10x28955_ses-1/mri
mris_place_surface --area-map ../surf/lh.white ../surf/lh.area
   Update not needed
#@# pial curv lh Sun Mar 15 10:03:51 CET 2026
cd /out/sourcedata/freesurfer/sub-v2s10x28955_ses-1/mri
mris_place_surface --curv-map ../surf/lh.pial 2 10 ../surf/lh.curv.pial
   Update not needed
#@# pial area lh Sun Mar 15 10:03:51 CET 2026
cd /out/sourcedata/freesurfer/sub-v2s10x28955_ses-1/mri
mris_place_surface --area-map ../surf/lh.pial ../surf/lh.area.pial
   Update not needed
#@# thickness lh Sun Mar 15 10:03:51 CET 2026
cd /out/sourcedata/freesurfer/sub-v2s10x28955_ses-1/mri
mris_place_surface --thickness ../surf/lh.white ../surf/lh.pial 20 5 ../surf/lh.thickness
   Update not needed
#@# area and vertex vol lh Sun Mar 15 10:03:51 CET 2026
cd /out/sourcedata/freesurfer/sub-v2s10x28955_ses-1/mri
mris_place_surface --thickness ../surf/lh.white ../surf/lh.pial 20 5 ../surf/lh.thickness
   Update not needed
#@# white curv rh Sun Mar 15 10:03:51 CET 2026
cd /out/sourcedata/freesurfer/sub-v2s10x28955_ses-1/mri
mris_place_surface --curv-map ../surf/rh.white 2 10 ../surf/rh.curv
   Update not needed
#@# white area rh Sun Mar 15 10:03:51 CET 2026
cd /out/sourcedata/freesurfer/sub-v2s10x28955_ses-1/mri
mris_place_surface --area-map ../surf/rh.white ../surf/rh.area
   Update not needed
#@# pial curv rh Sun Mar 15 10:03:51 CET 2026
cd /out/sourcedata/freesurfer/sub-v2s10x28955_ses-1/mri
mris_place_surface --curv-map ../surf/rh.pial 2 10 ../surf/rh.curv.pial
   Update not needed
#@# pial area rh Sun Mar 15 10:03:51 CET 2026
cd /out/sourcedata/freesurfer/sub-v2s10x28955_ses-1/mri
mris_place_surface --area-map ../surf/rh.pial ../surf/rh.area.pial
   Update not needed
#@# thickness rh Sun Mar 15 10:03:51 CET 2026
cd /out/sourcedata/freesurfer/sub-v2s10x28955_ses-1/mri
mris_place_surface --thickness ../surf/rh.white ../surf/rh.pial 20 5 ../surf/rh.thickness
   Update not needed
#@# area and vertex vol rh Sun Mar 15 10:03:51 CET 2026
cd /out/sourcedata/freesurfer/sub-v2s10x28955_ses-1/mri
mris_place_surface --thickness ../surf/rh.white ../surf/rh.pial 20 5 ../surf/rh.thickness
   Update not needed

#-----------------------------------------
#@# Curvature Stats lh Sun Mar 15 10:03:51 CET 2026
/out/sourcedata/freesurfer/sub-v2s10x28955_ses-1/surf

 mris_curvature_stats -m --writeCurvatureFiles -G -o ../stats/lh.curv.stats -F smoothwm sub-v2s10x28955_ses-1 lh curv sulc 

             Toggling save flag on curvature files                       [ ok ]
                 Outputting results using filestem   [ ../stats/lh.curv.stats ]
             Toggling save flag on curvature files                       [ ok ]
                                   Setting surface [ sub-v2s10x28955_ses-1/lh.smoothwm ]
                                Reading surface...                       [ ok ]
                                   Setting texture                     [ curv ]
                                Reading texture...                       [ ok ]
                                   Setting texture                     [ sulc ]
                                Reading texture...Gb_filter = 0
                       [ ok ]
      Calculating Discrete Principal Curvatures...
      Determining geometric order for vno faces... [####################] [ ok ]
                      Determining KH curvatures... [####################] [ ok ]
                    Determining k1k2 curvatures... [####################] [ ok ]
                                   deltaViolations                      [ 243 ]
Gb_filter = 0

WARN:    S lookup   min:                          -0.275332
WARN:    S explicit min:                          0.000000	vertex = 212

#-----------------------------------------
#@# Curvature Stats rh Sun Mar 15 10:03:53 CET 2026
/out/sourcedata/freesurfer/sub-v2s10x28955_ses-1/surf

 mris_curvature_stats -m --writeCurvatureFiles -G -o ../stats/rh.curv.stats -F smoothwm sub-v2s10x28955_ses-1 rh curv sulc 

             Toggling save flag on curvature files                       [ ok ]
                 Outputting results using filestem   [ ../stats/rh.curv.stats ]
             Toggling save flag on curvature files                       [ ok ]
                                   Setting surface [ sub-v2s10x28955_ses-1/rh.smoothwm ]
                                Reading surface...                       [ ok ]
                                   Setting texture                     [ curv ]
                                Reading texture...                       [ ok ]
                                   Setting texture                     [ sulc ]
                                Reading texture...Gb_filter = 0
                       [ ok ]
      Calculating Discrete Principal Curvatures...
      Determining geometric order for vno faces... [####################] [ ok ]
                      Determining KH curvatures... [####################] [ ok ]
                    Determining k1k2 curvatures... [####################] [ ok ]
                                   deltaViolations                      [ 242 ]
Gb_filter = 0

WARN:    S lookup   min:                          -0.058964
WARN:    S explicit min:                          0.000000	vertex = 708
#-----------------------------------------
#@# Relabel Hypointensities Sun Mar 15 10:03:54 CET 2026
/out/sourcedata/freesurfer/sub-v2s10x28955_ses-1/mri

 mri_relabel_hypointensities aseg.presurf.mgz ../surf aseg.presurf.hypos.mgz 

reading input surface ../surf/lh.white...
relabeling lh hypointensities...
3347 voxels changed to hypointensity...
reading input surface ../surf/rh.white...
relabeling rh hypointensities...
3255 voxels changed to hypointensity...
6311 hypointense voxels neighboring cortex changed
#-----------------------------------------
#@# APas-to-ASeg Sun Mar 15 10:04:05 CET 2026
/out/sourcedata/freesurfer/sub-v2s10x28955_ses-1/mri

 mri_surf2volseg --o aseg.mgz --i aseg.presurf.hypos.mgz --fix-presurf-with-ribbon /out/sourcedata/freesurfer/sub-v2s10x28955_ses-1/mri/ribbon.mgz --threads 16 --lh-cortex-mask /out/sourcedata/freesurfer/sub-v2s10x28955_ses-1/label/lh.cortex.label --lh-white /out/sourcedata/freesurfer/sub-v2s10x28955_ses-1/surf/lh.white --lh-pial /out/sourcedata/freesurfer/sub-v2s10x28955_ses-1/surf/lh.pial --rh-cortex-mask /out/sourcedata/freesurfer/sub-v2s10x28955_ses-1/label/rh.cortex.label --rh-white /out/sourcedata/freesurfer/sub-v2s10x28955_ses-1/surf/rh.white --rh-pial /out/sourcedata/freesurfer/sub-v2s10x28955_ses-1/surf/rh.pial 

SUBJECTS_DIR /out/sourcedata/freesurfer
outvol aseg.mgz
16 avail.processors, using 16
Loading aseg.presurf.hypos.mgz
Loading /out/sourcedata/freesurfer/sub-v2s10x28955_ses-1/mri/ribbon.mgz
Loading /out/sourcedata/freesurfer/sub-v2s10x28955_ses-1/surf/lh.white
Loading /out/sourcedata/freesurfer/sub-v2s10x28955_ses-1/surf/lh.pial
Loading /out/sourcedata/freesurfer/sub-v2s10x28955_ses-1/label/lh.cortex.label
Loading /out/sourcedata/freesurfer/sub-v2s10x28955_ses-1/surf/rh.white
Loading /out/sourcedata/freesurfer/sub-v2s10x28955_ses-1/surf/rh.pial
Loading /out/sourcedata/freesurfer/sub-v2s10x28955_ses-1/label/rh.cortex.label
Done loading
 48 112 176 192  96  64 128   0 144  80 160 240 224  16 208  32  17 209 241 225  49  33   1 210  18 242 226  50  65   2  34 211  81 193  19 
 97 243 227  51   3  35 212  20 244 228  52 177   4  36 213 161  66  21 245  53 229 214   5  37 194  82  22 246  54 230 215   6  38  98  67  23 247  55 113 231 216   7  39 
248  24 145  56 195 217 232 178   8  40 249  25 129 162  83  57  68 218 233   9  41 250  26  99 
 58 196 219 
 10  42 234 251  27  69 220  11  43 235 252 197  28  59 
221  12  44  84 236  29 253 179 
 60 222  13  45  70 163 237  30 254 198 223  14  46  61 238  31 255 100  71  15  47 146 239 
199 
 62 200  85  72 201 180  63 202 164 203 130 114 101 204  73 205  86 147 206 207 165 181 102  87  74 148  75  88 103 166 182 131 115 149  89  76 183 104 167  90  77 150  78  91 184 168  79 
116 105 151 185  92 169 132 186 152 187  93 117 106 170 188 189 153  94 190 171 133 107 118 154 191  95 172 155 108 119 
134 173 156 109 174 120 157 135 175 158 110 121 159 
136 111 122 137 138 123 139 
140 141 124 142 143 125 126 127 
nrelabeled = 145031
ndotcheck = 0
Starting Surf2VolSeg free
free done
#VMPC# mri_surf2volseg VmPeak  1956884
mri_surf2volseg done

 mri_brainvol_stats sub-v2s10x28955_ses-1 

ComputeBrainVolumeStats2 VoxelVol=1, KeepCSF=1
  #CBVS2 MaskVol              1498412.0
  #CBVS2 BrainSegVol          1240682.0
  #CBVS2 BrainSegVolNotVent   1227082.0
  #CBVS2 SupraTentVol         1095129.0
  #CBVS2 SupraTentVolNotVent  1081529.0
  #CBVS2 lhCtxGM               284133.7
  #CBVS2 rhCtxGM               288229.0
  #CBVS2 lhCerebralWM          220662.0
  #CBVS2 rhCerebralWM          219362.0
  #CBVS2 SubCortGMVol           70394.0
  #CBVS2 CerebellumVol         145553.0
  #CBVS2 CerebellumGMVol       115707.0
  #CBVS2 VentChorVol            10873.0
  #CBVS2 3rd4th5thCSF            2727.0
  #CBVS2 AllCSF                 13600.0
  #CBVS2 CCVol                   3052.0
#-----------------------------------------
#@# AParc-to-ASeg aparc Sun Mar 15 10:04:10 CET 2026
/out/sourcedata/freesurfer/sub-v2s10x28955_ses-1/mri

 mri_surf2volseg --o aparc+aseg.mgz --label-cortex --i aseg.mgz --threads 16 --lh-annot /out/sourcedata/freesurfer/sub-v2s10x28955_ses-1/label/lh.aparc.annot 1000 --lh-cortex-mask /out/sourcedata/freesurfer/sub-v2s10x28955_ses-1/label/lh.cortex.label --lh-white /out/sourcedata/freesurfer/sub-v2s10x28955_ses-1/surf/lh.white --lh-pial /out/sourcedata/freesurfer/sub-v2s10x28955_ses-1/surf/lh.pial --rh-annot /out/sourcedata/freesurfer/sub-v2s10x28955_ses-1/label/rh.aparc.annot 2000 --rh-cortex-mask /out/sourcedata/freesurfer/sub-v2s10x28955_ses-1/label/rh.cortex.label --rh-white /out/sourcedata/freesurfer/sub-v2s10x28955_ses-1/surf/rh.white --rh-pial /out/sourcedata/freesurfer/sub-v2s10x28955_ses-1/surf/rh.pial 

SUBJECTS_DIR /out/sourcedata/freesurfer
outvol aparc+aseg.mgz
16 avail.processors, using 16
Loading aseg.mgz
Loading /out/sourcedata/freesurfer/sub-v2s10x28955_ses-1/surf/lh.white
Loading /out/sourcedata/freesurfer/sub-v2s10x28955_ses-1/surf/lh.pial
Loading /out/sourcedata/freesurfer/sub-v2s10x28955_ses-1/label/lh.cortex.label
Ripping lh vertices labeled not in lh.cortex.label
  ripped 8051 vertices from lh hemi
Loading /out/sourcedata/freesurfer/sub-v2s10x28955_ses-1/label/lh.aparc.annot
Loading /out/sourcedata/freesurfer/sub-v2s10x28955_ses-1/surf/rh.white
Loading /out/sourcedata/freesurfer/sub-v2s10x28955_ses-1/surf/rh.pial
Loading /out/sourcedata/freesurfer/sub-v2s10x28955_ses-1/label/rh.cortex.label
Ripping rh vertices labeled not in rh.cortex.label
  ripped 7962 vertices from rh hemi
Loading /out/sourcedata/freesurfer/sub-v2s10x28955_ses-1/label/rh.aparc.annot
Done loading
112  16  64 208 192 240 144  80 176   0 224  32 160  48 128  96 209  33  17  49 241 225   1 210  34  18  50 242 226   2 211  35  19 
 51 243 227   3 212  36  20 244  52 228 213   4  21  37 245  53 229 214   5  22 246  38  54 230 215   6  23 247  39 
 55 231 216   7 248  24  40 232  56   8 217 249  25  41 233  57 218   9 250  26 234  42  58 219 
 10 251  27 235  43 220  11  28 252 236  44 221  12 253  29  59 
237  45 222  13 254  30 238  46 223  14  31 255 239 
 47  15  60  61  62  65  63 193  66 113 194 195 196 145  67 197 198 199 
200 201 202 203 204 205 206 207  97 114 161  68  81 129 177  69 146 115  98  70  82 162  71 130 178 147  99 
116  72 100  83 163 179 
148 131  73 117 101 164 149 180  84  74 132 118 102 150 181  75 165 103  85 133 119 
151 104 182  76 166 134 120  86 105 152 183 167  77 121 135 106 184  87 153 122 107 168  78 136 185 123 108 186 154 137  88 169  79 
109 124 187 110 138 188 155 170 111 125  89 139 
189 171 190 126 156 140 191 172  90 141 157 127 173 142 158  91 174 143 159 
175  92  93  94  95 
nrelabeled = 571084
ndotcheck = 46825
Starting Surf2VolSeg free
free done
#VMPC# mri_surf2volseg VmPeak  1941136
mri_surf2volseg done
#-----------------------------------------
#@# AParc-to-ASeg aparc.a2009s Sun Mar 15 10:04:36 CET 2026
/out/sourcedata/freesurfer/sub-v2s10x28955_ses-1/mri

 mri_surf2volseg --o aparc.a2009s+aseg.mgz --label-cortex --i aseg.mgz --threads 16 --lh-annot /out/sourcedata/freesurfer/sub-v2s10x28955_ses-1/label/lh.aparc.a2009s.annot 11100 --lh-cortex-mask /out/sourcedata/freesurfer/sub-v2s10x28955_ses-1/label/lh.cortex.label --lh-white /out/sourcedata/freesurfer/sub-v2s10x28955_ses-1/surf/lh.white --lh-pial /out/sourcedata/freesurfer/sub-v2s10x28955_ses-1/surf/lh.pial --rh-annot /out/sourcedata/freesurfer/sub-v2s10x28955_ses-1/label/rh.aparc.a2009s.annot 12100 --rh-cortex-mask /out/sourcedata/freesurfer/sub-v2s10x28955_ses-1/label/rh.cortex.label --rh-white /out/sourcedata/freesurfer/sub-v2s10x28955_ses-1/surf/rh.white --rh-pial /out/sourcedata/freesurfer/sub-v2s10x28955_ses-1/surf/rh.pial 

SUBJECTS_DIR /out/sourcedata/freesurfer
outvol aparc.a2009s+aseg.mgz
16 avail.processors, using 16
Loading aseg.mgz
Loading /out/sourcedata/freesurfer/sub-v2s10x28955_ses-1/surf/lh.white
Loading /out/sourcedata/freesurfer/sub-v2s10x28955_ses-1/surf/lh.pial
Loading /out/sourcedata/freesurfer/sub-v2s10x28955_ses-1/label/lh.cortex.label
Ripping lh vertices labeled not in lh.cortex.label
  ripped 8051 vertices from lh hemi
Loading /out/sourcedata/freesurfer/sub-v2s10x28955_ses-1/label/lh.aparc.a2009s.annot
Loading /out/sourcedata/freesurfer/sub-v2s10x28955_ses-1/surf/rh.white
Loading /out/sourcedata/freesurfer/sub-v2s10x28955_ses-1/surf/rh.pial
Loading /out/sourcedata/freesurfer/sub-v2s10x28955_ses-1/label/rh.cortex.label
Ripping rh vertices labeled not in rh.cortex.label
  ripped 7962 vertices from rh hemi
Loading /out/sourcedata/freesurfer/sub-v2s10x28955_ses-1/label/rh.aparc.a2009s.annot
Done loading
 64  96  48   0  32 144  16 192 208 176  80 112 240 160 224 128  49 209   1  33  17 241 225  50  18 242 210 226  34   2  51  19 
243 211  35 227   3  52  20 244 212 228  36   4  53  21 245 213 229  37   5  54  22 246 214 230   6  38  55  23 247 215 231   7  39 
248  56  24 216 232   8  40 249  57  25 217 233   9  41 250  26  58 218  10 234  42 251  27 219 
 11 235  59 
252  43  28 220  12 236 253 221  44  29 237  13 254 222  45  30 238  14 255 223  46 239 
 31  15  60  47  61  62  65  63 193  66 194 113 195 196 145 197 198 199 
200 201 202 203 204 205 206 207  67  97 114  68 161  81 177 129  69 146 115  70  98  71  82 130 147 178 162 116  99 
 72 148  83 179 
131  73 117 163 100 149  74 180 132  84 101 118 150 164  75 181 102 133 151  85 119 
182  76 165 103 152 134 120  86 183 104  77 166 153 135 121 184 105  78  87 167 136 185 122 154 106 186 137  79 
123 168 107  88 187 155 138 124 108 188 169 139 
109 189 156 125  89 190 110 170 140 191 111 126 157 141  90 171 142 158 127 172 143  91 159 
173  92 174  93 175  94  95 
nrelabeled = 571084
ndotcheck = 46825
Starting Surf2VolSeg free
free done
#VMPC# mri_surf2volseg VmPeak  1941220
mri_surf2volseg done
#-----------------------------------------
#@# AParc-to-ASeg aparc.DKTatlas Sun Mar 15 10:05:01 CET 2026
/out/sourcedata/freesurfer/sub-v2s10x28955_ses-1/mri

 mri_surf2volseg --o aparc.DKTatlas+aseg.mgz --label-cortex --i aseg.mgz --threads 16 --lh-annot /out/sourcedata/freesurfer/sub-v2s10x28955_ses-1/label/lh.aparc.DKTatlas.annot 1000 --lh-cortex-mask /out/sourcedata/freesurfer/sub-v2s10x28955_ses-1/label/lh.cortex.label --lh-white /out/sourcedata/freesurfer/sub-v2s10x28955_ses-1/surf/lh.white --lh-pial /out/sourcedata/freesurfer/sub-v2s10x28955_ses-1/surf/lh.pial --rh-annot /out/sourcedata/freesurfer/sub-v2s10x28955_ses-1/label/rh.aparc.DKTatlas.annot 2000 --rh-cortex-mask /out/sourcedata/freesurfer/sub-v2s10x28955_ses-1/label/rh.cortex.label --rh-white /out/sourcedata/freesurfer/sub-v2s10x28955_ses-1/surf/rh.white --rh-pial /out/sourcedata/freesurfer/sub-v2s10x28955_ses-1/surf/rh.pial 

SUBJECTS_DIR /out/sourcedata/freesurfer
outvol aparc.DKTatlas+aseg.mgz
16 avail.processors, using 16
Loading aseg.mgz
Loading /out/sourcedata/freesurfer/sub-v2s10x28955_ses-1/surf/lh.white
Loading /out/sourcedata/freesurfer/sub-v2s10x28955_ses-1/surf/lh.pial
Loading /out/sourcedata/freesurfer/sub-v2s10x28955_ses-1/label/lh.cortex.label
Ripping lh vertices labeled not in lh.cortex.label
  ripped 8051 vertices from lh hemi
Loading /out/sourcedata/freesurfer/sub-v2s10x28955_ses-1/label/lh.aparc.DKTatlas.annot
Loading /out/sourcedata/freesurfer/sub-v2s10x28955_ses-1/surf/rh.white
Loading /out/sourcedata/freesurfer/sub-v2s10x28955_ses-1/surf/rh.pial
Loading /out/sourcedata/freesurfer/sub-v2s10x28955_ses-1/label/rh.cortex.label
Ripping rh vertices labeled not in rh.cortex.label
  ripped 7962 vertices from rh hemi
Loading /out/sourcedata/freesurfer/sub-v2s10x28955_ses-1/label/rh.aparc.DKTatlas.annot
Done loading
160  16 128 112   0  48 192 240 224 208  80 144  96 176  32  64  33  17 241 209 225  49   1  18 242  34 226 210   2  50  19 
243  35   3 227 211  51  20 244  36 228 212   4  52  21 245  37 229 213   5  53 246  22  38 230 214   6  23  54 247  39 
231 215   7  24  55 248  40 232 216  25   8  56 249  41 233 217  26   9  57 250  42 234 218  27  10  58 251  43 219 
235  28  11 252 220 236  44  29 237 221  12 253  45  59 
238  30 222  13 254  46 239 
223  31  14 255  47  15  60  61  62  65  63 193  66 113 194 195 196 145  67 197 198 199 
200 201 202 203 204 205 206 207 177  81  97 114  68 129 161  69 146 115  98  70 178  82  71 130 147 162  99 
116  72 179 
 83 148 100 131  73 117 163 149 180 101  74  84 132 118 150 102 164 181  75 133 151 119 
 85 103 182  76 165 152 104 134 120 183  86  77 105 153 166 121 135 184 106  78 154  87 122 185 136 167 107 186 123  79 
155 137 108 187  88 124 168 109 138 188 156 110 125 189 139 
169 111  89 190 157 126 191 140 170 158 141  90 127 159 
171 142  91 143 172 173  92 174  93 175  94  95 
nrelabeled = 571084
ndotcheck = 46825
Starting Surf2VolSeg free
free done
#VMPC# mri_surf2volseg VmPeak  1941156
mri_surf2volseg done
#-----------------------------------------
#@# WMParc Sun Mar 15 10:05:26 CET 2026
/out/sourcedata/freesurfer/sub-v2s10x28955_ses-1/mri

 mri_surf2volseg --o wmparc.mgz --label-wm --i aparc+aseg.mgz --threads 16 --lh-annot /out/sourcedata/freesurfer/sub-v2s10x28955_ses-1/label/lh.aparc.annot 3000 --lh-cortex-mask /out/sourcedata/freesurfer/sub-v2s10x28955_ses-1/label/lh.cortex.label --lh-white /out/sourcedata/freesurfer/sub-v2s10x28955_ses-1/surf/lh.white --lh-pial /out/sourcedata/freesurfer/sub-v2s10x28955_ses-1/surf/lh.pial --rh-annot /out/sourcedata/freesurfer/sub-v2s10x28955_ses-1/label/rh.aparc.annot 4000 --rh-cortex-mask /out/sourcedata/freesurfer/sub-v2s10x28955_ses-1/label/rh.cortex.label --rh-white /out/sourcedata/freesurfer/sub-v2s10x28955_ses-1/surf/rh.white --rh-pial /out/sourcedata/freesurfer/sub-v2s10x28955_ses-1/surf/rh.pial 

SUBJECTS_DIR /out/sourcedata/freesurfer
outvol wmparc.mgz
16 avail.processors, using 16
Loading aparc+aseg.mgz
Loading /out/sourcedata/freesurfer/sub-v2s10x28955_ses-1/surf/lh.white
Loading /out/sourcedata/freesurfer/sub-v2s10x28955_ses-1/surf/lh.pial
Loading /out/sourcedata/freesurfer/sub-v2s10x28955_ses-1/label/lh.cortex.label
Ripping lh vertices labeled not in lh.cortex.label
  ripped 8051 vertices from lh hemi
Loading /out/sourcedata/freesurfer/sub-v2s10x28955_ses-1/label/lh.aparc.annot
Loading /out/sourcedata/freesurfer/sub-v2s10x28955_ses-1/surf/rh.white
Loading /out/sourcedata/freesurfer/sub-v2s10x28955_ses-1/surf/rh.pial
Loading /out/sourcedata/freesurfer/sub-v2s10x28955_ses-1/label/rh.cortex.label
Ripping rh vertices labeled not in rh.cortex.label
  ripped 7962 vertices from rh hemi
Loading /out/sourcedata/freesurfer/sub-v2s10x28955_ses-1/label/rh.aparc.annot
Done loading
 32 176 112 208  80  16  48 240 224 192   0  64 128  96 144 160 209 241   1 225  33   2  34 210 226   3  35 211 227  36   4 212 228  37   5 213 229  38   6 214 230  39 
  7 215  40 231   8 216  41 232   9  49  17 217  65  10 233 242  18  50 218  11 234 243  19  51 
219 
 12 193 235 244  52  20 220  13 236  53  21 245 221  14 237 246  54  22  15 222 247 238  55  23 223 248 239 
 56  24  42 194  57  25  43  58  26 195  44 249  59  27 
 45 196 250  28  60  66  46 197 251  29  61  47 198 252  30  62 199 
253  31 200 254 255 201  63 202 203 204 205 206 207  67  68  69  81 129 177  70  71  72 145 130  82 178  97 161 113  73  74 179 
131  83  75 180 146 132  98 181  76 114  84 162 182 133  77  85 183  78  99 
147 184 134 115 185  86 163  79 
186 187 135 188 189 190  87 191 100 136 148 116 164  88 137 117 101  89 149 138 165 118  90 102 150 119 
 91 139 
166 103  92 120 151 140 167 121  93 152 104 141 122 168  94 123 142 124 153 105 169 125  95 126 170 154 143 127 106 171 155 172 107 173 156 108 174 157 175 109 158 110 159 
111 
nrelabeled = 436972
ndotcheck = 3461
Starting Surf2VolSeg free
free done
#VMPC# mri_surf2volseg VmPeak  1941136
mri_surf2volseg done

 mri_segstats --seed 1234 --seg mri/wmparc.mgz --sum stats/wmparc.stats --pv mri/norm.mgz --excludeid 0 --brainmask mri/brainmask.mgz --in mri/norm.mgz --in-intensity-name norm --in-intensity-units MR --subject sub-v2s10x28955_ses-1 --surf-wm-vol --ctab /opt/freesurfer/WMParcStatsLUT.txt --etiv 

setting seed for random number genererator to 1234

7.3.2
cwd 
cmdline mri_segstats --seed 1234 --seg mri/wmparc.mgz --sum stats/wmparc.stats --pv mri/norm.mgz --excludeid 0 --brainmask mri/brainmask.mgz --in mri/norm.mgz --in-intensity-name norm --in-intensity-units MR --subject sub-v2s10x28955_ses-1 --surf-wm-vol --ctab /opt/freesurfer/WMParcStatsLUT.txt --etiv 
sysname  Linux
hostname dna080
machine  x86_64
user     oesteban
whitesurfname  white
UseRobust  0
atlas_icv (eTIV) = 1444703 mm^3    (det: 1.348447 )
Loading mri/wmparc.mgz
Getting Brain Volume Statistics
Loading mri/norm.mgz
Loading mri/norm.mgz
Voxel Volume is 1 mm^3
Generating list of segmentation ids
Found 390 segmentations
Computing statistics for each segmentation

Reporting on  70 segmentations
Using PrintSegStat
mri_segstats done
#--------------------------------------------
#@# ASeg Stats Sun Mar 15 10:07:13 CET 2026
/out/sourcedata/freesurfer/sub-v2s10x28955_ses-1

 mri_segstats --seed 1234 --seg mri/aseg.mgz --sum stats/aseg.stats --pv mri/norm.mgz --empty --brainmask mri/brainmask.mgz --brain-vol-from-seg --excludeid 0 --excl-ctxgmwm --supratent --subcortgray --in mri/norm.mgz --in-intensity-name norm --in-intensity-units MR --etiv --surf-wm-vol --surf-ctx-vol --totalgray --euler --ctab /opt/freesurfer/ASegStatsLUT.txt --subject sub-v2s10x28955_ses-1 

setting seed for random number genererator to 1234

7.3.2
cwd 
cmdline mri_segstats --seed 1234 --seg mri/aseg.mgz --sum stats/aseg.stats --pv mri/norm.mgz --empty --brainmask mri/brainmask.mgz --brain-vol-from-seg --excludeid 0 --excl-ctxgmwm --supratent --subcortgray --in mri/norm.mgz --in-intensity-name norm --in-intensity-units MR --etiv --surf-wm-vol --surf-ctx-vol --totalgray --euler --ctab /opt/freesurfer/ASegStatsLUT.txt --subject sub-v2s10x28955_ses-1 
sysname  Linux
hostname dna080
machine  x86_64
user     oesteban
whitesurfname  white
UseRobust  0
atlas_icv (eTIV) = 1444703 mm^3    (det: 1.348447 )
Computing euler number
orig.nofix lheno =  -18, rheno = -12
orig.nofix lhholes =   10, rhholes = 7
Loading mri/aseg.mgz
Getting Brain Volume Statistics
Loading mri/norm.mgz
Loading mri/norm.mgz
Voxel Volume is 1 mm^3
Generating list of segmentation ids
Found  50 segmentations
Computing statistics for each segmentation

Reporting on  45 segmentations
Using PrintSegStat
mri_segstats done

Started at Sun Mar 15 10:03:51 CET 2026 
Ended   at Sun Mar 15 10:07:31 CET 2026
#@#%# recon-all-run-time-hours 0.061
recon-all -s sub-v2s10x28955_ses-1 finished without error at Sun Mar 15 10:07:31 CET 2026
