
Sun Mar 15 09:25:58 CET 2026
cd /out/sourcedata/freesurfer/sub-v2s10x28937_ses-1
setenv SUBJECTS_DIR /out/sourcedata/freesurfer
/opt/freesurfer/bin/recon-all -autorecon-hemi lh -noparcstats -noparcstats2 -noparcstats3 -nohyporelabel -nobalabels -lh-only -openmp 16 -subjid sub-v2s10x28937_ses-1 -sd /out/sourcedata/freesurfer

subjid sub-v2s10x28937_ses-1
setenv SUBJECTS_DIR /out/sourcedata/freesurfer
FREESURFER_HOME /opt/freesurfer
Actual FREESURFER_HOME /opt/freesurfer
build-stamp.txt: freesurfer-linux-ubuntu22_x86_64-7.3.2-20220804-6354275
Linux dna071 5.14.0-427.37.1.el9_4.x86_64 #1 SMP PREEMPT_DYNAMIC Fri Sep 13 12:41:50 EDT 2024 x86_64 x86_64 x86_64 GNU/Linux
cputime      unlimited
filesize     unlimited
datasize     unlimited
stacksize    8192 kbytes
coredumpsize 0 kbytes
memoryuse    67108864 kbytes
vmemoryuse   unlimited
descriptors  1024 
memorylocked unlimited
maxproc      2061970 
maxlocks     unlimited
maxsignal    2062029 
maxmessage   819200 
maxnice      0 
maxrtprio    0 
maxrttime    unlimited

               total        used        free      shared  buff/cache   available
Mem:           503Gi        50Gi       313Gi       9.4Gi       139Gi       439Gi
Swap:             0B          0B          0B

########################################
program versions used
7.3.2 (freesurfer-linux-ubuntu22_x86_64-7.3.2-20220804-6354275)
7.3.2

ProgramName: lta_convert  ProgramArguments: lta_convert -all-info  ProgramVersion: 7.3.2  TimeStamp: 2026/03/15-08:25:58-GMT  BuildTime: Aug  4 2022 06:17:15  BuildStamp: freesurfer-linux-ubuntu22_x86_64-7.3.2-20220804-6354275  User: oesteban  Machine: dna071  Platform: Linux  PlatformVersion: 5.14.0-427.37.1.el9_4.x86_64  CompilerName: GCC  CompilerVersion: 8.4.0
ProgramName: mri_and  ProgramArguments: mri_and -all-info  ProgramVersion: 7.3.2  TimeStamp: 2026/03/15-08:25:58-GMT  BuildTime: Aug  4 2022 06:17:15  BuildStamp: freesurfer-linux-ubuntu22_x86_64-7.3.2-20220804-6354275  User: oesteban  Machine: dna071  Platform: Linux  PlatformVersion: 5.14.0-427.37.1.el9_4.x86_64  CompilerName: GCC  CompilerVersion: 8.4.0
ProgramName: mri_annotation2label  ProgramArguments: mri_annotation2label -all-info  ProgramVersion: 7.3.2  TimeStamp: 2026/03/15-08:25:58-GMT  BuildTime: Aug  4 2022 06:17:15  BuildStamp: freesurfer-linux-ubuntu22_x86_64-7.3.2-20220804-6354275  User: oesteban  Machine: dna071  Platform: Linux  PlatformVersion: 5.14.0-427.37.1.el9_4.x86_64  CompilerName: GCC  CompilerVersion: 8.4.0
ProgramName: mri_aparc2aseg  ProgramArguments: mri_aparc2aseg -all-info  ProgramVersion: 7.3.2  TimeStamp: 2026/03/15-08:25:58-GMT  BuildTime: Aug  4 2022 06:17:15  BuildStamp: freesurfer-linux-ubuntu22_x86_64-7.3.2-20220804-6354275  User: oesteban  Machine: dna071  Platform: Linux  PlatformVersion: 5.14.0-427.37.1.el9_4.x86_64  CompilerName: GCC  CompilerVersion: 8.4.0
ProgramName: mri_surf2volseg  ProgramArguments: mri_surf2volseg -all-info  ProgramVersion: 7.3.2  TimeStamp: 2026/03/15-08:25:58-GMT  BuildTime: Aug  4 2022 06:17:15  BuildStamp: freesurfer-linux-ubuntu22_x86_64-7.3.2-20220804-6354275  User: oesteban  Machine: dna071  Platform: Linux  PlatformVersion: 5.14.0-427.37.1.el9_4.x86_64  CompilerName: GCC  CompilerVersion: 8.4.0
ProgramName: mri_binarize  ProgramArguments: mri_binarize -all-info  ProgramVersion: 7.3.2  TimeStamp: 2026/03/15-08:25:58-GMT  BuildTime: Aug  4 2022 06:17:15  BuildStamp: freesurfer-linux-ubuntu22_x86_64-7.3.2-20220804-6354275  User: oesteban  Machine: dna071  Platform: Linux  PlatformVersion: 5.14.0-427.37.1.el9_4.x86_64  CompilerName: GCC  CompilerVersion: 8.4.0
ProgramName: mri_ca_label  ProgramArguments: mri_ca_label -all-info  ProgramVersion: 7.3.2  TimeStamp: 2026/03/15-08:25:58-GMT  BuildTime: Aug  4 2022 06:17:15  BuildStamp: freesurfer-linux-ubuntu22_x86_64-7.3.2-20220804-6354275  User: oesteban  Machine: dna071  Platform: Linux  PlatformVersion: 5.14.0-427.37.1.el9_4.x86_64  CompilerName: GCC  CompilerVersion: 8.4.0
ProgramName: mri_ca_normalize  ProgramArguments: mri_ca_normalize -all-info  ProgramVersion: 7.3.2  TimeStamp: 2026/03/15-08:25:58-GMT  BuildTime: Aug  4 2022 06:17:15  BuildStamp: freesurfer-linux-ubuntu22_x86_64-7.3.2-20220804-6354275  User: oesteban  Machine: dna071  Platform: Linux  PlatformVersion: 5.14.0-427.37.1.el9_4.x86_64  CompilerName: GCC  CompilerVersion: 8.4.0
ProgramName: mri_ca_register  ProgramArguments: mri_ca_register -all-info  ProgramVersion: 7.3.2  TimeStamp: 2026/03/15-08:25:58-GMT  BuildTime: Aug  4 2022 06:17:15  BuildStamp: freesurfer-linux-ubuntu22_x86_64-7.3.2-20220804-6354275  User: oesteban  Machine: dna071  Platform: Linux  PlatformVersion: 5.14.0-427.37.1.el9_4.x86_64  CompilerName: GCC  CompilerVersion: 8.4.0
ProgramName: mri_cc  ProgramArguments: mri_cc -all-info  ProgramVersion: 7.3.2  TimeStamp: 2026/03/15-08:25:58-GMT  BuildTime: Aug  4 2022 06:17:15  BuildStamp: freesurfer-linux-ubuntu22_x86_64-7.3.2-20220804-6354275  User: oesteban  Machine: dna071  Platform: Linux  PlatformVersion: 5.14.0-427.37.1.el9_4.x86_64  CompilerName: GCC  CompilerVersion: 8.4.0
ProgramName: mri_compute_overlap  ProgramArguments: mri_compute_overlap -all-info  ProgramVersion: 7.3.2  TimeStamp: 2026/03/15-08:25:58-GMT  BuildTime: Aug  4 2022 06:17:15  BuildStamp: freesurfer-linux-ubuntu22_x86_64-7.3.2-20220804-6354275  User: oesteban  Machine: dna071  Platform: Linux  PlatformVersion: 5.14.0-427.37.1.el9_4.x86_64  CompilerName: GCC  CompilerVersion: 8.4.0
ProgramName: mri_compute_seg_overlap  ProgramArguments: mri_compute_seg_overlap -all-info  ProgramVersion: 7.3.2  TimeStamp: 2026/03/15-08:25:58-GMT  BuildTime: Aug  4 2022 06:17:15  BuildStamp: freesurfer-linux-ubuntu22_x86_64-7.3.2-20220804-6354275  User: oesteban  Machine: dna071  Platform: Linux  PlatformVersion: 5.14.0-427.37.1.el9_4.x86_64  CompilerName: GCC  CompilerVersion: 8.4.0
ProgramName: mri_concat  ProgramArguments: mri_concat -all-info  ProgramVersion: 7.3.2  TimeStamp: 2026/03/15-08:25:58-GMT  BuildTime: Aug  4 2022 06:17:15  BuildStamp: freesurfer-linux-ubuntu22_x86_64-7.3.2-20220804-6354275  User: oesteban  Machine: dna071  Platform: Linux  PlatformVersion: 5.14.0-427.37.1.el9_4.x86_64  CompilerName: GCC  CompilerVersion: 8.4.0
ProgramName: mri_concatenate_lta  ProgramArguments: mri_concatenate_lta -all-info  ProgramVersion: 7.3.2  TimeStamp: 2026/03/15-08:25:58-GMT  BuildTime: Aug  4 2022 06:17:15  BuildStamp: freesurfer-linux-ubuntu22_x86_64-7.3.2-20220804-6354275  User: oesteban  Machine: dna071  Platform: Linux  PlatformVersion: 5.14.0-427.37.1.el9_4.x86_64  CompilerName: GCC  CompilerVersion: 8.4.0
mri_convert -all-info 
ProgramName: mri_convert  ProgramArguments: mri_convert -all-info  ProgramVersion: 7.3.2  TimeStamp: 2026/03/15-08:25:58-GMT  BuildTime: Aug  4 2022 06:17:15  BuildStamp: freesurfer-linux-ubuntu22_x86_64-7.3.2-20220804-6354275  User: oesteban  Machine: dna071  Platform: Linux  PlatformVersion: 5.14.0-427.37.1.el9_4.x86_64  CompilerName: GCC  CompilerVersion: 8.4.0
ProgramName: mri_diff  ProgramArguments: mri_diff -all-info  ProgramVersion: 7.3.2  TimeStamp: 2026/03/15-08:25:58-GMT  BuildTime: Aug  4 2022 06:17:15  BuildStamp: freesurfer-linux-ubuntu22_x86_64-7.3.2-20220804-6354275  User: oesteban  Machine: dna071  Platform: Linux  PlatformVersion: 5.14.0-427.37.1.el9_4.x86_64  CompilerName: GCC  CompilerVersion: 8.4.0
ProgramName: mri_edit_wm_with_aseg  ProgramArguments: mri_edit_wm_with_aseg -all-info  ProgramVersion: 7.3.2  TimeStamp: 2026/03/15-08:25:58-GMT  BuildTime: Aug  4 2022 06:17:15  BuildStamp: freesurfer-linux-ubuntu22_x86_64-7.3.2-20220804-6354275  User: oesteban  Machine: dna071  Platform: Linux  PlatformVersion: 5.14.0-427.37.1.el9_4.x86_64  CompilerName: GCC  CompilerVersion: 8.4.0
ProgramName: mri_em_register  ProgramArguments: mri_em_register -all-info  ProgramVersion: 7.3.2  TimeStamp: 2026/03/15-08:25:58-GMT  BuildTime: Aug  4 2022 06:17:15  BuildStamp: freesurfer-linux-ubuntu22_x86_64-7.3.2-20220804-6354275  User: oesteban  Machine: dna071  Platform: Linux  PlatformVersion: 5.14.0-427.37.1.el9_4.x86_64  CompilerName: GCC  CompilerVersion: 8.4.0
ProgramName: mri_fill  ProgramArguments: mri_fill -all-info  ProgramVersion: 7.3.2  TimeStamp: 2026/03/15-08:25:58-GMT  BuildTime: Aug  4 2022 06:17:15  BuildStamp: freesurfer-linux-ubuntu22_x86_64-7.3.2-20220804-6354275  User: oesteban  Machine: dna071  Platform: Linux  PlatformVersion: 5.14.0-427.37.1.el9_4.x86_64  CompilerName: GCC  CompilerVersion: 8.4.0
ProgramName: mri_fuse_segmentations  ProgramArguments: mri_fuse_segmentations -all-info  ProgramVersion: 7.3.2  TimeStamp: 2026/03/15-08:25:58-GMT  BuildTime: Aug  4 2022 06:17:15  BuildStamp: freesurfer-linux-ubuntu22_x86_64-7.3.2-20220804-6354275  User: oesteban  Machine: dna071  Platform: Linux  PlatformVersion: 5.14.0-427.37.1.el9_4.x86_64  CompilerName: GCC  CompilerVersion: 8.4.0
ProgramName: mri_fwhm  ProgramArguments: mri_fwhm -all-info  ProgramVersion: 7.3.2  TimeStamp: 2026/03/15-08:25:58-GMT  BuildTime: Aug  4 2022 06:17:15  BuildStamp: freesurfer-linux-ubuntu22_x86_64-7.3.2-20220804-6354275  User: oesteban  Machine: dna071  Platform: Linux  PlatformVersion: 5.14.0-427.37.1.el9_4.x86_64  CompilerName: GCC  CompilerVersion: 8.4.0
ProgramName: mri_gcut  ProgramArguments: mri_gcut -all-info  ProgramVersion: 7.3.2  TimeStamp: 2026/03/15-08:25:58-GMT  BuildTime: Aug  4 2022 06:17:15  BuildStamp: freesurfer-linux-ubuntu22_x86_64-7.3.2-20220804-6354275  User: oesteban  Machine: dna071  Platform: Linux  PlatformVersion: 5.14.0-427.37.1.el9_4.x86_64  CompilerName: GCC  CompilerVersion: 8.4.0
ProgramName: mri_info  ProgramArguments: mri_info -all-info  ProgramVersion: 7.3.2  TimeStamp: 2026/03/15-08:25:58-GMT  BuildTime: Aug  4 2022 06:17:15  BuildStamp: freesurfer-linux-ubuntu22_x86_64-7.3.2-20220804-6354275  User: oesteban  Machine: dna071  Platform: Linux  PlatformVersion: 5.14.0-427.37.1.el9_4.x86_64  CompilerName: GCC  CompilerVersion: 8.4.0
ProgramName: mri_label2label  ProgramArguments: mri_label2label -all-info  ProgramVersion: 7.3.2  TimeStamp: 2026/03/15-08:25:58-GMT  BuildTime: Aug  4 2022 06:17:15  BuildStamp: freesurfer-linux-ubuntu22_x86_64-7.3.2-20220804-6354275  User: oesteban  Machine: dna071  Platform: Linux  PlatformVersion: 5.14.0-427.37.1.el9_4.x86_64  CompilerName: GCC  CompilerVersion: 8.4.0
ProgramName: mri_label2vol  ProgramArguments: mri_label2vol -all-info  ProgramVersion: 7.3.2  TimeStamp: 2026/03/15-08:25:58-GMT  BuildTime: Aug  4 2022 06:17:15  BuildStamp: freesurfer-linux-ubuntu22_x86_64-7.3.2-20220804-6354275  User: oesteban  Machine: dna071  Platform: Linux  PlatformVersion: 5.14.0-427.37.1.el9_4.x86_64  CompilerName: GCC  CompilerVersion: 8.4.0
ProgramName: mri_log_likelihood  ProgramArguments: mri_log_likelihood -all-info  ProgramVersion: 7.3.2  TimeStamp: 2026/03/15-08:25:58-GMT  BuildTime: Aug  4 2022 06:17:15  BuildStamp: freesurfer-linux-ubuntu22_x86_64-7.3.2-20220804-6354275  User: oesteban  Machine: dna071  Platform: Linux  PlatformVersion: 5.14.0-427.37.1.el9_4.x86_64  CompilerName: GCC  CompilerVersion: 8.4.0
ProgramName: mri_mask  ProgramArguments: mri_mask -all-info  ProgramVersion: 7.3.2  TimeStamp: 2026/03/15-08:25:58-GMT  BuildTime: Aug  4 2022 06:17:15  BuildStamp: freesurfer-linux-ubuntu22_x86_64-7.3.2-20220804-6354275  User: oesteban  Machine: dna071  Platform: Linux  PlatformVersion: 5.14.0-427.37.1.el9_4.x86_64  CompilerName: GCC  CompilerVersion: 8.4.0
ProgramName: mri_matrix_multiply  ProgramArguments: mri_matrix_multiply -all-info  ProgramVersion: 7.3.2  TimeStamp: 2026/03/15-08:25:58-GMT  BuildTime: Aug  4 2022 06:17:15  BuildStamp: freesurfer-linux-ubuntu22_x86_64-7.3.2-20220804-6354275  User: oesteban  Machine: dna071  Platform: Linux  PlatformVersion: 5.14.0-427.37.1.el9_4.x86_64  CompilerName: GCC  CompilerVersion: 8.4.0
ProgramName: mri_normalize  ProgramArguments: mri_normalize -all-info  ProgramVersion: 7.3.2  TimeStamp: 2026/03/15-08:25:58-GMT  BuildTime: Aug  4 2022 06:17:15  BuildStamp: freesurfer-linux-ubuntu22_x86_64-7.3.2-20220804-6354275  User: oesteban  Machine: dna071  Platform: Linux  PlatformVersion: 5.14.0-427.37.1.el9_4.x86_64  CompilerName: GCC  CompilerVersion: 8.4.0
ProgramName: mri_normalize_tp2  ProgramArguments: mri_normalize_tp2 -all-info  ProgramVersion: 7.3.2  TimeStamp: 2026/03/15-08:25:58-GMT  BuildTime: Aug  4 2022 06:17:15  BuildStamp: freesurfer-linux-ubuntu22_x86_64-7.3.2-20220804-6354275  User: oesteban  Machine: dna071  Platform: Linux  PlatformVersion: 5.14.0-427.37.1.el9_4.x86_64  CompilerName: GCC  CompilerVersion: 8.4.0
ProgramName: mri_or  ProgramArguments: mri_or -all-info  ProgramVersion: 7.3.2  TimeStamp: 2026/03/15-08:25:58-GMT  BuildTime: Aug  4 2022 06:17:15  BuildStamp: freesurfer-linux-ubuntu22_x86_64-7.3.2-20220804-6354275  User: oesteban  Machine: dna071  Platform: Linux  PlatformVersion: 5.14.0-427.37.1.el9_4.x86_64  CompilerName: GCC  CompilerVersion: 8.4.0
ProgramName: mri_relabel_hypointensities  ProgramArguments: mri_relabel_hypointensities -all-info  ProgramVersion: 7.3.2  TimeStamp: 2026/03/15-08:25:58-GMT  BuildTime: Aug  4 2022 06:17:15  BuildStamp: freesurfer-linux-ubuntu22_x86_64-7.3.2-20220804-6354275  User: oesteban  Machine: dna071  Platform: Linux  PlatformVersion: 5.14.0-427.37.1.el9_4.x86_64  CompilerName: GCC  CompilerVersion: 8.4.0
ProgramName: mri_relabel_nonwm_hypos  ProgramArguments: mri_relabel_nonwm_hypos -all-info  ProgramVersion: 7.3.2  TimeStamp: 2026/03/15-08:25:58-GMT  BuildTime: Aug  4 2022 06:17:15  BuildStamp: freesurfer-linux-ubuntu22_x86_64-7.3.2-20220804-6354275  User: oesteban  Machine: dna071  Platform: Linux  PlatformVersion: 5.14.0-427.37.1.el9_4.x86_64  CompilerName: GCC  CompilerVersion: 8.4.0
ProgramName: mri_remove_neck  ProgramArguments: mri_remove_neck -all-info  ProgramVersion: 7.3.2  TimeStamp: 2026/03/15-08:25:58-GMT  BuildTime: Aug  4 2022 06:17:15  BuildStamp: freesurfer-linux-ubuntu22_x86_64-7.3.2-20220804-6354275  User: oesteban  Machine: dna071  Platform: Linux  PlatformVersion: 5.14.0-427.37.1.el9_4.x86_64  CompilerName: GCC  CompilerVersion: 8.4.0
7.3.2

ProgramName: mri_robust_register  ProgramArguments: mri_robust_register -all-info  ProgramVersion: 7.3.2  TimeStamp: 2026/03/15-08:25:58-GMT  BuildTime: Aug  4 2022 06:17:15  BuildStamp: freesurfer-linux-ubuntu22_x86_64-7.3.2-20220804-6354275  User: oesteban  Machine: dna071  Platform: Linux  PlatformVersion: 5.14.0-427.37.1.el9_4.x86_64  CompilerName: GCC  CompilerVersion: 8.4.0
7.3.2

ProgramName: mri_robust_template  ProgramArguments: mri_robust_template -all-info  ProgramVersion: 7.3.2  TimeStamp: 2026/03/15-08:25:58-GMT  BuildTime: Aug  4 2022 06:17:15  BuildStamp: freesurfer-linux-ubuntu22_x86_64-7.3.2-20220804-6354275  User: oesteban  Machine: dna071  Platform: Linux  PlatformVersion: 5.14.0-427.37.1.el9_4.x86_64  CompilerName: GCC  CompilerVersion: 8.4.0
ProgramName: mris_anatomical_stats  ProgramArguments: mris_anatomical_stats -all-info  ProgramVersion: 7.3.2  TimeStamp: 2026/03/15-08:25:58-GMT  BuildTime: Aug  4 2022 06:17:15  BuildStamp: freesurfer-linux-ubuntu22_x86_64-7.3.2-20220804-6354275  User: oesteban  Machine: dna071  Platform: Linux  PlatformVersion: 5.14.0-427.37.1.el9_4.x86_64  CompilerName: GCC  CompilerVersion: 8.4.0
ProgramName: mris_ca_label  ProgramArguments: mris_ca_label -all-info  ProgramVersion: 7.3.2  TimeStamp: 2026/03/15-08:25:58-GMT  BuildTime: Aug  4 2022 06:17:15  BuildStamp: freesurfer-linux-ubuntu22_x86_64-7.3.2-20220804-6354275  User: oesteban  Machine: dna071  Platform: Linux  PlatformVersion: 5.14.0-427.37.1.el9_4.x86_64  CompilerName: GCC  CompilerVersion: 8.4.0
ProgramName: mris_calc  ProgramArguments: mris_calc -all-info  ProgramVersion: 7.3.2  TimeStamp: 2026/03/15-08:25:58-GMT  BuildTime: Aug  4 2022 06:17:15  BuildStamp: freesurfer-linux-ubuntu22_x86_64-7.3.2-20220804-6354275  User: oesteban  Machine: dna071  Platform: Linux  PlatformVersion: 5.14.0-427.37.1.el9_4.x86_64  CompilerName: GCC  CompilerVersion: 8.4.0
ProgramName: mris_convert  ProgramArguments: mris_convert -all-info  ProgramVersion: 7.3.2  TimeStamp: 2026/03/15-08:25:58-GMT  BuildTime: Aug  4 2022 06:17:15  BuildStamp: freesurfer-linux-ubuntu22_x86_64-7.3.2-20220804-6354275  User: oesteban  Machine: dna071  Platform: Linux  PlatformVersion: 5.14.0-427.37.1.el9_4.x86_64  CompilerName: GCC  CompilerVersion: 8.4.0
ProgramName: mris_curvature  ProgramArguments: mris_curvature -all-info  ProgramVersion: 7.3.2  TimeStamp: 2026/03/15-08:25:58-GMT  BuildTime: Aug  4 2022 06:17:15  BuildStamp: freesurfer-linux-ubuntu22_x86_64-7.3.2-20220804-6354275  User: oesteban  Machine: dna071  Platform: Linux  PlatformVersion: 5.14.0-427.37.1.el9_4.x86_64  CompilerName: GCC  CompilerVersion: 8.4.0
ProgramName: mris_curvature_stats  ProgramArguments: mris_curvature_stats -all-info  ProgramVersion: 7.3.2  TimeStamp: 2026/03/15-08:25:58-GMT  BuildTime: Aug  4 2022 06:17:15  BuildStamp: freesurfer-linux-ubuntu22_x86_64-7.3.2-20220804-6354275  User: oesteban  Machine: dna071  Platform: Linux  PlatformVersion: 5.14.0-427.37.1.el9_4.x86_64  CompilerName: GCC  CompilerVersion: 8.4.0
ProgramName: mris_diff  ProgramArguments: mris_diff -all-info  ProgramVersion: 7.3.2  TimeStamp: 2026/03/15-08:25:58-GMT  BuildTime: Aug  4 2022 06:17:15  BuildStamp: freesurfer-linux-ubuntu22_x86_64-7.3.2-20220804-6354275  User: oesteban  Machine: dna071  Platform: Linux  PlatformVersion: 5.14.0-427.37.1.el9_4.x86_64  CompilerName: GCC  CompilerVersion: 8.4.0
ProgramName: mris_divide_parcellation  ProgramArguments: mris_divide_parcellation -all-info  ProgramVersion: 7.3.2  TimeStamp: 2026/03/15-08:25:58-GMT  BuildTime: Aug  4 2022 06:17:15  BuildStamp: freesurfer-linux-ubuntu22_x86_64-7.3.2-20220804-6354275  User: oesteban  Machine: dna071  Platform: Linux  PlatformVersion: 5.14.0-427.37.1.el9_4.x86_64  CompilerName: GCC  CompilerVersion: 8.4.0
ProgramName: mri_segment  ProgramArguments: mri_segment -all-info  ProgramVersion: 7.3.2  TimeStamp: 2026/03/15-08:25:58-GMT  BuildTime: Aug  4 2022 06:17:15  BuildStamp: freesurfer-linux-ubuntu22_x86_64-7.3.2-20220804-6354275  User: oesteban  Machine: dna071  Platform: Linux  PlatformVersion: 5.14.0-427.37.1.el9_4.x86_64  CompilerName: GCC  CompilerVersion: 8.4.0
ProgramName: mri_segstats  ProgramArguments: mri_segstats -all-info  ProgramVersion: 7.3.2  TimeStamp: 2026/03/15-08:25:58-GMT  BuildTime: Aug  4 2022 06:17:15  BuildStamp: freesurfer-linux-ubuntu22_x86_64-7.3.2-20220804-6354275  User: oesteban  Machine: dna071  Platform: Linux  PlatformVersion: 5.14.0-427.37.1.el9_4.x86_64  CompilerName: GCC  CompilerVersion: 8.4.0
ProgramName: mris_euler_number  ProgramArguments: mris_euler_number -all-info  ProgramVersion: 7.3.2  TimeStamp: 2026/03/15-08:25:58-GMT  BuildTime: Aug  4 2022 06:17:15  BuildStamp: freesurfer-linux-ubuntu22_x86_64-7.3.2-20220804-6354275  User: oesteban  Machine: dna071  Platform: Linux  PlatformVersion: 5.14.0-427.37.1.el9_4.x86_64  CompilerName: GCC  CompilerVersion: 8.4.0
ProgramName: mris_fix_topology  ProgramArguments: mris_fix_topology -all-info  ProgramVersion: 7.3.2  TimeStamp: 2026/03/15-08:25:58-GMT  BuildTime: Aug  4 2022 06:17:15  BuildStamp: freesurfer-linux-ubuntu22_x86_64-7.3.2-20220804-6354275  User: oesteban  Machine: dna071  Platform: Linux  PlatformVersion: 5.14.0-427.37.1.el9_4.x86_64  CompilerName: GCC  CompilerVersion: 8.4.0
ProgramName: mris_topo_fixer  ProgramArguments: mris_topo_fixer -all-info  ProgramVersion: 7.3.2  TimeStamp: 2026/03/15-08:25:58-GMT  BuildTime: Aug  4 2022 06:17:15  BuildStamp: freesurfer-linux-ubuntu22_x86_64-7.3.2-20220804-6354275  User: oesteban  Machine: dna071  Platform: Linux  PlatformVersion: 5.14.0-427.37.1.el9_4.x86_64  CompilerName: GCC  CompilerVersion: 8.4.0
ProgramName: mris_jacobian  ProgramArguments: mris_jacobian -all-info  ProgramVersion: 7.3.2  TimeStamp: 2026/03/15-08:25:58-GMT  BuildTime: Aug  4 2022 06:17:15  BuildStamp: freesurfer-linux-ubuntu22_x86_64-7.3.2-20220804-6354275  User: oesteban  Machine: dna071  Platform: Linux  PlatformVersion: 5.14.0-427.37.1.el9_4.x86_64  CompilerName: GCC  CompilerVersion: 8.4.0
ProgramName: mris_label2annot  ProgramArguments: mris_label2annot -all-info  ProgramVersion: 7.3.2  TimeStamp: 2026/03/15-08:25:58-GMT  BuildTime: Aug  4 2022 06:17:15  BuildStamp: freesurfer-linux-ubuntu22_x86_64-7.3.2-20220804-6354275  User: oesteban  Machine: dna071  Platform: Linux  PlatformVersion: 5.14.0-427.37.1.el9_4.x86_64  CompilerName: GCC  CompilerVersion: 8.4.0
ProgramName: mris_left_right_register  ProgramArguments: mris_left_right_register -all-info  ProgramVersion: 7.3.2  TimeStamp: 2026/03/15-08:25:58-GMT  BuildTime: Aug  4 2022 06:17:15  BuildStamp: freesurfer-linux-ubuntu22_x86_64-7.3.2-20220804-6354275  User: oesteban  Machine: dna071  Platform: Linux  PlatformVersion: 5.14.0-427.37.1.el9_4.x86_64  CompilerName: GCC  CompilerVersion: 8.4.0
ProgramName: mris_place_surface  ProgramArguments: mris_place_surface -all-info  ProgramVersion: 7.3.2  TimeStamp: 2026/03/15-08:25:58-GMT  BuildTime: Aug  4 2022 06:17:15  BuildStamp: freesurfer-linux-ubuntu22_x86_64-7.3.2-20220804-6354275  User: oesteban  Machine: dna071  Platform: Linux  PlatformVersion: 5.14.0-427.37.1.el9_4.x86_64  CompilerName: GCC  CompilerVersion: 8.4.0
ProgramName: mrisp_paint  ProgramArguments: mrisp_paint -all-info  ProgramVersion: 7.3.2  TimeStamp: 2026/03/15-08:25:58-GMT  BuildTime: Aug  4 2022 06:17:15  BuildStamp: freesurfer-linux-ubuntu22_x86_64-7.3.2-20220804-6354275  User: oesteban  Machine: dna071  Platform: Linux  PlatformVersion: 5.14.0-427.37.1.el9_4.x86_64  CompilerName: GCC  CompilerVersion: 8.4.0
ProgramName: mris_register  ProgramArguments: mris_register -all-info  ProgramVersion: 7.3.2  TimeStamp: 2026/03/15-08:25:58-GMT  BuildTime: Aug  4 2022 06:17:15  BuildStamp: freesurfer-linux-ubuntu22_x86_64-7.3.2-20220804-6354275  User: oesteban  Machine: dna071  Platform: Linux  PlatformVersion: 5.14.0-427.37.1.el9_4.x86_64  CompilerName: GCC  CompilerVersion: 8.4.0
ProgramName: mris_smooth  ProgramArguments: mris_smooth -all-info  ProgramVersion: 7.3.2  TimeStamp: 2026/03/15-08:25:58-GMT  BuildTime: Aug  4 2022 06:17:15  BuildStamp: freesurfer-linux-ubuntu22_x86_64-7.3.2-20220804-6354275  User: oesteban  Machine: dna071  Platform: Linux  PlatformVersion: 5.14.0-427.37.1.el9_4.x86_64  CompilerName: GCC  CompilerVersion: 8.4.0
ProgramName: mris_sphere  ProgramArguments: mris_sphere -all-info  ProgramVersion: 7.3.2  TimeStamp: 2026/03/15-08:25:58-GMT  BuildTime: Aug  4 2022 06:17:15  BuildStamp: freesurfer-linux-ubuntu22_x86_64-7.3.2-20220804-6354275  User: oesteban  Machine: dna071  Platform: Linux  PlatformVersion: 5.14.0-427.37.1.el9_4.x86_64  CompilerName: GCC  CompilerVersion: 8.4.0
ProgramName: mris_surface_stats  ProgramArguments: mris_surface_stats -all-info  ProgramVersion: 7.3.2  TimeStamp: 2026/03/15-08:25:58-GMT  BuildTime: Aug  4 2022 06:17:15  BuildStamp: freesurfer-linux-ubuntu22_x86_64-7.3.2-20220804-6354275  User: oesteban  Machine: dna071  Platform: Linux  PlatformVersion: 5.14.0-427.37.1.el9_4.x86_64  CompilerName: GCC  CompilerVersion: 8.4.0
ProgramName: mri_stats2seg  ProgramArguments: mri_stats2seg -all-info  ProgramVersion: 7.3.2  TimeStamp: 2026/03/15-08:25:58-GMT  BuildTime: Aug  4 2022 06:17:15  BuildStamp: freesurfer-linux-ubuntu22_x86_64-7.3.2-20220804-6354275  User: oesteban  Machine: dna071  Platform: Linux  PlatformVersion: 5.14.0-427.37.1.el9_4.x86_64  CompilerName: GCC  CompilerVersion: 8.4.0
ProgramName: mris_thickness  ProgramArguments: mris_thickness -all-info  ProgramVersion: 7.3.2  TimeStamp: 2026/03/15-08:25:58-GMT  BuildTime: Aug  4 2022 06:17:15  BuildStamp: freesurfer-linux-ubuntu22_x86_64-7.3.2-20220804-6354275  User: oesteban  Machine: dna071  Platform: Linux  PlatformVersion: 5.14.0-427.37.1.el9_4.x86_64  CompilerName: GCC  CompilerVersion: 8.4.0
ProgramName: mris_thickness_diff  ProgramArguments: mris_thickness_diff -all-info  ProgramVersion: 7.3.2  TimeStamp: 2026/03/15-08:25:58-GMT  BuildTime: Aug  4 2022 06:17:15  BuildStamp: freesurfer-linux-ubuntu22_x86_64-7.3.2-20220804-6354275  User: oesteban  Machine: dna071  Platform: Linux  PlatformVersion: 5.14.0-427.37.1.el9_4.x86_64  CompilerName: GCC  CompilerVersion: 8.4.0
ProgramName: mris_topo_fixer  ProgramArguments: mris_topo_fixer -all-info  ProgramVersion: 7.3.2  TimeStamp: 2026/03/15-08:25:58-GMT  BuildTime: Aug  4 2022 06:17:15  BuildStamp: freesurfer-linux-ubuntu22_x86_64-7.3.2-20220804-6354275  User: oesteban  Machine: dna071  Platform: Linux  PlatformVersion: 5.14.0-427.37.1.el9_4.x86_64  CompilerName: GCC  CompilerVersion: 8.4.0
ProgramName: mri_surf2surf  ProgramArguments: mri_surf2surf -all-info  ProgramVersion: 7.3.2  TimeStamp: 2026/03/15-08:25:58-GMT  BuildTime: Aug  4 2022 06:17:15  BuildStamp: freesurfer-linux-ubuntu22_x86_64-7.3.2-20220804-6354275  User: oesteban  Machine: dna071  Platform: Linux  PlatformVersion: 5.14.0-427.37.1.el9_4.x86_64  CompilerName: GCC  CompilerVersion: 8.4.0
ProgramName: mri_surf2vol  ProgramArguments: mri_surf2vol -all-info  ProgramVersion: 7.3.2  TimeStamp: 2026/03/15-08:25:58-GMT  BuildTime: Aug  4 2022 06:17:15  BuildStamp: freesurfer-linux-ubuntu22_x86_64-7.3.2-20220804-6354275  User: oesteban  Machine: dna071  Platform: Linux  PlatformVersion: 5.14.0-427.37.1.el9_4.x86_64  CompilerName: GCC  CompilerVersion: 8.4.0
ProgramName: mri_surfcluster  ProgramArguments: mri_surfcluster -all-info  ProgramVersion: 7.3.2  TimeStamp: 2026/03/15-08:25:58-GMT  BuildTime: Aug  4 2022 06:17:15  BuildStamp: freesurfer-linux-ubuntu22_x86_64-7.3.2-20220804-6354275  User: oesteban  Machine: dna071  Platform: Linux  PlatformVersion: 5.14.0-427.37.1.el9_4.x86_64  CompilerName: GCC  CompilerVersion: 8.4.0
ProgramName: mris_volmask  ProgramArguments: mris_volmask -all-info  ProgramVersion: 7.3.2  TimeStamp: 2026/03/15-08:25:58-GMT  BuildTime: Aug  4 2022 06:17:15  BuildStamp: freesurfer-linux-ubuntu22_x86_64-7.3.2-20220804-6354275  User: oesteban  Machine: dna071  Platform: Linux  PlatformVersion: 5.14.0-427.37.1.el9_4.x86_64  CompilerName: GCC  CompilerVersion: 8.4.0
ProgramName: mri_tessellate  ProgramArguments: mri_tessellate -all-info  ProgramVersion: 7.3.2  TimeStamp: 2026/03/15-08:25:58-GMT  BuildTime: Aug  4 2022 06:17:15  BuildStamp: freesurfer-linux-ubuntu22_x86_64-7.3.2-20220804-6354275  User: oesteban  Machine: dna071  Platform: Linux  PlatformVersion: 5.14.0-427.37.1.el9_4.x86_64  CompilerName: GCC  CompilerVersion: 8.4.0
ProgramName: mri_vol2surf  ProgramArguments: mri_vol2surf -all-info  ProgramVersion: 7.3.2  TimeStamp: 2026/03/15-08:25:58-GMT  BuildTime: Aug  4 2022 06:17:15  BuildStamp: freesurfer-linux-ubuntu22_x86_64-7.3.2-20220804-6354275  User: oesteban  Machine: dna071  Platform: Linux  PlatformVersion: 5.14.0-427.37.1.el9_4.x86_64  CompilerName: GCC  CompilerVersion: 8.4.0
ProgramName: mri_vol2vol  ProgramArguments: mri_vol2vol -all-info  ProgramVersion: 7.3.2  TimeStamp: 2026/03/15-08:25:58-GMT  BuildTime: Aug  4 2022 06:17:15  BuildStamp: freesurfer-linux-ubuntu22_x86_64-7.3.2-20220804-6354275  User: oesteban  Machine: dna071  Platform: Linux  PlatformVersion: 5.14.0-427.37.1.el9_4.x86_64  CompilerName: GCC  CompilerVersion: 8.4.0
ProgramName: mri_voldiff  ProgramArguments: mri_voldiff -all-info  ProgramVersion: 7.3.2  TimeStamp: 2026/03/15-08:25:58-GMT  BuildTime: Aug  4 2022 06:17:15  BuildStamp: freesurfer-linux-ubuntu22_x86_64-7.3.2-20220804-6354275  User: oesteban  Machine: dna071  Platform: Linux  PlatformVersion: 5.14.0-427.37.1.el9_4.x86_64  CompilerName: GCC  CompilerVersion: 8.4.0
ProgramName: mri_watershed  ProgramArguments: mri_watershed -all-info  ProgramVersion: 7.3.2  TimeStamp: 2026/03/15-08:25:58-GMT  BuildTime: Aug  4 2022 06:17:15  BuildStamp: freesurfer-linux-ubuntu22_x86_64-7.3.2-20220804-6354275  User: oesteban  Machine: dna071  Platform: Linux  PlatformVersion: 5.14.0-427.37.1.el9_4.x86_64  CompilerName: GCC  CompilerVersion: 8.4.0
ProgramName: tkregister2  ProgramArguments: tkregister2_cmdl -all-info  ProgramVersion: 7.3.2  TimeStamp: 2026/03/15-08:25:58-GMT  BuildTime: Aug  4 2022 06:17:15  BuildStamp: freesurfer-linux-ubuntu22_x86_64-7.3.2-20220804-6354275  User: oesteban  Machine: dna071  Platform: Linux  PlatformVersion: 5.14.0-427.37.1.el9_4.x86_64  CompilerName: GCC  CompilerVersion: 8.4.0
mri_motion_correct.fsl 7.3.2
mri_convert -all-info 
ProgramName: mri_convert  ProgramArguments: mri_convert -all-info  ProgramVersion: 7.3.2  TimeStamp: 2026/03/15-08:25:58-GMT  BuildTime: Aug  4 2022 06:17:15  BuildStamp: freesurfer-linux-ubuntu22_x86_64-7.3.2-20220804-6354275  User: oesteban  Machine: dna071  Platform: Linux  PlatformVersion: 5.14.0-427.37.1.el9_4.x86_64  CompilerName: GCC  CompilerVersion: 8.4.0
Program nu_correct, built from:
Package MNI N3, version 1.12.0, compiled by nicks@terrier (x86_64-unknown-linux-gnu) on 2015-06-19 at 01:25:34
#######################################
GCADIR /opt/freesurfer/average
GCA RB_all_2020-01-02.gca
GCASkull RB_all_withskull_2020_01_02.gca
AvgCurvTif folding.atlas.acfb40.noaparc.i12.2016-08-02.tif
GCSDIR /opt/freesurfer/average
GCS DKaparc.atlas.acfb40.noaparc.i12.2016-08-02.gcs
#######################################
#--------------------------------------------
#@# Tessellate lh Sun Mar 15 09:25:58 CET 2026
/out/sourcedata/freesurfer/sub-v2s10x28937_ses-1/scripts

 mri_pretess ../mri/filled.mgz 255 ../mri/norm.mgz ../mri/filled-pretess255.mgz 


Iteration Number : 1
pass   1 (xy+):   0 found -   0 modified     |    TOTAL:   0
pass   1 (xy-):   2 found -   2 modified     |    TOTAL:   2
pass   2 (xy-):   0 found -   2 modified     |    TOTAL:   2
pass   1 (yz+):   5 found -   5 modified     |    TOTAL:   7
pass   2 (yz+):   0 found -   5 modified     |    TOTAL:   7
pass   1 (yz-):   6 found -   6 modified     |    TOTAL:  13
pass   2 (yz-):   0 found -   6 modified     |    TOTAL:  13
pass   1 (xz+):   1 found -   1 modified     |    TOTAL:  14
pass   2 (xz+):   0 found -   1 modified     |    TOTAL:  14
pass   1 (xz-):   1 found -   1 modified     |    TOTAL:  15
pass   2 (xz-):   0 found -   1 modified     |    TOTAL:  15
Iteration Number : 1
pass   1 (+++):   0 found -   0 modified     |    TOTAL:   0
pass   1 (+++):   0 found -   0 modified     |    TOTAL:   0
pass   1 (+++):   0 found -   0 modified     |    TOTAL:   0
pass   1 (+++):   0 found -   0 modified     |    TOTAL:   0
Iteration Number : 1
pass   1 (++):   2 found -   2 modified     |    TOTAL:   2
pass   2 (++):   0 found -   2 modified     |    TOTAL:   2
pass   1 (+-):   0 found -   0 modified     |    TOTAL:   2
pass   1 (--):   0 found -   0 modified     |    TOTAL:   2
pass   1 (-+):   0 found -   0 modified     |    TOTAL:   2
Iteration Number : 2
pass   1 (xy+):   0 found -   0 modified     |    TOTAL:   0
pass   1 (xy-):   0 found -   0 modified     |    TOTAL:   0
pass   1 (yz+):   0 found -   0 modified     |    TOTAL:   0
pass   1 (yz-):   0 found -   0 modified     |    TOTAL:   0
pass   1 (xz+):   0 found -   0 modified     |    TOTAL:   0
pass   1 (xz-):   0 found -   0 modified     |    TOTAL:   0
Iteration Number : 2
pass   1 (+++):   0 found -   0 modified     |    TOTAL:   0
pass   1 (+++):   0 found -   0 modified     |    TOTAL:   0
pass   1 (+++):   0 found -   0 modified     |    TOTAL:   0
pass   1 (+++):   0 found -   0 modified     |    TOTAL:   0
Iteration Number : 2
pass   1 (++):   0 found -   0 modified     |    TOTAL:   0
pass   1 (+-):   0 found -   0 modified     |    TOTAL:   0
pass   1 (--):   0 found -   0 modified     |    TOTAL:   0
pass   1 (-+):   0 found -   0 modified     |    TOTAL:   0

Total Number of Modified Voxels = 17 (out of 242015: 0.007024)
Ambiguous edge configurations... 

mri_pretess done


 mri_tessellate ../mri/filled-pretess255.mgz 255 ../surf/lh.orig.nofix 

7.3.2
  7.3.2
slice 30: 330 vertices, 379 faces
slice 40: 4633 vertices, 4879 faces
slice 50: 12342 vertices, 12625 faces
slice 60: 21916 vertices, 22313 faces
slice 70: 32835 vertices, 33178 faces
slice 80: 43197 vertices, 43539 faces
slice 90: 53495 vertices, 53855 faces
slice 100: 63956 vertices, 64293 faces
slice 110: 73811 vertices, 74148 faces
slice 120: 83176 vertices, 83522 faces
slice 130: 92618 vertices, 92921 faces
slice 140: 100826 vertices, 101081 faces
slice 150: 107819 vertices, 108036 faces
slice 160: 113211 vertices, 113403 faces
slice 170: 117128 vertices, 117238 faces
slice 180: 118894 vertices, 118912 faces
slice 190: 118916 vertices, 118924 faces
slice 200: 118916 vertices, 118924 faces
slice 210: 118916 vertices, 118924 faces
slice 220: 118916 vertices, 118924 faces
slice 230: 118916 vertices, 118924 faces
slice 240: 118916 vertices, 118924 faces
slice 250: 118916 vertices, 118924 faces
using the conformed surface RAS to save vertex points...
writing ../surf/lh.orig.nofix
using vox2ras matrix:
-1.00000   0.00000   0.00000   128.00000;
 0.00000   0.00000   1.00000  -128.00000;
 0.00000  -1.00000   0.00000   128.00000;
 0.00000   0.00000   0.00000   1.00000;

 rm -f ../mri/filled-pretess255.mgz 


 mris_extract_main_component ../surf/lh.orig.nofix ../surf/lh.orig.nofix 


counting number of connected components...
   118916 voxel in cpt #1: X=-8 [v=118916,e=356772,f=237848] located at (-28.093292, -31.453993, 21.701546)
For the whole surface: X=-8 [v=118916,e=356772,f=237848]
One single component has been found
nothing to do
done

#--------------------------------------------
#@# Smooth1 lh Sun Mar 15 09:26:00 CET 2026
/out/sourcedata/freesurfer/sub-v2s10x28937_ses-1/scripts

 mris_smooth -nw -seed 1234 ../surf/lh.orig.nofix ../surf/lh.smoothwm.nofix 

setting seed for random number generator to 1234
smoothing surface tessellation for 10 iterations...
smoothing complete - recomputing first and second fundamental forms...
#--------------------------------------------
#@# Inflation1 lh Sun Mar 15 09:26:02 CET 2026
/out/sourcedata/freesurfer/sub-v2s10x28937_ses-1/scripts

 mris_inflate -no-save-sulc ../surf/lh.smoothwm.nofix ../surf/lh.inflated.nofix 

Not saving sulc
Reading ../surf/lh.smoothwm.nofix
avg radius = 44.9 mm, total surface area = 64879 mm^2
step 000: RMS=0.145 (target=0.015)   step 005: RMS=0.110 (target=0.015)   step 010: RMS=0.080 (target=0.015)   step 015: RMS=0.064 (target=0.015)   step 020: RMS=0.055 (target=0.015)   step 025: RMS=0.046 (target=0.015)   step 030: RMS=0.039 (target=0.015)   step 035: RMS=0.034 (target=0.015)   step 040: RMS=0.031 (target=0.015)   step 045: RMS=0.029 (target=0.015)   step 050: RMS=0.028 (target=0.015)   step 055: RMS=0.027 (target=0.015)   step 060: RMS=0.025 (target=0.015)   writing inflated surface to ../surf/lh.inflated.nofix
inflation took 0.2 minutes

inflation complete.
Not saving sulc
mris_inflate utimesec    43.739853
mris_inflate stimesec    0.712194
mris_inflate ru_maxrss   188100
mris_inflate ru_ixrss    0
mris_inflate ru_idrss    0
mris_inflate ru_isrss    0
mris_inflate ru_minflt   186081
mris_inflate ru_majflt   47
mris_inflate ru_nswap    0
mris_inflate ru_inblock  1672
mris_inflate ru_oublock  8368
mris_inflate ru_msgsnd   0
mris_inflate ru_msgrcv   0
mris_inflate ru_nsignals 0
mris_inflate ru_nvcsw    6245
mris_inflate ru_nivcsw   154
#--------------------------------------------
#@# QSphere lh Sun Mar 15 09:26:13 CET 2026
/out/sourcedata/freesurfer/sub-v2s10x28937_ses-1/scripts

 mris_sphere -q -p 6 -a 128 -seed 1234 ../surf/lh.inflated.nofix ../surf/lh.qsphere.nofix 

doing quick spherical unfolding.
limitting unfolding to 6 passes
using n_averages = 128
setting seed for random number genererator to 1234
version: 7.3.2
available threads: 16
scaling brain by 0.340...
inflating...
projecting onto sphere...
surface projected - minimizing metric distortion...
vertex spacing 1.06 +- 0.57 (0.00-->7.55) (max @ vno 47984 --> 49016)
face area 0.03 +- 0.04 (-0.04-->1.02)
Entering MRISinflateToSphere()
inflating to sphere (rms error < 2.00)
000: dt: 0.0000, rms radial error=175.698, avgs=0
005/300: dt: 0.9000, rms radial error=175.440, avgs=0
010/300: dt: 0.9000, rms radial error=174.886, avgs=0
015/300: dt: 0.9000, rms radial error=174.162, avgs=0
020/300: dt: 0.9000, rms radial error=173.337, avgs=0
025/300: dt: 0.9000, rms radial error=172.454, avgs=0
030/300: dt: 0.9000, rms radial error=171.539, avgs=0
035/300: dt: 0.9000, rms radial error=170.608, avgs=0
040/300: dt: 0.9000, rms radial error=169.668, avgs=0
045/300: dt: 0.9000, rms radial error=168.726, avgs=0
050/300: dt: 0.9000, rms radial error=167.785, avgs=0
055/300: dt: 0.9000, rms radial error=166.847, avgs=0
060/300: dt: 0.9000, rms radial error=165.912, avgs=0
065/300: dt: 0.9000, rms radial error=164.981, avgs=0
070/300: dt: 0.9000, rms radial error=164.054, avgs=0
075/300: dt: 0.9000, rms radial error=163.133, avgs=0
080/300: dt: 0.9000, rms radial error=162.217, avgs=0
085/300: dt: 0.9000, rms radial error=161.307, avgs=0
090/300: dt: 0.9000, rms radial error=160.402, avgs=0
095/300: dt: 0.9000, rms radial error=159.502, avgs=0
100/300: dt: 0.9000, rms radial error=158.606, avgs=0
105/300: dt: 0.9000, rms radial error=157.714, avgs=0
110/300: dt: 0.9000, rms radial error=156.828, avgs=0
115/300: dt: 0.9000, rms radial error=155.946, avgs=0
120/300: dt: 0.9000, rms radial error=155.070, avgs=0
125/300: dt: 0.9000, rms radial error=154.198, avgs=0
130/300: dt: 0.9000, rms radial error=153.331, avgs=0
135/300: dt: 0.9000, rms radial error=152.468, avgs=0
140/300: dt: 0.9000, rms radial error=151.610, avgs=0
145/300: dt: 0.9000, rms radial error=150.757, avgs=0
150/300: dt: 0.9000, rms radial error=149.908, avgs=0
155/300: dt: 0.9000, rms radial error=149.065, avgs=0
160/300: dt: 0.9000, rms radial error=148.225, avgs=0
165/300: dt: 0.9000, rms radial error=147.391, avgs=0
170/300: dt: 0.9000, rms radial error=146.560, avgs=0
175/300: dt: 0.9000, rms radial error=145.735, avgs=0
180/300: dt: 0.9000, rms radial error=144.913, avgs=0
185/300: dt: 0.9000, rms radial error=144.097, avgs=0
190/300: dt: 0.9000, rms radial error=143.284, avgs=0
195/300: dt: 0.9000, rms radial error=142.477, avgs=0
200/300: dt: 0.9000, rms radial error=141.673, avgs=0
205/300: dt: 0.9000, rms radial error=140.874, avgs=0
210/300: dt: 0.9000, rms radial error=140.080, avgs=0
215/300: dt: 0.9000, rms radial error=139.290, avgs=0
220/300: dt: 0.9000, rms radial error=138.504, avgs=0
225/300: dt: 0.9000, rms radial error=137.723, avgs=0
230/300: dt: 0.9000, rms radial error=136.946, avgs=0
235/300: dt: 0.9000, rms radial error=136.174, avgs=0
240/300: dt: 0.9000, rms radial error=135.406, avgs=0
245/300: dt: 0.9000, rms radial error=134.642, avgs=0
250/300: dt: 0.9000, rms radial error=133.882, avgs=0
255/300: dt: 0.9000, rms radial error=133.126, avgs=0
260/300: dt: 0.9000, rms radial error=132.375, avgs=0
265/300: dt: 0.9000, rms radial error=131.629, avgs=0
270/300: dt: 0.9000, rms radial error=130.886, avgs=0
275/300: dt: 0.9000, rms radial error=130.147, avgs=0
280/300: dt: 0.9000, rms radial error=129.413, avgs=0
285/300: dt: 0.9000, rms radial error=128.683, avgs=0
290/300: dt: 0.9000, rms radial error=127.957, avgs=0
295/300: dt: 0.9000, rms radial error=127.235, avgs=0
300/300: dt: 0.9000, rms radial error=126.517, avgs=0

spherical inflation complete.
epoch 1 (K=10.0), pass 1, starting sse = 13349.08
taking momentum steps...
taking momentum steps...
taking momentum steps...
taking momentum steps...
pass 1 complete, delta sse/iter = 0.00/13 = 0.00036
epoch 2 (K=40.0), pass 1, starting sse = 1977.36
taking momentum steps...
taking momentum steps...
taking momentum steps...
taking momentum steps...
pass 1 complete, delta sse/iter = 0.01/13 = 0.00070
epoch 3 (K=160.0), pass 1, starting sse = 148.75
taking momentum steps...
taking momentum steps...
taking momentum steps...
taking momentum steps...
pass 1 complete, delta sse/iter = 0.23/19 = 0.01227
epoch 4 (K=640.0), pass 1, starting sse = 3.86
taking momentum steps...
taking momentum steps...
taking momentum steps...
taking momentum steps...
pass 1 complete, delta sse/iter = 0.25/31 = 0.00810
final distance error %100000.00
writing spherical brain to ../surf/lh.qsphere.nofix
spherical transformation took 0.0192 hours
FSRUNTIME@ mris_sphere  0.0192 hours 16 threads
#VMPC# mris_sphere VmPeak  1547960
mris_sphere done
#@# Fix Topology lh Sun Mar 15 09:27:22 CET 2026

 mris_fix_topology -mgz -sphere qsphere.nofix -inflated inflated.nofix -orig orig.nofix -out orig.premesh -ga -seed 1234 sub-v2s10x28937_ses-1 lh 

reading spherical homeomorphism from 'qsphere.nofix'
reading inflated coordinates from 'inflated.nofix'
reading original coordinates from 'orig.nofix'
using genetic algorithm with optimized parameters
setting seed for random number genererator to 1234

*************************************************************
Topology Correction Parameters
retessellation mode:           genetic search
number of patches/generation : 10
number of generations :        10
surface mri loglikelihood coefficient :         1.0
volume mri loglikelihood coefficient :          10.0
normal dot loglikelihood coefficient :          1.0
quadratic curvature loglikelihood coefficient : 1.0
volume resolution :                             2
eliminate vertices during search :              1
initial patch selection :                       1
select all defect vertices :                    0
ordering dependant retessellation:              0
use precomputed edge table :                    0
smooth retessellated patch :                    2
match retessellated patch :                     1
verbose mode :                                  0

*************************************************************
INFO: assuming .mgz format
writing corrected surface to 'orig.premesh'
7.3.2
  7.3.2
before topology correction, eno=-8 (nv=118916, nf=237848, ne=356772, g=5)
using quasi-homeomorphic spherical map to tessellate cortical surface...

Correction of the Topology
Finding true center and radius of Spherical Surface...done
Surface centered at (0,0,0) with radius 100.0 in 8 iterations
marking ambiguous vertices...
639 ambiguous faces found in tessellation
segmenting defects...
10 defects found, arbitrating ambiguous regions...
analyzing neighboring defects...
10 defects to be corrected 
0 vertices coincident
reading input surface /out/sourcedata/freesurfer/sub-v2s10x28937_ses-1/surf/lh.qsphere.nofix...
reading brain volume from brain...
reading wm segmentation from wm...
Reading original properties of orig.nofix
Reading vertex positions of inflated.nofix
Computing Initial Surface Statistics
      -face       loglikelihood: -9.1424  (-4.5712)
      -vertex     loglikelihood: -5.9473  (-2.9737)
      -normal dot loglikelihood: -3.6452  (-3.6452)
      -quad curv  loglikelihood: -6.1325  (-3.0663)
      Total Loglikelihood : -24.8675
CORRECTING DEFECT 0 (vertices=10, convex hull=36, v0=726)
After retessellation of defect 0 (v0=726), euler #=-7 (118507,355307,236793) : difference with theory (-7) = 0 
CORRECTING DEFECT 1 (vertices=15, convex hull=26, v0=13302)
After retessellation of defect 1 (v0=13302), euler #=-6 (118507,355317,236804) : difference with theory (-6) = 0 
CORRECTING DEFECT 2 (vertices=29, convex hull=54, v0=27034)
After retessellation of defect 2 (v0=27034), euler #=-5 (118517,355366,236844) : difference with theory (-5) = 0 
CORRECTING DEFECT 3 (vertices=21, convex hull=51, v0=47262)
After retessellation of defect 3 (v0=47262), euler #=-4 (118529,355423,236890) : difference with theory (-4) = 0 
CORRECTING DEFECT 4 (vertices=5, convex hull=23, v0=51063)
After retessellation of defect 4 (v0=51063), euler #=-3 (118531,355435,236901) : difference with theory (-3) = 0 
CORRECTING DEFECT 5 (vertices=25, convex hull=60, v0=87373)
After retessellation of defect 5 (v0=87373), euler #=-2 (118540,355485,236943) : difference with theory (-2) = 0 
CORRECTING DEFECT 6 (vertices=9, convex hull=18, v0=90304)
After retessellation of defect 6 (v0=90304), euler #=-1 (118542,355494,236951) : difference with theory (-1) = 0 
CORRECTING DEFECT 7 (vertices=43, convex hull=63, v0=94739)
After retessellation of defect 7 (v0=94739), euler #=0 (118557,355568,237011) : difference with theory (0) = 0 
CORRECTING DEFECT 8 (vertices=252, convex hull=187, v0=100607)
normal vector of length zero at vertex 118825 with 4 faces
normal vector of length zero at vertex 118876 with 4 faces
normal vector of length zero at vertex 118876 with 4 faces
normal vector of length zero at vertex 118876 with 4 faces
normal vector of length zero at vertex 118876 with 4 faces
normal vector of length zero at vertex 118876 with 4 faces
normal vector of length zero at vertex 118876 with 4 faces
normal vector of length zero at vertex 118876 with 4 faces
normal vector of length zero at vertex 118895 with 4 faces
normal vector of length zero at vertex 118876 with 4 faces
normal vector of length zero at vertex 118876 with 4 faces
normal vector of length zero at vertex 118876 with 4 faces
normal vector of length zero at vertex 118895 with 4 faces
normal vector of length zero at vertex 118876 with 4 faces
normal vector of length zero at vertex 118876 with 4 faces
normal vector of length zero at vertex 118876 with 4 faces
normal vector of length zero at vertex 118876 with 4 faces
normal vector of length zero at vertex 118876 with 4 faces
normal vector of length zero at vertex 118876 with 4 faces
normal vector of length zero at vertex 118876 with 4 faces
normal vector of length zero at vertex 118876 with 4 faces
normal vector of length zero at vertex 118849 with 3 faces
normal vector of length zero at vertex 106010 with 6 faces
normal vector of length zero at vertex 106010 with 6 faces
normal vector of length zero at vertex 106010 with 6 faces
normal vector of length zero at vertex 106010 with 6 faces
normal vector of length zero at vertex 106010 with 6 faces
normal vector of length zero at vertex 106010 with 6 faces
normal vector of length zero at vertex 106010 with 6 faces
normal vector of length zero at vertex 106010 with 6 faces
normal vector of length zero at vertex 106010 with 6 faces
normal vector of length zero at vertex 106010 with 6 faces
normal vector of length zero at vertex 106010 with 6 faces
normal vector of length zero at vertex 106010 with 6 faces
After retessellation of defect 8 (v0=100607), euler #=1 (118645,355921,237277) : difference with theory (1) = 0 
CORRECTING DEFECT 9 (vertices=5, convex hull=36, v0=100693)
After retessellation of defect 9 (v0=100693), euler #=2 (118647,355935,237290) : difference with theory (2) = 0 
computing original vertex metric properties...
storing new metric properties...
computing tessellation statistics...
vertex spacing 0.89 +- 0.21 (0.10-->7.89) (max @ vno 109623 --> 118800)
face area -nan +- -nan (1000.00-->-1.00)
performing soap bubble on retessellated vertices for 0 iterations...
vertex spacing 0.89 +- 0.21 (0.10-->7.89) (max @ vno 109623 --> 118800)
face area -nan +- -nan (1000.00-->-1.00)
tessellation finished, orienting corrected surface...
41 mutations (37.6%), 68 crossovers (62.4%), 22 vertices were eliminated
building final representation...
269 vertices and 0 faces have been removed from triangulation
after topology correction, eno=2 (nv=118647, nf=237290, ne=355935, g=0)
writing corrected surface to /out/sourcedata/freesurfer/sub-v2s10x28937_ses-1/surf/lh.orig.premesh...

0.000 % of the vertices (0 vertices) exhibit an orientation change
removing intersecting faces
000: 67 intersecting
001: 2 intersecting
terminating search with 0 intersecting
topology fixing took 0.4 minutes
FSRUNTIME@ mris_fix_topology lh  0.0061 hours 16 threads
#VMPC# mris_fix_topology VmPeak  1834232

 mris_euler_number ../surf/lh.orig.premesh 

euler # = v-e+f = 2g-2: 118647 - 355935 + 237290 = 2 --> 0 holes
      F =2V-4:          237290 = 237294-4 (0)
      2E=3F:            711870 = 711870 (0)

total defect index = 0
Sun Mar 15 09:27:44 CET 2026

setenv SUBJECTS_DIR /out/sourcedata/freesurfer
cd /out/sourcedata/freesurfer/sub-v2s10x28937_ses-1/scripts
/opt/freesurfer/bin/defect2seg --s sub-v2s10x28937_ses-1 --lh-only --cortex

freesurfer-linux-ubuntu22_x86_64-7.3.2-20220804-6354275
defect2seg 7.3.2
Linux dna071 5.14.0-427.37.1.el9_4.x86_64 #1 SMP PREEMPT_DYNAMIC Fri Sep 13 12:41:50 EDT 2024 x86_64 x86_64 x86_64 GNU/Linux
pid 1670698
mri_label2label --label-cortex /out/sourcedata/freesurfer/sub-v2s10x28937_ses-1/surf/lh.orig.nofix /out/sourcedata/freesurfer/sub-v2s10x28937_ses-1/mri/aseg.presurf.mgz 0 /out/sourcedata/freesurfer/sub-v2s10x28937_ses-1/label/lh.nofix.cortex.label

 Generating cortex label... RemoveHipAmgy=0
 NucAccIsMedialWall=0
 mris->useRealRAS=0
9 non-cortical segments detected
only using segment with 6849 vertices
erasing segment 1 (vno[0] = 73121)
erasing segment 2 (vno[0] = 76035)
erasing segment 3 (vno[0] = 86604)
erasing segment 4 (vno[0] = 89327)
erasing segment 5 (vno[0] = 90304)
erasing segment 6 (vno[0] = 90399)
erasing segment 7 (vno[0] = 91396)
erasing segment 8 (vno[0] = 108640)
mri_label2vol --defects /out/sourcedata/freesurfer/sub-v2s10x28937_ses-1/surf/lh.orig.nofix /out/sourcedata/freesurfer/sub-v2s10x28937_ses-1/surf/lh.defect_labels /out/sourcedata/freesurfer/sub-v2s10x28937_ses-1/mri/orig.mgz 1000 0 /out/sourcedata/freesurfer/sub-v2s10x28937_ses-1/mri/lh.surface.defects.mgz /out/sourcedata/freesurfer/sub-v2s10x28937_ses-1/label/lh.nofix.cortex.label
mri_label2vol supposed to be reproducible but seed not set
Contraining to label /out/sourcedata/freesurfer/sub-v2s10x28937_ses-1/label/lh.nofix.cortex.label
Changing input type 0 to MRI_INT
Converting defects to volume: offset=1000, merge=0
Writing to /out/sourcedata/freesurfer/sub-v2s10x28937_ses-1/mri/lh.surface.defects.mgz
mris_defects_pointset -s /out/sourcedata/freesurfer/sub-v2s10x28937_ses-1/surf/lh.orig.nofix -d /out/sourcedata/freesurfer/sub-v2s10x28937_ses-1/surf/lh.defect_labels -o /out/sourcedata/freesurfer/sub-v2s10x28937_ses-1/surf/lh.defects.pointset --label /out/sourcedata/freesurfer/sub-v2s10x28937_ses-1/label/lh.nofix.cortex.label
Reading in surface /out/sourcedata/freesurfer/sub-v2s10x28937_ses-1/surf/lh.orig.nofix
Reading in defect segmentation /out/sourcedata/freesurfer/sub-v2s10x28937_ses-1/surf/lh.defect_labels
Reading in label /out/sourcedata/freesurfer/sub-v2s10x28937_ses-1/label/lh.nofix.cortex.label
#VMPC# mris_defects_pointset 1249068
mris_defects_pointset done
 
Started at Sun Mar 15 09:27:44 CET 2026 
Ended   at Sun Mar 15 09:27:53 CET 2026
Defect2seg-Run-Time-Sec 9
Defect2seg-Run-Time-Min 0.18
Defect2seg-Run-Time-Hours 0.00
 
tkmeditfv sub-v2s10x28937_ses-1 brain.finalsurfs.mgz -defect
defect2seg Done

 mris_remesh --remesh --iters 3 --input /out/sourcedata/freesurfer/sub-v2s10x28937_ses-1/surf/lh.orig.premesh --output /out/sourcedata/freesurfer/sub-v2s10x28937_ses-1/surf/lh.orig 

iters = 3
standard remeshing without target
   adjusted l: 0.70956
remeshing to edge length 0.70956 with 3 iterations

avg qual before   : 0.896309  after: 0.971258

Removing intersections
Remeshed surface quality stats nv0 = 118647  nv = 124516  1.04947
Area    249028  0.30190  0.03358 0.073704   0.4555
Corner  747084 60.00000  8.79537 16.654137 144.4915
Edge    373542  0.84292  0.08210 0.460664   1.3006
Hinge   373542  9.30767  9.85209 0.000048 130.9205
mris_remesh done
/out/sourcedata/freesurfer/sub-v2s10x28937_ses-1/scripts

 mris_remove_intersection ../surf/lh.orig ../surf/lh.orig 

intersection removal took 0.00 hours
writing corrected surface to ../surf/lh.orig

 rm -f ../surf/lh.inflated 

#--------------------------------------------
#@# AutoDetGWStats lh Sun Mar 15 09:28:18 CET 2026
cd /out/sourcedata/freesurfer/sub-v2s10x28937_ses-1/mri
mris_autodet_gwstats --o ../surf/autodet.gw.stats.lh.dat --i brain.finalsurfs.mgz --wm wm.mgz --surf ../surf/lh.orig.premesh
7.3.2

cd /out/sourcedata/freesurfer/sub-v2s10x28937_ses-1/mri
setenv SUBJECTS_DIR /out/sourcedata/freesurfer
mris_autodet_gwstats --o ../surf/autodet.gw.stats.lh.dat --i brain.finalsurfs.mgz --wm wm.mgz --surf ../surf/lh.orig.premesh 

border white:    222239 voxels (1.32%)
border gray      251742 voxels (1.50%)
Reading in intensity volume brain.finalsurfs.mgz
Reading in wm volume wm.mgz
Reading in surf ../surf/lh.orig.premesh
Auto detecting stats
MRIclipBrightWM(): nthresh=15951, wmmin=5, clip=110 
Binarizing thresholding at 5
computing class statistics... low=30, hi=110.000000
CCS WM (100.0): 100.1 +- 7.2 [70.0 --> 110.0]
CCS GM (78.0) : 77.9 +- 9.5 [30.0 --> 110.0]
white_mean = 100.141 +/- 7.16941, gray_mean = 77.8686 +/- 9.46465
using class modes intead of means, discounting robust sigmas....
MRIScomputeClassModes(): min=0 max=149 nbins=150
intensity peaks found at WM=104+-4.3,    GM=74+-7.0
white_mode = 104, gray_mode = 74
std_scale = 1
Applying sanity checks, max_scale_down = 0.2
setting MIN_GRAY_AT_WHITE_BORDER to 64.5 (was 70.000000)
setting MAX_BORDER_WHITE to 111.2 (was 105.000000)
setting MIN_BORDER_WHITE to 74.0 (was 85.000000)
setting MAX_CSF to 55.1 (was 40.000000)
setting MAX_GRAY to 96.8 (was 95.000000)
setting MAX_GRAY_AT_CSF_BORDER to 64.5 (was 75.000000)
setting MIN_GRAY_AT_CSF_BORDER to 45.6 (was 40.000000)
When placing the white surface
  white_border_hi   = 111.169;
  white_border_low  = 74;
  white_outside_low = 64.5354;
  white_inside_hi   = 120;
  white_outside_hi  = 111.169;
When placing the pial surface
  pial_border_hi   = 64.5354;
  pial_border_low  = 45.6061;
  pial_outside_low = 10;
  pial_inside_hi   = 96.8306;
  pial_outside_hi  = 59.803;
#VMPC# mris_autodet_gwstats VmPeak  1713132
mris_autodet_gwstats done
#--------------------------------------------
#@# WhitePreAparc lh Sun Mar 15 09:28:20 CET 2026
cd /out/sourcedata/freesurfer/sub-v2s10x28937_ses-1/mri
mris_place_surface --adgws-in ../surf/autodet.gw.stats.lh.dat --wm wm.mgz --threads 16 --invol brain.finalsurfs.mgz --lh --i ../surf/lh.orig --o ../surf/lh.white.preaparc --white --seg aseg.presurf.mgz --nsmooth 5
7.3.2
7.3.2

cd /out/sourcedata/freesurfer/sub-v2s10x28937_ses-1/mri
setenv SUBJECTS_DIR /out/sourcedata/freesurfer
mris_place_surface --adgws-in ../surf/autodet.gw.stats.lh.dat --wm wm.mgz --threads 16 --invol brain.finalsurfs.mgz --lh --i ../surf/lh.orig --o ../surf/lh.white.preaparc --white --seg aseg.presurf.mgz --nsmooth 5 

Reading in input surface ../surf/lh.orig
Smoothing surface before ripping with 5 iterations
Area    249028  0.26802  0.06257 0.004682   0.5700
Corner  747084 60.00000  9.46444 15.215655 135.8147
Edge    373542  0.79058  0.11321 0.079792   1.2711
Hinge   373542  6.30500  6.33702 0.000003 131.4415
Not reading in aparc
Reading in input volume brain.finalsurfs.mgz
Reading in wm volume wm.mgz
MRIclipBrightWM(): nthresh=15951, wmmin=5, clip=110 
MRIfindBrightNonWM(): 11 bright non-wm voxels segmented.
Masking bright non-wm for white surface
MRImask(): AllowDiffGeom = 1
MRImask(): AllowDiffGeom = 1
Reading in seg volume aseg.presurf.mgz
Ripping frozen voxels
INFO: rip surface needed but not specified, so using input surface
Freezing midline and others
Entering: MRISripMidline(): inhibiting deformation at non-cortical midline structures...
  which=1, fix_mtl=0, using annot = 0
#FML0# MRISripMidline(): nripped=0
removing 2 vertices from ripped group in thread:0
#FML# MRISripMidline(): nmarked=6084, nmarked2=0, nripped=6084
Ripping segs (eg, WMSA, BG, frozen)
Starting MRISripSegs() d = (-2 2 0.5) segnos: 247 
MRISripSegs(): -2 2 0.5 ripped 0
vertex 62258: xyz = (-48.4148,-20.627,28.192) oxyz = (-48.4148,-20.627,28.192) wxzy = (-48.4148,-20.627,28.192) pxyz = (0,0,0) 
CBVO Creating mask 124516
n_averages 4
Iteration 0 =========================================
n_averages=4, current_sigma=2
Freezing midline and others
Ripping frozen voxels
INFO: rip surface needed but not specified, so using input surface
Freezing midline and others
Entering: MRISripMidline(): inhibiting deformation at non-cortical midline structures...
  which=1, fix_mtl=0, using annot = 0
#FML0# MRISripMidline(): nripped=6084
removing 2 vertices from ripped group in thread:0
#FML# MRISripMidline(): nmarked=6084, nmarked2=0, nripped=6084
Ripping segs (eg, WMSA, BG, frozen)
Starting MRISripSegs() d = (-2 2 0.5) segnos: 247 247 
MRISripSegs(): -2 2 0.5 ripped 0
Computing target border values 
Entering MRIScomputeBorderValues_new(): 
  inside_hi   = 120.0000000;
  border_hi   = 111.1694110;
  border_low  =  74.0000000;
  outside_low =  64.5353550;
  outside_hi  = 111.1694110;
  sigma = 2;
  max_thickness = 10;
  step_size=0.5;
  STEP_SIZE=0.1;
  which = 1
  thresh = 0
  flags = 0
  CBVfindFirstPeakD1=0
  CBVfindFirstPeakD2=0
  nvertices=124516
  Gdiag_no=-1
  vno start=0, stop=124516
Replacing 255s with 0s
#SI# sigma=2 had to be increased for 50 vertices, nripped=6084
mean border=85.2, 65 (65) missing vertices, mean dist 0.3 [0.5 (%39.1)->0.8 (%60.9))]
%80 local maxima, %15 large gradients and % 0 min vals, 0 gradients ignored
nFirstPeakD1 0
MRIScomputeBorderValues_new() finished in 0.0162 min


Finding expansion regions
mean absolute distance = 0.66 +- 0.83
4160 vertices more than 2 sigmas from mean.
Averaging target values for 5 iterations...
Positioning Surface: tspring = 0.3, nspring = 0.3, spring = 0, niters = 100 l_repulse = 5, l_surf_repulse = 0, checktol = 0
Positioning pial surface
Entering MRISpositionSurface()
  max_mm = 0.3
  MAX_REDUCTIONS = 2, REDUCTION_PCT = 0.5
  parms->check_tol = 0, niterations = 100
tol=1.0e-04, sigma=2.0, host=dna07, nav=4, nbrs=2, l_repulse=5.000, l_tspring=0.300, l_nspring=0.300, l_intensity=0.200, l_curv=1.000
mom=0.00, dt=0.50
complete_dist_mat 0
rms 0
smooth_averages 0
remove_neg 0
ico_order 0
which_surface 0
target_radius 0.000000
nfields 0
scale 0.000000
desired_rms_height 0.000000
momentum 0.000000
nbhd_size 0
max_nbrs 0
niterations 100
nsurfaces 0
SURFACES 3
flags 0 (0)
use curv 0
no sulc 0
no rigid align 0
mris->nsize 2
mris->hemisphere 0
randomSeed 0

000: dt: 0.0000, sse=1878799.6, rms=8.579
001: dt: 0.5000, sse=1002962.6, rms=6.061 (29.357%)
002: dt: 0.5000, sse=625379.5, rms=4.561 (24.743%)
003: dt: 0.5000, sse=453720.3, rms=3.680 (19.325%)
004: dt: 0.5000, sse=366731.6, rms=3.133 (14.868%)
005: dt: 0.5000, sse=326265.5, rms=2.835 (9.493%)
006: dt: 0.5000, sse=303729.1, rms=2.662 (6.114%)
007: dt: 0.5000, sse=296908.4, rms=2.600 (2.319%)
008: dt: 0.5000, sse=292282.6, rms=2.549 (1.983%)
rms = 2.5405/2.5485, sse=291107.2/292282.6, time step reduction 1 of 3 to 0.250  0 0 1
009: dt: 0.5000, sse=291107.2, rms=2.540 (0.316%)
010: dt: 0.2500, sse=185511.6, rms=1.380 (45.680%)
011: dt: 0.2500, sse=175894.3, rms=1.195 (13.377%)
012: dt: 0.2500, sse=171361.6, rms=1.135 (5.069%)
rms = 1.1024/1.1348, sse=169793.8/171361.6, time step reduction 2 of 3 to 0.125  0 0 1
013: dt: 0.2500, sse=169793.8, rms=1.102 (2.854%)
rms = 1.0705/1.1024, sse=168302.5/169793.8, time step reduction 3 of 3 to 0.062  0 0 1
014: dt: 0.1250, sse=168302.5, rms=1.070 (2.899%)
  maximum number of reductions reached, breaking from loop
positioning took 1.1 minutes
Iteration 1 =========================================
n_averages=2, current_sigma=1
Freezing midline and others
Ripping frozen voxels
INFO: rip surface needed but not specified, so using input surface
Freezing midline and others
Entering: MRISripMidline(): inhibiting deformation at non-cortical midline structures...
  which=1, fix_mtl=0, using annot = 0
#FML0# MRISripMidline(): nripped=6084
removing 4 vertices from ripped group in thread:0
removing 2 vertices from ripped group in thread:0
#FML# MRISripMidline(): nmarked=6232, nmarked2=0, nripped=6232
Ripping segs (eg, WMSA, BG, frozen)
Starting MRISripSegs() d = (-2 2 0.5) segnos: 247 247 247 
MRISripSegs(): -2 2 0.5 ripped 0
Computing target border values 
Entering MRIScomputeBorderValues_new(): 
  inside_hi   = 120.0000000;
  border_hi   = 111.1694110;
  border_low  =  74.0000000;
  outside_low =  64.5353550;
  outside_hi  = 111.1694110;
  sigma = 1;
  max_thickness = 10;
  step_size=0.5;
  STEP_SIZE=0.1;
  which = 1
  thresh = 0
  flags = 0
  CBVfindFirstPeakD1=0
  CBVfindFirstPeakD2=0
  nvertices=124516
  Gdiag_no=-1
  vno start=0, stop=124516
Replacing 255s with 0s
#SI# sigma=1 had to be increased for 39 vertices, nripped=6232
mean border=87.5, 36 (10) missing vertices, mean dist -0.2 [0.3 (%75.4)->0.3 (%24.6))]
%86 local maxima, % 9 large gradients and % 0 min vals, 0 gradients ignored
nFirstPeakD1 0
MRIScomputeBorderValues_new() finished in 0.0083 min


Finding expansion regions
mean absolute distance = 0.31 +- 0.56
2591 vertices more than 2 sigmas from mean.
Averaging target values for 5 iterations...
Positioning Surface: tspring = 0.3, nspring = 0.3, spring = 0, niters = 100 l_repulse = 5, l_surf_repulse = 0, checktol = 0
Positioning pial surface
Entering MRISpositionSurface()
  max_mm = 0.3
  MAX_REDUCTIONS = 2, REDUCTION_PCT = 0.5
  parms->check_tol = 0, niterations = 100
tol=1.0e-04, sigma=1.0, host=dna07, nav=2, nbrs=2, l_repulse=5.000, l_tspring=0.300, l_nspring=0.300, l_intensity=0.200, l_curv=1.000
mom=0.00, dt=0.50
000: dt: 0.0000, sse=505291.9, rms=3.693
015: dt: 0.5000, sse=300982.1, rms=2.226 (39.733%)
016: dt: 0.5000, sse=282067.5, rms=2.026 (8.995%)
rms = 1.9994/2.0256, sse=277942.1/282067.5, time step reduction 1 of 3 to 0.250  0 0 1
017: dt: 0.5000, sse=277942.1, rms=1.999 (1.293%)
018: dt: 0.2500, sse=212369.0, rms=1.104 (44.801%)
019: dt: 0.2500, sse=206534.5, rms=0.973 (11.818%)
rms = 0.9430/0.9732, sse=205094.4/206534.4, time step reduction 2 of 3 to 0.125  0 0 1
020: dt: 0.2500, sse=205094.4, rms=0.943 (3.103%)
rms = 0.9107/0.9430, sse=203790.1/205094.4, time step reduction 3 of 3 to 0.062  0 0 1
021: dt: 0.1250, sse=203790.1, rms=0.911 (3.426%)
  maximum number of reductions reached, breaking from loop
positioning took 0.5 minutes
Iteration 2 =========================================
n_averages=1, current_sigma=0.5
Freezing midline and others
Ripping frozen voxels
INFO: rip surface needed but not specified, so using input surface
Freezing midline and others
Entering: MRISripMidline(): inhibiting deformation at non-cortical midline structures...
  which=1, fix_mtl=0, using annot = 0
#FML0# MRISripMidline(): nripped=6232
removing 2 vertices from ripped group in thread:0
removing 2 vertices from ripped group in thread:0
removing 4 vertices from ripped group in thread:0
removing 4 vertices from ripped group in thread:0
removing 4 vertices from ripped group in thread:0
removing 2 vertices from ripped group in thread:0
#FML# MRISripMidline(): nmarked=6334, nmarked2=0, nripped=6334
Ripping segs (eg, WMSA, BG, frozen)
Starting MRISripSegs() d = (-2 2 0.5) segnos: 247 247 247 247 
MRISripSegs(): -2 2 0.5 ripped 0
Computing target border values 
Entering MRIScomputeBorderValues_new(): 
  inside_hi   = 120.0000000;
  border_hi   = 111.1694110;
  border_low  =  74.0000000;
  outside_low =  64.5353550;
  outside_hi  = 111.1694110;
  sigma = 0.5;
  max_thickness = 10;
  step_size=0.5;
  STEP_SIZE=0.1;
  which = 1
  thresh = 0
  flags = 0
  CBVfindFirstPeakD1=0
  CBVfindFirstPeakD2=0
  nvertices=124516
  Gdiag_no=-1
  vno start=0, stop=124516
Replacing 255s with 0s
#SI# sigma=0.5 had to be increased for 71 vertices, nripped=6334
mean border=88.8, 35 (6) missing vertices, mean dist -0.1 [0.2 (%68.4)->0.2 (%31.6))]
%89 local maxima, % 6 large gradients and % 0 min vals, 0 gradients ignored
nFirstPeakD1 0
MRIScomputeBorderValues_new() finished in 0.0066 min


Finding expansion regions
mean absolute distance = 0.22 +- 0.42
2408 vertices more than 2 sigmas from mean.
Averaging target values for 5 iterations...
Positioning Surface: tspring = 0.3, nspring = 0.3, spring = 0, niters = 100 l_repulse = 5, l_surf_repulse = 0, checktol = 0
Positioning pial surface
Entering MRISpositionSurface()
  max_mm = 0.3
  MAX_REDUCTIONS = 2, REDUCTION_PCT = 0.5
  parms->check_tol = 0, niterations = 100
tol=1.0e-04, sigma=0.5, host=dna07, nav=1, nbrs=2, l_repulse=5.000, l_tspring=0.300, l_nspring=0.300, l_intensity=0.200, l_curv=1.000
mom=0.00, dt=0.50
000: dt: 0.0000, sse=289634.5, rms=2.134
022: dt: 0.5000, sse=250648.1, rms=1.691 (20.750%)
rms = 1.7559/1.6912, sse=256027.8/250648.1, time step reduction 1 of 3 to 0.250  0 1 1
   RMS increased, rejecting step
023: dt: 0.2500, sse=216655.8, rms=1.194 (29.407%)
024: dt: 0.2500, sse=203531.2, rms=0.942 (21.123%)
025: dt: 0.2500, sse=201664.8, rms=0.877 (6.917%)
rms = 0.8656/0.8765, sse=201279.9/201664.8, time step reduction 2 of 3 to 0.125  0 0 1
026: dt: 0.2500, sse=201279.9, rms=0.866 (1.243%)
rms = 0.8404/0.8656, sse=199393.4/201279.9, time step reduction 3 of 3 to 0.062  0 0 1
027: dt: 0.1250, sse=199393.4, rms=0.840 (2.917%)
  maximum number of reductions reached, breaking from loop
positioning took 0.5 minutes
Iteration 3 =========================================
n_averages=0, current_sigma=0.25
Freezing midline and others
Ripping frozen voxels
INFO: rip surface needed but not specified, so using input surface
Freezing midline and others
Entering: MRISripMidline(): inhibiting deformation at non-cortical midline structures...
  which=1, fix_mtl=0, using annot = 0
#FML0# MRISripMidline(): nripped=6334
removing 2 vertices from ripped group in thread:0
removing 4 vertices from ripped group in thread:0
removing 2 vertices from ripped group in thread:0
removing 4 vertices from ripped group in thread:0
removing 2 vertices from ripped group in thread:0
removing 3 vertices from ripped group in thread:0
#FML# MRISripMidline(): nmarked=6366, nmarked2=0, nripped=6366
Ripping segs (eg, WMSA, BG, frozen)
Starting MRISripSegs() d = (-2 2 0.5) segnos: 247 247 247 247 247 
MRISripSegs(): -2 2 0.5 ripped 0
Computing target border values 
Entering MRIScomputeBorderValues_new(): 
  inside_hi   = 120.0000000;
  border_hi   = 111.1694110;
  border_low  =  74.0000000;
  outside_low =  64.5353550;
  outside_hi  = 111.1694110;
  sigma = 0.25;
  max_thickness = 10;
  step_size=0.5;
  STEP_SIZE=0.1;
  which = 1
  thresh = 0
  flags = 0
  CBVfindFirstPeakD1=0
  CBVfindFirstPeakD2=0
  nvertices=124516
  Gdiag_no=-1
  vno start=0, stop=124516
Replacing 255s with 0s
#SI# sigma=0.25 had to be increased for 78 vertices, nripped=6366
mean border=89.3, 53 (1) missing vertices, mean dist -0.0 [0.2 (%55.9)->0.2 (%44.1))]
%90 local maxima, % 4 large gradients and % 0 min vals, 0 gradients ignored
nFirstPeakD1 0
MRIScomputeBorderValues_new() finished in 0.0039 min


Finding expansion regions
mean absolute distance = 0.20 +- 0.34
2615 vertices more than 2 sigmas from mean.
Averaging target values for 5 iterations...
Positioning Surface: tspring = 0.3, nspring = 0.3, spring = 0, niters = 100 l_repulse = 5, l_surf_repulse = 0, checktol = 0
Positioning pial surface
Entering MRISpositionSurface()
  max_mm = 0.3
  MAX_REDUCTIONS = 2, REDUCTION_PCT = 0.5
  parms->check_tol = 0, niterations = 100
tol=1.0e-04, sigma=0.2, host=dna07, nav=0, nbrs=2, l_repulse=5.000, l_tspring=0.300, l_nspring=0.300, l_intensity=0.200, l_curv=1.000
mom=0.00, dt=0.50
000: dt: 0.0000, sse=215970.7, rms=1.209
028: dt: 0.5000, sse=213687.2, rms=1.044 (13.696%)
rms = 1.2900/1.0438, sse=220473.9/213687.2, time step reduction 1 of 3 to 0.250  0 1 1
   RMS increased, rejecting step
029: dt: 0.2500, sse=197767.2, rms=0.765 (26.738%)
rms = 0.7848/0.7647, sse=196997.4/197767.2, time step reduction 2 of 3 to 0.125  0 0 1
   RMS increased, rejecting step
rms = 0.7290/0.7647, sse=196770.3/197767.2, time step reduction 3 of 3 to 0.062  0 0 1
030: dt: 0.1250, sse=196770.3, rms=0.729 (4.670%)
  maximum number of reductions reached, breaking from loop
positioning took 0.3 minutes


Writing output to ../surf/lh.white.preaparc
#ET# mris_place_surface  2.53 minutes
#VMPC# mris_place_surfaces VmPeak  2980756
mris_place_surface done
#--------------------------------------------
#@# CortexLabel lh Sun Mar 15 09:30:56 CET 2026
cd /out/sourcedata/freesurfer/sub-v2s10x28937_ses-1/mri
mri_label2label --label-cortex ../surf/lh.white.preaparc aseg.presurf.mgz 0 ../label/lh.cortex.label

 Generating cortex label... RemoveHipAmgy=0
 NucAccIsMedialWall=0
 mris->useRealRAS=0
10 non-cortical segments detected
only using segment with 7891 vertices
erasing segment 0 (vno[0] = 27752)
erasing segment 2 (vno[0] = 62916)
erasing segment 3 (vno[0] = 64600)
erasing segment 4 (vno[0] = 74148)
erasing segment 5 (vno[0] = 77180)
erasing segment 6 (vno[0] = 77195)
erasing segment 7 (vno[0] = 78908)
erasing segment 8 (vno[0] = 93553)
erasing segment 9 (vno[0] = 104474)
#--------------------------------------------
#@# CortexLabel+HipAmyg lh Sun Mar 15 09:31:04 CET 2026
cd /out/sourcedata/freesurfer/sub-v2s10x28937_ses-1/mri
mri_label2label --label-cortex ../surf/lh.white.preaparc aseg.presurf.mgz 1 ../label/lh.cortex+hipamyg.label

 Generating cortex label... RemoveHipAmgy=1
 NucAccIsMedialWall=0
 mris->useRealRAS=0
11 non-cortical segments detected
only using segment with 5719 vertices
erasing segment 0 (vno[0] = 27752)
erasing segment 2 (vno[0] = 50302)
erasing segment 3 (vno[0] = 62916)
erasing segment 4 (vno[0] = 64600)
erasing segment 5 (vno[0] = 71473)
erasing segment 6 (vno[0] = 77180)
erasing segment 7 (vno[0] = 77195)
erasing segment 8 (vno[0] = 78908)
erasing segment 9 (vno[0] = 93553)
erasing segment 10 (vno[0] = 104474)
#--------------------------------------------
#@# Smooth2 lh Sun Mar 15 09:31:13 CET 2026
/out/sourcedata/freesurfer/sub-v2s10x28937_ses-1/scripts

 mris_smooth -n 3 -nw -seed 1234 ../surf/lh.white.preaparc ../surf/lh.smoothwm 

smoothing for 3 iterations
setting seed for random number generator to 1234
smoothing surface tessellation for 3 iterations...
smoothing complete - recomputing first and second fundamental forms...
#--------------------------------------------
#@# Inflation2 lh Sun Mar 15 09:31:14 CET 2026
/out/sourcedata/freesurfer/sub-v2s10x28937_ses-1/scripts

 mris_inflate ../surf/lh.smoothwm ../surf/lh.inflated 

Reading ../surf/lh.smoothwm
avg radius = 44.8 mm, total surface area = 77470 mm^2
step 000: RMS=0.168 (target=0.015)   step 005: RMS=0.113 (target=0.015)   step 010: RMS=0.084 (target=0.015)   step 015: RMS=0.070 (target=0.015)   step 020: RMS=0.059 (target=0.015)   step 025: RMS=0.048 (target=0.015)   step 030: RMS=0.039 (target=0.015)   step 035: RMS=0.033 (target=0.015)   step 040: RMS=0.029 (target=0.015)   step 045: RMS=0.026 (target=0.015)   step 050: RMS=0.024 (target=0.015)   step 055: RMS=0.022 (target=0.015)   step 060: RMS=0.021 (target=0.015)   writing inflated surface to ../surf/lh.inflated
writing sulcal depths to ../surf/lh.sulc

inflation complete.
inflation took 0.2 minutes
mris_inflate utimesec    49.028985
mris_inflate stimesec    0.814219
mris_inflate ru_maxrss   192248
mris_inflate ru_ixrss    0
mris_inflate ru_idrss    0
mris_inflate ru_isrss    0
mris_inflate ru_minflt   201180
mris_inflate ru_majflt   5
mris_inflate ru_nswap    0
mris_inflate ru_inblock  130
mris_inflate ru_oublock  9736
mris_inflate ru_msgsnd   0
mris_inflate ru_msgrcv   0
mris_inflate ru_nsignals 0
mris_inflate ru_nvcsw    7614
mris_inflate ru_nivcsw   130
#--------------------------------------------
#@# Curv .H and .K lh Sun Mar 15 09:31:26 CET 2026
/out/sourcedata/freesurfer/sub-v2s10x28937_ses-1/surf

 mris_curvature -w -seed 1234 lh.white.preaparc 

setting seed for random number generator to 1234
total integrated curvature = 21.444*4pi (269.471) --> -20 handles
ICI = 123.8, FI = 1268.0, variation=19726.196
writing Gaussian curvature to ./lh.white.preaparc.K...done.
writing mean curvature to ./lh.white.preaparc.H...done.
rm -f lh.white.H
ln -s lh.white.preaparc.H lh.white.H
rm -f lh.white.K
ln -s lh.white.preaparc.K lh.white.K

 mris_curvature -seed 1234 -thresh .999 -n -a 5 -w -distances 10 10 lh.inflated 

setting seed for random number generator to 1234
normalizing curvature values.
averaging curvature patterns 5 times.
sampling 10 neighbors out to a distance of 10 mm
132 vertices thresholded to be in k1 ~ [-0.51 0.72], k2 ~ [-0.14 0.49]
total integrated curvature = 0.567*4pi (7.123) --> 0 handles
ICI = 1.4, FI = 7.9, variation=141.072
122 vertices thresholded to be in [-0.01 0.05]
writing Gaussian curvature to ./lh.inflated.K...thresholding curvature at 99.90% level
curvature mean = 0.000, std = 0.001
116 vertices thresholded to be in [-0.21 0.37]
done.
writing mean curvature to ./lh.inflated.H...curvature mean = -0.016, std = 0.023
done.
#--------------------------------------------
#@# Sphere lh Sun Mar 15 09:31:59 CET 2026
/out/sourcedata/freesurfer/sub-v2s10x28937_ses-1/scripts

 mris_sphere -seed 1234 ../surf/lh.inflated ../surf/lh.sphere 

setting seed for random number genererator to 1234
version: 7.3.2
available threads: 16
reading original vertex positions...
projecting onto sphere...
surface projected - minimizing metric distortion...
scaling brain by 0.310...
MRISunfold() max_passes = 1 -------
tol=5.0e-01, sigma=0.0, host=dna07, nav=1024, nbrs=2, l_area=1.000, l_dist=1.000
using quadratic fit line minimization
complete_dist_mat 0
rms 0
smooth_averages 0
remove_neg 0
ico_order 0
which_surface 0
target_radius 0.000000
nfields 0
scale 1.000000
desired_rms_height -1.000000
momentum 0.900000
nbhd_size 7
max_nbrs 8
niterations 25
nsurfaces 0
SURFACES 3
flags 0 (0)
use curv 0
no sulc 0
no rigid align 0
mris->nsize 2
mris->hemisphere 0
randomSeed 1234

singular matrix in quadratic form
singular matrix in quadratic form
singular matrix in quadratic form
--------------------
  mrisRemoveNegativeArea()
pass 1: epoch 1 of 3 starting distance error %19.50
pass 1: epoch 2 of 3 starting distance error %19.50
unfolding complete - removing small folds...
starting distance error %19.45
removing remaining folds...
final distance error %19.47
MRISunfold() return, current seed 1234
-01: dt=0.0000,   7 negative triangles  VmPeak 1933324
171: dt=0.9900,   7 negative triangles
writing spherical brain to ../surf/lh.sphere
spherical transformation took 0.0564 hours
FSRUNTIME@ mris_sphere  0.0564 hours 16 threads
#VMPC# mris_sphere VmPeak  1933324
mris_sphere done
#--------------------------------------------
#@# Surf Reg lh Sun Mar 15 09:35:22 CET 2026
/out/sourcedata/freesurfer/sub-v2s10x28937_ses-1/scripts

 mris_register -curv ../surf/lh.sphere /opt/freesurfer/average/lh.folding.atlas.acfb40.noaparc.i12.2016-08-02.tif ../surf/lh.sphere.reg 

using smoothwm curvature for final alignment

cwd /out/sourcedata/freesurfer/sub-v2s10x28937_ses-1/scripts
cmdline mris_register -curv ../surf/lh.sphere /opt/freesurfer/average/lh.folding.atlas.acfb40.noaparc.i12.2016-08-02.tif ../surf/lh.sphere.reg 

0 inflated.H
1 sulc
2 smoothwm (computed)
7.3.2
  7.3.2
reading surface from ../surf/lh.sphere...
reading template parameterization from /opt/freesurfer/average/lh.folding.atlas.acfb40.noaparc.i12.2016-08-02.tif...
MRISregister() -------
max_passes = 4 
min_degrees = 0.500000 
max_degrees = 64.000000 
nangles = 8 
tol=5.0e-01, sigma=0.0, host=dna07, nav=1024, nbrs=1, l_extern=10000.000, l_parea=0.200, l_nlarea=1.000, l_corr=1.000, l_dist=5.000
using quadratic fit line minimization
complete_dist_mat 0
rms 0
smooth_averages 0
remove_neg 0
ico_order 0
which_surface 0
target_radius 0.000000
nfields 0
scale 0.000000
desired_rms_height -1.000000
momentum 0.950000
nbhd_size -10
max_nbrs 10
niterations 25
nsurfaces 0
SURFACES 3
flags 16 (10)
use curv 16
no sulc 0
no rigid align 0
mris->nsize 1
mris->hemisphere 0
randomSeed 0

tol=5.0e-01, sigma=0.0, host=dna07, nav=1024, nbrs=1, l_extern=10000.000, l_parea=0.200, l_nlarea=1.000, l_corr=1.000, l_dist=5.000
using quadratic fit line minimization
--------------------
1 Reading lh.sulc
tol=1.0e+00, sigma=0.5, host=dna07, nav=1024, nbrs=1, l_extern=10000.000, l_parea=0.200, l_nlarea=1.000, l_corr=0.050, l_spring=0.500, l_dist=5.000
using quadratic fit line minimization
curvature mean = -0.000, std = 5.598
curvature mean = 0.042, std = 0.817
curvature mean = 0.008, std = 0.872
Starting MRISrigidBodyAlignGlobal()
Starting new MRISrigidBodyAlignGlobal_findMinSSE()
  new MRISrigidBodyAlignGlobal_findMinSSE min @ (-2.00, -11.00, -9.00) sse = 255537.0, elapsed since starting=0.0541 min
MRISrigidBodyAlignGlobal() done   0.05 min
curvature mean = 0.004, std = 0.832
curvature mean = 0.004, std = 0.951
curvature mean = -0.000, std = 0.842
curvature mean = 0.002, std = 0.980
curvature mean = -0.002, std = 0.844
curvature mean = 0.000, std = 0.991
2 Reading smoothwm
curvature mean = -0.019, std = 0.261
curvature mean = 0.041, std = 0.249
curvature mean = 0.049, std = 0.400
curvature mean = 0.035, std = 0.310
curvature mean = 0.028, std = 0.591
curvature mean = 0.035, std = 0.337
curvature mean = 0.014, std = 0.728
curvature mean = 0.034, std = 0.349
curvature mean = 0.004, std = 0.830
MRISregister() return, current seed 0
-01: dt=0.0000,  45 negative triangles  VmPeak 1582860
111: dt=0.9900,  45 negative triangles
expanding nbhd size to 1
112: dt=0.9900,  45 negative triangles
113: dt=0.9900,  38 negative triangles
114: dt=0.9900,  37 negative triangles
115: dt=0.9900,  35 negative triangles
116: dt=0.9900,  35 negative triangles
117: dt=0.9900,  35 negative triangles
118: dt=0.9900,  35 negative triangles
119: dt=0.9900,  37 negative triangles
120: dt=0.9900,  38 negative triangles
121: dt=0.9900,  38 negative triangles
122: dt=0.9900,  38 negative triangles
123: dt=0.9900,  38 negative triangles
124: dt=0.9900,  40 negative triangles
125: dt=0.9405,  40 negative triangles
126: dt=0.9405,  37 negative triangles
127: dt=0.9405,  37 negative triangles
128: dt=0.9405,  37 negative triangles
129: dt=0.9405,  37 negative triangles
130: dt=0.9405,  37 negative triangles
131: dt=0.9405,  38 negative triangles
132: dt=0.9405,  39 negative triangles
133: dt=0.9405,  37 negative triangles
134: dt=0.9405,  37 negative triangles
135: dt=0.8935,  36 negative triangles
136: dt=0.8935,  36 negative triangles
137: dt=0.8935,  36 negative triangles
138: dt=0.8935,  35 negative triangles
139: dt=0.8935,  35 negative triangles
140: dt=0.8935,  35 negative triangles
141: dt=0.8935,  34 negative triangles
142: dt=0.8935,  34 negative triangles
143: dt=0.8935,  34 negative triangles
144: dt=0.8935,  33 negative triangles
145: dt=0.8935,  33 negative triangles
146: dt=0.8935,  33 negative triangles
147: dt=0.8935,  33 negative triangles
148: dt=0.8935,  34 negative triangles
149: dt=0.8935,  33 negative triangles
150: dt=0.8935,  34 negative triangles
151: dt=0.8935,  34 negative triangles
152: dt=0.8935,  33 negative triangles
153: dt=0.8935,  33 negative triangles
154: dt=0.8935,  32 negative triangles
155: dt=0.8935,  32 negative triangles
156: dt=0.8935,  32 negative triangles
157: dt=0.8935,  32 negative triangles
158: dt=0.8935,  33 negative triangles
159: dt=0.8935,  34 negative triangles
160: dt=0.8935,  33 negative triangles
161: dt=0.8935,  34 negative triangles
162: dt=0.8935,  33 negative triangles
163: dt=0.8935,  33 negative triangles
164: dt=0.8935,  31 negative triangles
165: dt=0.8935,  31 negative triangles
166: dt=0.8935,  30 negative triangles
167: dt=0.8935,  30 negative triangles
168: dt=0.8935,  30 negative triangles
169: dt=0.8935,  31 negative triangles
170: dt=0.8935,  31 negative triangles
171: dt=0.8935,  29 negative triangles
172: dt=0.8935,  29 negative triangles
173: dt=0.8935,  29 negative triangles
174: dt=0.8935,  30 negative triangles
175: dt=0.8935,  29 negative triangles
176: dt=0.8935,  29 negative triangles
177: dt=0.8935,  27 negative triangles
178: dt=0.8935,  26 negative triangles
179: dt=0.8935,  25 negative triangles
180: dt=0.8935,  26 negative triangles
181: dt=0.8935,  26 negative triangles
182: dt=0.8935,  25 negative triangles
183: dt=0.8935,  24 negative triangles
184: dt=0.8935,  24 negative triangles
185: dt=0.8935,  24 negative triangles
186: dt=0.8935,  24 negative triangles
187: dt=0.8935,  23 negative triangles
188: dt=0.8935,  23 negative triangles
189: dt=0.8935,  23 negative triangles
190: dt=0.8935,  26 negative triangles
191: dt=0.8935,  25 negative triangles
192: dt=0.8935,  24 negative triangles
193: dt=0.8935,  22 negative triangles
194: dt=0.8935,  22 negative triangles
195: dt=0.8935,  21 negative triangles
196: dt=0.8935,  21 negative triangles
197: dt=0.8935,  21 negative triangles
198: dt=0.8935,  19 negative triangles
199: dt=0.8935,  20 negative triangles
200: dt=0.8935,  20 negative triangles
201: dt=0.8935,  19 negative triangles
202: dt=0.8935,  20 negative triangles
203: dt=0.8935,  20 negative triangles
204: dt=0.8935,  21 negative triangles
205: dt=0.8935,  19 negative triangles
206: dt=0.8935,  16 negative triangles
207: dt=0.8935,  13 negative triangles
208: dt=0.8935,  13 negative triangles
209: dt=0.8935,  14 negative triangles
210: dt=0.8935,  14 negative triangles
211: dt=0.8935,  13 negative triangles
212: dt=0.8935,  14 negative triangles
213: dt=0.8935,  12 negative triangles
214: dt=0.8935,  11 negative triangles
215: dt=0.8935,   9 negative triangles
216: dt=0.8935,   8 negative triangles
217: dt=0.8935,   9 negative triangles
218: dt=0.8935,  11 negative triangles
219: dt=0.8935,  10 negative triangles
220: dt=0.8935,   8 negative triangles
221: dt=0.8935,   8 negative triangles
222: dt=0.8935,  11 negative triangles
223: dt=0.8935,  12 negative triangles
224: dt=0.8935,  10 negative triangles
225: dt=0.8935,   7 negative triangles
226: dt=0.8935,   5 negative triangles
227: dt=0.8935,   5 negative triangles
228: dt=0.8935,   6 negative triangles
229: dt=0.8935,   5 negative triangles
230: dt=0.8935,   4 negative triangles
231: dt=0.8935,   4 negative triangles
232: dt=0.8935,   3 negative triangles
233: dt=0.8935,   3 negative triangles
234: dt=0.8935,   5 negative triangles
235: dt=0.8935,   3 negative triangles
236: dt=0.8935,   3 negative triangles
237: dt=0.8935,   4 negative triangles
238: dt=0.8935,   3 negative triangles
239: dt=0.8935,   3 negative triangles
240: dt=0.8935,   4 negative triangles
241: dt=0.8935,   3 negative triangles
242: dt=0.8488,   3 negative triangles
243: dt=0.8488,   2 negative triangles
244: dt=0.8488,   1 negative triangles
245: dt=0.8488,   1 negative triangles
246: dt=0.8488,   2 negative triangles
247: dt=0.8488,   1 negative triangles
248: dt=0.8488,   1 negative triangles
249: dt=0.8488,   1 negative triangles
250: dt=0.8488,   1 negative triangles
251: dt=0.8488,   1 negative triangles
writing registered surface to ../surf/lh.sphere.reg...
registration took 0.08 hours
#VMPC# mris_register VmPeak  1582860
FSRUNTIME@ mris_register  0.0828 hours 16 threads

 ln -sf lh.sphere.reg lh.fsaverage.sphere.reg 

#--------------------------------------------
#@# Jacobian white lh Sun Mar 15 09:40:20 CET 2026
/out/sourcedata/freesurfer/sub-v2s10x28937_ses-1/scripts

 mris_jacobian ../surf/lh.white.preaparc ../surf/lh.sphere.reg ../surf/lh.jacobian_white 

reading surface from ../surf/lh.white.preaparc...
writing curvature file ../surf/lh.jacobian_white
#--------------------------------------------
#@# AvgCurv lh Sun Mar 15 09:40:20 CET 2026
/out/sourcedata/freesurfer/sub-v2s10x28937_ses-1/scripts

 mrisp_paint -a 5 /opt/freesurfer/average/lh.folding.atlas.acfb40.noaparc.i12.2016-08-02.tif#6 ../surf/lh.sphere.reg ../surf/lh.avg_curv 

averaging curvature patterns 5 times...
reading surface from ../surf/lh.sphere.reg...
reading template parameterization from /opt/freesurfer/average/lh.folding.atlas.acfb40.noaparc.i12.2016-08-02.tif...
writing curvature file to ../surf/lh.avg_curv...
#-----------------------------------------
#@# Cortical Parc lh Sun Mar 15 09:40:21 CET 2026
/out/sourcedata/freesurfer/sub-v2s10x28937_ses-1/scripts

 mris_ca_label -l ../label/lh.cortex.label -aseg ../mri/aseg.presurf.mgz -seed 1234 sub-v2s10x28937_ses-1 lh ../surf/lh.sphere.reg /opt/freesurfer/average/lh.DKaparc.atlas.acfb40.noaparc.i12.2016-08-02.gcs ../label/lh.aparc.annot 

setting seed for random number generator to 1234
using ../mri/aseg.presurf.mgz aseg volume to correct midline
7.3.2
  7.3.2
reading atlas from /opt/freesurfer/average/lh.DKaparc.atlas.acfb40.noaparc.i12.2016-08-02.gcs...
reading color table from GCSA file....
average std = 0.8   using min determinant for regularization = 0.006
0 singular and 342 ill-conditioned covariance matrices regularized
input 0: MEAN CURVATURE, flags 0, avgs 5, name mean_curvature
labeling surface...
1221 labels changed using aseg
relabeling using gibbs priors...
000:   2980 changed, 124516 examined...
001:    677 changed, 12449 examined...
002:    169 changed, 3896 examined...
003:     48 changed, 996 examined...
004:     23 changed, 295 examined...
005:      8 changed, 132 examined...
006:      6 changed, 49 examined...
007:      1 changed, 33 examined...
008:      2 changed, 7 examined...
009:      2 changed, 10 examined...
010:      2 changed, 10 examined...
011:      2 changed, 12 examined...
012:      2 changed, 9 examined...
013:      0 changed, 10 examined...
237 labels changed using aseg
000: 96 total segments, 55 labels (206 vertices) changed
001: 41 total segments, 1 labels (5 vertices) changed
002: 40 total segments, 0 labels (0 vertices) changed
10 filter iterations complete (10 requested, 3 changed)
rationalizing unknown annotations with cortex label
relabeling unknown label...
relabeling corpuscallosum label...
1832 vertices marked for relabeling...
1832 labels changed in reclassification.
writing output to ../label/lh.aparc.annot...
classification took 0 minutes and 7 seconds.
#--------------------------------------------
#@# WhiteSurfs lh Sun Mar 15 09:40:28 CET 2026
cd /out/sourcedata/freesurfer/sub-v2s10x28937_ses-1/mri
mris_place_surface --adgws-in ../surf/autodet.gw.stats.lh.dat --seg aseg.presurf.mgz --threads 16 --wm wm.mgz --invol brain.finalsurfs.mgz --lh --i ../surf/lh.white.preaparc --o ../surf/lh.white --white --nsmooth 0 --rip-label ../label/lh.cortex.label --rip-bg --rip-surf ../surf/lh.white.preaparc --aparc ../label/lh.aparc.annot
7.3.2
7.3.2

cd /out/sourcedata/freesurfer/sub-v2s10x28937_ses-1/mri
setenv SUBJECTS_DIR /out/sourcedata/freesurfer
mris_place_surface --adgws-in ../surf/autodet.gw.stats.lh.dat --seg aseg.presurf.mgz --threads 16 --wm wm.mgz --invol brain.finalsurfs.mgz --lh --i ../surf/lh.white.preaparc --o ../surf/lh.white --white --nsmooth 0 --rip-label ../label/lh.cortex.label --rip-bg --rip-surf ../surf/lh.white.preaparc --aparc ../label/lh.aparc.annot 

Reading in input surface ../surf/lh.white.preaparc
Not smoothing input surface
Area    249028  0.33974  0.11396 0.001304   1.9079
Corner  747084 60.00000 13.21408 0.498717 176.0542
Edge    373542  0.89574  0.18987 0.008285   2.8398
Hinge   373542  9.26085 10.22944 0.000019 179.5218
Reading in aparc ../label/lh.aparc.annot
Reading in input volume brain.finalsurfs.mgz
Reading in wm volume wm.mgz
MRIclipBrightWM(): nthresh=15951, wmmin=5, clip=110 
MRIfindBrightNonWM(): 11 bright non-wm voxels segmented.
Masking bright non-wm for white surface
MRImask(): AllowDiffGeom = 1
MRImask(): AllowDiffGeom = 1
Reading in seg volume aseg.presurf.mgz
Ripping frozen voxels
Ripping vertices not in label ../label/lh.cortex.label
MRISripNotLabel() ripped 8148/124516 vertices (116368 unripped)
Reading in ripping surface ../surf/lh.white.preaparc
Reading in aparc ../label/lh.aparc.annot for ripsurf
Ripping BG
MRISripBasalGanglia(): 1 -2 2 0.5 ripped 432
Ripping segs (eg, WMSA, BG, frozen)
Starting MRISripSegs() d = (-2 2 0.5) segnos: 247 
MRISripSegs(): -2 2 0.5 ripped 0
vertex 62258: xyz = (-48.4821,-20.6726,28.2747) oxyz = (-48.4821,-20.6726,28.2747) wxzy = (-48.4821,-20.6726,28.2747) pxyz = (0,0,0) 
CBVO Creating mask 124516
n_averages 4
Iteration 0 =========================================
n_averages=4, current_sigma=2
Computing target border values 
Entering MRIScomputeBorderValues_new(): 
  inside_hi   = 120.0000000;
  border_hi   = 111.1694110;
  border_low  =  74.0000000;
  outside_low =  64.5353550;
  outside_hi  = 111.1694110;
  sigma = 2;
  max_thickness = 10;
  step_size=0.5;
  STEP_SIZE=0.1;
  which = 1
  thresh = 0
  flags = 0
  CBVfindFirstPeakD1=0
  CBVfindFirstPeakD2=0
  nvertices=124516
  Gdiag_no=-1
  vno start=0, stop=124516
Replacing 255s with 0s
#SI# sigma=2 had to be increased for 88 vertices, nripped=8580
mean border=84.7, 103 (103) missing vertices, mean dist 0.3 [0.8 (%14.4)->0.5 (%85.6))]
%75 local maxima, %18 large gradients and % 0 min vals, 0 gradients ignored
nFirstPeakD1 0
MRIScomputeBorderValues_new() finished in 0.0106 min


Finding expansion regions
mean absolute distance = 0.53 +- 0.86
3148 vertices more than 2 sigmas from mean.
Averaging target values for 5 iterations...
Positioning Surface: tspring = 0.3, nspring = 0.3, spring = 0, niters = 100 l_repulse = 5, l_surf_repulse = 0, checktol = 0
Positioning pial surface
Entering MRISpositionSurface()
  max_mm = 0.3
  MAX_REDUCTIONS = 2, REDUCTION_PCT = 0.5
  parms->check_tol = 0, niterations = 100
tol=1.0e-04, sigma=2.0, host=dna07, nav=4, nbrs=2, l_repulse=5.000, l_tspring=0.300, l_nspring=0.300, l_intensity=0.200, l_curv=1.000
mom=0.00, dt=0.50
complete_dist_mat 0
rms 0
smooth_averages 0
remove_neg 0
ico_order 0
which_surface 0
target_radius 0.000000
nfields 0
scale 0.000000
desired_rms_height 0.000000
momentum 0.000000
nbhd_size 0
max_nbrs 0
niterations 100
nsurfaces 0
SURFACES 3
flags 0 (0)
use curv 0
no sulc 0
no rigid align 0
mris->nsize 2
mris->hemisphere 0
randomSeed 0

000: dt: 0.0000, sse=1088401.4, rms=6.273
001: dt: 0.5000, sse=469616.5, rms=3.570 (43.086%)
002: dt: 0.5000, sse=317934.2, rms=2.491 (30.216%)
003: dt: 0.5000, sse=288394.1, rms=2.215 (11.112%)
004: dt: 0.5000, sse=272425.5, rms=2.048 (7.502%)
rms = 2.1082/2.0485, sse=280001.3/272425.5, time step reduction 1 of 3 to 0.250  0 1 1
   RMS increased, rejecting step
005: dt: 0.2500, sse=225222.9, rms=1.453 (29.082%)
006: dt: 0.2500, sse=209558.6, rms=1.179 (18.819%)
007: dt: 0.2500, sse=204897.0, rms=1.088 (7.724%)
rms = 1.0694/1.0883, sse=204863.8/204897.0, time step reduction 2 of 3 to 0.125  0 0 1
008: dt: 0.2500, sse=204863.8, rms=1.069 (1.731%)
rms = 1.0385/1.0694, sse=202865.5/204863.8, time step reduction 3 of 3 to 0.062  0 0 1
009: dt: 0.1250, sse=202865.5, rms=1.038 (2.895%)
  maximum number of reductions reached, breaking from loop
positioning took 0.7 minutes
Iteration 1 =========================================
n_averages=2, current_sigma=1
Computing target border values 
Entering MRIScomputeBorderValues_new(): 
  inside_hi   = 120.0000000;
  border_hi   = 111.1694110;
  border_low  =  74.0000000;
  outside_low =  64.5353550;
  outside_hi  = 111.1694110;
  sigma = 1;
  max_thickness = 10;
  step_size=0.5;
  STEP_SIZE=0.1;
  which = 1
  thresh = 0
  flags = 0
  CBVfindFirstPeakD1=0
  CBVfindFirstPeakD2=0
  nvertices=124516
  Gdiag_no=-1
  vno start=0, stop=124516
Replacing 255s with 0s
#SI# sigma=1 had to be increased for 69 vertices, nripped=8580
mean border=87.2, 57 (14) missing vertices, mean dist -0.2 [0.3 (%76.9)->0.3 (%23.1))]
%83 local maxima, %10 large gradients and % 0 min vals, 0 gradients ignored
nFirstPeakD1 0
MRIScomputeBorderValues_new() finished in 0.0106 min


Finding expansion regions
mean absolute distance = 0.32 +- 0.58
2054 vertices more than 2 sigmas from mean.
Averaging target values for 5 iterations...
Positioning Surface: tspring = 0.3, nspring = 0.3, spring = 0, niters = 100 l_repulse = 5, l_surf_repulse = 0, checktol = 0
Positioning pial surface
Entering MRISpositionSurface()
  max_mm = 0.3
  MAX_REDUCTIONS = 2, REDUCTION_PCT = 0.5
  parms->check_tol = 0, niterations = 100
tol=1.0e-04, sigma=1.0, host=dna07, nav=2, nbrs=2, l_repulse=5.000, l_tspring=0.300, l_nspring=0.300, l_intensity=0.200, l_curv=1.000
mom=0.00, dt=0.50
000: dt: 0.0000, sse=504604.0, rms=3.700
010: dt: 0.5000, sse=298864.4, rms=2.186 (40.914%)
011: dt: 0.5000, sse=274993.1, rms=1.942 (11.179%)
rms = 1.9302/1.9420, sse=273106.5/274993.0, time step reduction 1 of 3 to 0.250  0 0 1
012: dt: 0.5000, sse=273106.5, rms=1.930 (0.605%)
013: dt: 0.2500, sse=213983.3, rms=1.067 (44.725%)
014: dt: 0.2500, sse=208296.2, rms=0.947 (11.251%)
rms = 0.9289/0.9469, sse=208025.5/208296.2, time step reduction 2 of 3 to 0.125  0 0 1
015: dt: 0.2500, sse=208025.5, rms=0.929 (1.895%)
rms = 0.8922/0.9289, sse=206337.8/208025.5, time step reduction 3 of 3 to 0.062  0 0 1
016: dt: 0.1250, sse=206337.8, rms=0.892 (3.958%)
  maximum number of reductions reached, breaking from loop
positioning took 0.4 minutes
Iteration 2 =========================================
n_averages=1, current_sigma=0.5
Computing target border values 
Entering MRIScomputeBorderValues_new(): 
  inside_hi   = 120.0000000;
  border_hi   = 111.1694110;
  border_low  =  74.0000000;
  outside_low =  64.5353550;
  outside_hi  = 111.1694110;
  sigma = 0.5;
  max_thickness = 10;
  step_size=0.5;
  STEP_SIZE=0.1;
  which = 1
  thresh = 0
  flags = 0
  CBVfindFirstPeakD1=0
  CBVfindFirstPeakD2=0
  nvertices=124516
  Gdiag_no=-1
  vno start=0, stop=124516
Replacing 255s with 0s
#SI# sigma=0.5 had to be increased for 63 vertices, nripped=8580
mean border=88.7, 65 (8) missing vertices, mean dist -0.1 [0.2 (%69.2)->0.2 (%30.8))]
%87 local maxima, % 6 large gradients and % 0 min vals, 0 gradients ignored
nFirstPeakD1 0
MRIScomputeBorderValues_new() finished in 0.0059 min


Finding expansion regions
mean absolute distance = 0.23 +- 0.42
2402 vertices more than 2 sigmas from mean.
Averaging target values for 5 iterations...
Positioning Surface: tspring = 0.3, nspring = 0.3, spring = 0, niters = 100 l_repulse = 5, l_surf_repulse = 0, checktol = 0
Positioning pial surface
Entering MRISpositionSurface()
  max_mm = 0.3
  MAX_REDUCTIONS = 2, REDUCTION_PCT = 0.5
  parms->check_tol = 0, niterations = 100
tol=1.0e-04, sigma=0.5, host=dna07, nav=1, nbrs=2, l_repulse=5.000, l_tspring=0.300, l_nspring=0.300, l_intensity=0.200, l_curv=1.000
mom=0.00, dt=0.50
000: dt: 0.0000, sse=291766.1, rms=2.166
017: dt: 0.5000, sse=253607.5, rms=1.696 (21.711%)
rms = 1.7315/1.6958, sse=256065.6/253607.5, time step reduction 1 of 3 to 0.250  0 1 1
   RMS increased, rejecting step
018: dt: 0.2500, sse=219253.9, rms=1.197 (29.386%)
019: dt: 0.2500, sse=206372.2, rms=0.917 (23.415%)
rms = 0.8706/0.9171, sse=204021.3/206372.2, time step reduction 2 of 3 to 0.125  0 0 1
020: dt: 0.2500, sse=204021.3, rms=0.871 (5.068%)
021: dt: 0.1250, sse=202072.8, rms=0.815 (6.430%)
rms = 0.8065/0.8146, sse=202596.0/202072.8, time step reduction 3 of 3 to 0.062  0 1 1
022: dt: 0.1250, sse=202596.0, rms=0.807 (0.991%)
  maximum number of reductions reached, breaking from loop
positioning took 0.4 minutes
Iteration 3 =========================================
n_averages=0, current_sigma=0.25
Computing target border values 
Entering MRIScomputeBorderValues_new(): 
  inside_hi   = 120.0000000;
  border_hi   = 111.1694110;
  border_low  =  74.0000000;
  outside_low =  64.5353550;
  outside_hi  = 111.1694110;
  sigma = 0.25;
  max_thickness = 10;
  step_size=0.5;
  STEP_SIZE=0.1;
  which = 1
  thresh = 0
  flags = 0
  CBVfindFirstPeakD1=0
  CBVfindFirstPeakD2=0
  nvertices=124516
  Gdiag_no=-1
  vno start=0, stop=124516
Replacing 255s with 0s
#SI# sigma=0.25 had to be increased for 67 vertices, nripped=8580
mean border=89.2, 81 (7) missing vertices, mean dist -0.0 [0.2 (%56.1)->0.2 (%43.9))]
%89 local maxima, % 4 large gradients and % 0 min vals, 0 gradients ignored
nFirstPeakD1 0
MRIScomputeBorderValues_new() finished in 0.0041 min


Finding expansion regions
mean absolute distance = 0.21 +- 0.35
2567 vertices more than 2 sigmas from mean.
Averaging target values for 5 iterations...
Positioning Surface: tspring = 0.3, nspring = 0.3, spring = 0, niters = 100 l_repulse = 5, l_surf_repulse = 0, checktol = 0
Positioning pial surface
Entering MRISpositionSurface()
  max_mm = 0.3
  MAX_REDUCTIONS = 2, REDUCTION_PCT = 0.5
  parms->check_tol = 0, niterations = 100
tol=1.0e-04, sigma=0.2, host=dna07, nav=0, nbrs=2, l_repulse=5.000, l_tspring=0.300, l_nspring=0.300, l_intensity=0.200, l_curv=1.000
mom=0.00, dt=0.50
000: dt: 0.0000, sse=218587.2, rms=1.189
023: dt: 0.5000, sse=217531.5, rms=1.050 (11.653%)
rms = 1.2501/1.0503, sse=232396.7/217531.5, time step reduction 1 of 3 to 0.250  0 1 1
   RMS increased, rejecting step
024: dt: 0.2500, sse=206900.2, rms=0.779 (25.864%)
rms = 0.7501/0.7787, sse=201574.4/206900.2, time step reduction 2 of 3 to 0.125  0 0 1
025: dt: 0.2500, sse=201574.4, rms=0.750 (3.673%)
026: dt: 0.1250, sse=196630.1, rms=0.669 (10.875%)
rms = 0.6484/0.6685, sse=196353.4/196630.1, time step reduction 3 of 3 to 0.062  0 0 1
027: dt: 0.1250, sse=196353.4, rms=0.648 (3.012%)
  maximum number of reductions reached, breaking from loop
positioning took 0.4 minutes


Writing output to ../surf/lh.white
#ET# mris_place_surface  2.02 minutes
#VMPC# mris_place_surfaces VmPeak  2948752
mris_place_surface done
#--------------------------------------------
#@# T1PialSurf lh Sun Mar 15 09:42:33 CET 2026
cd /out/sourcedata/freesurfer/sub-v2s10x28937_ses-1/mri
mris_place_surface --adgws-in ../surf/autodet.gw.stats.lh.dat --seg aseg.presurf.mgz --threads 16 --wm wm.mgz --invol brain.finalsurfs.mgz --lh --i ../surf/lh.white --o ../surf/lh.pial.T1 --pial --nsmooth 0 --rip-label ../label/lh.cortex+hipamyg.label --pin-medial-wall ../label/lh.cortex.label --aparc ../label/lh.aparc.annot --repulse-surf ../surf/lh.white --white-surf ../surf/lh.white
7.3.2
7.3.2

cd /out/sourcedata/freesurfer/sub-v2s10x28937_ses-1/mri
setenv SUBJECTS_DIR /out/sourcedata/freesurfer
mris_place_surface --adgws-in ../surf/autodet.gw.stats.lh.dat --seg aseg.presurf.mgz --threads 16 --wm wm.mgz --invol brain.finalsurfs.mgz --lh --i ../surf/lh.white --o ../surf/lh.pial.T1 --pial --nsmooth 0 --rip-label ../label/lh.cortex+hipamyg.label --pin-medial-wall ../label/lh.cortex.label --aparc ../label/lh.aparc.annot --repulse-surf ../surf/lh.white --white-surf ../surf/lh.white 

Reading in input surface ../surf/lh.white
Not smoothing input surface
Area    249028  0.34203  0.12446 0.001334   2.1072
Corner  747084 60.00000 14.30533 0.846526 177.4401
Edge    373542  0.89975  0.20437 0.019092   3.2095
Hinge   373542  9.28707 10.53985 0.000008 179.9860
Reading white surface coordinates from ../surf/lh.white
Reading repulsion surface coordinates from ../surf/lh.white
Reading in aparc ../label/lh.aparc.annot
Reading in input volume brain.finalsurfs.mgz
Reading in wm volume wm.mgz
MRIclipBrightWM(): nthresh=15951, wmmin=5, clip=110 
MRIfindBrightNonWM(): 11 bright non-wm voxels segmented.
Masking bright non-wm for pial surface mid_gray = 71.2183
MRImask(): AllowDiffGeom = 1
MRImask(): AllowDiffGeom = 1
MRImask(): AllowDiffGeom = 1
Reading in seg volume aseg.presurf.mgz
Ripping frozen voxels
Ripping vertices not in label ../label/lh.cortex+hipamyg.label
MRISripNotLabel() ripped 6070/124516 vertices (118446 unripped)
INFO: rip surface needed but not specified, so using input surface
Ripping segs (eg, WMSA, BG, frozen)
Starting MRISripSegs() d = (-2 2 0.5) segnos: 247 
MRISripSegs(): -2 2 0.5 ripped 0
vertex 62258: xyz = (-48.5057,-20.7162,28.2469) oxyz = (-48.5057,-20.7162,28.2469) wxzy = (-48.5057,-20.7162,28.2469) pxyz = (-48.5057,-20.7162,28.2469) 
CBVO Creating mask 124516
n_averages 16
Iteration 0 =========================================
n_averages=16, current_sigma=2
Computing target border values 
Entering MRIScomputeBorderValues_new(): 
  inside_hi   =  96.8305890;
  border_hi   =  64.5353550;
  border_low  =  45.6060560;
  outside_low =  10.0000000;
  outside_hi  =  59.8030320;
  sigma = 2;
  max_thickness = 10;
  step_size=0.5;
  STEP_SIZE=0.1;
  which = 2
  thresh = 0
  flags = 0
  CBVfindFirstPeakD1=0
  CBVfindFirstPeakD2=0
  nvertices=124516
  Gdiag_no=-1
  vno start=0, stop=124516
Replacing 255s with 0s
#SI# sigma=2 had to be increased for 111 vertices, nripped=6070
mean border=63.9, 135 (135) missing vertices, mean dist 1.4 [0.8 (%0.0)->3.4 (%100.0))]
%12 local maxima, %29 large gradients and %54 min vals, 0 gradients ignored
nFirstPeakD1 0
MRIScomputeBorderValues_new() finished in 0.0095 min


Averaging target values for 5 iterations...
Positioning Surface: tspring = 0.3, nspring = 0.3, spring = 0, niters = 100 l_repulse = 0, l_surf_repulse = 5, checktol = 0
Positioning pial surface
Entering MRISpositionSurface()
  max_mm = 0.3
  MAX_REDUCTIONS = 2, REDUCTION_PCT = 0.5
  parms->check_tol = 0, niterations = 100
tol=1.0e-04, sigma=2.0, host=dna07, nav=16, nbrs=2, l_surf_repulse=5.000, l_tspring=0.300, l_nspring=0.300, l_intensity=0.200, l_curv=1.000
mom=0.00, dt=0.50
complete_dist_mat 0
rms 0
smooth_averages 0
remove_neg 0
ico_order 0
which_surface 0
target_radius 0.000000
nfields 0
scale 0.000000
desired_rms_height 0.000000
momentum 0.000000
nbhd_size 0
max_nbrs 0
niterations 100
nsurfaces 0
SURFACES 3
flags 0 (0)
use curv 0
no sulc 0
no rigid align 0
mris->nsize 2
mris->hemisphere 0
randomSeed 0

000: dt: 0.0000, sse=16238706.0, rms=26.051
001: dt: 0.5000, sse=11249907.0, rms=21.629 (16.975%)
002: dt: 0.5000, sse=7763717.5, rms=17.900 (17.239%)
003: dt: 0.5000, sse=5531741.5, rms=15.033 (16.016%)
004: dt: 0.5000, sse=4138289.2, rms=12.923 (14.038%)
005: dt: 0.5000, sse=3223345.0, rms=11.323 (12.381%)
006: dt: 0.5000, sse=2569998.8, rms=10.023 (11.484%)
007: dt: 0.5000, sse=2092751.5, rms=8.951 (10.687%)
008: dt: 0.5000, sse=1714477.4, rms=7.999 (10.638%)
009: dt: 0.5000, sse=1423640.2, rms=7.180 (10.244%)
010: dt: 0.5000, sse=1180092.4, rms=6.412 (10.687%)
011: dt: 0.5000, sse=992670.6, rms=5.751 (10.310%)
012: dt: 0.5000, sse=837279.1, rms=5.138 (10.656%)
013: dt: 0.5000, sse=720614.2, rms=4.624 (10.005%)
014: dt: 0.5000, sse=627869.9, rms=4.170 (9.817%)
015: dt: 0.5000, sse=569654.2, rms=3.857 (7.512%)
016: dt: 0.5000, sse=524795.7, rms=3.596 (6.764%)
017: dt: 0.5000, sse=505334.2, rms=3.474 (3.394%)
018: dt: 0.5000, sse=483468.1, rms=3.333 (4.060%)
rms = 3.3151/3.3331, sse=481438.6/483468.1, time step reduction 1 of 3 to 0.250  0 0 1
019: dt: 0.5000, sse=481438.6, rms=3.315 (0.540%)
020: dt: 0.2500, sse=435883.2, rms=2.991 (9.785%)
021: dt: 0.2500, sse=424173.2, rms=2.903 (2.934%)
rms = 2.8932/2.9030, sse=423181.0/424173.2, time step reduction 2 of 3 to 0.125  0 0 1
022: dt: 0.2500, sse=423181.0, rms=2.893 (0.338%)
rms = 2.8452/2.8932, sse=417218.7/423181.0, time step reduction 3 of 3 to 0.062  0 0 1
023: dt: 0.1250, sse=417218.7, rms=2.845 (1.660%)
  maximum number of reductions reached, breaking from loop
positioning took 1.4 minutes
Iteration 1 =========================================
n_averages=8, current_sigma=1
Computing target border values 
Entering MRIScomputeBorderValues_new(): 
  inside_hi   =  96.8305890;
  border_hi   =  64.5353550;
  border_low  =  45.6060560;
  outside_low =  10.0000000;
  outside_hi  =  59.8030320;
  sigma = 1;
  max_thickness = 10;
  step_size=0.5;
  STEP_SIZE=0.1;
  which = 2
  thresh = 0
  flags = 0
  CBVfindFirstPeakD1=0
  CBVfindFirstPeakD2=0
  nvertices=124516
  Gdiag_no=-1
  vno start=0, stop=124516
Replacing 255s with 0s
#SI# sigma=1 had to be increased for 14976 vertices, nripped=6070
mean border=63.1, 2240 (17) missing vertices, mean dist 0.1 [0.2 (%42.2)->0.7 (%57.8))]
%20 local maxima, %24 large gradients and %49 min vals, 0 gradients ignored
nFirstPeakD1 0
MRIScomputeBorderValues_new() finished in 0.0039 min


Averaging target values for 5 iterations...
Positioning Surface: tspring = 0.3, nspring = 0.3, spring = 0, niters = 100 l_repulse = 0, l_surf_repulse = 5, checktol = 0
Positioning pial surface
Entering MRISpositionSurface()
  max_mm = 0.3
  MAX_REDUCTIONS = 2, REDUCTION_PCT = 0.5
  parms->check_tol = 0, niterations = 100
tol=1.0e-04, sigma=1.0, host=dna07, nav=8, nbrs=2, l_surf_repulse=5.000, l_tspring=0.300, l_nspring=0.300, l_intensity=0.200, l_curv=1.000
mom=0.00, dt=0.50
000: dt: 0.0000, sse=527521.3, rms=3.275
024: dt: 0.5000, sse=504982.7, rms=3.123 (4.649%)
rms = 3.0803/3.1226, sse=497370.2/504982.7, time step reduction 1 of 3 to 0.250  0 0 1
025: dt: 0.5000, sse=497370.2, rms=3.080 (1.355%)
026: dt: 0.2500, sse=456418.7, rms=2.768 (10.149%)
rms = 2.7275/2.7677, sse=451581.0/456418.7, time step reduction 2 of 3 to 0.125  0 0 1
027: dt: 0.2500, sse=451581.0, rms=2.727 (1.453%)
028: dt: 0.1250, sse=442886.2, rms=2.655 (2.655%)
rms = 2.6440/2.6551, sse=441629.1/442886.1, time step reduction 3 of 3 to 0.062  0 0 1
029: dt: 0.1250, sse=441629.1, rms=2.644 (0.418%)
  maximum number of reductions reached, breaking from loop
positioning took 0.4 minutes
Iteration 2 =========================================
n_averages=4, current_sigma=0.5
Computing target border values 
Entering MRIScomputeBorderValues_new(): 
  inside_hi   =  96.8305890;
  border_hi   =  64.5353550;
  border_low  =  45.6060560;
  outside_low =  10.0000000;
  outside_hi  =  59.8030320;
  sigma = 0.5;
  max_thickness = 10;
  step_size=0.5;
  STEP_SIZE=0.1;
  which = 2
  thresh = 0
  flags = 0
  CBVfindFirstPeakD1=0
  CBVfindFirstPeakD2=0
  nvertices=124516
  Gdiag_no=-1
  vno start=0, stop=124516
Replacing 255s with 0s
#SI# sigma=0.5 had to be increased for 17425 vertices, nripped=6070
mean border=62.7, 2656 (13) missing vertices, mean dist 0.1 [0.2 (%39.8)->0.5 (%60.2))]
%28 local maxima, %15 large gradients and %49 min vals, 0 gradients ignored
nFirstPeakD1 0
MRIScomputeBorderValues_new() finished in 0.0029 min


Averaging target values for 5 iterations...
Positioning Surface: tspring = 0.3, nspring = 0.3, spring = 0, niters = 100 l_repulse = 0, l_surf_repulse = 5, checktol = 0
Positioning pial surface
Entering MRISpositionSurface()
  max_mm = 0.3
  MAX_REDUCTIONS = 2, REDUCTION_PCT = 0.5
  parms->check_tol = 0, niterations = 100
tol=1.0e-04, sigma=0.5, host=dna07, nav=4, nbrs=2, l_surf_repulse=5.000, l_tspring=0.300, l_nspring=0.300, l_intensity=0.200, l_curv=1.000
mom=0.00, dt=0.50
000: dt: 0.0000, sse=466210.9, rms=2.797
rms = 2.8727/2.7966, sse=476019.8/466210.9, time step reduction 1 of 3 to 0.250  0 1 1
   RMS increased, rejecting step
030: dt: 0.2500, sse=454236.1, rms=2.702 (3.364%)
rms = 2.6530/2.7025, sse=448038.3/454236.0, time step reduction 2 of 3 to 0.125  0 0 1
031: dt: 0.2500, sse=448038.3, rms=2.653 (1.831%)
rms = 2.6350/2.6530, sse=446070.4/448038.3, time step reduction 3 of 3 to 0.062  0 0 1
032: dt: 0.1250, sse=446070.4, rms=2.635 (0.679%)
  maximum number of reductions reached, breaking from loop
positioning took 0.2 minutes
Iteration 3 =========================================
n_averages=2, current_sigma=0.25
Computing target border values 
Entering MRIScomputeBorderValues_new(): 
  inside_hi   =  96.8305890;
  border_hi   =  64.5353550;
  border_low  =  45.6060560;
  outside_low =  10.0000000;
  outside_hi  =  59.8030320;
  sigma = 0.25;
  max_thickness = 10;
  step_size=0.5;
  STEP_SIZE=0.1;
  which = 2
  thresh = 0
  flags = 0
  CBVfindFirstPeakD1=0
  CBVfindFirstPeakD2=0
  nvertices=124516
  Gdiag_no=-1
  vno start=0, stop=124516
Replacing 255s with 0s
#SI# sigma=0.25 had to be increased for 15047 vertices, nripped=6070
mean border=62.3, 6247 (13) missing vertices, mean dist 0.1 [0.2 (%39.7)->0.4 (%60.3))]
%31 local maxima, %12 large gradients and %47 min vals, 0 gradients ignored
nFirstPeakD1 0
MRIScomputeBorderValues_new() finished in 0.0015 min


Averaging target values for 5 iterations...
Positioning Surface: tspring = 0.3, nspring = 0.3, spring = 0, niters = 100 l_repulse = 0, l_surf_repulse = 5, checktol = 0
Positioning pial surface
Entering MRISpositionSurface()
  max_mm = 0.3
  MAX_REDUCTIONS = 2, REDUCTION_PCT = 0.5
  parms->check_tol = 0, niterations = 100
tol=1.0e-04, sigma=0.2, host=dna07, nav=2, nbrs=2, l_surf_repulse=5.000, l_tspring=0.300, l_nspring=0.300, l_intensity=0.200, l_curv=1.000
mom=0.00, dt=0.50
000: dt: 0.0000, sse=459526.4, rms=2.738
rms = 2.7380/2.7381, sse=457890.2/459526.4, time step reduction 1 of 3 to 0.250  0 0 1
033: dt: 0.5000, sse=457890.2, rms=2.738 (0.004%)
034: dt: 0.2500, sse=445635.1, rms=2.639 (3.623%)
035: dt: 0.2500, sse=432564.8, rms=2.535 (3.933%)
rms = 2.5637/2.5350, sse=435927.0/432564.8, time step reduction 2 of 3 to 0.125  0 1 1
   RMS increased, rejecting step
rms = 2.5084/2.5350, sse=429509.6/432564.8, time step reduction 3 of 3 to 0.062  0 0 1
036: dt: 0.1250, sse=429509.7, rms=2.508 (1.048%)
  maximum number of reductions reached, breaking from loop
positioning took 0.3 minutes
Pinning medial wall to white surface
removing intersecting faces
000: 16 intersecting
001: 2 intersecting
terminating search with 0 intersecting


Writing output to ../surf/lh.pial.T1
#ET# mris_place_surface  2.34 minutes
#VMPC# mris_place_surfaces VmPeak  2328560
mris_place_surface done
#@# white curv lh Sun Mar 15 09:44:58 CET 2026
cd /out/sourcedata/freesurfer/sub-v2s10x28937_ses-1/mri
mris_place_surface --curv-map ../surf/lh.white 2 10 ../surf/lh.curv
insurf  ../surf/lh.white, nbrs 2, curvature_avgs 10
writing curvature file ../surf/lh.curv
#@# white area lh Sun Mar 15 09:44:59 CET 2026
cd /out/sourcedata/freesurfer/sub-v2s10x28937_ses-1/mri
mris_place_surface --area-map ../surf/lh.white ../surf/lh.area
writing curvature file ../surf/lh.area
#@# pial curv lh Sun Mar 15 09:44:59 CET 2026
cd /out/sourcedata/freesurfer/sub-v2s10x28937_ses-1/mri
mris_place_surface --curv-map ../surf/lh.pial 2 10 ../surf/lh.curv.pial
insurf  ../surf/lh.pial, nbrs 2, curvature_avgs 10
writing curvature file ../surf/lh.curv.pial
#@# pial area lh Sun Mar 15 09:45:01 CET 2026
cd /out/sourcedata/freesurfer/sub-v2s10x28937_ses-1/mri
mris_place_surface --area-map ../surf/lh.pial ../surf/lh.area.pial
writing curvature file ../surf/lh.area.pial
#@# thickness lh Sun Mar 15 09:45:01 CET 2026
cd /out/sourcedata/freesurfer/sub-v2s10x28937_ses-1/mri
mris_place_surface --thickness ../surf/lh.white ../surf/lh.pial 20 5 ../surf/lh.thickness
0 of 124516 vertices processed
25000 of 124516 vertices processed
50000 of 124516 vertices processed
75000 of 124516 vertices processed
100000 of 124516 vertices processed
0 of 124516 vertices processed
25000 of 124516 vertices processed
50000 of 124516 vertices processed
75000 of 124516 vertices processed
100000 of 124516 vertices processed
thickness calculation complete, 699:2464 truncations.
49752 vertices at 0 distance
97351 vertices at 1 distance
61731 vertices at 2 distance
24075 vertices at 3 distance
9460 vertices at 4 distance
3742 vertices at 5 distance
1546 vertices at 6 distance
610 vertices at 7 distance
263 vertices at 8 distance
157 vertices at 9 distance
79 vertices at 10 distance
67 vertices at 11 distance
37 vertices at 12 distance
32 vertices at 13 distance
20 vertices at 14 distance
13 vertices at 15 distance
14 vertices at 16 distance
18 vertices at 17 distance
21 vertices at 18 distance
18 vertices at 19 distance
26 vertices at 20 distance
writing curvature file ../surf/lh.thickness
#@# area and vertex vol lh Sun Mar 15 09:45:17 CET 2026
cd /out/sourcedata/freesurfer/sub-v2s10x28937_ses-1/mri
mris_place_surface --thickness ../surf/lh.white ../surf/lh.pial 20 5 ../surf/lh.thickness
/out/sourcedata/freesurfer/sub-v2s10x28937_ses-1/surf
mris_calc -o lh.area.mid lh.area add lh.area.pial
Saving result to 'lh.area.mid' (type = MRI_CURV_FILE)                       [ ok ]
mris_calc -o lh.area.mid lh.area.mid div 2
Saving result to 'lh.area.mid' (type = MRI_CURV_FILE)                       [ ok ]
mris_convert --volume sub-v2s10x28937_ses-1 lh /out/sourcedata/freesurfer/sub-v2s10x28937_ses-1/surf/lh.volume
masking with /out/sourcedata/freesurfer/sub-v2s10x28937_ses-1/label/lh.cortex.label
Total face volume 256864
Total vertex volume 256679 (mask=0)
#@# sub-v2s10x28937_ses-1 lh 256679
 
vertexvol Done

#-----------------------------------------
#@# Curvature Stats lh Sun Mar 15 09:45:18 CET 2026
/out/sourcedata/freesurfer/sub-v2s10x28937_ses-1/surf

 mris_curvature_stats -m --writeCurvatureFiles -G -o ../stats/lh.curv.stats -F smoothwm sub-v2s10x28937_ses-1 lh curv sulc 

             Toggling save flag on curvature files                       [ ok ]
                 Outputting results using filestem   [ ../stats/lh.curv.stats ]
             Toggling save flag on curvature files                       [ ok ]
                                   Setting surface [ sub-v2s10x28937_ses-1/lh.smoothwm ]
                                Reading surface...                       [ ok ]
                                   Setting texture                     [ curv ]
                                Reading texture...                       [ ok ]
                                   Setting texture                     [ sulc ]
                                Reading texture...Gb_filter = 0
                       [ ok ]
      Calculating Discrete Principal Curvatures...
      Determining geometric order for vno faces... [####################] [ ok ]
                      Determining KH curvatures... [####################] [ ok ]
                    Determining k1k2 curvatures... [####################] [ ok ]
                                   deltaViolations                      [ 227 ]
Gb_filter = 0

WARN:    S lookup   min:                          -0.203891
WARN:    S explicit min:                          0.000000	vertex = 154
#-----------------------------------------
#@# Cortical Parc 2 lh Sun Mar 15 09:45:20 CET 2026
/out/sourcedata/freesurfer/sub-v2s10x28937_ses-1/scripts

 mris_ca_label -l ../label/lh.cortex.label -aseg ../mri/aseg.presurf.mgz -seed 1234 sub-v2s10x28937_ses-1 lh ../surf/lh.sphere.reg /opt/freesurfer/average/lh.CDaparc.atlas.acfb40.noaparc.i12.2016-08-02.gcs ../label/lh.aparc.a2009s.annot 

setting seed for random number generator to 1234
using ../mri/aseg.presurf.mgz aseg volume to correct midline
7.3.2
  7.3.2
reading atlas from /opt/freesurfer/average/lh.CDaparc.atlas.acfb40.noaparc.i12.2016-08-02.gcs...
reading color table from GCSA file....
average std = 3.0   using min determinant for regularization = 0.088
0 singular and 0 ill-conditioned covariance matrices regularized
input 0: MEAN CURVATURE, flags 0, avgs 5, name mean_curvature
labeling surface...
111 labels changed using aseg
relabeling using gibbs priors...
000:   8269 changed, 124516 examined...
001:   1885 changed, 31965 examined...
002:    555 changed, 10015 examined...
003:    245 changed, 3207 examined...
004:    109 changed, 1413 examined...
005:     58 changed, 653 examined...
006:     37 changed, 317 examined...
007:     35 changed, 209 examined...
008:     19 changed, 206 examined...
009:     16 changed, 111 examined...
010:     12 changed, 88 examined...
011:      3 changed, 66 examined...
012:      4 changed, 23 examined...
013:      0 changed, 20 examined...
69 labels changed using aseg
000: 220 total segments, 136 labels (1590 vertices) changed
001: 96 total segments, 13 labels (22 vertices) changed
002: 83 total segments, 0 labels (0 vertices) changed
10 filter iterations complete (10 requested, 34 changed)
rationalizing unknown annotations with cortex label
relabeling Medial_wall label...
1166 vertices marked for relabeling...
1166 labels changed in reclassification.
writing output to ../label/lh.aparc.a2009s.annot...
classification took 0 minutes and 9 seconds.
#-----------------------------------------
#@# Cortical Parc 3 lh Sun Mar 15 09:45:29 CET 2026
/out/sourcedata/freesurfer/sub-v2s10x28937_ses-1/scripts

 mris_ca_label -l ../label/lh.cortex.label -aseg ../mri/aseg.presurf.mgz -seed 1234 sub-v2s10x28937_ses-1 lh ../surf/lh.sphere.reg /opt/freesurfer/average/lh.DKTaparc.atlas.acfb40.noaparc.i12.2016-08-02.gcs ../label/lh.aparc.DKTatlas.annot 

setting seed for random number generator to 1234
using ../mri/aseg.presurf.mgz aseg volume to correct midline
7.3.2
  7.3.2
reading atlas from /opt/freesurfer/average/lh.DKTaparc.atlas.acfb40.noaparc.i12.2016-08-02.gcs...
reading color table from GCSA file....
average std = 1.4   using min determinant for regularization = 0.020
0 singular and 383 ill-conditioned covariance matrices regularized
input 0: MEAN CURVATURE, flags 0, avgs 5, name mean_curvature
labeling surface...
1566 labels changed using aseg
relabeling using gibbs priors...
000:   1840 changed, 124516 examined...
001:    439 changed, 8659 examined...
002:    139 changed, 2526 examined...
003:     62 changed, 810 examined...
004:     39 changed, 365 examined...
005:     20 changed, 207 examined...
006:      8 changed, 108 examined...
007:      7 changed, 45 examined...
008:     11 changed, 44 examined...
009:      8 changed, 47 examined...
010:      8 changed, 40 examined...
011:      7 changed, 45 examined...
012:      3 changed, 42 examined...
013:      3 changed, 20 examined...
014:      5 changed, 18 examined...
015:      2 changed, 15 examined...
016:      2 changed, 10 examined...
017:      4 changed, 12 examined...
018:      2 changed, 16 examined...
019:      2 changed, 11 examined...
020:      0 changed, 10 examined...
325 labels changed using aseg
000: 44 total segments, 11 labels (65 vertices) changed
001: 33 total segments, 0 labels (0 vertices) changed
10 filter iterations complete (10 requested, 2 changed)
rationalizing unknown annotations with cortex label
relabeling unknown label...
relabeling corpuscallosum label...
850 vertices marked for relabeling...
850 labels changed in reclassification.
writing output to ../label/lh.aparc.DKTatlas.annot...
classification took 0 minutes and 7 seconds.
#-----------------------------------------
#@# WM/GM Contrast lh Sun Mar 15 09:45:36 CET 2026
/out/sourcedata/freesurfer/sub-v2s10x28937_ses-1/scripts

 pctsurfcon --s sub-v2s10x28937_ses-1 --lh-only 

Log file is /out/sourcedata/freesurfer/sub-v2s10x28937_ses-1/scripts/pctsurfcon.log
Sun Mar 15 09:45:36 CET 2026
setenv SUBJECTS_DIR /out/sourcedata/freesurfer
cd /out/sourcedata/freesurfer/sub-v2s10x28937_ses-1/scripts
/opt/freesurfer/bin/pctsurfcon
pctsurfcon 7.3.2
Linux dna071 5.14.0-427.37.1.el9_4.x86_64 #1 SMP PREEMPT_DYNAMIC Fri Sep 13 12:41:50 EDT 2024 x86_64 x86_64 x86_64 GNU/Linux
FREESURFER_HOME /opt/freesurfer
mri_vol2surf --mov /out/sourcedata/freesurfer/sub-v2s10x28937_ses-1/mri/rawavg.mgz --hemi lh --noreshape --interp trilinear --projdist -1 --o /out/sourcedata/freesurfer/sub-v2s10x28937_ses-1/surf/tmp.pctsurfcon.1675067/lh.wm.mgh --regheader sub-v2s10x28937_ses-1 --cortex
srcvol = /out/sourcedata/freesurfer/sub-v2s10x28937_ses-1/mri/rawavg.mgz
srcreg unspecified
srcregold = 0
srcwarp unspecified
surf = white
hemi = lh
ProjDist = -1
reshape = 0
interp = trilinear
float2int = round
GetProjMax = 0
INFO: float2int code = 0
Done loading volume
Computing registration from header.
  Using /out/sourcedata/freesurfer/sub-v2s10x28937_ses-1/mri/orig.mgz as target reference.
-------- original matrix -----------
-0.99781   0.06278  -0.02094   0.00002;
-0.02090   0.00131   0.99978   0.00003;
-0.06279  -0.99803   0.00000  -0.00002;
 0.00000   0.00000   0.00000   1.00000;
-------- original matrix -----------
Loading label /out/sourcedata/freesurfer/sub-v2s10x28937_ses-1/label/lh.cortex.label
Reading surface /out/sourcedata/freesurfer/sub-v2s10x28937_ses-1/surf/lh.white
Done reading source surface
Mapping Source Volume onto Source Subject Surface
Projecting -1 -1 1
 1 -1 -1 -1
using old
Done mapping volume to surface
Number of source voxels hit = 73232
Masking with /out/sourcedata/freesurfer/sub-v2s10x28937_ses-1/label/lh.cortex.label
Writing to /out/sourcedata/freesurfer/sub-v2s10x28937_ses-1/surf/tmp.pctsurfcon.1675067/lh.wm.mgh
Dim: 124516 1 1
mri_vol2surf --mov /out/sourcedata/freesurfer/sub-v2s10x28937_ses-1/mri/rawavg.mgz --hemi lh --noreshape --interp trilinear --o /out/sourcedata/freesurfer/sub-v2s10x28937_ses-1/surf/tmp.pctsurfcon.1675067/lh.gm.mgh --projfrac 0.3 --regheader sub-v2s10x28937_ses-1 --cortex
srcvol = /out/sourcedata/freesurfer/sub-v2s10x28937_ses-1/mri/rawavg.mgz
srcreg unspecified
srcregold = 0
srcwarp unspecified
surf = white
hemi = lh
ProjFrac = 0.3
thickness = thickness
reshape = 0
interp = trilinear
float2int = round
GetProjMax = 0
INFO: float2int code = 0
Done loading volume
Computing registration from header.
  Using /out/sourcedata/freesurfer/sub-v2s10x28937_ses-1/mri/orig.mgz as target reference.
-------- original matrix -----------
-0.99781   0.06278  -0.02094   0.00002;
-0.02090   0.00131   0.99978   0.00003;
-0.06279  -0.99803   0.00000  -0.00002;
 0.00000   0.00000   0.00000   1.00000;
-------- original matrix -----------
Loading label /out/sourcedata/freesurfer/sub-v2s10x28937_ses-1/label/lh.cortex.label
Reading surface /out/sourcedata/freesurfer/sub-v2s10x28937_ses-1/surf/lh.white
Done reading source surface
Reading thickness /out/sourcedata/freesurfer/sub-v2s10x28937_ses-1/surf/lh.thickness
Done
Mapping Source Volume onto Source Subject Surface
Projecting 0.3 0.3 1
 1 0.3 0.3 0.3
using old
Done mapping volume to surface
Number of source voxels hit = 84269
Masking with /out/sourcedata/freesurfer/sub-v2s10x28937_ses-1/label/lh.cortex.label
Writing to /out/sourcedata/freesurfer/sub-v2s10x28937_ses-1/surf/tmp.pctsurfcon.1675067/lh.gm.mgh
Dim: 124516 1 1
mri_concat /out/sourcedata/freesurfer/sub-v2s10x28937_ses-1/surf/tmp.pctsurfcon.1675067/lh.wm.mgh /out/sourcedata/freesurfer/sub-v2s10x28937_ses-1/surf/tmp.pctsurfcon.1675067/lh.gm.mgh --paired-diff-norm --mul 100 --o /out/sourcedata/freesurfer/sub-v2s10x28937_ses-1/surf/lh.w-g.pct.mgh
ninputs = 2
Checking inputs
nframestot = 2
Allocing output
Done allocing
Combining pairs
nframes = 1
Multiplying by 100.000000
Writing to /out/sourcedata/freesurfer/sub-v2s10x28937_ses-1/surf/lh.w-g.pct.mgh
mri_segstats --in /out/sourcedata/freesurfer/sub-v2s10x28937_ses-1/surf/lh.w-g.pct.mgh --annot sub-v2s10x28937_ses-1 lh aparc --sum /out/sourcedata/freesurfer/sub-v2s10x28937_ses-1/stats/lh.w-g.pct.stats --snr

7.3.2
cwd 
cmdline mri_segstats --in /out/sourcedata/freesurfer/sub-v2s10x28937_ses-1/surf/lh.w-g.pct.mgh --annot sub-v2s10x28937_ses-1 lh aparc --sum /out/sourcedata/freesurfer/sub-v2s10x28937_ses-1/stats/lh.w-g.pct.stats --snr 
sysname  Linux
hostname dna071
machine  x86_64
user     oesteban
whitesurfname  white
UseRobust  0
Constructing seg from annotation

Reading annotation /out/sourcedata/freesurfer/sub-v2s10x28937_ses-1/label/lh.aparc.annot
Seg base 1000
Loading /out/sourcedata/freesurfer/sub-v2s10x28937_ses-1/surf/lh.w-g.pct.mgh
Vertex Area is 0.684056 mm^3
Generating list of segmentation ids
Found  36 segmentations
Computing statistics for each segmentation

Reporting on  35 segmentations
Using PrintSegStat
mri_segstats done
Cleaning up

Started at Sun Mar 15 09:25:58 CET 2026 
Ended   at Sun Mar 15 09:45:38 CET 2026
#@#%# recon-all-run-time-hours 0.328
recon-all -s sub-v2s10x28937_ses-1 finished without error at Sun Mar 15 09:45:38 CET 2026



#New# invocation of recon-all 




Sun Mar 15 10:09:20 CET 2026
cd /out/sourcedata/freesurfer/sub-v2s10x28937_ses-1
setenv SUBJECTS_DIR /out/sourcedata/freesurfer
/opt/freesurfer/bin/recon-all -autorecon-hemi lh -nohyporelabel -lh-only -openmp 16 -subjid sub-v2s10x28937_ses-1 -sd /out/sourcedata/freesurfer -notessellate -nosmooth1 -noinflate1 -noqsphere -nofix -nowhite -nosmooth2 -noinflate2 -nocurvHK -nocurvstats -nosphere -nosurfreg -nojacobian_white -noavgcurv -nocortparc -nopial -nocortparc2 -nocortparc3 -nopctsurfcon

subjid sub-v2s10x28937_ses-1
setenv SUBJECTS_DIR /out/sourcedata/freesurfer
FREESURFER_HOME /opt/freesurfer
Actual FREESURFER_HOME /opt/freesurfer
build-stamp.txt: freesurfer-linux-ubuntu22_x86_64-7.3.2-20220804-6354275
Linux dna071 5.14.0-427.37.1.el9_4.x86_64 #1 SMP PREEMPT_DYNAMIC Fri Sep 13 12:41:50 EDT 2024 x86_64 x86_64 x86_64 GNU/Linux
cputime      unlimited
filesize     unlimited
datasize     unlimited
stacksize    8192 kbytes
coredumpsize 0 kbytes
memoryuse    67108864 kbytes
vmemoryuse   unlimited
descriptors  1024 
memorylocked unlimited
maxproc      2061970 
maxlocks     unlimited
maxsignal    2062029 
maxmessage   819200 
maxnice      0 
maxrtprio    0 
maxrttime    unlimited

               total        used        free      shared  buff/cache   available
Mem:           503Gi        51Gi       312Gi       9.4Gi       139Gi       439Gi
Swap:             0B          0B          0B

########################################
program versions used
7.3.2 (freesurfer-linux-ubuntu22_x86_64-7.3.2-20220804-6354275)
7.3.2

ProgramName: lta_convert  ProgramArguments: lta_convert -all-info  ProgramVersion: 7.3.2  TimeStamp: 2026/03/15-09:09:20-GMT  BuildTime: Aug  4 2022 06:17:15  BuildStamp: freesurfer-linux-ubuntu22_x86_64-7.3.2-20220804-6354275  User: oesteban  Machine: dna071  Platform: Linux  PlatformVersion: 5.14.0-427.37.1.el9_4.x86_64  CompilerName: GCC  CompilerVersion: 8.4.0
ProgramName: mri_and  ProgramArguments: mri_and -all-info  ProgramVersion: 7.3.2  TimeStamp: 2026/03/15-09:09:20-GMT  BuildTime: Aug  4 2022 06:17:15  BuildStamp: freesurfer-linux-ubuntu22_x86_64-7.3.2-20220804-6354275  User: oesteban  Machine: dna071  Platform: Linux  PlatformVersion: 5.14.0-427.37.1.el9_4.x86_64  CompilerName: GCC  CompilerVersion: 8.4.0
ProgramName: mri_annotation2label  ProgramArguments: mri_annotation2label -all-info  ProgramVersion: 7.3.2  TimeStamp: 2026/03/15-09:09:20-GMT  BuildTime: Aug  4 2022 06:17:15  BuildStamp: freesurfer-linux-ubuntu22_x86_64-7.3.2-20220804-6354275  User: oesteban  Machine: dna071  Platform: Linux  PlatformVersion: 5.14.0-427.37.1.el9_4.x86_64  CompilerName: GCC  CompilerVersion: 8.4.0
ProgramName: mri_aparc2aseg  ProgramArguments: mri_aparc2aseg -all-info  ProgramVersion: 7.3.2  TimeStamp: 2026/03/15-09:09:20-GMT  BuildTime: Aug  4 2022 06:17:15  BuildStamp: freesurfer-linux-ubuntu22_x86_64-7.3.2-20220804-6354275  User: oesteban  Machine: dna071  Platform: Linux  PlatformVersion: 5.14.0-427.37.1.el9_4.x86_64  CompilerName: GCC  CompilerVersion: 8.4.0
ProgramName: mri_surf2volseg  ProgramArguments: mri_surf2volseg -all-info  ProgramVersion: 7.3.2  TimeStamp: 2026/03/15-09:09:20-GMT  BuildTime: Aug  4 2022 06:17:15  BuildStamp: freesurfer-linux-ubuntu22_x86_64-7.3.2-20220804-6354275  User: oesteban  Machine: dna071  Platform: Linux  PlatformVersion: 5.14.0-427.37.1.el9_4.x86_64  CompilerName: GCC  CompilerVersion: 8.4.0
ProgramName: mri_binarize  ProgramArguments: mri_binarize -all-info  ProgramVersion: 7.3.2  TimeStamp: 2026/03/15-09:09:20-GMT  BuildTime: Aug  4 2022 06:17:15  BuildStamp: freesurfer-linux-ubuntu22_x86_64-7.3.2-20220804-6354275  User: oesteban  Machine: dna071  Platform: Linux  PlatformVersion: 5.14.0-427.37.1.el9_4.x86_64  CompilerName: GCC  CompilerVersion: 8.4.0
ProgramName: mri_ca_label  ProgramArguments: mri_ca_label -all-info  ProgramVersion: 7.3.2  TimeStamp: 2026/03/15-09:09:20-GMT  BuildTime: Aug  4 2022 06:17:15  BuildStamp: freesurfer-linux-ubuntu22_x86_64-7.3.2-20220804-6354275  User: oesteban  Machine: dna071  Platform: Linux  PlatformVersion: 5.14.0-427.37.1.el9_4.x86_64  CompilerName: GCC  CompilerVersion: 8.4.0
ProgramName: mri_ca_normalize  ProgramArguments: mri_ca_normalize -all-info  ProgramVersion: 7.3.2  TimeStamp: 2026/03/15-09:09:20-GMT  BuildTime: Aug  4 2022 06:17:15  BuildStamp: freesurfer-linux-ubuntu22_x86_64-7.3.2-20220804-6354275  User: oesteban  Machine: dna071  Platform: Linux  PlatformVersion: 5.14.0-427.37.1.el9_4.x86_64  CompilerName: GCC  CompilerVersion: 8.4.0
ProgramName: mri_ca_register  ProgramArguments: mri_ca_register -all-info  ProgramVersion: 7.3.2  TimeStamp: 2026/03/15-09:09:20-GMT  BuildTime: Aug  4 2022 06:17:15  BuildStamp: freesurfer-linux-ubuntu22_x86_64-7.3.2-20220804-6354275  User: oesteban  Machine: dna071  Platform: Linux  PlatformVersion: 5.14.0-427.37.1.el9_4.x86_64  CompilerName: GCC  CompilerVersion: 8.4.0
ProgramName: mri_cc  ProgramArguments: mri_cc -all-info  ProgramVersion: 7.3.2  TimeStamp: 2026/03/15-09:09:20-GMT  BuildTime: Aug  4 2022 06:17:15  BuildStamp: freesurfer-linux-ubuntu22_x86_64-7.3.2-20220804-6354275  User: oesteban  Machine: dna071  Platform: Linux  PlatformVersion: 5.14.0-427.37.1.el9_4.x86_64  CompilerName: GCC  CompilerVersion: 8.4.0
ProgramName: mri_compute_overlap  ProgramArguments: mri_compute_overlap -all-info  ProgramVersion: 7.3.2  TimeStamp: 2026/03/15-09:09:20-GMT  BuildTime: Aug  4 2022 06:17:15  BuildStamp: freesurfer-linux-ubuntu22_x86_64-7.3.2-20220804-6354275  User: oesteban  Machine: dna071  Platform: Linux  PlatformVersion: 5.14.0-427.37.1.el9_4.x86_64  CompilerName: GCC  CompilerVersion: 8.4.0
ProgramName: mri_compute_seg_overlap  ProgramArguments: mri_compute_seg_overlap -all-info  ProgramVersion: 7.3.2  TimeStamp: 2026/03/15-09:09:20-GMT  BuildTime: Aug  4 2022 06:17:15  BuildStamp: freesurfer-linux-ubuntu22_x86_64-7.3.2-20220804-6354275  User: oesteban  Machine: dna071  Platform: Linux  PlatformVersion: 5.14.0-427.37.1.el9_4.x86_64  CompilerName: GCC  CompilerVersion: 8.4.0
ProgramName: mri_concat  ProgramArguments: mri_concat -all-info  ProgramVersion: 7.3.2  TimeStamp: 2026/03/15-09:09:20-GMT  BuildTime: Aug  4 2022 06:17:15  BuildStamp: freesurfer-linux-ubuntu22_x86_64-7.3.2-20220804-6354275  User: oesteban  Machine: dna071  Platform: Linux  PlatformVersion: 5.14.0-427.37.1.el9_4.x86_64  CompilerName: GCC  CompilerVersion: 8.4.0
ProgramName: mri_concatenate_lta  ProgramArguments: mri_concatenate_lta -all-info  ProgramVersion: 7.3.2  TimeStamp: 2026/03/15-09:09:20-GMT  BuildTime: Aug  4 2022 06:17:15  BuildStamp: freesurfer-linux-ubuntu22_x86_64-7.3.2-20220804-6354275  User: oesteban  Machine: dna071  Platform: Linux  PlatformVersion: 5.14.0-427.37.1.el9_4.x86_64  CompilerName: GCC  CompilerVersion: 8.4.0
mri_convert -all-info 
ProgramName: mri_convert  ProgramArguments: mri_convert -all-info  ProgramVersion: 7.3.2  TimeStamp: 2026/03/15-09:09:20-GMT  BuildTime: Aug  4 2022 06:17:15  BuildStamp: freesurfer-linux-ubuntu22_x86_64-7.3.2-20220804-6354275  User: oesteban  Machine: dna071  Platform: Linux  PlatformVersion: 5.14.0-427.37.1.el9_4.x86_64  CompilerName: GCC  CompilerVersion: 8.4.0
ProgramName: mri_diff  ProgramArguments: mri_diff -all-info  ProgramVersion: 7.3.2  TimeStamp: 2026/03/15-09:09:20-GMT  BuildTime: Aug  4 2022 06:17:15  BuildStamp: freesurfer-linux-ubuntu22_x86_64-7.3.2-20220804-6354275  User: oesteban  Machine: dna071  Platform: Linux  PlatformVersion: 5.14.0-427.37.1.el9_4.x86_64  CompilerName: GCC  CompilerVersion: 8.4.0
ProgramName: mri_edit_wm_with_aseg  ProgramArguments: mri_edit_wm_with_aseg -all-info  ProgramVersion: 7.3.2  TimeStamp: 2026/03/15-09:09:20-GMT  BuildTime: Aug  4 2022 06:17:15  BuildStamp: freesurfer-linux-ubuntu22_x86_64-7.3.2-20220804-6354275  User: oesteban  Machine: dna071  Platform: Linux  PlatformVersion: 5.14.0-427.37.1.el9_4.x86_64  CompilerName: GCC  CompilerVersion: 8.4.0
ProgramName: mri_em_register  ProgramArguments: mri_em_register -all-info  ProgramVersion: 7.3.2  TimeStamp: 2026/03/15-09:09:20-GMT  BuildTime: Aug  4 2022 06:17:15  BuildStamp: freesurfer-linux-ubuntu22_x86_64-7.3.2-20220804-6354275  User: oesteban  Machine: dna071  Platform: Linux  PlatformVersion: 5.14.0-427.37.1.el9_4.x86_64  CompilerName: GCC  CompilerVersion: 8.4.0
ProgramName: mri_fill  ProgramArguments: mri_fill -all-info  ProgramVersion: 7.3.2  TimeStamp: 2026/03/15-09:09:20-GMT  BuildTime: Aug  4 2022 06:17:15  BuildStamp: freesurfer-linux-ubuntu22_x86_64-7.3.2-20220804-6354275  User: oesteban  Machine: dna071  Platform: Linux  PlatformVersion: 5.14.0-427.37.1.el9_4.x86_64  CompilerName: GCC  CompilerVersion: 8.4.0
ProgramName: mri_fuse_segmentations  ProgramArguments: mri_fuse_segmentations -all-info  ProgramVersion: 7.3.2  TimeStamp: 2026/03/15-09:09:20-GMT  BuildTime: Aug  4 2022 06:17:15  BuildStamp: freesurfer-linux-ubuntu22_x86_64-7.3.2-20220804-6354275  User: oesteban  Machine: dna071  Platform: Linux  PlatformVersion: 5.14.0-427.37.1.el9_4.x86_64  CompilerName: GCC  CompilerVersion: 8.4.0
ProgramName: mri_fwhm  ProgramArguments: mri_fwhm -all-info  ProgramVersion: 7.3.2  TimeStamp: 2026/03/15-09:09:20-GMT  BuildTime: Aug  4 2022 06:17:15  BuildStamp: freesurfer-linux-ubuntu22_x86_64-7.3.2-20220804-6354275  User: oesteban  Machine: dna071  Platform: Linux  PlatformVersion: 5.14.0-427.37.1.el9_4.x86_64  CompilerName: GCC  CompilerVersion: 8.4.0
ProgramName: mri_gcut  ProgramArguments: mri_gcut -all-info  ProgramVersion: 7.3.2  TimeStamp: 2026/03/15-09:09:20-GMT  BuildTime: Aug  4 2022 06:17:15  BuildStamp: freesurfer-linux-ubuntu22_x86_64-7.3.2-20220804-6354275  User: oesteban  Machine: dna071  Platform: Linux  PlatformVersion: 5.14.0-427.37.1.el9_4.x86_64  CompilerName: GCC  CompilerVersion: 8.4.0
ProgramName: mri_info  ProgramArguments: mri_info -all-info  ProgramVersion: 7.3.2  TimeStamp: 2026/03/15-09:09:20-GMT  BuildTime: Aug  4 2022 06:17:15  BuildStamp: freesurfer-linux-ubuntu22_x86_64-7.3.2-20220804-6354275  User: oesteban  Machine: dna071  Platform: Linux  PlatformVersion: 5.14.0-427.37.1.el9_4.x86_64  CompilerName: GCC  CompilerVersion: 8.4.0
ProgramName: mri_label2label  ProgramArguments: mri_label2label -all-info  ProgramVersion: 7.3.2  TimeStamp: 2026/03/15-09:09:20-GMT  BuildTime: Aug  4 2022 06:17:15  BuildStamp: freesurfer-linux-ubuntu22_x86_64-7.3.2-20220804-6354275  User: oesteban  Machine: dna071  Platform: Linux  PlatformVersion: 5.14.0-427.37.1.el9_4.x86_64  CompilerName: GCC  CompilerVersion: 8.4.0
ProgramName: mri_label2vol  ProgramArguments: mri_label2vol -all-info  ProgramVersion: 7.3.2  TimeStamp: 2026/03/15-09:09:20-GMT  BuildTime: Aug  4 2022 06:17:15  BuildStamp: freesurfer-linux-ubuntu22_x86_64-7.3.2-20220804-6354275  User: oesteban  Machine: dna071  Platform: Linux  PlatformVersion: 5.14.0-427.37.1.el9_4.x86_64  CompilerName: GCC  CompilerVersion: 8.4.0
ProgramName: mri_log_likelihood  ProgramArguments: mri_log_likelihood -all-info  ProgramVersion: 7.3.2  TimeStamp: 2026/03/15-09:09:20-GMT  BuildTime: Aug  4 2022 06:17:15  BuildStamp: freesurfer-linux-ubuntu22_x86_64-7.3.2-20220804-6354275  User: oesteban  Machine: dna071  Platform: Linux  PlatformVersion: 5.14.0-427.37.1.el9_4.x86_64  CompilerName: GCC  CompilerVersion: 8.4.0
ProgramName: mri_mask  ProgramArguments: mri_mask -all-info  ProgramVersion: 7.3.2  TimeStamp: 2026/03/15-09:09:20-GMT  BuildTime: Aug  4 2022 06:17:15  BuildStamp: freesurfer-linux-ubuntu22_x86_64-7.3.2-20220804-6354275  User: oesteban  Machine: dna071  Platform: Linux  PlatformVersion: 5.14.0-427.37.1.el9_4.x86_64  CompilerName: GCC  CompilerVersion: 8.4.0
ProgramName: mri_matrix_multiply  ProgramArguments: mri_matrix_multiply -all-info  ProgramVersion: 7.3.2  TimeStamp: 2026/03/15-09:09:20-GMT  BuildTime: Aug  4 2022 06:17:15  BuildStamp: freesurfer-linux-ubuntu22_x86_64-7.3.2-20220804-6354275  User: oesteban  Machine: dna071  Platform: Linux  PlatformVersion: 5.14.0-427.37.1.el9_4.x86_64  CompilerName: GCC  CompilerVersion: 8.4.0
ProgramName: mri_normalize  ProgramArguments: mri_normalize -all-info  ProgramVersion: 7.3.2  TimeStamp: 2026/03/15-09:09:20-GMT  BuildTime: Aug  4 2022 06:17:15  BuildStamp: freesurfer-linux-ubuntu22_x86_64-7.3.2-20220804-6354275  User: oesteban  Machine: dna071  Platform: Linux  PlatformVersion: 5.14.0-427.37.1.el9_4.x86_64  CompilerName: GCC  CompilerVersion: 8.4.0
ProgramName: mri_normalize_tp2  ProgramArguments: mri_normalize_tp2 -all-info  ProgramVersion: 7.3.2  TimeStamp: 2026/03/15-09:09:20-GMT  BuildTime: Aug  4 2022 06:17:15  BuildStamp: freesurfer-linux-ubuntu22_x86_64-7.3.2-20220804-6354275  User: oesteban  Machine: dna071  Platform: Linux  PlatformVersion: 5.14.0-427.37.1.el9_4.x86_64  CompilerName: GCC  CompilerVersion: 8.4.0
ProgramName: mri_or  ProgramArguments: mri_or -all-info  ProgramVersion: 7.3.2  TimeStamp: 2026/03/15-09:09:20-GMT  BuildTime: Aug  4 2022 06:17:15  BuildStamp: freesurfer-linux-ubuntu22_x86_64-7.3.2-20220804-6354275  User: oesteban  Machine: dna071  Platform: Linux  PlatformVersion: 5.14.0-427.37.1.el9_4.x86_64  CompilerName: GCC  CompilerVersion: 8.4.0
ProgramName: mri_relabel_hypointensities  ProgramArguments: mri_relabel_hypointensities -all-info  ProgramVersion: 7.3.2  TimeStamp: 2026/03/15-09:09:20-GMT  BuildTime: Aug  4 2022 06:17:15  BuildStamp: freesurfer-linux-ubuntu22_x86_64-7.3.2-20220804-6354275  User: oesteban  Machine: dna071  Platform: Linux  PlatformVersion: 5.14.0-427.37.1.el9_4.x86_64  CompilerName: GCC  CompilerVersion: 8.4.0
ProgramName: mri_relabel_nonwm_hypos  ProgramArguments: mri_relabel_nonwm_hypos -all-info  ProgramVersion: 7.3.2  TimeStamp: 2026/03/15-09:09:20-GMT  BuildTime: Aug  4 2022 06:17:15  BuildStamp: freesurfer-linux-ubuntu22_x86_64-7.3.2-20220804-6354275  User: oesteban  Machine: dna071  Platform: Linux  PlatformVersion: 5.14.0-427.37.1.el9_4.x86_64  CompilerName: GCC  CompilerVersion: 8.4.0
ProgramName: mri_remove_neck  ProgramArguments: mri_remove_neck -all-info  ProgramVersion: 7.3.2  TimeStamp: 2026/03/15-09:09:20-GMT  BuildTime: Aug  4 2022 06:17:15  BuildStamp: freesurfer-linux-ubuntu22_x86_64-7.3.2-20220804-6354275  User: oesteban  Machine: dna071  Platform: Linux  PlatformVersion: 5.14.0-427.37.1.el9_4.x86_64  CompilerName: GCC  CompilerVersion: 8.4.0
7.3.2

ProgramName: mri_robust_register  ProgramArguments: mri_robust_register -all-info  ProgramVersion: 7.3.2  TimeStamp: 2026/03/15-09:09:20-GMT  BuildTime: Aug  4 2022 06:17:15  BuildStamp: freesurfer-linux-ubuntu22_x86_64-7.3.2-20220804-6354275  User: oesteban  Machine: dna071  Platform: Linux  PlatformVersion: 5.14.0-427.37.1.el9_4.x86_64  CompilerName: GCC  CompilerVersion: 8.4.0
7.3.2

ProgramName: mri_robust_template  ProgramArguments: mri_robust_template -all-info  ProgramVersion: 7.3.2  TimeStamp: 2026/03/15-09:09:20-GMT  BuildTime: Aug  4 2022 06:17:15  BuildStamp: freesurfer-linux-ubuntu22_x86_64-7.3.2-20220804-6354275  User: oesteban  Machine: dna071  Platform: Linux  PlatformVersion: 5.14.0-427.37.1.el9_4.x86_64  CompilerName: GCC  CompilerVersion: 8.4.0
ProgramName: mris_anatomical_stats  ProgramArguments: mris_anatomical_stats -all-info  ProgramVersion: 7.3.2  TimeStamp: 2026/03/15-09:09:20-GMT  BuildTime: Aug  4 2022 06:17:15  BuildStamp: freesurfer-linux-ubuntu22_x86_64-7.3.2-20220804-6354275  User: oesteban  Machine: dna071  Platform: Linux  PlatformVersion: 5.14.0-427.37.1.el9_4.x86_64  CompilerName: GCC  CompilerVersion: 8.4.0
ProgramName: mris_ca_label  ProgramArguments: mris_ca_label -all-info  ProgramVersion: 7.3.2  TimeStamp: 2026/03/15-09:09:20-GMT  BuildTime: Aug  4 2022 06:17:15  BuildStamp: freesurfer-linux-ubuntu22_x86_64-7.3.2-20220804-6354275  User: oesteban  Machine: dna071  Platform: Linux  PlatformVersion: 5.14.0-427.37.1.el9_4.x86_64  CompilerName: GCC  CompilerVersion: 8.4.0
ProgramName: mris_calc  ProgramArguments: mris_calc -all-info  ProgramVersion: 7.3.2  TimeStamp: 2026/03/15-09:09:20-GMT  BuildTime: Aug  4 2022 06:17:15  BuildStamp: freesurfer-linux-ubuntu22_x86_64-7.3.2-20220804-6354275  User: oesteban  Machine: dna071  Platform: Linux  PlatformVersion: 5.14.0-427.37.1.el9_4.x86_64  CompilerName: GCC  CompilerVersion: 8.4.0
ProgramName: mris_convert  ProgramArguments: mris_convert -all-info  ProgramVersion: 7.3.2  TimeStamp: 2026/03/15-09:09:20-GMT  BuildTime: Aug  4 2022 06:17:15  BuildStamp: freesurfer-linux-ubuntu22_x86_64-7.3.2-20220804-6354275  User: oesteban  Machine: dna071  Platform: Linux  PlatformVersion: 5.14.0-427.37.1.el9_4.x86_64  CompilerName: GCC  CompilerVersion: 8.4.0
ProgramName: mris_curvature  ProgramArguments: mris_curvature -all-info  ProgramVersion: 7.3.2  TimeStamp: 2026/03/15-09:09:20-GMT  BuildTime: Aug  4 2022 06:17:15  BuildStamp: freesurfer-linux-ubuntu22_x86_64-7.3.2-20220804-6354275  User: oesteban  Machine: dna071  Platform: Linux  PlatformVersion: 5.14.0-427.37.1.el9_4.x86_64  CompilerName: GCC  CompilerVersion: 8.4.0
ProgramName: mris_curvature_stats  ProgramArguments: mris_curvature_stats -all-info  ProgramVersion: 7.3.2  TimeStamp: 2026/03/15-09:09:20-GMT  BuildTime: Aug  4 2022 06:17:15  BuildStamp: freesurfer-linux-ubuntu22_x86_64-7.3.2-20220804-6354275  User: oesteban  Machine: dna071  Platform: Linux  PlatformVersion: 5.14.0-427.37.1.el9_4.x86_64  CompilerName: GCC  CompilerVersion: 8.4.0
ProgramName: mris_diff  ProgramArguments: mris_diff -all-info  ProgramVersion: 7.3.2  TimeStamp: 2026/03/15-09:09:20-GMT  BuildTime: Aug  4 2022 06:17:15  BuildStamp: freesurfer-linux-ubuntu22_x86_64-7.3.2-20220804-6354275  User: oesteban  Machine: dna071  Platform: Linux  PlatformVersion: 5.14.0-427.37.1.el9_4.x86_64  CompilerName: GCC  CompilerVersion: 8.4.0
ProgramName: mris_divide_parcellation  ProgramArguments: mris_divide_parcellation -all-info  ProgramVersion: 7.3.2  TimeStamp: 2026/03/15-09:09:20-GMT  BuildTime: Aug  4 2022 06:17:15  BuildStamp: freesurfer-linux-ubuntu22_x86_64-7.3.2-20220804-6354275  User: oesteban  Machine: dna071  Platform: Linux  PlatformVersion: 5.14.0-427.37.1.el9_4.x86_64  CompilerName: GCC  CompilerVersion: 8.4.0
ProgramName: mri_segment  ProgramArguments: mri_segment -all-info  ProgramVersion: 7.3.2  TimeStamp: 2026/03/15-09:09:20-GMT  BuildTime: Aug  4 2022 06:17:15  BuildStamp: freesurfer-linux-ubuntu22_x86_64-7.3.2-20220804-6354275  User: oesteban  Machine: dna071  Platform: Linux  PlatformVersion: 5.14.0-427.37.1.el9_4.x86_64  CompilerName: GCC  CompilerVersion: 8.4.0
ProgramName: mri_segstats  ProgramArguments: mri_segstats -all-info  ProgramVersion: 7.3.2  TimeStamp: 2026/03/15-09:09:20-GMT  BuildTime: Aug  4 2022 06:17:15  BuildStamp: freesurfer-linux-ubuntu22_x86_64-7.3.2-20220804-6354275  User: oesteban  Machine: dna071  Platform: Linux  PlatformVersion: 5.14.0-427.37.1.el9_4.x86_64  CompilerName: GCC  CompilerVersion: 8.4.0
ProgramName: mris_euler_number  ProgramArguments: mris_euler_number -all-info  ProgramVersion: 7.3.2  TimeStamp: 2026/03/15-09:09:20-GMT  BuildTime: Aug  4 2022 06:17:15  BuildStamp: freesurfer-linux-ubuntu22_x86_64-7.3.2-20220804-6354275  User: oesteban  Machine: dna071  Platform: Linux  PlatformVersion: 5.14.0-427.37.1.el9_4.x86_64  CompilerName: GCC  CompilerVersion: 8.4.0
ProgramName: mris_fix_topology  ProgramArguments: mris_fix_topology -all-info  ProgramVersion: 7.3.2  TimeStamp: 2026/03/15-09:09:20-GMT  BuildTime: Aug  4 2022 06:17:15  BuildStamp: freesurfer-linux-ubuntu22_x86_64-7.3.2-20220804-6354275  User: oesteban  Machine: dna071  Platform: Linux  PlatformVersion: 5.14.0-427.37.1.el9_4.x86_64  CompilerName: GCC  CompilerVersion: 8.4.0
ProgramName: mris_topo_fixer  ProgramArguments: mris_topo_fixer -all-info  ProgramVersion: 7.3.2  TimeStamp: 2026/03/15-09:09:20-GMT  BuildTime: Aug  4 2022 06:17:15  BuildStamp: freesurfer-linux-ubuntu22_x86_64-7.3.2-20220804-6354275  User: oesteban  Machine: dna071  Platform: Linux  PlatformVersion: 5.14.0-427.37.1.el9_4.x86_64  CompilerName: GCC  CompilerVersion: 8.4.0
ProgramName: mris_jacobian  ProgramArguments: mris_jacobian -all-info  ProgramVersion: 7.3.2  TimeStamp: 2026/03/15-09:09:20-GMT  BuildTime: Aug  4 2022 06:17:15  BuildStamp: freesurfer-linux-ubuntu22_x86_64-7.3.2-20220804-6354275  User: oesteban  Machine: dna071  Platform: Linux  PlatformVersion: 5.14.0-427.37.1.el9_4.x86_64  CompilerName: GCC  CompilerVersion: 8.4.0
ProgramName: mris_label2annot  ProgramArguments: mris_label2annot -all-info  ProgramVersion: 7.3.2  TimeStamp: 2026/03/15-09:09:20-GMT  BuildTime: Aug  4 2022 06:17:15  BuildStamp: freesurfer-linux-ubuntu22_x86_64-7.3.2-20220804-6354275  User: oesteban  Machine: dna071  Platform: Linux  PlatformVersion: 5.14.0-427.37.1.el9_4.x86_64  CompilerName: GCC  CompilerVersion: 8.4.0
ProgramName: mris_left_right_register  ProgramArguments: mris_left_right_register -all-info  ProgramVersion: 7.3.2  TimeStamp: 2026/03/15-09:09:20-GMT  BuildTime: Aug  4 2022 06:17:15  BuildStamp: freesurfer-linux-ubuntu22_x86_64-7.3.2-20220804-6354275  User: oesteban  Machine: dna071  Platform: Linux  PlatformVersion: 5.14.0-427.37.1.el9_4.x86_64  CompilerName: GCC  CompilerVersion: 8.4.0
ProgramName: mris_place_surface  ProgramArguments: mris_place_surface -all-info  ProgramVersion: 7.3.2  TimeStamp: 2026/03/15-09:09:20-GMT  BuildTime: Aug  4 2022 06:17:15  BuildStamp: freesurfer-linux-ubuntu22_x86_64-7.3.2-20220804-6354275  User: oesteban  Machine: dna071  Platform: Linux  PlatformVersion: 5.14.0-427.37.1.el9_4.x86_64  CompilerName: GCC  CompilerVersion: 8.4.0
ProgramName: mrisp_paint  ProgramArguments: mrisp_paint -all-info  ProgramVersion: 7.3.2  TimeStamp: 2026/03/15-09:09:20-GMT  BuildTime: Aug  4 2022 06:17:15  BuildStamp: freesurfer-linux-ubuntu22_x86_64-7.3.2-20220804-6354275  User: oesteban  Machine: dna071  Platform: Linux  PlatformVersion: 5.14.0-427.37.1.el9_4.x86_64  CompilerName: GCC  CompilerVersion: 8.4.0
ProgramName: mris_register  ProgramArguments: mris_register -all-info  ProgramVersion: 7.3.2  TimeStamp: 2026/03/15-09:09:20-GMT  BuildTime: Aug  4 2022 06:17:15  BuildStamp: freesurfer-linux-ubuntu22_x86_64-7.3.2-20220804-6354275  User: oesteban  Machine: dna071  Platform: Linux  PlatformVersion: 5.14.0-427.37.1.el9_4.x86_64  CompilerName: GCC  CompilerVersion: 8.4.0
ProgramName: mris_smooth  ProgramArguments: mris_smooth -all-info  ProgramVersion: 7.3.2  TimeStamp: 2026/03/15-09:09:20-GMT  BuildTime: Aug  4 2022 06:17:15  BuildStamp: freesurfer-linux-ubuntu22_x86_64-7.3.2-20220804-6354275  User: oesteban  Machine: dna071  Platform: Linux  PlatformVersion: 5.14.0-427.37.1.el9_4.x86_64  CompilerName: GCC  CompilerVersion: 8.4.0
ProgramName: mris_sphere  ProgramArguments: mris_sphere -all-info  ProgramVersion: 7.3.2  TimeStamp: 2026/03/15-09:09:20-GMT  BuildTime: Aug  4 2022 06:17:15  BuildStamp: freesurfer-linux-ubuntu22_x86_64-7.3.2-20220804-6354275  User: oesteban  Machine: dna071  Platform: Linux  PlatformVersion: 5.14.0-427.37.1.el9_4.x86_64  CompilerName: GCC  CompilerVersion: 8.4.0
ProgramName: mris_surface_stats  ProgramArguments: mris_surface_stats -all-info  ProgramVersion: 7.3.2  TimeStamp: 2026/03/15-09:09:20-GMT  BuildTime: Aug  4 2022 06:17:15  BuildStamp: freesurfer-linux-ubuntu22_x86_64-7.3.2-20220804-6354275  User: oesteban  Machine: dna071  Platform: Linux  PlatformVersion: 5.14.0-427.37.1.el9_4.x86_64  CompilerName: GCC  CompilerVersion: 8.4.0
ProgramName: mri_stats2seg  ProgramArguments: mri_stats2seg -all-info  ProgramVersion: 7.3.2  TimeStamp: 2026/03/15-09:09:20-GMT  BuildTime: Aug  4 2022 06:17:15  BuildStamp: freesurfer-linux-ubuntu22_x86_64-7.3.2-20220804-6354275  User: oesteban  Machine: dna071  Platform: Linux  PlatformVersion: 5.14.0-427.37.1.el9_4.x86_64  CompilerName: GCC  CompilerVersion: 8.4.0
ProgramName: mris_thickness  ProgramArguments: mris_thickness -all-info  ProgramVersion: 7.3.2  TimeStamp: 2026/03/15-09:09:20-GMT  BuildTime: Aug  4 2022 06:17:15  BuildStamp: freesurfer-linux-ubuntu22_x86_64-7.3.2-20220804-6354275  User: oesteban  Machine: dna071  Platform: Linux  PlatformVersion: 5.14.0-427.37.1.el9_4.x86_64  CompilerName: GCC  CompilerVersion: 8.4.0
ProgramName: mris_thickness_diff  ProgramArguments: mris_thickness_diff -all-info  ProgramVersion: 7.3.2  TimeStamp: 2026/03/15-09:09:20-GMT  BuildTime: Aug  4 2022 06:17:15  BuildStamp: freesurfer-linux-ubuntu22_x86_64-7.3.2-20220804-6354275  User: oesteban  Machine: dna071  Platform: Linux  PlatformVersion: 5.14.0-427.37.1.el9_4.x86_64  CompilerName: GCC  CompilerVersion: 8.4.0
ProgramName: mris_topo_fixer  ProgramArguments: mris_topo_fixer -all-info  ProgramVersion: 7.3.2  TimeStamp: 2026/03/15-09:09:20-GMT  BuildTime: Aug  4 2022 06:17:15  BuildStamp: freesurfer-linux-ubuntu22_x86_64-7.3.2-20220804-6354275  User: oesteban  Machine: dna071  Platform: Linux  PlatformVersion: 5.14.0-427.37.1.el9_4.x86_64  CompilerName: GCC  CompilerVersion: 8.4.0
ProgramName: mri_surf2surf  ProgramArguments: mri_surf2surf -all-info  ProgramVersion: 7.3.2  TimeStamp: 2026/03/15-09:09:20-GMT  BuildTime: Aug  4 2022 06:17:15  BuildStamp: freesurfer-linux-ubuntu22_x86_64-7.3.2-20220804-6354275  User: oesteban  Machine: dna071  Platform: Linux  PlatformVersion: 5.14.0-427.37.1.el9_4.x86_64  CompilerName: GCC  CompilerVersion: 8.4.0
ProgramName: mri_surf2vol  ProgramArguments: mri_surf2vol -all-info  ProgramVersion: 7.3.2  TimeStamp: 2026/03/15-09:09:20-GMT  BuildTime: Aug  4 2022 06:17:15  BuildStamp: freesurfer-linux-ubuntu22_x86_64-7.3.2-20220804-6354275  User: oesteban  Machine: dna071  Platform: Linux  PlatformVersion: 5.14.0-427.37.1.el9_4.x86_64  CompilerName: GCC  CompilerVersion: 8.4.0
ProgramName: mri_surfcluster  ProgramArguments: mri_surfcluster -all-info  ProgramVersion: 7.3.2  TimeStamp: 2026/03/15-09:09:20-GMT  BuildTime: Aug  4 2022 06:17:15  BuildStamp: freesurfer-linux-ubuntu22_x86_64-7.3.2-20220804-6354275  User: oesteban  Machine: dna071  Platform: Linux  PlatformVersion: 5.14.0-427.37.1.el9_4.x86_64  CompilerName: GCC  CompilerVersion: 8.4.0
ProgramName: mris_volmask  ProgramArguments: mris_volmask -all-info  ProgramVersion: 7.3.2  TimeStamp: 2026/03/15-09:09:20-GMT  BuildTime: Aug  4 2022 06:17:15  BuildStamp: freesurfer-linux-ubuntu22_x86_64-7.3.2-20220804-6354275  User: oesteban  Machine: dna071  Platform: Linux  PlatformVersion: 5.14.0-427.37.1.el9_4.x86_64  CompilerName: GCC  CompilerVersion: 8.4.0
ProgramName: mri_tessellate  ProgramArguments: mri_tessellate -all-info  ProgramVersion: 7.3.2  TimeStamp: 2026/03/15-09:09:20-GMT  BuildTime: Aug  4 2022 06:17:15  BuildStamp: freesurfer-linux-ubuntu22_x86_64-7.3.2-20220804-6354275  User: oesteban  Machine: dna071  Platform: Linux  PlatformVersion: 5.14.0-427.37.1.el9_4.x86_64  CompilerName: GCC  CompilerVersion: 8.4.0
ProgramName: mri_vol2surf  ProgramArguments: mri_vol2surf -all-info  ProgramVersion: 7.3.2  TimeStamp: 2026/03/15-09:09:20-GMT  BuildTime: Aug  4 2022 06:17:15  BuildStamp: freesurfer-linux-ubuntu22_x86_64-7.3.2-20220804-6354275  User: oesteban  Machine: dna071  Platform: Linux  PlatformVersion: 5.14.0-427.37.1.el9_4.x86_64  CompilerName: GCC  CompilerVersion: 8.4.0
ProgramName: mri_vol2vol  ProgramArguments: mri_vol2vol -all-info  ProgramVersion: 7.3.2  TimeStamp: 2026/03/15-09:09:20-GMT  BuildTime: Aug  4 2022 06:17:15  BuildStamp: freesurfer-linux-ubuntu22_x86_64-7.3.2-20220804-6354275  User: oesteban  Machine: dna071  Platform: Linux  PlatformVersion: 5.14.0-427.37.1.el9_4.x86_64  CompilerName: GCC  CompilerVersion: 8.4.0
ProgramName: mri_voldiff  ProgramArguments: mri_voldiff -all-info  ProgramVersion: 7.3.2  TimeStamp: 2026/03/15-09:09:20-GMT  BuildTime: Aug  4 2022 06:17:15  BuildStamp: freesurfer-linux-ubuntu22_x86_64-7.3.2-20220804-6354275  User: oesteban  Machine: dna071  Platform: Linux  PlatformVersion: 5.14.0-427.37.1.el9_4.x86_64  CompilerName: GCC  CompilerVersion: 8.4.0
ProgramName: mri_watershed  ProgramArguments: mri_watershed -all-info  ProgramVersion: 7.3.2  TimeStamp: 2026/03/15-09:09:20-GMT  BuildTime: Aug  4 2022 06:17:15  BuildStamp: freesurfer-linux-ubuntu22_x86_64-7.3.2-20220804-6354275  User: oesteban  Machine: dna071  Platform: Linux  PlatformVersion: 5.14.0-427.37.1.el9_4.x86_64  CompilerName: GCC  CompilerVersion: 8.4.0
ProgramName: tkregister2  ProgramArguments: tkregister2_cmdl -all-info  ProgramVersion: 7.3.2  TimeStamp: 2026/03/15-09:09:20-GMT  BuildTime: Aug  4 2022 06:17:15  BuildStamp: freesurfer-linux-ubuntu22_x86_64-7.3.2-20220804-6354275  User: oesteban  Machine: dna071  Platform: Linux  PlatformVersion: 5.14.0-427.37.1.el9_4.x86_64  CompilerName: GCC  CompilerVersion: 8.4.0
mri_motion_correct.fsl 7.3.2
mri_convert -all-info 
ProgramName: mri_convert  ProgramArguments: mri_convert -all-info  ProgramVersion: 7.3.2  TimeStamp: 2026/03/15-09:09:20-GMT  BuildTime: Aug  4 2022 06:17:15  BuildStamp: freesurfer-linux-ubuntu22_x86_64-7.3.2-20220804-6354275  User: oesteban  Machine: dna071  Platform: Linux  PlatformVersion: 5.14.0-427.37.1.el9_4.x86_64  CompilerName: GCC  CompilerVersion: 8.4.0
Program nu_correct, built from:
Package MNI N3, version 1.12.0, compiled by nicks@terrier (x86_64-unknown-linux-gnu) on 2015-06-19 at 01:25:34
#######################################
GCADIR /opt/freesurfer/average
GCA RB_all_2020-01-02.gca
GCASkull RB_all_withskull_2020_01_02.gca
AvgCurvTif folding.atlas.acfb40.noaparc.i12.2016-08-02.tif
GCSDIR /opt/freesurfer/average
GCS DKaparc.atlas.acfb40.noaparc.i12.2016-08-02.gcs
#######################################
#--------------------------------------------
#@# AutoDetGWStats lh Sun Mar 15 10:09:20 CET 2026
cd /out/sourcedata/freesurfer/sub-v2s10x28937_ses-1/mri
mris_autodet_gwstats --o ../surf/autodet.gw.stats.lh.dat --i brain.finalsurfs.mgz --wm wm.mgz --surf ../surf/lh.orig.premesh
  Update not needed
#--------------------------------------------
#@# WhitePreAparc lh Sun Mar 15 10:09:20 CET 2026
cd /out/sourcedata/freesurfer/sub-v2s10x28937_ses-1/mri
mris_place_surface --adgws-in ../surf/autodet.gw.stats.lh.dat --wm wm.mgz --threads 16 --invol brain.finalsurfs.mgz --lh --i ../surf/lh.orig --o ../surf/lh.white.preaparc --white --seg aseg.presurf.mgz --nsmooth 5
   Update not needed
#--------------------------------------------
#@# CortexLabel lh Sun Mar 15 10:09:20 CET 2026
cd /out/sourcedata/freesurfer/sub-v2s10x28937_ses-1/mri
mri_label2label --label-cortex ../surf/lh.white.preaparc aseg.presurf.mgz 0 ../label/lh.cortex.label
   Update not needed
#--------------------------------------------
#@# CortexLabel+HipAmyg lh Sun Mar 15 10:09:20 CET 2026
cd /out/sourcedata/freesurfer/sub-v2s10x28937_ses-1/mri
mri_label2label --label-cortex ../surf/lh.white.preaparc aseg.presurf.mgz 1 ../label/lh.cortex+hipamyg.label
   Update not needed
#@# white curv lh Sun Mar 15 10:09:20 CET 2026
cd /out/sourcedata/freesurfer/sub-v2s10x28937_ses-1/mri
mris_place_surface --curv-map ../surf/lh.white 2 10 ../surf/lh.curv
   Update not needed
#@# white area lh Sun Mar 15 10:09:20 CET 2026
cd /out/sourcedata/freesurfer/sub-v2s10x28937_ses-1/mri
mris_place_surface --area-map ../surf/lh.white ../surf/lh.area
   Update not needed
#@# pial curv lh Sun Mar 15 10:09:20 CET 2026
cd /out/sourcedata/freesurfer/sub-v2s10x28937_ses-1/mri
mris_place_surface --curv-map ../surf/lh.pial 2 10 ../surf/lh.curv.pial
   Update not needed
#@# pial area lh Sun Mar 15 10:09:20 CET 2026
cd /out/sourcedata/freesurfer/sub-v2s10x28937_ses-1/mri
mris_place_surface --area-map ../surf/lh.pial ../surf/lh.area.pial
   Update not needed
#@# thickness lh Sun Mar 15 10:09:20 CET 2026
cd /out/sourcedata/freesurfer/sub-v2s10x28937_ses-1/mri
mris_place_surface --thickness ../surf/lh.white ../surf/lh.pial 20 5 ../surf/lh.thickness
   Update not needed
#@# area and vertex vol lh Sun Mar 15 10:09:20 CET 2026
cd /out/sourcedata/freesurfer/sub-v2s10x28937_ses-1/mri
mris_place_surface --thickness ../surf/lh.white ../surf/lh.pial 20 5 ../surf/lh.thickness
   Update not needed
#-----------------------------------------
#@# Parcellation Stats lh Sun Mar 15 10:09:20 CET 2026
/out/sourcedata/freesurfer/sub-v2s10x28937_ses-1/scripts

 mris_anatomical_stats -th3 -mgz -noglobal -cortex ../label/lh.cortex.label -f ../stats/lh.aparc.stats -b -a ../label/lh.aparc.annot -c ../label/aparc.annot.ctab sub-v2s10x28937_ses-1 lh white 

computing statistics for each annotation in ../label/lh.aparc.annot.
reading volume /out/sourcedata/freesurfer/sub-v2s10x28937_ses-1/mri/wm.mgz...
reading input surface /out/sourcedata/freesurfer/sub-v2s10x28937_ses-1/surf/lh.white...
reading input pial surface /out/sourcedata/freesurfer/sub-v2s10x28937_ses-1/surf/lh.pial...
reading input white surface /out/sourcedata/freesurfer/sub-v2s10x28937_ses-1/surf/lh.white...
INFO: using TH3 volume calc
INFO: assuming MGZ format for volumes.
INFO: not computing global stats
INFO: using ../label/lh.cortex.label as mask to calc cortex NumVert, SurfArea and MeanThickness.
Using TH3 vertex volume calc
Total face volume 256864
Total vertex volume 256679 (mask=0)
Saving annotation colortable ../label/aparc.annot.ctab

table columns are:
    number of vertices
    total surface area (mm^2)
    total gray matter volume (mm^3)
    average cortical thickness +- standard deviation (mm)
    integrated rectified mean curvature
    integrated rectified Gaussian curvature
    folding index
    intrinsic curvature index
    structure name

 1421    980   3019  2.909 0.477     0.105     0.020       12     1.1  bankssts
  917    601   2111  2.861 0.802     0.117     0.014        9     0.6  caudalanteriorcingulate
 2509   1769   5818  2.999 0.460     0.118     0.021       22     2.4  caudalmiddlefrontal
 2692   1941   4189  2.036 0.545     0.144     0.029       38     3.5  cuneus
 1031    689   4330  3.892 0.869     0.106     0.025        9     1.0  entorhinal
 4976   3360  12002  3.030 0.623     0.114     0.022       50     4.4  fusiform
 6114   4370  13072  2.623 0.563     0.116     0.024       76     5.9  inferiorparietal
 4371   3046  11345  3.099 0.680     0.111     0.020       47     3.5  inferiortemporal
 1250    829   2623  2.728 0.854     0.108     0.022       15     1.0  isthmuscingulate
 7653   5497  14014  2.324 0.551     0.138     0.028       96     9.5  lateraloccipital
 3758   2499   7946  2.916 0.813     0.111     0.023       37     3.7  lateralorbitofrontal
 5055   3622   8843  2.315 0.769     0.139     0.031       64     6.6  lingual
 2522   1753   5230  2.627 0.915     0.136     0.037       41     4.2  medialorbitofrontal
 4466   3043  12791  3.229 0.774     0.113     0.022       52     4.1  middletemporal
 1024    625   2293  3.161 0.840     0.079     0.012        5     0.5  parahippocampal
 2054   1303   3765  2.670 0.656     0.099     0.016       14     1.5  paracentral
 1878   1303   4366  2.917 0.427     0.096     0.015       17     1.1  parsopercularis
  892    647   2856  3.315 0.684     0.121     0.027       11     0.9  parsorbitalis
 1795   1252   4424  3.062 0.588     0.112     0.020       19     1.6  parstriangularis
 2404   1698   2240  1.594 0.461     0.150     0.034       30     3.5  pericalcarine
 5474   3667   9364  2.310 0.736     0.107     0.020       47     4.6  postcentral
 1653   1110   3350  2.679 0.922     0.121     0.021       19     1.5  posteriorcingulate
 6835   4511  13994  2.837 0.590     0.101     0.018       49     5.0  precentral
 4912   3334   9834  2.678 0.548     0.108     0.018       45     4.0  precuneus
  913    671   3054  3.152 0.942     0.136     0.025       15     1.2  rostralanteriorcingulate
 6340   4698  15388  2.780 0.614     0.128     0.028       82     7.1  rostralmiddlefrontal
 8440   5957  22328  3.222 0.601     0.117     0.022       77     7.9  superiorfrontal
 7634   5210  14147  2.471 0.524     0.117     0.021       74     6.9  superiorparietal
 4844   3203  11851  3.165 0.688     0.096     0.018       39     3.6  superiortemporal
 5847   3966  13746  3.033 0.645     0.107     0.018       51     4.5  supramarginal
  330    275   1311  3.252 0.778     0.172     0.038        8     0.6  frontalpole
  663    432   2534  3.940 0.854     0.107     0.029        7     0.9  temporalpole
  527    343   1062  2.741 0.381     0.099     0.018        5     0.3  transversetemporal
 3174   2123   7437  3.516 0.960     0.101     0.027       25     3.3  insula

 mris_anatomical_stats -th3 -mgz -noglobal -cortex ../label/lh.cortex.label -f ../stats/lh.aparc.pial.stats -b -a ../label/lh.aparc.annot -c ../label/aparc.annot.ctab sub-v2s10x28937_ses-1 lh pial 

computing statistics for each annotation in ../label/lh.aparc.annot.
reading volume /out/sourcedata/freesurfer/sub-v2s10x28937_ses-1/mri/wm.mgz...
reading input surface /out/sourcedata/freesurfer/sub-v2s10x28937_ses-1/surf/lh.pial...
reading input pial surface /out/sourcedata/freesurfer/sub-v2s10x28937_ses-1/surf/lh.pial...
reading input white surface /out/sourcedata/freesurfer/sub-v2s10x28937_ses-1/surf/lh.white...
INFO: using TH3 volume calc
INFO: assuming MGZ format for volumes.
INFO: not computing global stats
INFO: using ../label/lh.cortex.label as mask to calc cortex NumVert, SurfArea and MeanThickness.
Using TH3 vertex volume calc
Total face volume 256864
Total vertex volume 256679 (mask=0)
Saving annotation colortable ../label/aparc.annot.ctab

table columns are:
    number of vertices
    total surface area (mm^2)
    total gray matter volume (mm^3)
    average cortical thickness +- standard deviation (mm)
    integrated rectified mean curvature
    integrated rectified Gaussian curvature
    folding index
    intrinsic curvature index
    structure name

 1421   1049   3019  2.909 0.477     0.129     0.032       46     1.8  bankssts
  917    810   2111  2.861 0.802     0.158     0.043       28     1.7  caudalanteriorcingulate
 2509   2116   5818  2.999 0.460     0.135     0.031       74     3.5  caudalmiddlefrontal
 2692   2329   4189  2.036 0.545     0.150     0.052      703     3.9  cuneus
 1031   1486   4330  3.892 0.869     0.284     0.070       41     3.1  entorhinal
 4976   4439  12002  3.030 0.623     0.145     0.073      254     6.6  fusiform
 6114   5480  13072  2.623 0.563     0.147     0.032       96     8.8  inferiorparietal
 4371   4034  11345  3.099 0.680     0.136     0.030      200     5.7  inferiortemporal
 1250   1133   2623  2.728 0.854     0.176     0.053       44     2.7  isthmuscingulate
 7653   6657  14014  2.324 0.551     0.141     0.033      194    11.0  lateraloccipital
 3758   2943   7946  2.916 0.813     0.136     0.034      618     4.9  lateralorbitofrontal
 5055   4362   8843  2.315 0.769     0.149     0.040      133     8.8  lingual
 2522   2194   5230  2.627 0.915     0.157     0.043       75     4.5  medialorbitofrontal
 4466   4591  12791  3.229 0.774     0.151     0.035       98     6.4  middletemporal
 1024    877   2293  3.161 0.840     0.175     0.053      105     2.4  parahippocampal
 2054   1580   3765  2.670 0.656     0.131     0.035       38     2.8  paracentral
 1878   1686   4366  2.917 0.427     0.128     0.023       26     2.1  parsopercularis
  892   1047   2856  3.315 0.684     0.178     0.037       21     1.3  parsorbitalis
 1795   1559   4424  3.062 0.588     0.135     0.027       22     2.1  parstriangularis
 2404   1323   2240  1.594 0.461     0.111     0.035       54     3.0  pericalcarine
 5474   4530   9364  2.310 0.736     0.121     0.027       90     6.0  postcentral
 1653   1319   3350  2.679 0.922     0.157     0.049       64     3.1  posteriorcingulate
 6835   5238  13994  2.837 0.590     0.111     0.024      109     6.6  precentral
 4912   3898   9834  2.678 0.548     0.136     0.036      102     6.9  precuneus
  913   1138   3054  3.152 0.942     0.225     0.059       19     2.4  rostralanteriorcingulate
 6340   5960  15388  2.780 0.614     0.160     0.035      130     9.6  rostralmiddlefrontal
 8440   7650  22328  3.222 0.601     0.150     0.035      177    12.8  superiorfrontal
 7634   6268  14147  2.471 0.524     0.136     0.236       -1     9.9  superiorparietal
 4844   4095  11851  3.165 0.688     0.135     0.032      101     6.5  superiortemporal
 5847   4920  13746  3.033 0.645     0.128     0.029       88     7.2  supramarginal
  330    501   1311  3.252 0.778     0.243     0.050        7     0.8  frontalpole
  663    831   2534  3.940 0.854     0.158     0.028       14     0.8  temporalpole
  527    446   1062  2.741 0.381     0.117     0.032        3     0.7  transversetemporal
 3174   1990   7437  3.516 0.960     0.122     0.035       89     3.7  insula
#-----------------------------------------
#@# Parcellation Stats 2 lh Sun Mar 15 10:09:33 CET 2026
/out/sourcedata/freesurfer/sub-v2s10x28937_ses-1/scripts

 mris_anatomical_stats -th3 -mgz -noglobal -cortex ../label/lh.cortex.label -f ../stats/lh.aparc.a2009s.stats -b -a ../label/lh.aparc.a2009s.annot -c ../label/aparc.annot.a2009s.ctab sub-v2s10x28937_ses-1 lh white 

computing statistics for each annotation in ../label/lh.aparc.a2009s.annot.
reading volume /out/sourcedata/freesurfer/sub-v2s10x28937_ses-1/mri/wm.mgz...
reading input surface /out/sourcedata/freesurfer/sub-v2s10x28937_ses-1/surf/lh.white...
reading input pial surface /out/sourcedata/freesurfer/sub-v2s10x28937_ses-1/surf/lh.pial...
reading input white surface /out/sourcedata/freesurfer/sub-v2s10x28937_ses-1/surf/lh.white...
INFO: using TH3 volume calc
INFO: assuming MGZ format for volumes.
INFO: not computing global stats
INFO: using ../label/lh.cortex.label as mask to calc cortex NumVert, SurfArea and MeanThickness.
Using TH3 vertex volume calc
Total face volume 256864
Total vertex volume 256679 (mask=0)
Saving annotation colortable ../label/aparc.annot.a2009s.ctab

table columns are:
    number of vertices
    total surface area (mm^2)
    total gray matter volume (mm^3)
    average cortical thickness +- standard deviation (mm)
    integrated rectified mean curvature
    integrated rectified Gaussian curvature
    folding index
    intrinsic curvature index
    structure name

  996    761   2590  2.733 0.810     0.133     0.027       12     1.2  G_and_S_frontomargin
 1776   1300   4477  2.734 0.697     0.142     0.032       27     2.3  G_and_S_occipital_inf
 1657   1068   3249  2.557 0.681     0.114     0.024       15     1.5  G_and_S_paracentral
 1237    863   2987  3.057 0.500     0.121     0.022       15     1.0  G_and_S_subcentral
  696    564   1997  2.673 0.776     0.159     0.041       15     1.2  G_and_S_transv_frontopol
 1725   1202   4592  3.231 0.627     0.117     0.021       15     1.7  G_and_S_cingul-Ant
 1041    696   2452  3.227 0.543     0.095     0.014        7     0.7  G_and_S_cingul-Mid-Ant
 1281    865   2769  3.023 0.634     0.107     0.019       11     1.0  G_and_S_cingul-Mid-Post
  442    296   1354  3.434 0.616     0.119     0.022        5     0.4  G_cingul-Post-dorsal
  330    220    957  3.042 0.656     0.119     0.032        5     0.3  G_cingul-Post-ventral
 2453   1783   3720  1.898 0.595     0.144     0.030       33     3.4  G_cuneus
 1190    840   3486  3.039 0.378     0.102     0.018       16     0.8  G_front_inf-Opercular
  454    315   1570  3.344 0.643     0.132     0.028        7     0.5  G_front_inf-Orbital
  939    672   3038  3.296 0.545     0.122     0.025       15     1.0  G_front_inf-Triangul
 3468   2694  10896  3.004 0.598     0.142     0.031       57     4.5  G_front_middle
 5859   4245  18721  3.378 0.569     0.130     0.025       72     6.3  G_front_sup
  445    303   1386  4.092 0.791     0.092     0.022        3     0.3  G_Ins_lg_and_S_cent_ins
  673    447   2526  4.180 0.621     0.093     0.028        6     0.7  G_insular_short
 1755   1330   4202  2.506 0.516     0.142     0.028       28     2.1  G_occipital_middle
 1445    988   2602  2.267 0.530     0.129     0.024       16     1.5  G_occipital_sup
 2137   1426   5925  3.070 0.679     0.122     0.024       27     2.2  G_oc-temp_lat-fusifor
 3482   2553   6515  2.139 0.757     0.154     0.037       55     5.4  G_oc-temp_med-Lingual
 1780   1142   6804  3.737 0.827     0.102     0.023       16     1.4  G_oc-temp_med-Parahip
 2205   1528   6227  2.943 0.951     0.129     0.033       36     3.0  G_orbital
 2526   1893   6998  2.770 0.690     0.131     0.028       44     3.0  G_pariet_inf-Angular
 2391   1661   6904  3.308 0.619     0.111     0.019       24     2.0  G_pariet_inf-Supramar
 2714   1909   6013  2.540 0.523     0.129     0.025       35     2.7  G_parietal_sup
 2159   1443   4395  2.392 0.649     0.117     0.022       23     2.3  G_postcentral
 2429   1629   6608  3.019 0.628     0.112     0.022       23     2.4  G_precentral
 2331   1621   6007  2.783 0.618     0.115     0.022       30     2.3  G_precuneus
 1072    699   2336  2.352 1.075     0.153     0.056       24     2.8  G_rectus
  719    471   1044  2.381 1.025     0.145     0.057       15     1.5  G_subcallosal
  407    258    957  2.804 0.349     0.103     0.019        4     0.3  G_temp_sup-G_T_transv
 1624   1088   6094  3.564 0.658     0.120     0.028       24     1.6  G_temp_sup-Lateral
  685    420   1885  3.897 0.656     0.049     0.007        1     0.1  G_temp_sup-Plan_polar
 1002    698   2610  3.082 0.615     0.111     0.023       11     0.8  G_temp_sup-Plan_tempo
 1898   1358   6322  3.243 0.749     0.126     0.025       30     1.8  G_temporal_inf
 2508   1708   9374  3.554 0.765     0.125     0.028       41     2.8  G_temporal_middle
  236    170    449  2.956 0.571     0.143     0.023        3     0.3  Lat_Fis-ant-Horizont
  285    200    448  2.636 0.301     0.088     0.013        1     0.1  Lat_Fis-ant-Vertical
  993    661   1422  2.698 0.545     0.095     0.016        5     0.7  Lat_Fis-post
 2310   1685   3985  2.110 0.472     0.153     0.034       32     3.6  Pole_occipital
 1634   1124   5299  3.416 0.845     0.125     0.029       19     2.1  Pole_temporal
 2897   1991   3356  1.979 0.738     0.134     0.028       31     3.3  S_calcarine
 2884   1920   3330  2.052 0.637     0.096     0.017       15     1.9  S_central
 1034    662   1431  2.520 0.440     0.095     0.015        5     0.7  S_cingul-Marginalis
  424    274    783  3.695 0.370     0.066     0.010        1     0.2  S_circular_insula_ant
 1193    804   2150  3.487 0.710     0.086     0.015        4     0.8  S_circular_insula_inf
 1520    979   2239  3.061 0.580     0.088     0.014        5     0.9  S_circular_insula_sup
 1214    782   1957  2.994 0.375     0.077     0.008        4     0.4  S_collat_transv_ant
  442    311    571  2.258 0.251     0.117     0.020        3     0.4  S_collat_transv_post
 1654   1089   2698  2.741 0.388     0.092     0.015        8     0.9  S_front_inf
 1131    780   1989  2.666 0.438     0.107     0.021        7     1.1  S_front_middle
 2101   1439   3770  2.813 0.445     0.097     0.017       11     1.5  S_front_sup
  797    501   1042  2.555 0.346     0.074     0.008        2     0.3  S_interm_prim-Jensen
 3099   2116   4912  2.523 0.500     0.107     0.018       22     2.6  S_intrapariet_and_P_trans
 1240    825   1498  2.303 0.415     0.116     0.023        9     1.1  S_oc_middle_and_Lunatus
 1101    722   1429  2.189 0.421     0.099     0.014        6     0.7  S_oc_sup_and_transversal
  821    548   1086  2.405 0.490     0.104     0.015        6     0.6  S_occipital_ant
  633    441   1372  3.116 0.545     0.112     0.022        5     0.5  S_oc-temp_lat
 2247   1512   3596  2.823 0.568     0.097     0.016       11     1.5  S_oc-temp_med_and_Lingual
  383    261    509  2.340 0.640     0.105     0.016        2     0.3  S_orbital_lateral
  640    458    869  2.364 0.585     0.117     0.018        5     0.4  S_orbital_med-olfact
 1383    925   2631  2.991 0.479     0.098     0.016        8     1.0  S_orbital-H_Shaped
 2211   1497   3360  2.511 0.465     0.117     0.021       19     2.0  S_parieto_occipital
 1224    777   1113  1.778 0.566     0.120     0.015       16     0.8  S_pericallosal
 2982   1952   4275  2.460 0.474     0.096     0.015       17     2.0  S_postcentral
 1306    858   2153  3.052 0.365     0.085     0.011        5     0.6  S_precentral-inf-part
 1302    840   1944  2.751 0.500     0.088     0.013        5     0.7  S_precentral-sup-part
  651    466   1204  2.992 0.618     0.114     0.013        5     0.4  S_suborbital
  739    507   1363  2.821 0.449     0.101     0.014        5     0.5  S_subparietal
 1714   1198   2641  2.709 0.468     0.106     0.015       10     1.3  S_temporal_inf
 5672   3869  10771  2.796 0.506     0.104     0.020       47     4.7  S_temporal_sup
  340    228    445  2.428 0.329     0.095     0.011        2     0.2  S_temporal_transverse
#-----------------------------------------
#@# Parcellation Stats 3 lh Sun Mar 15 10:09:39 CET 2026
/out/sourcedata/freesurfer/sub-v2s10x28937_ses-1/scripts

 mris_anatomical_stats -th3 -mgz -noglobal -cortex ../label/lh.cortex.label -f ../stats/lh.aparc.DKTatlas.stats -b -a ../label/lh.aparc.DKTatlas.annot -c ../label/aparc.annot.DKTatlas.ctab sub-v2s10x28937_ses-1 lh white 

computing statistics for each annotation in ../label/lh.aparc.DKTatlas.annot.
reading volume /out/sourcedata/freesurfer/sub-v2s10x28937_ses-1/mri/wm.mgz...
reading input surface /out/sourcedata/freesurfer/sub-v2s10x28937_ses-1/surf/lh.white...
reading input pial surface /out/sourcedata/freesurfer/sub-v2s10x28937_ses-1/surf/lh.pial...
reading input white surface /out/sourcedata/freesurfer/sub-v2s10x28937_ses-1/surf/lh.white...
INFO: using TH3 volume calc
INFO: assuming MGZ format for volumes.
INFO: not computing global stats
INFO: using ../label/lh.cortex.label as mask to calc cortex NumVert, SurfArea and MeanThickness.
Using TH3 vertex volume calc
Total face volume 256864
Total vertex volume 256679 (mask=0)
Saving annotation colortable ../label/aparc.annot.DKTatlas.ctab

table columns are:
    number of vertices
    total surface area (mm^2)
    total gray matter volume (mm^3)
    average cortical thickness +- standard deviation (mm)
    integrated rectified mean curvature
    integrated rectified Gaussian curvature
    folding index
    intrinsic curvature index
    structure name

 1328    865   2686  2.895 0.749     0.116     0.014       13     0.9  caudalanteriorcingulate
 2764   1939   6286  2.977 0.454     0.116     0.021       24     2.6  caudalmiddlefrontal
 3504   2484   5519  2.119 0.581     0.138     0.027       44     4.2  cuneus
  878    591   4122  4.055 0.769     0.107     0.026        8     0.8  entorhinal
 4635   3108  11173  3.038 0.626     0.112     0.022       46     3.9  fusiform
 6235   4441  13884  2.679 0.608     0.117     0.024       77     6.1  inferiorparietal
 4419   3083  11186  3.058 0.675     0.112     0.019       46     3.5  inferiortemporal
 1241    824   2635  2.759 0.850     0.110     0.022       15     1.0  isthmuscingulate
 7694   5529  14211  2.326 0.563     0.138     0.028       96     9.6  lateraloccipital
 4025   2738   9144  2.909 0.862     0.120     0.027       49     4.6  lateralorbitofrontal
 5128   3671   8988  2.311 0.763     0.139     0.031       65     6.6  lingual
 2367   1637   4750  2.466 0.946     0.139     0.042       41     4.4  medialorbitofrontal
 5852   3989  15542  3.135 0.742     0.110     0.021       62     5.2  middletemporal
 1091    667   2453  3.163 0.822     0.080     0.012        5     0.5  parahippocampal
 2377   1508   4630  2.757 0.674     0.098     0.017       16     1.7  paracentral
 1784   1237   4125  2.922 0.433     0.095     0.015       17     1.0  parsopercularis
  978    678   2707  3.319 0.664     0.116     0.021        9     0.9  parsorbitalis
 2057   1405   4776  3.038 0.558     0.109     0.020       21     1.7  parstriangularis
 2400   1694   2254  1.608 0.465     0.151     0.034       31     3.5  pericalcarine
 6271   4189  10808  2.380 0.767     0.109     0.020       54     5.3  postcentral
 1748   1172   3468  2.706 0.907     0.120     0.021       19     1.6  posteriorcingulate
 6729   4431  13761  2.844 0.591     0.101     0.018       48     4.9  precentral
 4782   3254  10022  2.717 0.538     0.108     0.019       46     4.0  precuneus
 1291    924   3690  3.130 0.865     0.133     0.025       18     1.5  rostralanteriorcingulate
 4440   3311  11244  2.825 0.642     0.126     0.028       57     4.7  rostralmiddlefrontal
 9428   6842  25417  3.139 0.634     0.123     0.024      100     9.8  superiorfrontal
 6123   4201  11206  2.452 0.514     0.116     0.020       59     5.4  superiorparietal
 6658   4419  16950  3.221 0.739     0.101     0.021       58     5.5  superiortemporal
 5262   3580  11949  2.994 0.635     0.106     0.018       45     4.1  supramarginal
  515    334   1033  2.738 0.378     0.098     0.018        4     0.3  transversetemporal
 2364   1580   6062  3.716 0.759     0.087     0.020       12     1.8  insula
/out/sourcedata/freesurfer/sub-v2s10x28937_ses-1/label
#--------------------------------------------
#@# BA_exvivo Labels lh Sun Mar 15 10:09:45 CET 2026

 mri_label2label --srcsubject fsaverage --srclabel /out/sourcedata/freesurfer/fsaverage/label/lh.BA1_exvivo.label --trgsubject sub-v2s10x28937_ses-1 --trglabel ./lh.BA1_exvivo.label --hemi lh --regmethod surface 


srclabel = /out/sourcedata/freesurfer/fsaverage/label/lh.BA1_exvivo.label
srcsubject = fsaverage
trgsubject = sub-v2s10x28937_ses-1
trglabel = ./lh.BA1_exvivo.label
regmethod = surface

srchemi = lh
trghemi = lh
trgsurface = white
srcsurfreg = sphere.reg
trgsurfreg = sphere.reg
usehash = 1
Use ProjAbs  = 0, 0
Use ProjFrac = 0, 0
DoPaint 0

SUBJECTS_DIR    /out/sourcedata/freesurfer
FREESURFER_HOME /opt/freesurfer
Loading source label.
Found 4129 points in source label.
Starting surface-based mapping
Reading source registration 
 /out/sourcedata/freesurfer/fsaverage/surf/lh.sphere.reg
Rescaling ...  original radius = 100
Reading target surface 
 /out/sourcedata/freesurfer/sub-v2s10x28937_ses-1/surf/lh.white
Reading target registration 
 /out/sourcedata/freesurfer/sub-v2s10x28937_ses-1/surf/lh.sphere.reg
Rescaling ...  original radius = 100
Building target registration hash (res=16).
Building source registration hash (res=16).
INFO: found  4129 nlabel points
Performing mapping from target back to the source label 124516
Number of reverse mapping hits = 70
Checking for and removing duplicates
Writing label file ./lh.BA1_exvivo.label 4199
mri_label2label: Done


 mri_label2label --srcsubject fsaverage --srclabel /out/sourcedata/freesurfer/fsaverage/label/lh.BA2_exvivo.label --trgsubject sub-v2s10x28937_ses-1 --trglabel ./lh.BA2_exvivo.label --hemi lh --regmethod surface 


srclabel = /out/sourcedata/freesurfer/fsaverage/label/lh.BA2_exvivo.label
srcsubject = fsaverage
trgsubject = sub-v2s10x28937_ses-1
trglabel = ./lh.BA2_exvivo.label
regmethod = surface

srchemi = lh
trghemi = lh
trgsurface = white
srcsurfreg = sphere.reg
trgsurfreg = sphere.reg
usehash = 1
Use ProjAbs  = 0, 0
Use ProjFrac = 0, 0
DoPaint 0

SUBJECTS_DIR    /out/sourcedata/freesurfer
FREESURFER_HOME /opt/freesurfer
Loading source label.
Found 7909 points in source label.
Starting surface-based mapping
Reading source registration 
 /out/sourcedata/freesurfer/fsaverage/surf/lh.sphere.reg
Rescaling ...  original radius = 100
Reading target surface 
 /out/sourcedata/freesurfer/sub-v2s10x28937_ses-1/surf/lh.white
Reading target registration 
 /out/sourcedata/freesurfer/sub-v2s10x28937_ses-1/surf/lh.sphere.reg
Rescaling ...  original radius = 100
Building target registration hash (res=16).
Building source registration hash (res=16).
INFO: found  7909 nlabel points
Performing mapping from target back to the source label 124516
Number of reverse mapping hits = 200
Checking for and removing duplicates
Writing label file ./lh.BA2_exvivo.label 8109
mri_label2label: Done


 mri_label2label --srcsubject fsaverage --srclabel /out/sourcedata/freesurfer/fsaverage/label/lh.BA3a_exvivo.label --trgsubject sub-v2s10x28937_ses-1 --trglabel ./lh.BA3a_exvivo.label --hemi lh --regmethod surface 


srclabel = /out/sourcedata/freesurfer/fsaverage/label/lh.BA3a_exvivo.label
srcsubject = fsaverage
trgsubject = sub-v2s10x28937_ses-1
trglabel = ./lh.BA3a_exvivo.label
regmethod = surface

srchemi = lh
trghemi = lh
trgsurface = white
srcsurfreg = sphere.reg
trgsurfreg = sphere.reg
usehash = 1
Use ProjAbs  = 0, 0
Use ProjFrac = 0, 0
DoPaint 0

SUBJECTS_DIR    /out/sourcedata/freesurfer
FREESURFER_HOME /opt/freesurfer
Loading source label.
Found 4077 points in source label.
Starting surface-based mapping
Reading source registration 
 /out/sourcedata/freesurfer/fsaverage/surf/lh.sphere.reg
Rescaling ...  original radius = 100
Reading target surface 
 /out/sourcedata/freesurfer/sub-v2s10x28937_ses-1/surf/lh.white
Reading target registration 
 /out/sourcedata/freesurfer/sub-v2s10x28937_ses-1/surf/lh.sphere.reg
Rescaling ...  original radius = 100
Building target registration hash (res=16).
Building source registration hash (res=16).
INFO: found  4077 nlabel points
Performing mapping from target back to the source label 124516
Number of reverse mapping hits = 12
Checking for and removing duplicates
Writing label file ./lh.BA3a_exvivo.label 4089
mri_label2label: Done


 mri_label2label --srcsubject fsaverage --srclabel /out/sourcedata/freesurfer/fsaverage/label/lh.BA3b_exvivo.label --trgsubject sub-v2s10x28937_ses-1 --trglabel ./lh.BA3b_exvivo.label --hemi lh --regmethod surface 


srclabel = /out/sourcedata/freesurfer/fsaverage/label/lh.BA3b_exvivo.label
srcsubject = fsaverage
trgsubject = sub-v2s10x28937_ses-1
trglabel = ./lh.BA3b_exvivo.label
regmethod = surface

srchemi = lh
trghemi = lh
trgsurface = white
srcsurfreg = sphere.reg
trgsurfreg = sphere.reg
usehash = 1
Use ProjAbs  = 0, 0
Use ProjFrac = 0, 0
DoPaint 0

SUBJECTS_DIR    /out/sourcedata/freesurfer
FREESURFER_HOME /opt/freesurfer
Loading source label.
Found 5983 points in source label.
Starting surface-based mapping
Reading source registration 
 /out/sourcedata/freesurfer/fsaverage/surf/lh.sphere.reg
Rescaling ...  original radius = 100
Reading target surface 
 /out/sourcedata/freesurfer/sub-v2s10x28937_ses-1/surf/lh.white
Reading target registration 
 /out/sourcedata/freesurfer/sub-v2s10x28937_ses-1/surf/lh.sphere.reg
Rescaling ...  original radius = 100
Building target registration hash (res=16).
Building source registration hash (res=16).
INFO: found  5983 nlabel points
Performing mapping from target back to the source label 124516
Number of reverse mapping hits = 45
Checking for and removing duplicates
Writing label file ./lh.BA3b_exvivo.label 6028
mri_label2label: Done


 mri_label2label --srcsubject fsaverage --srclabel /out/sourcedata/freesurfer/fsaverage/label/lh.BA4a_exvivo.label --trgsubject sub-v2s10x28937_ses-1 --trglabel ./lh.BA4a_exvivo.label --hemi lh --regmethod surface 


srclabel = /out/sourcedata/freesurfer/fsaverage/label/lh.BA4a_exvivo.label
srcsubject = fsaverage
trgsubject = sub-v2s10x28937_ses-1
trglabel = ./lh.BA4a_exvivo.label
regmethod = surface

srchemi = lh
trghemi = lh
trgsurface = white
srcsurfreg = sphere.reg
trgsurfreg = sphere.reg
usehash = 1
Use ProjAbs  = 0, 0
Use ProjFrac = 0, 0
DoPaint 0

SUBJECTS_DIR    /out/sourcedata/freesurfer
FREESURFER_HOME /opt/freesurfer
Loading source label.
Found 5784 points in source label.
Starting surface-based mapping
Reading source registration 
 /out/sourcedata/freesurfer/fsaverage/surf/lh.sphere.reg
Rescaling ...  original radius = 100
Reading target surface 
 /out/sourcedata/freesurfer/sub-v2s10x28937_ses-1/surf/lh.white
Reading target registration 
 /out/sourcedata/freesurfer/sub-v2s10x28937_ses-1/surf/lh.sphere.reg
Rescaling ...  original radius = 100
Building target registration hash (res=16).
Building source registration hash (res=16).
INFO: found  5784 nlabel points
Performing mapping from target back to the source label 124516
Number of reverse mapping hits = 97
Checking for and removing duplicates
Writing label file ./lh.BA4a_exvivo.label 5881
mri_label2label: Done


 mri_label2label --srcsubject fsaverage --srclabel /out/sourcedata/freesurfer/fsaverage/label/lh.BA4p_exvivo.label --trgsubject sub-v2s10x28937_ses-1 --trglabel ./lh.BA4p_exvivo.label --hemi lh --regmethod surface 


srclabel = /out/sourcedata/freesurfer/fsaverage/label/lh.BA4p_exvivo.label
srcsubject = fsaverage
trgsubject = sub-v2s10x28937_ses-1
trglabel = ./lh.BA4p_exvivo.label
regmethod = surface

srchemi = lh
trghemi = lh
trgsurface = white
srcsurfreg = sphere.reg
trgsurfreg = sphere.reg
usehash = 1
Use ProjAbs  = 0, 0
Use ProjFrac = 0, 0
DoPaint 0

SUBJECTS_DIR    /out/sourcedata/freesurfer
FREESURFER_HOME /opt/freesurfer
Loading source label.
Found 4070 points in source label.
Starting surface-based mapping
Reading source registration 
 /out/sourcedata/freesurfer/fsaverage/surf/lh.sphere.reg
Rescaling ...  original radius = 100
Reading target surface 
 /out/sourcedata/freesurfer/sub-v2s10x28937_ses-1/surf/lh.white
Reading target registration 
 /out/sourcedata/freesurfer/sub-v2s10x28937_ses-1/surf/lh.sphere.reg
Rescaling ...  original radius = 100
Building target registration hash (res=16).
Building source registration hash (res=16).
INFO: found  4070 nlabel points
Performing mapping from target back to the source label 124516
Number of reverse mapping hits = 46
Checking for and removing duplicates
Writing label file ./lh.BA4p_exvivo.label 4116
mri_label2label: Done


 mri_label2label --srcsubject fsaverage --srclabel /out/sourcedata/freesurfer/fsaverage/label/lh.BA6_exvivo.label --trgsubject sub-v2s10x28937_ses-1 --trglabel ./lh.BA6_exvivo.label --hemi lh --regmethod surface 


srclabel = /out/sourcedata/freesurfer/fsaverage/label/lh.BA6_exvivo.label
srcsubject = fsaverage
trgsubject = sub-v2s10x28937_ses-1
trglabel = ./lh.BA6_exvivo.label
regmethod = surface

srchemi = lh
trghemi = lh
trgsurface = white
srcsurfreg = sphere.reg
trgsurfreg = sphere.reg
usehash = 1
Use ProjAbs  = 0, 0
Use ProjFrac = 0, 0
DoPaint 0

SUBJECTS_DIR    /out/sourcedata/freesurfer
FREESURFER_HOME /opt/freesurfer
Loading source label.
Found 13589 points in source label.
Starting surface-based mapping
Reading source registration 
 /out/sourcedata/freesurfer/fsaverage/surf/lh.sphere.reg
Rescaling ...  original radius = 100
Reading target surface 
 /out/sourcedata/freesurfer/sub-v2s10x28937_ses-1/surf/lh.white
Reading target registration 
 /out/sourcedata/freesurfer/sub-v2s10x28937_ses-1/surf/lh.sphere.reg
Rescaling ...  original radius = 100
Building target registration hash (res=16).
Building source registration hash (res=16).
INFO: found  13589 nlabel points
Performing mapping from target back to the source label 124516
Number of reverse mapping hits = 162
Checking for and removing duplicates
Writing label file ./lh.BA6_exvivo.label 13751
mri_label2label: Done


 mri_label2label --srcsubject fsaverage --srclabel /out/sourcedata/freesurfer/fsaverage/label/lh.BA44_exvivo.label --trgsubject sub-v2s10x28937_ses-1 --trglabel ./lh.BA44_exvivo.label --hemi lh --regmethod surface 


srclabel = /out/sourcedata/freesurfer/fsaverage/label/lh.BA44_exvivo.label
srcsubject = fsaverage
trgsubject = sub-v2s10x28937_ses-1
trglabel = ./lh.BA44_exvivo.label
regmethod = surface

srchemi = lh
trghemi = lh
trgsurface = white
srcsurfreg = sphere.reg
trgsurfreg = sphere.reg
usehash = 1
Use ProjAbs  = 0, 0
Use ProjFrac = 0, 0
DoPaint 0

SUBJECTS_DIR    /out/sourcedata/freesurfer
FREESURFER_HOME /opt/freesurfer
Loading source label.
Found 4181 points in source label.
Starting surface-based mapping
Reading source registration 
 /out/sourcedata/freesurfer/fsaverage/surf/lh.sphere.reg
Rescaling ...  original radius = 100
Reading target surface 
 /out/sourcedata/freesurfer/sub-v2s10x28937_ses-1/surf/lh.white
Reading target registration 
 /out/sourcedata/freesurfer/sub-v2s10x28937_ses-1/surf/lh.sphere.reg
Rescaling ...  original radius = 100
Building target registration hash (res=16).
Building source registration hash (res=16).
INFO: found  4181 nlabel points
Performing mapping from target back to the source label 124516
Number of reverse mapping hits = 33
Checking for and removing duplicates
Writing label file ./lh.BA44_exvivo.label 4214
mri_label2label: Done


 mri_label2label --srcsubject fsaverage --srclabel /out/sourcedata/freesurfer/fsaverage/label/lh.BA45_exvivo.label --trgsubject sub-v2s10x28937_ses-1 --trglabel ./lh.BA45_exvivo.label --hemi lh --regmethod surface 


srclabel = /out/sourcedata/freesurfer/fsaverage/label/lh.BA45_exvivo.label
srcsubject = fsaverage
trgsubject = sub-v2s10x28937_ses-1
trglabel = ./lh.BA45_exvivo.label
regmethod = surface

srchemi = lh
trghemi = lh
trgsurface = white
srcsurfreg = sphere.reg
trgsurfreg = sphere.reg
usehash = 1
Use ProjAbs  = 0, 0
Use ProjFrac = 0, 0
DoPaint 0

SUBJECTS_DIR    /out/sourcedata/freesurfer
FREESURFER_HOME /opt/freesurfer
Loading source label.
Found 3422 points in source label.
Starting surface-based mapping
Reading source registration 
 /out/sourcedata/freesurfer/fsaverage/surf/lh.sphere.reg
Rescaling ...  original radius = 100
Reading target surface 
 /out/sourcedata/freesurfer/sub-v2s10x28937_ses-1/surf/lh.white
Reading target registration 
 /out/sourcedata/freesurfer/sub-v2s10x28937_ses-1/surf/lh.sphere.reg
Rescaling ...  original radius = 100
Building target registration hash (res=16).
Building source registration hash (res=16).
INFO: found  3422 nlabel points
Performing mapping from target back to the source label 124516
Number of reverse mapping hits = 191
Checking for and removing duplicates
Writing label file ./lh.BA45_exvivo.label 3613
mri_label2label: Done


 mri_label2label --srcsubject fsaverage --srclabel /out/sourcedata/freesurfer/fsaverage/label/lh.V1_exvivo.label --trgsubject sub-v2s10x28937_ses-1 --trglabel ./lh.V1_exvivo.label --hemi lh --regmethod surface 


srclabel = /out/sourcedata/freesurfer/fsaverage/label/lh.V1_exvivo.label
srcsubject = fsaverage
trgsubject = sub-v2s10x28937_ses-1
trglabel = ./lh.V1_exvivo.label
regmethod = surface

srchemi = lh
trghemi = lh
trgsurface = white
srcsurfreg = sphere.reg
trgsurfreg = sphere.reg
usehash = 1
Use ProjAbs  = 0, 0
Use ProjFrac = 0, 0
DoPaint 0

SUBJECTS_DIR    /out/sourcedata/freesurfer
FREESURFER_HOME /opt/freesurfer
Loading source label.
Found 4641 points in source label.
Starting surface-based mapping
Reading source registration 
 /out/sourcedata/freesurfer/fsaverage/surf/lh.sphere.reg
Rescaling ...  original radius = 100
Reading target surface 
 /out/sourcedata/freesurfer/sub-v2s10x28937_ses-1/surf/lh.white
Reading target registration 
 /out/sourcedata/freesurfer/sub-v2s10x28937_ses-1/surf/lh.sphere.reg
Rescaling ...  original radius = 100
Building target registration hash (res=16).
Building source registration hash (res=16).
INFO: found  4641 nlabel points
Performing mapping from target back to the source label 124516
Number of reverse mapping hits = 1614
Checking for and removing duplicates
Writing label file ./lh.V1_exvivo.label 6255
mri_label2label: Done


 mri_label2label --srcsubject fsaverage --srclabel /out/sourcedata/freesurfer/fsaverage/label/lh.V2_exvivo.label --trgsubject sub-v2s10x28937_ses-1 --trglabel ./lh.V2_exvivo.label --hemi lh --regmethod surface 


srclabel = /out/sourcedata/freesurfer/fsaverage/label/lh.V2_exvivo.label
srcsubject = fsaverage
trgsubject = sub-v2s10x28937_ses-1
trglabel = ./lh.V2_exvivo.label
regmethod = surface

srchemi = lh
trghemi = lh
trgsurface = white
srcsurfreg = sphere.reg
trgsurfreg = sphere.reg
usehash = 1
Use ProjAbs  = 0, 0
Use ProjFrac = 0, 0
DoPaint 0

SUBJECTS_DIR    /out/sourcedata/freesurfer
FREESURFER_HOME /opt/freesurfer
Loading source label.
Found 8114 points in source label.
Starting surface-based mapping
Reading source registration 
 /out/sourcedata/freesurfer/fsaverage/surf/lh.sphere.reg
Rescaling ...  original radius = 100
Reading target surface 
 /out/sourcedata/freesurfer/sub-v2s10x28937_ses-1/surf/lh.white
Reading target registration 
 /out/sourcedata/freesurfer/sub-v2s10x28937_ses-1/surf/lh.sphere.reg
Rescaling ...  original radius = 100
Building target registration hash (res=16).
Building source registration hash (res=16).
INFO: found  8114 nlabel points
Performing mapping from target back to the source label 124516
Number of reverse mapping hits = 3007
Checking for and removing duplicates
Writing label file ./lh.V2_exvivo.label 11121
mri_label2label: Done


 mri_label2label --srcsubject fsaverage --srclabel /out/sourcedata/freesurfer/fsaverage/label/lh.MT_exvivo.label --trgsubject sub-v2s10x28937_ses-1 --trglabel ./lh.MT_exvivo.label --hemi lh --regmethod surface 


srclabel = /out/sourcedata/freesurfer/fsaverage/label/lh.MT_exvivo.label
srcsubject = fsaverage
trgsubject = sub-v2s10x28937_ses-1
trglabel = ./lh.MT_exvivo.label
regmethod = surface

srchemi = lh
trghemi = lh
trgsurface = white
srcsurfreg = sphere.reg
trgsurfreg = sphere.reg
usehash = 1
Use ProjAbs  = 0, 0
Use ProjFrac = 0, 0
DoPaint 0

SUBJECTS_DIR    /out/sourcedata/freesurfer
FREESURFER_HOME /opt/freesurfer
Loading source label.
Found 2018 points in source label.
Starting surface-based mapping
Reading source registration 
 /out/sourcedata/freesurfer/fsaverage/surf/lh.sphere.reg
Rescaling ...  original radius = 100
Reading target surface 
 /out/sourcedata/freesurfer/sub-v2s10x28937_ses-1/surf/lh.white
Reading target registration 
 /out/sourcedata/freesurfer/sub-v2s10x28937_ses-1/surf/lh.sphere.reg
Rescaling ...  original radius = 100
Building target registration hash (res=16).
Building source registration hash (res=16).
INFO: found  2018 nlabel points
Performing mapping from target back to the source label 124516
Number of reverse mapping hits = 281
Checking for and removing duplicates
Writing label file ./lh.MT_exvivo.label 2299
mri_label2label: Done


 mri_label2label --srcsubject fsaverage --srclabel /out/sourcedata/freesurfer/fsaverage/label/lh.entorhinal_exvivo.label --trgsubject sub-v2s10x28937_ses-1 --trglabel ./lh.entorhinal_exvivo.label --hemi lh --regmethod surface 


srclabel = /out/sourcedata/freesurfer/fsaverage/label/lh.entorhinal_exvivo.label
srcsubject = fsaverage
trgsubject = sub-v2s10x28937_ses-1
trglabel = ./lh.entorhinal_exvivo.label
regmethod = surface

srchemi = lh
trghemi = lh
trgsurface = white
srcsurfreg = sphere.reg
trgsurfreg = sphere.reg
usehash = 1
Use ProjAbs  = 0, 0
Use ProjFrac = 0, 0
DoPaint 0

SUBJECTS_DIR    /out/sourcedata/freesurfer
FREESURFER_HOME /opt/freesurfer
Loading source label.
Found 1290 points in source label.
Starting surface-based mapping
Reading source registration 
 /out/sourcedata/freesurfer/fsaverage/surf/lh.sphere.reg
Rescaling ...  original radius = 100
Reading target surface 
 /out/sourcedata/freesurfer/sub-v2s10x28937_ses-1/surf/lh.white
Reading target registration 
 /out/sourcedata/freesurfer/sub-v2s10x28937_ses-1/surf/lh.sphere.reg
Rescaling ...  original radius = 100
Building target registration hash (res=16).
Building source registration hash (res=16).
INFO: found  1290 nlabel points
Performing mapping from target back to the source label 124516
Number of reverse mapping hits = 246
Checking for and removing duplicates
Writing label file ./lh.entorhinal_exvivo.label 1536
mri_label2label: Done


 mri_label2label --srcsubject fsaverage --srclabel /out/sourcedata/freesurfer/fsaverage/label/lh.perirhinal_exvivo.label --trgsubject sub-v2s10x28937_ses-1 --trglabel ./lh.perirhinal_exvivo.label --hemi lh --regmethod surface 


srclabel = /out/sourcedata/freesurfer/fsaverage/label/lh.perirhinal_exvivo.label
srcsubject = fsaverage
trgsubject = sub-v2s10x28937_ses-1
trglabel = ./lh.perirhinal_exvivo.label
regmethod = surface

srchemi = lh
trghemi = lh
trgsurface = white
srcsurfreg = sphere.reg
trgsurfreg = sphere.reg
usehash = 1
Use ProjAbs  = 0, 0
Use ProjFrac = 0, 0
DoPaint 0

SUBJECTS_DIR    /out/sourcedata/freesurfer
FREESURFER_HOME /opt/freesurfer
Loading source label.
Found 1199 points in source label.
Starting surface-based mapping
Reading source registration 
 /out/sourcedata/freesurfer/fsaverage/surf/lh.sphere.reg
Rescaling ...  original radius = 100
Reading target surface 
 /out/sourcedata/freesurfer/sub-v2s10x28937_ses-1/surf/lh.white
Reading target registration 
 /out/sourcedata/freesurfer/sub-v2s10x28937_ses-1/surf/lh.sphere.reg
Rescaling ...  original radius = 100
Building target registration hash (res=16).
Building source registration hash (res=16).
INFO: found  1199 nlabel points
Performing mapping from target back to the source label 124516
Number of reverse mapping hits = 200
Checking for and removing duplicates
Writing label file ./lh.perirhinal_exvivo.label 1399
mri_label2label: Done


 mri_label2label --srcsubject fsaverage --srclabel /out/sourcedata/freesurfer/fsaverage/label/lh.FG1.mpm.vpnl.label --trgsubject sub-v2s10x28937_ses-1 --trglabel ./lh.FG1.mpm.vpnl.label --hemi lh --regmethod surface 


srclabel = /out/sourcedata/freesurfer/fsaverage/label/lh.FG1.mpm.vpnl.label
srcsubject = fsaverage
trgsubject = sub-v2s10x28937_ses-1
trglabel = ./lh.FG1.mpm.vpnl.label
regmethod = surface

srchemi = lh
trghemi = lh
trgsurface = white
srcsurfreg = sphere.reg
trgsurfreg = sphere.reg
usehash = 1
Use ProjAbs  = 0, 0
Use ProjFrac = 0, 0
DoPaint 0

SUBJECTS_DIR    /out/sourcedata/freesurfer
FREESURFER_HOME /opt/freesurfer
Loading source label.
Found 414 points in source label.
Starting surface-based mapping
Reading source registration 
 /out/sourcedata/freesurfer/fsaverage/surf/lh.sphere.reg
Rescaling ...  original radius = 100
Reading target surface 
 /out/sourcedata/freesurfer/sub-v2s10x28937_ses-1/surf/lh.white
Reading target registration 
 /out/sourcedata/freesurfer/sub-v2s10x28937_ses-1/surf/lh.sphere.reg
Rescaling ...  original radius = 100
Building target registration hash (res=16).
Building source registration hash (res=16).
INFO: found  414 nlabel points
Performing mapping from target back to the source label 124516
Number of reverse mapping hits = 209
Checking for and removing duplicates
Writing label file ./lh.FG1.mpm.vpnl.label 623
mri_label2label: Done


 mri_label2label --srcsubject fsaverage --srclabel /out/sourcedata/freesurfer/fsaverage/label/lh.FG2.mpm.vpnl.label --trgsubject sub-v2s10x28937_ses-1 --trglabel ./lh.FG2.mpm.vpnl.label --hemi lh --regmethod surface 


srclabel = /out/sourcedata/freesurfer/fsaverage/label/lh.FG2.mpm.vpnl.label
srcsubject = fsaverage
trgsubject = sub-v2s10x28937_ses-1
trglabel = ./lh.FG2.mpm.vpnl.label
regmethod = surface

srchemi = lh
trghemi = lh
trgsurface = white
srcsurfreg = sphere.reg
trgsurfreg = sphere.reg
usehash = 1
Use ProjAbs  = 0, 0
Use ProjFrac = 0, 0
DoPaint 0

SUBJECTS_DIR    /out/sourcedata/freesurfer
FREESURFER_HOME /opt/freesurfer
Loading source label.
Found 703 points in source label.
Starting surface-based mapping
Reading source registration 
 /out/sourcedata/freesurfer/fsaverage/surf/lh.sphere.reg
Rescaling ...  original radius = 100
Reading target surface 
 /out/sourcedata/freesurfer/sub-v2s10x28937_ses-1/surf/lh.white
Reading target registration 
 /out/sourcedata/freesurfer/sub-v2s10x28937_ses-1/surf/lh.sphere.reg
Rescaling ...  original radius = 100
Building target registration hash (res=16).
Building source registration hash (res=16).
INFO: found  703 nlabel points
Performing mapping from target back to the source label 124516
Number of reverse mapping hits = 207
Checking for and removing duplicates
Writing label file ./lh.FG2.mpm.vpnl.label 910
mri_label2label: Done


 mri_label2label --srcsubject fsaverage --srclabel /out/sourcedata/freesurfer/fsaverage/label/lh.FG3.mpm.vpnl.label --trgsubject sub-v2s10x28937_ses-1 --trglabel ./lh.FG3.mpm.vpnl.label --hemi lh --regmethod surface 


srclabel = /out/sourcedata/freesurfer/fsaverage/label/lh.FG3.mpm.vpnl.label
srcsubject = fsaverage
trgsubject = sub-v2s10x28937_ses-1
trglabel = ./lh.FG3.mpm.vpnl.label
regmethod = surface

srchemi = lh
trghemi = lh
trgsurface = white
srcsurfreg = sphere.reg
trgsurfreg = sphere.reg
usehash = 1
Use ProjAbs  = 0, 0
Use ProjFrac = 0, 0
DoPaint 0

SUBJECTS_DIR    /out/sourcedata/freesurfer
FREESURFER_HOME /opt/freesurfer
Loading source label.
Found 1873 points in source label.
Starting surface-based mapping
Reading source registration 
 /out/sourcedata/freesurfer/fsaverage/surf/lh.sphere.reg
Rescaling ...  original radius = 100
Reading target surface 
 /out/sourcedata/freesurfer/sub-v2s10x28937_ses-1/surf/lh.white
Reading target registration 
 /out/sourcedata/freesurfer/sub-v2s10x28937_ses-1/surf/lh.sphere.reg
Rescaling ...  original radius = 100
Building target registration hash (res=16).
Building source registration hash (res=16).
INFO: found  1873 nlabel points
Performing mapping from target back to the source label 124516
Number of reverse mapping hits = 228
Checking for and removing duplicates
Writing label file ./lh.FG3.mpm.vpnl.label 2101
mri_label2label: Done


 mri_label2label --srcsubject fsaverage --srclabel /out/sourcedata/freesurfer/fsaverage/label/lh.FG4.mpm.vpnl.label --trgsubject sub-v2s10x28937_ses-1 --trglabel ./lh.FG4.mpm.vpnl.label --hemi lh --regmethod surface 


srclabel = /out/sourcedata/freesurfer/fsaverage/label/lh.FG4.mpm.vpnl.label
srcsubject = fsaverage
trgsubject = sub-v2s10x28937_ses-1
trglabel = ./lh.FG4.mpm.vpnl.label
regmethod = surface

srchemi = lh
trghemi = lh
trgsurface = white
srcsurfreg = sphere.reg
trgsurfreg = sphere.reg
usehash = 1
Use ProjAbs  = 0, 0
Use ProjFrac = 0, 0
DoPaint 0

SUBJECTS_DIR    /out/sourcedata/freesurfer
FREESURFER_HOME /opt/freesurfer
Loading source label.
Found 2101 points in source label.
Starting surface-based mapping
Reading source registration 
 /out/sourcedata/freesurfer/fsaverage/surf/lh.sphere.reg
Rescaling ...  original radius = 100
Reading target surface 
 /out/sourcedata/freesurfer/sub-v2s10x28937_ses-1/surf/lh.white
Reading target registration 
 /out/sourcedata/freesurfer/sub-v2s10x28937_ses-1/surf/lh.sphere.reg
Rescaling ...  original radius = 100
Building target registration hash (res=16).
Building source registration hash (res=16).
INFO: found  2101 nlabel points
Performing mapping from target back to the source label 124516
Number of reverse mapping hits = 198
Checking for and removing duplicates
Writing label file ./lh.FG4.mpm.vpnl.label 2299
mri_label2label: Done


 mri_label2label --srcsubject fsaverage --srclabel /out/sourcedata/freesurfer/fsaverage/label/lh.hOc1.mpm.vpnl.label --trgsubject sub-v2s10x28937_ses-1 --trglabel ./lh.hOc1.mpm.vpnl.label --hemi lh --regmethod surface 


srclabel = /out/sourcedata/freesurfer/fsaverage/label/lh.hOc1.mpm.vpnl.label
srcsubject = fsaverage
trgsubject = sub-v2s10x28937_ses-1
trglabel = ./lh.hOc1.mpm.vpnl.label
regmethod = surface

srchemi = lh
trghemi = lh
trgsurface = white
srcsurfreg = sphere.reg
trgsurfreg = sphere.reg
usehash = 1
Use ProjAbs  = 0, 0
Use ProjFrac = 0, 0
DoPaint 0

SUBJECTS_DIR    /out/sourcedata/freesurfer
FREESURFER_HOME /opt/freesurfer
Loading source label.
Found 3877 points in source label.
Starting surface-based mapping
Reading source registration 
 /out/sourcedata/freesurfer/fsaverage/surf/lh.sphere.reg
Rescaling ...  original radius = 100
Reading target surface 
 /out/sourcedata/freesurfer/sub-v2s10x28937_ses-1/surf/lh.white
Reading target registration 
 /out/sourcedata/freesurfer/sub-v2s10x28937_ses-1/surf/lh.sphere.reg
Rescaling ...  original radius = 100
Building target registration hash (res=16).
Building source registration hash (res=16).
INFO: found  3877 nlabel points
Performing mapping from target back to the source label 124516
Number of reverse mapping hits = 1347
Checking for and removing duplicates
Writing label file ./lh.hOc1.mpm.vpnl.label 5224
mri_label2label: Done


 mri_label2label --srcsubject fsaverage --srclabel /out/sourcedata/freesurfer/fsaverage/label/lh.hOc2.mpm.vpnl.label --trgsubject sub-v2s10x28937_ses-1 --trglabel ./lh.hOc2.mpm.vpnl.label --hemi lh --regmethod surface 


srclabel = /out/sourcedata/freesurfer/fsaverage/label/lh.hOc2.mpm.vpnl.label
srcsubject = fsaverage
trgsubject = sub-v2s10x28937_ses-1
trglabel = ./lh.hOc2.mpm.vpnl.label
regmethod = surface

srchemi = lh
trghemi = lh
trgsurface = white
srcsurfreg = sphere.reg
trgsurfreg = sphere.reg
usehash = 1
Use ProjAbs  = 0, 0
Use ProjFrac = 0, 0
DoPaint 0

SUBJECTS_DIR    /out/sourcedata/freesurfer
FREESURFER_HOME /opt/freesurfer
Loading source label.
Found 2919 points in source label.
Starting surface-based mapping
Reading source registration 
 /out/sourcedata/freesurfer/fsaverage/surf/lh.sphere.reg
Rescaling ...  original radius = 100
Reading target surface 
 /out/sourcedata/freesurfer/sub-v2s10x28937_ses-1/surf/lh.white
Reading target registration 
 /out/sourcedata/freesurfer/sub-v2s10x28937_ses-1/surf/lh.sphere.reg
Rescaling ...  original radius = 100
Building target registration hash (res=16).
Building source registration hash (res=16).
INFO: found  2919 nlabel points
Performing mapping from target back to the source label 124516
Number of reverse mapping hits = 1244
Checking for and removing duplicates
Writing label file ./lh.hOc2.mpm.vpnl.label 4163
mri_label2label: Done


 mri_label2label --srcsubject fsaverage --srclabel /out/sourcedata/freesurfer/fsaverage/label/lh.hOc3v.mpm.vpnl.label --trgsubject sub-v2s10x28937_ses-1 --trglabel ./lh.hOc3v.mpm.vpnl.label --hemi lh --regmethod surface 


srclabel = /out/sourcedata/freesurfer/fsaverage/label/lh.hOc3v.mpm.vpnl.label
srcsubject = fsaverage
trgsubject = sub-v2s10x28937_ses-1
trglabel = ./lh.hOc3v.mpm.vpnl.label
regmethod = surface

srchemi = lh
trghemi = lh
trgsurface = white
srcsurfreg = sphere.reg
trgsurfreg = sphere.reg
usehash = 1
Use ProjAbs  = 0, 0
Use ProjFrac = 0, 0
DoPaint 0

SUBJECTS_DIR    /out/sourcedata/freesurfer
FREESURFER_HOME /opt/freesurfer
Loading source label.
Found 1286 points in source label.
Starting surface-based mapping
Reading source registration 
 /out/sourcedata/freesurfer/fsaverage/surf/lh.sphere.reg
Rescaling ...  original radius = 100
Reading target surface 
 /out/sourcedata/freesurfer/sub-v2s10x28937_ses-1/surf/lh.white
Reading target registration 
 /out/sourcedata/freesurfer/sub-v2s10x28937_ses-1/surf/lh.sphere.reg
Rescaling ...  original radius = 100
Building target registration hash (res=16).
Building source registration hash (res=16).
INFO: found  1286 nlabel points
Performing mapping from target back to the source label 124516
Number of reverse mapping hits = 619
Checking for and removing duplicates
Writing label file ./lh.hOc3v.mpm.vpnl.label 1905
mri_label2label: Done


 mri_label2label --srcsubject fsaverage --srclabel /out/sourcedata/freesurfer/fsaverage/label/lh.hOc4v.mpm.vpnl.label --trgsubject sub-v2s10x28937_ses-1 --trglabel ./lh.hOc4v.mpm.vpnl.label --hemi lh --regmethod surface 


srclabel = /out/sourcedata/freesurfer/fsaverage/label/lh.hOc4v.mpm.vpnl.label
srcsubject = fsaverage
trgsubject = sub-v2s10x28937_ses-1
trglabel = ./lh.hOc4v.mpm.vpnl.label
regmethod = surface

srchemi = lh
trghemi = lh
trgsurface = white
srcsurfreg = sphere.reg
trgsurfreg = sphere.reg
usehash = 1
Use ProjAbs  = 0, 0
Use ProjFrac = 0, 0
DoPaint 0

SUBJECTS_DIR    /out/sourcedata/freesurfer
FREESURFER_HOME /opt/freesurfer
Loading source label.
Found 1006 points in source label.
Starting surface-based mapping
Reading source registration 
 /out/sourcedata/freesurfer/fsaverage/surf/lh.sphere.reg
Rescaling ...  original radius = 100
Reading target surface 
 /out/sourcedata/freesurfer/sub-v2s10x28937_ses-1/surf/lh.white
Reading target registration 
 /out/sourcedata/freesurfer/sub-v2s10x28937_ses-1/surf/lh.sphere.reg
Rescaling ...  original radius = 100
Building target registration hash (res=16).
Building source registration hash (res=16).
INFO: found  1006 nlabel points
Performing mapping from target back to the source label 124516
Number of reverse mapping hits = 508
Checking for and removing duplicates
Writing label file ./lh.hOc4v.mpm.vpnl.label 1514
mri_label2label: Done


 mris_label2annot --s sub-v2s10x28937_ses-1 --ctab /opt/freesurfer/average/colortable_vpnl.txt --hemi lh --a mpm.vpnl --maxstatwinner --noverbose --l lh.FG1.mpm.vpnl.label --l lh.FG2.mpm.vpnl.label --l lh.FG3.mpm.vpnl.label --l lh.FG4.mpm.vpnl.label --l lh.hOc1.mpm.vpnl.label --l lh.hOc2.mpm.vpnl.label --l lh.hOc3v.mpm.vpnl.label --l lh.hOc4v.mpm.vpnl.label 

Reading ctab /opt/freesurfer/average/colortable_vpnl.txt
Number of ctab entries 9

7.3.2
cwd /out/sourcedata/freesurfer/sub-v2s10x28937_ses-1/label
cmdline mris_label2annot --s sub-v2s10x28937_ses-1 --ctab /opt/freesurfer/average/colortable_vpnl.txt --hemi lh --a mpm.vpnl --maxstatwinner --noverbose --l lh.FG1.mpm.vpnl.label --l lh.FG2.mpm.vpnl.label --l lh.FG3.mpm.vpnl.label --l lh.FG4.mpm.vpnl.label --l lh.hOc1.mpm.vpnl.label --l lh.hOc2.mpm.vpnl.label --l lh.hOc3v.mpm.vpnl.label --l lh.hOc4v.mpm.vpnl.label 
sysname  Linux
hostname dna071
machine  x86_64
user     oesteban

subject sub-v2s10x28937_ses-1
hemi    lh
SUBJECTS_DIR /out/sourcedata/freesurfer
ColorTable /opt/freesurfer/average/colortable_vpnl.txt
AnnotName  mpm.vpnl
nlables 8
LabelThresh 0 0.000000
Loading /out/sourcedata/freesurfer/sub-v2s10x28937_ses-1/surf/lh.orig
 1 1376057 FG1
 2 16711935 FG2
 3 16711680 FG3
 4 1705837 FG4
 5 25600 hOc1
 6 255 hOc2
 7 16776960 hOc3v
 8 65535 hOc4v
Mapping unhit to unknown
Found 107028 unhit vertices
Writing annot to /out/sourcedata/freesurfer/sub-v2s10x28937_ses-1/label/lh.mpm.vpnl.annot

 mri_label2label --srcsubject fsaverage --srclabel /out/sourcedata/freesurfer/fsaverage/label/lh.BA1_exvivo.thresh.label --trgsubject sub-v2s10x28937_ses-1 --trglabel ./lh.BA1_exvivo.thresh.label --hemi lh --regmethod surface 


srclabel = /out/sourcedata/freesurfer/fsaverage/label/lh.BA1_exvivo.thresh.label
srcsubject = fsaverage
trgsubject = sub-v2s10x28937_ses-1
trglabel = ./lh.BA1_exvivo.thresh.label
regmethod = surface

srchemi = lh
trghemi = lh
trgsurface = white
srcsurfreg = sphere.reg
trgsurfreg = sphere.reg
usehash = 1
Use ProjAbs  = 0, 0
Use ProjFrac = 0, 0
DoPaint 0

SUBJECTS_DIR    /out/sourcedata/freesurfer
FREESURFER_HOME /opt/freesurfer
Loading source label.
Found 1014 points in source label.
Starting surface-based mapping
Reading source registration 
 /out/sourcedata/freesurfer/fsaverage/surf/lh.sphere.reg
Rescaling ...  original radius = 100
Reading target surface 
 /out/sourcedata/freesurfer/sub-v2s10x28937_ses-1/surf/lh.white
Reading target registration 
 /out/sourcedata/freesurfer/sub-v2s10x28937_ses-1/surf/lh.sphere.reg
Rescaling ...  original radius = 100
Building target registration hash (res=16).
Building source registration hash (res=16).
INFO: found  1014 nlabel points
Performing mapping from target back to the source label 124516
Number of reverse mapping hits = 20
Checking for and removing duplicates
Writing label file ./lh.BA1_exvivo.thresh.label 1034
mri_label2label: Done


 mri_label2label --srcsubject fsaverage --srclabel /out/sourcedata/freesurfer/fsaverage/label/lh.BA2_exvivo.thresh.label --trgsubject sub-v2s10x28937_ses-1 --trglabel ./lh.BA2_exvivo.thresh.label --hemi lh --regmethod surface 


srclabel = /out/sourcedata/freesurfer/fsaverage/label/lh.BA2_exvivo.thresh.label
srcsubject = fsaverage
trgsubject = sub-v2s10x28937_ses-1
trglabel = ./lh.BA2_exvivo.thresh.label
regmethod = surface

srchemi = lh
trghemi = lh
trgsurface = white
srcsurfreg = sphere.reg
trgsurfreg = sphere.reg
usehash = 1
Use ProjAbs  = 0, 0
Use ProjFrac = 0, 0
DoPaint 0

SUBJECTS_DIR    /out/sourcedata/freesurfer
FREESURFER_HOME /opt/freesurfer
Loading source label.
Found 2092 points in source label.
Starting surface-based mapping
Reading source registration 
 /out/sourcedata/freesurfer/fsaverage/surf/lh.sphere.reg
Rescaling ...  original radius = 100
Reading target surface 
 /out/sourcedata/freesurfer/sub-v2s10x28937_ses-1/surf/lh.white
Reading target registration 
 /out/sourcedata/freesurfer/sub-v2s10x28937_ses-1/surf/lh.sphere.reg
Rescaling ...  original radius = 100
Building target registration hash (res=16).
Building source registration hash (res=16).
INFO: found  2092 nlabel points
Performing mapping from target back to the source label 124516
Number of reverse mapping hits = 64
Checking for and removing duplicates
Writing label file ./lh.BA2_exvivo.thresh.label 2156
mri_label2label: Done


 mri_label2label --srcsubject fsaverage --srclabel /out/sourcedata/freesurfer/fsaverage/label/lh.BA3a_exvivo.thresh.label --trgsubject sub-v2s10x28937_ses-1 --trglabel ./lh.BA3a_exvivo.thresh.label --hemi lh --regmethod surface 


srclabel = /out/sourcedata/freesurfer/fsaverage/label/lh.BA3a_exvivo.thresh.label
srcsubject = fsaverage
trgsubject = sub-v2s10x28937_ses-1
trglabel = ./lh.BA3a_exvivo.thresh.label
regmethod = surface

srchemi = lh
trghemi = lh
trgsurface = white
srcsurfreg = sphere.reg
trgsurfreg = sphere.reg
usehash = 1
Use ProjAbs  = 0, 0
Use ProjFrac = 0, 0
DoPaint 0

SUBJECTS_DIR    /out/sourcedata/freesurfer
FREESURFER_HOME /opt/freesurfer
Loading source label.
Found 1504 points in source label.
Starting surface-based mapping
Reading source registration 
 /out/sourcedata/freesurfer/fsaverage/surf/lh.sphere.reg
Rescaling ...  original radius = 100
Reading target surface 
 /out/sourcedata/freesurfer/sub-v2s10x28937_ses-1/surf/lh.white
Reading target registration 
 /out/sourcedata/freesurfer/sub-v2s10x28937_ses-1/surf/lh.sphere.reg
Rescaling ...  original radius = 100
Building target registration hash (res=16).
Building source registration hash (res=16).
INFO: found  1504 nlabel points
Performing mapping from target back to the source label 124516
Number of reverse mapping hits = 3
Checking for and removing duplicates
Writing label file ./lh.BA3a_exvivo.thresh.label 1507
mri_label2label: Done


 mri_label2label --srcsubject fsaverage --srclabel /out/sourcedata/freesurfer/fsaverage/label/lh.BA3b_exvivo.thresh.label --trgsubject sub-v2s10x28937_ses-1 --trglabel ./lh.BA3b_exvivo.thresh.label --hemi lh --regmethod surface 


srclabel = /out/sourcedata/freesurfer/fsaverage/label/lh.BA3b_exvivo.thresh.label
srcsubject = fsaverage
trgsubject = sub-v2s10x28937_ses-1
trglabel = ./lh.BA3b_exvivo.thresh.label
regmethod = surface

srchemi = lh
trghemi = lh
trgsurface = white
srcsurfreg = sphere.reg
trgsurfreg = sphere.reg
usehash = 1
Use ProjAbs  = 0, 0
Use ProjFrac = 0, 0
DoPaint 0

SUBJECTS_DIR    /out/sourcedata/freesurfer
FREESURFER_HOME /opt/freesurfer
Loading source label.
Found 1996 points in source label.
Starting surface-based mapping
Reading source registration 
 /out/sourcedata/freesurfer/fsaverage/surf/lh.sphere.reg
Rescaling ...  original radius = 100
Reading target surface 
 /out/sourcedata/freesurfer/sub-v2s10x28937_ses-1/surf/lh.white
Reading target registration 
 /out/sourcedata/freesurfer/sub-v2s10x28937_ses-1/surf/lh.sphere.reg
Rescaling ...  original radius = 100
Building target registration hash (res=16).
Building source registration hash (res=16).
INFO: found  1996 nlabel points
Performing mapping from target back to the source label 124516
Number of reverse mapping hits = 5
Checking for and removing duplicates
Writing label file ./lh.BA3b_exvivo.thresh.label 2001
mri_label2label: Done


 mri_label2label --srcsubject fsaverage --srclabel /out/sourcedata/freesurfer/fsaverage/label/lh.BA4a_exvivo.thresh.label --trgsubject sub-v2s10x28937_ses-1 --trglabel ./lh.BA4a_exvivo.thresh.label --hemi lh --regmethod surface 


srclabel = /out/sourcedata/freesurfer/fsaverage/label/lh.BA4a_exvivo.thresh.label
srcsubject = fsaverage
trgsubject = sub-v2s10x28937_ses-1
trglabel = ./lh.BA4a_exvivo.thresh.label
regmethod = surface

srchemi = lh
trghemi = lh
trgsurface = white
srcsurfreg = sphere.reg
trgsurfreg = sphere.reg
usehash = 1
Use ProjAbs  = 0, 0
Use ProjFrac = 0, 0
DoPaint 0

SUBJECTS_DIR    /out/sourcedata/freesurfer
FREESURFER_HOME /opt/freesurfer
Loading source label.
Found 2319 points in source label.
Starting surface-based mapping
Reading source registration 
 /out/sourcedata/freesurfer/fsaverage/surf/lh.sphere.reg
Rescaling ...  original radius = 100
Reading target surface 
 /out/sourcedata/freesurfer/sub-v2s10x28937_ses-1/surf/lh.white
Reading target registration 
 /out/sourcedata/freesurfer/sub-v2s10x28937_ses-1/surf/lh.sphere.reg
Rescaling ...  original radius = 100
Building target registration hash (res=16).
Building source registration hash (res=16).
INFO: found  2319 nlabel points
Performing mapping from target back to the source label 124516
Number of reverse mapping hits = 46
Checking for and removing duplicates
Writing label file ./lh.BA4a_exvivo.thresh.label 2365
mri_label2label: Done


 mri_label2label --srcsubject fsaverage --srclabel /out/sourcedata/freesurfer/fsaverage/label/lh.BA4p_exvivo.thresh.label --trgsubject sub-v2s10x28937_ses-1 --trglabel ./lh.BA4p_exvivo.thresh.label --hemi lh --regmethod surface 


srclabel = /out/sourcedata/freesurfer/fsaverage/label/lh.BA4p_exvivo.thresh.label
srcsubject = fsaverage
trgsubject = sub-v2s10x28937_ses-1
trglabel = ./lh.BA4p_exvivo.thresh.label
regmethod = surface

srchemi = lh
trghemi = lh
trgsurface = white
srcsurfreg = sphere.reg
trgsurfreg = sphere.reg
usehash = 1
Use ProjAbs  = 0, 0
Use ProjFrac = 0, 0
DoPaint 0

SUBJECTS_DIR    /out/sourcedata/freesurfer
FREESURFER_HOME /opt/freesurfer
Loading source label.
Found 1549 points in source label.
Starting surface-based mapping
Reading source registration 
 /out/sourcedata/freesurfer/fsaverage/surf/lh.sphere.reg
Rescaling ...  original radius = 100
Reading target surface 
 /out/sourcedata/freesurfer/sub-v2s10x28937_ses-1/surf/lh.white
Reading target registration 
 /out/sourcedata/freesurfer/sub-v2s10x28937_ses-1/surf/lh.sphere.reg
Rescaling ...  original radius = 100
Building target registration hash (res=16).
Building source registration hash (res=16).
INFO: found  1549 nlabel points
Performing mapping from target back to the source label 124516
Number of reverse mapping hits = 13
Checking for and removing duplicates
Writing label file ./lh.BA4p_exvivo.thresh.label 1562
mri_label2label: Done


 mri_label2label --srcsubject fsaverage --srclabel /out/sourcedata/freesurfer/fsaverage/label/lh.BA6_exvivo.thresh.label --trgsubject sub-v2s10x28937_ses-1 --trglabel ./lh.BA6_exvivo.thresh.label --hemi lh --regmethod surface 


srclabel = /out/sourcedata/freesurfer/fsaverage/label/lh.BA6_exvivo.thresh.label
srcsubject = fsaverage
trgsubject = sub-v2s10x28937_ses-1
trglabel = ./lh.BA6_exvivo.thresh.label
regmethod = surface

srchemi = lh
trghemi = lh
trgsurface = white
srcsurfreg = sphere.reg
trgsurfreg = sphere.reg
usehash = 1
Use ProjAbs  = 0, 0
Use ProjFrac = 0, 0
DoPaint 0

SUBJECTS_DIR    /out/sourcedata/freesurfer
FREESURFER_HOME /opt/freesurfer
Loading source label.
Found 7035 points in source label.
Starting surface-based mapping
Reading source registration 
 /out/sourcedata/freesurfer/fsaverage/surf/lh.sphere.reg
Rescaling ...  original radius = 100
Reading target surface 
 /out/sourcedata/freesurfer/sub-v2s10x28937_ses-1/surf/lh.white
Reading target registration 
 /out/sourcedata/freesurfer/sub-v2s10x28937_ses-1/surf/lh.sphere.reg
Rescaling ...  original radius = 100
Building target registration hash (res=16).
Building source registration hash (res=16).
INFO: found  7035 nlabel points
Performing mapping from target back to the source label 124516
Number of reverse mapping hits = 106
Checking for and removing duplicates
Writing label file ./lh.BA6_exvivo.thresh.label 7141
mri_label2label: Done


 mri_label2label --srcsubject fsaverage --srclabel /out/sourcedata/freesurfer/fsaverage/label/lh.BA44_exvivo.thresh.label --trgsubject sub-v2s10x28937_ses-1 --trglabel ./lh.BA44_exvivo.thresh.label --hemi lh --regmethod surface 


srclabel = /out/sourcedata/freesurfer/fsaverage/label/lh.BA44_exvivo.thresh.label
srcsubject = fsaverage
trgsubject = sub-v2s10x28937_ses-1
trglabel = ./lh.BA44_exvivo.thresh.label
regmethod = surface

srchemi = lh
trghemi = lh
trgsurface = white
srcsurfreg = sphere.reg
trgsurfreg = sphere.reg
usehash = 1
Use ProjAbs  = 0, 0
Use ProjFrac = 0, 0
DoPaint 0

SUBJECTS_DIR    /out/sourcedata/freesurfer
FREESURFER_HOME /opt/freesurfer
Loading source label.
Found 1912 points in source label.
Starting surface-based mapping
Reading source registration 
 /out/sourcedata/freesurfer/fsaverage/surf/lh.sphere.reg
Rescaling ...  original radius = 100
Reading target surface 
 /out/sourcedata/freesurfer/sub-v2s10x28937_ses-1/surf/lh.white
Reading target registration 
 /out/sourcedata/freesurfer/sub-v2s10x28937_ses-1/surf/lh.sphere.reg
Rescaling ...  original radius = 100
Building target registration hash (res=16).
Building source registration hash (res=16).
INFO: found  1912 nlabel points
Performing mapping from target back to the source label 124516
Number of reverse mapping hits = 11
Checking for and removing duplicates
Writing label file ./lh.BA44_exvivo.thresh.label 1923
mri_label2label: Done


 mri_label2label --srcsubject fsaverage --srclabel /out/sourcedata/freesurfer/fsaverage/label/lh.BA45_exvivo.thresh.label --trgsubject sub-v2s10x28937_ses-1 --trglabel ./lh.BA45_exvivo.thresh.label --hemi lh --regmethod surface 


srclabel = /out/sourcedata/freesurfer/fsaverage/label/lh.BA45_exvivo.thresh.label
srcsubject = fsaverage
trgsubject = sub-v2s10x28937_ses-1
trglabel = ./lh.BA45_exvivo.thresh.label
regmethod = surface

srchemi = lh
trghemi = lh
trgsurface = white
srcsurfreg = sphere.reg
trgsurfreg = sphere.reg
usehash = 1
Use ProjAbs  = 0, 0
Use ProjFrac = 0, 0
DoPaint 0

SUBJECTS_DIR    /out/sourcedata/freesurfer
FREESURFER_HOME /opt/freesurfer
Loading source label.
Found 1151 points in source label.
Starting surface-based mapping
Reading source registration 
 /out/sourcedata/freesurfer/fsaverage/surf/lh.sphere.reg
Rescaling ...  original radius = 100
Reading target surface 
 /out/sourcedata/freesurfer/sub-v2s10x28937_ses-1/surf/lh.white
Reading target registration 
 /out/sourcedata/freesurfer/sub-v2s10x28937_ses-1/surf/lh.sphere.reg
Rescaling ...  original radius = 100
Building target registration hash (res=16).
Building source registration hash (res=16).
INFO: found  1151 nlabel points
Performing mapping from target back to the source label 124516
Number of reverse mapping hits = 81
Checking for and removing duplicates
Writing label file ./lh.BA45_exvivo.thresh.label 1232
mri_label2label: Done


 mri_label2label --srcsubject fsaverage --srclabel /out/sourcedata/freesurfer/fsaverage/label/lh.V1_exvivo.thresh.label --trgsubject sub-v2s10x28937_ses-1 --trglabel ./lh.V1_exvivo.thresh.label --hemi lh --regmethod surface 


srclabel = /out/sourcedata/freesurfer/fsaverage/label/lh.V1_exvivo.thresh.label
srcsubject = fsaverage
trgsubject = sub-v2s10x28937_ses-1
trglabel = ./lh.V1_exvivo.thresh.label
regmethod = surface

srchemi = lh
trghemi = lh
trgsurface = white
srcsurfreg = sphere.reg
trgsurfreg = sphere.reg
usehash = 1
Use ProjAbs  = 0, 0
Use ProjFrac = 0, 0
DoPaint 0

SUBJECTS_DIR    /out/sourcedata/freesurfer
FREESURFER_HOME /opt/freesurfer
Loading source label.
Found 3405 points in source label.
Starting surface-based mapping
Reading source registration 
 /out/sourcedata/freesurfer/fsaverage/surf/lh.sphere.reg
Rescaling ...  original radius = 100
Reading target surface 
 /out/sourcedata/freesurfer/sub-v2s10x28937_ses-1/surf/lh.white
Reading target registration 
 /out/sourcedata/freesurfer/sub-v2s10x28937_ses-1/surf/lh.sphere.reg
Rescaling ...  original radius = 100
Building target registration hash (res=16).
Building source registration hash (res=16).
INFO: found  3405 nlabel points
Performing mapping from target back to the source label 124516
Number of reverse mapping hits = 1226
Checking for and removing duplicates
Writing label file ./lh.V1_exvivo.thresh.label 4631
mri_label2label: Done


 mri_label2label --srcsubject fsaverage --srclabel /out/sourcedata/freesurfer/fsaverage/label/lh.V2_exvivo.thresh.label --trgsubject sub-v2s10x28937_ses-1 --trglabel ./lh.V2_exvivo.thresh.label --hemi lh --regmethod surface 


srclabel = /out/sourcedata/freesurfer/fsaverage/label/lh.V2_exvivo.thresh.label
srcsubject = fsaverage
trgsubject = sub-v2s10x28937_ses-1
trglabel = ./lh.V2_exvivo.thresh.label
regmethod = surface

srchemi = lh
trghemi = lh
trgsurface = white
srcsurfreg = sphere.reg
trgsurfreg = sphere.reg
usehash = 1
Use ProjAbs  = 0, 0
Use ProjFrac = 0, 0
DoPaint 0

SUBJECTS_DIR    /out/sourcedata/freesurfer
FREESURFER_HOME /opt/freesurfer
Loading source label.
Found 3334 points in source label.
Starting surface-based mapping
Reading source registration 
 /out/sourcedata/freesurfer/fsaverage/surf/lh.sphere.reg
Rescaling ...  original radius = 100
Reading target surface 
 /out/sourcedata/freesurfer/sub-v2s10x28937_ses-1/surf/lh.white
Reading target registration 
 /out/sourcedata/freesurfer/sub-v2s10x28937_ses-1/surf/lh.sphere.reg
Rescaling ...  original radius = 100
Building target registration hash (res=16).
Building source registration hash (res=16).
INFO: found  3334 nlabel points
Performing mapping from target back to the source label 124516
Number of reverse mapping hits = 1360
Checking for and removing duplicates
Writing label file ./lh.V2_exvivo.thresh.label 4694
mri_label2label: Done


 mri_label2label --srcsubject fsaverage --srclabel /out/sourcedata/freesurfer/fsaverage/label/lh.MT_exvivo.thresh.label --trgsubject sub-v2s10x28937_ses-1 --trglabel ./lh.MT_exvivo.thresh.label --hemi lh --regmethod surface 


srclabel = /out/sourcedata/freesurfer/fsaverage/label/lh.MT_exvivo.thresh.label
srcsubject = fsaverage
trgsubject = sub-v2s10x28937_ses-1
trglabel = ./lh.MT_exvivo.thresh.label
regmethod = surface

srchemi = lh
trghemi = lh
trgsurface = white
srcsurfreg = sphere.reg
trgsurfreg = sphere.reg
usehash = 1
Use ProjAbs  = 0, 0
Use ProjFrac = 0, 0
DoPaint 0

SUBJECTS_DIR    /out/sourcedata/freesurfer
FREESURFER_HOME /opt/freesurfer
Loading source label.
Found 513 points in source label.
Starting surface-based mapping
Reading source registration 
 /out/sourcedata/freesurfer/fsaverage/surf/lh.sphere.reg
Rescaling ...  original radius = 100
Reading target surface 
 /out/sourcedata/freesurfer/sub-v2s10x28937_ses-1/surf/lh.white
Reading target registration 
 /out/sourcedata/freesurfer/sub-v2s10x28937_ses-1/surf/lh.sphere.reg
Rescaling ...  original radius = 100
Building target registration hash (res=16).
Building source registration hash (res=16).
INFO: found  513 nlabel points
Performing mapping from target back to the source label 124516
Number of reverse mapping hits = 100
Checking for and removing duplicates
Writing label file ./lh.MT_exvivo.thresh.label 613
mri_label2label: Done


 mri_label2label --srcsubject fsaverage --srclabel /out/sourcedata/freesurfer/fsaverage/label/lh.entorhinal_exvivo.thresh.label --trgsubject sub-v2s10x28937_ses-1 --trglabel ./lh.entorhinal_exvivo.thresh.label --hemi lh --regmethod surface 


srclabel = /out/sourcedata/freesurfer/fsaverage/label/lh.entorhinal_exvivo.thresh.label
srcsubject = fsaverage
trgsubject = sub-v2s10x28937_ses-1
trglabel = ./lh.entorhinal_exvivo.thresh.label
regmethod = surface

srchemi = lh
trghemi = lh
trgsurface = white
srcsurfreg = sphere.reg
trgsurfreg = sphere.reg
usehash = 1
Use ProjAbs  = 0, 0
Use ProjFrac = 0, 0
DoPaint 0

SUBJECTS_DIR    /out/sourcedata/freesurfer
FREESURFER_HOME /opt/freesurfer
Loading source label.
Found 470 points in source label.
Starting surface-based mapping
Reading source registration 
 /out/sourcedata/freesurfer/fsaverage/surf/lh.sphere.reg
Rescaling ...  original radius = 100
Reading target surface 
 /out/sourcedata/freesurfer/sub-v2s10x28937_ses-1/surf/lh.white
Reading target registration 
 /out/sourcedata/freesurfer/sub-v2s10x28937_ses-1/surf/lh.sphere.reg
Rescaling ...  original radius = 100
Building target registration hash (res=16).
Building source registration hash (res=16).
INFO: found  470 nlabel points
Performing mapping from target back to the source label 124516
Number of reverse mapping hits = 85
Checking for and removing duplicates
Writing label file ./lh.entorhinal_exvivo.thresh.label 555
mri_label2label: Done


 mri_label2label --srcsubject fsaverage --srclabel /out/sourcedata/freesurfer/fsaverage/label/lh.perirhinal_exvivo.thresh.label --trgsubject sub-v2s10x28937_ses-1 --trglabel ./lh.perirhinal_exvivo.thresh.label --hemi lh --regmethod surface 


srclabel = /out/sourcedata/freesurfer/fsaverage/label/lh.perirhinal_exvivo.thresh.label
srcsubject = fsaverage
trgsubject = sub-v2s10x28937_ses-1
trglabel = ./lh.perirhinal_exvivo.thresh.label
regmethod = surface

srchemi = lh
trghemi = lh
trgsurface = white
srcsurfreg = sphere.reg
trgsurfreg = sphere.reg
usehash = 1
Use ProjAbs  = 0, 0
Use ProjFrac = 0, 0
DoPaint 0

SUBJECTS_DIR    /out/sourcedata/freesurfer
FREESURFER_HOME /opt/freesurfer
Loading source label.
Found 450 points in source label.
Starting surface-based mapping
Reading source registration 
 /out/sourcedata/freesurfer/fsaverage/surf/lh.sphere.reg
Rescaling ...  original radius = 100
Reading target surface 
 /out/sourcedata/freesurfer/sub-v2s10x28937_ses-1/surf/lh.white
Reading target registration 
 /out/sourcedata/freesurfer/sub-v2s10x28937_ses-1/surf/lh.sphere.reg
Rescaling ...  original radius = 100
Building target registration hash (res=16).
Building source registration hash (res=16).
INFO: found  450 nlabel points
Performing mapping from target back to the source label 124516
Number of reverse mapping hits = 87
Checking for and removing duplicates
Writing label file ./lh.perirhinal_exvivo.thresh.label 537
mri_label2label: Done


 mris_label2annot --s sub-v2s10x28937_ses-1 --hemi lh --ctab /opt/freesurfer/average/colortable_BA.txt --l lh.BA1_exvivo.label --l lh.BA2_exvivo.label --l lh.BA3a_exvivo.label --l lh.BA3b_exvivo.label --l lh.BA4a_exvivo.label --l lh.BA4p_exvivo.label --l lh.BA6_exvivo.label --l lh.BA44_exvivo.label --l lh.BA45_exvivo.label --l lh.V1_exvivo.label --l lh.V2_exvivo.label --l lh.MT_exvivo.label --l lh.perirhinal_exvivo.label --l lh.entorhinal_exvivo.label --a BA_exvivo --maxstatwinner --noverbose 

Reading ctab /opt/freesurfer/average/colortable_BA.txt
Number of ctab entries 15

7.3.2
cwd /out/sourcedata/freesurfer/sub-v2s10x28937_ses-1/label
cmdline mris_label2annot --s sub-v2s10x28937_ses-1 --hemi lh --ctab /opt/freesurfer/average/colortable_BA.txt --l lh.BA1_exvivo.label --l lh.BA2_exvivo.label --l lh.BA3a_exvivo.label --l lh.BA3b_exvivo.label --l lh.BA4a_exvivo.label --l lh.BA4p_exvivo.label --l lh.BA6_exvivo.label --l lh.BA44_exvivo.label --l lh.BA45_exvivo.label --l lh.V1_exvivo.label --l lh.V2_exvivo.label --l lh.MT_exvivo.label --l lh.perirhinal_exvivo.label --l lh.entorhinal_exvivo.label --a BA_exvivo --maxstatwinner --noverbose 
sysname  Linux
hostname dna071
machine  x86_64
user     oesteban

subject sub-v2s10x28937_ses-1
hemi    lh
SUBJECTS_DIR /out/sourcedata/freesurfer
ColorTable /opt/freesurfer/average/colortable_BA.txt
AnnotName  BA_exvivo
nlables 14
LabelThresh 0 0.000000
Loading /out/sourcedata/freesurfer/sub-v2s10x28937_ses-1/surf/lh.orig
 1 1530880 BA1_exvivo
 2 16749699 BA2_exvivo
 3 16711680 BA3a_exvivo
 4 3368703 BA3b_exvivo
 5 1376196 BA4a_exvivo
 6 13382655 BA4p_exvivo
 7 10036737 BA6_exvivo
 8 2490521 BA44_exvivo
 9 39283 BA45_exvivo
10 3993 V1_exvivo
11 8508928 V2_exvivo
12 10027163 MT_exvivo
13 16422433 perirhinal_exvivo
14 16392598 entorhinal_exvivo
Mapping unhit to unknown
Found 85139 unhit vertices
Writing annot to /out/sourcedata/freesurfer/sub-v2s10x28937_ses-1/label/lh.BA_exvivo.annot

 mris_label2annot --s sub-v2s10x28937_ses-1 --hemi lh --ctab /opt/freesurfer/average/colortable_BA.txt --l lh.BA1_exvivo.thresh.label --l lh.BA2_exvivo.thresh.label --l lh.BA3a_exvivo.thresh.label --l lh.BA3b_exvivo.thresh.label --l lh.BA4a_exvivo.thresh.label --l lh.BA4p_exvivo.thresh.label --l lh.BA6_exvivo.thresh.label --l lh.BA44_exvivo.thresh.label --l lh.BA45_exvivo.thresh.label --l lh.V1_exvivo.thresh.label --l lh.V2_exvivo.thresh.label --l lh.MT_exvivo.thresh.label --l lh.perirhinal_exvivo.thresh.label --l lh.entorhinal_exvivo.thresh.label --a BA_exvivo.thresh --maxstatwinner --noverbose 

Reading ctab /opt/freesurfer/average/colortable_BA.txt
Number of ctab entries 15

7.3.2
cwd /out/sourcedata/freesurfer/sub-v2s10x28937_ses-1/label
cmdline mris_label2annot --s sub-v2s10x28937_ses-1 --hemi lh --ctab /opt/freesurfer/average/colortable_BA.txt --l lh.BA1_exvivo.thresh.label --l lh.BA2_exvivo.thresh.label --l lh.BA3a_exvivo.thresh.label --l lh.BA3b_exvivo.thresh.label --l lh.BA4a_exvivo.thresh.label --l lh.BA4p_exvivo.thresh.label --l lh.BA6_exvivo.thresh.label --l lh.BA44_exvivo.thresh.label --l lh.BA45_exvivo.thresh.label --l lh.V1_exvivo.thresh.label --l lh.V2_exvivo.thresh.label --l lh.MT_exvivo.thresh.label --l lh.perirhinal_exvivo.thresh.label --l lh.entorhinal_exvivo.thresh.label --a BA_exvivo.thresh --maxstatwinner --noverbose 
sysname  Linux
hostname dna071
machine  x86_64
user     oesteban

subject sub-v2s10x28937_ses-1
hemi    lh
SUBJECTS_DIR /out/sourcedata/freesurfer
ColorTable /opt/freesurfer/average/colortable_BA.txt
AnnotName  BA_exvivo.thresh
nlables 14
LabelThresh 0 0.000000
Loading /out/sourcedata/freesurfer/sub-v2s10x28937_ses-1/surf/lh.orig
 1 1530880 BA1_exvivo
 2 16749699 BA2_exvivo
 3 16711680 BA3a_exvivo
 4 3368703 BA3b_exvivo
 5 1376196 BA4a_exvivo
 6 13382655 BA4p_exvivo
 7 10036737 BA6_exvivo
 8 2490521 BA44_exvivo
 9 39283 BA45_exvivo
10 3993 V1_exvivo
11 8508928 V2_exvivo
12 10027163 MT_exvivo
13 16422433 perirhinal_exvivo
14 16392598 entorhinal_exvivo
Mapping unhit to unknown
Found 100600 unhit vertices
Writing annot to /out/sourcedata/freesurfer/sub-v2s10x28937_ses-1/label/lh.BA_exvivo.thresh.annot

 mris_anatomical_stats -th3 -mgz -noglobal -f ../stats/lh.BA_exvivo.stats -b -a ./lh.BA_exvivo.annot -c ./BA_exvivo.ctab sub-v2s10x28937_ses-1 lh white 

computing statistics for each annotation in ./lh.BA_exvivo.annot.
reading volume /out/sourcedata/freesurfer/sub-v2s10x28937_ses-1/mri/wm.mgz...
reading input surface /out/sourcedata/freesurfer/sub-v2s10x28937_ses-1/surf/lh.white...
reading input pial surface /out/sourcedata/freesurfer/sub-v2s10x28937_ses-1/surf/lh.pial...
reading input white surface /out/sourcedata/freesurfer/sub-v2s10x28937_ses-1/surf/lh.white...
INFO: using TH3 volume calc
INFO: assuming MGZ format for volumes.
INFO: not computing global stats
Using TH3 vertex volume calc
Total face volume 256864
Total vertex volume 256679 (mask=0)
Saving annotation colortable ./BA_exvivo.ctab

table columns are:
    number of vertices
    total surface area (mm^2)
    total gray matter volume (mm^3)
    average cortical thickness +- standard deviation (mm)
    integrated rectified mean curvature
    integrated rectified Gaussian curvature
    folding index
    intrinsic curvature index
    structure name

 1032    669   2163  2.415 0.531     0.135     0.029       15     1.4  BA1_exvivo
 3775   2514   6837  2.577 0.539     0.102     0.018       28     2.8  BA2_exvivo
  964    632    888  1.930 0.494     0.141     0.029       10     1.0  BA3a_exvivo
 2004   1383   3254  2.040 0.819     0.103     0.018       17     1.5  BA3b_exvivo
 1606   1003   3497  2.991 0.541     0.102     0.017       12     1.1  BA4a_exvivo
 1196    793   1818  2.433 0.558     0.089     0.018        5     0.9  BA4p_exvivo
 7702   5333  20152  3.181 0.540     0.111     0.020       65     6.3  BA6_exvivo
 1898   1284   4253  3.006 0.393     0.087     0.013       14     1.0  BA44_exvivo
 2466   1755   6198  2.994 0.572     0.114     0.021       29     2.2  BA45_exvivo
 4203   3017   4838  1.659 0.537     0.152     0.035       59     6.5  V1_exvivo
 8892   6381  15239  2.230 0.596     0.142     0.031      111    11.6  V2_exvivo
 1947   1389   4172  2.618 0.587     0.124     0.026       26     1.9  MT_exvivo
  913    615   2883  3.434 0.842     0.118     0.027        9     0.9  perirhinal_exvivo
  779    515   3330  4.023 0.627     0.102     0.022        7     0.7  entorhinal_exvivo

 mris_anatomical_stats -th3 -mgz -f ../stats/lh.BA_exvivo.thresh.stats -noglobal -b -a ./lh.BA_exvivo.thresh.annot -c ./BA_exvivo.thresh.ctab sub-v2s10x28937_ses-1 lh white 

computing statistics for each annotation in ./lh.BA_exvivo.thresh.annot.
reading volume /out/sourcedata/freesurfer/sub-v2s10x28937_ses-1/mri/wm.mgz...
reading input surface /out/sourcedata/freesurfer/sub-v2s10x28937_ses-1/surf/lh.white...
reading input pial surface /out/sourcedata/freesurfer/sub-v2s10x28937_ses-1/surf/lh.pial...
reading input white surface /out/sourcedata/freesurfer/sub-v2s10x28937_ses-1/surf/lh.white...
INFO: using TH3 volume calc
INFO: assuming MGZ format for volumes.
INFO: not computing global stats
Using TH3 vertex volume calc
Total face volume 256864
Total vertex volume 256679 (mask=0)
Saving annotation colortable ./BA_exvivo.thresh.ctab

table columns are:
    number of vertices
    total surface area (mm^2)
    total gray matter volume (mm^3)
    average cortical thickness +- standard deviation (mm)
    integrated rectified mean curvature
    integrated rectified Gaussian curvature
    folding index
    intrinsic curvature index
    structure name

  702    435   1504  2.442 0.505     0.135     0.027       11     0.9  BA1_exvivo
 1511    976   2692  2.593 0.493     0.095     0.016        9     1.1  BA2_exvivo
  815    544    698  1.897 0.441     0.150     0.030        9     0.9  BA3a_exvivo
 1285    879   1449  1.577 0.410     0.088     0.014        7     0.8  BA3b_exvivo
 1538    955   3077  2.908 0.565     0.090     0.015        8     1.0  BA4a_exvivo
  969    646   1420  2.391 0.515     0.091     0.018        4     0.7  BA4p_exvivo
 4536   3098  11738  3.149 0.527     0.111     0.020       37     3.8  BA6_exvivo
 1203    814   2773  3.009 0.377     0.085     0.013       11     0.6  BA44_exvivo
  987    704   2840  3.180 0.564     0.119     0.021        9     0.8  BA45_exvivo
 4437   3199   5313  1.677 0.543     0.150     0.034       61     6.8  V1_exvivo
 4475   3256   6727  2.037 0.518     0.153     0.034       62     6.5  V2_exvivo
  567    407   1083  2.334 0.519     0.116     0.020        8     0.5  MT_exvivo
  398    265   1421  3.671 0.691     0.130     0.030        5     0.4  perirhinal_exvivo
  493    334   2089  4.140 0.491     0.108     0.024        5     0.5  entorhinal_exvivo

Started at Sun Mar 15 10:09:20 CET 2026 
Ended   at Sun Mar 15 10:11:34 CET 2026
#@#%# recon-all-run-time-hours 0.037
recon-all -s sub-v2s10x28937_ses-1 finished without error at Sun Mar 15 10:11:34 CET 2026
