#!ascii label  , from subject sub-v2s10x28927_ses-1 vox2ras=TkReg
4652
55923  -3.646  -32.176  83.048 0.6250000000
142885  -3.598  -32.381  83.739 0.6250000000
130906  -3.704  -32.881  83.333 0.6250000000
55907  -3.348  -33.003  84.251 0.5000000000
58101  -2.505  -31.305  84.461 0.5000000000
58102  -3.071  -31.203  84.124 0.5000000000
58112  -3.318  -31.177  83.444 0.6250000000
55894  -1.056  -32.424  84.408 0.5000000000
57001  -1.334  -31.666  84.560 0.5000000000
57002  -2.290  -32.017  84.631 0.5000000000
58113  -3.421  -31.428  83.146 0.6250000000
55906  -0.378  -32.116  84.011 0.5000000000
54931  -0.978  -32.986  84.189 0.5000000000
138336  -1.580  -32.189  84.610 0.5000000000
140243  -2.651  -32.367  84.548 0.5000000000
57014  -3.427  -31.675  83.772 0.5000000000
55934  -4.035  -32.634  82.651 0.6250000000
55895  -1.543  -32.814  84.546 0.5000000000
55896  -2.103  -32.620  84.660 0.5000000000
142333  -3.226  -32.336  84.311 0.5000000000
137573  -4.846  -33.981  81.223 0.7500000000
60283  0.809  -28.974  83.160 0.7500000000
60269  -0.036  -29.232  83.551 0.7500000000
61321  -1.552  -28.990  82.687 0.7500000000
145278  -2.165  -29.529  82.752 0.7500000000
60284  -2.449  -29.742  82.312 0.6250000000
60267  2.163  -29.626  83.076 0.7500000000
60268  1.396  -29.584  83.375 0.7500000000
59163  0.086  -29.954  83.911 0.7500000000
61307  -0.895  -28.944  83.272 0.7500000000
60271  -1.654  -29.402  83.342 0.7500000000
140529  -2.264  -29.838  83.352 0.5000000000
59179  -3.100  -30.632  82.811 0.6250000000
59161  1.776  -30.124  83.339 0.7500000000
59148  0.262  -30.685  83.911 0.6250000000
58099  -0.653  -31.205  84.324 0.6250000000
59149  -0.677  -30.367  84.174 0.7500000000
60261  -1.738  -29.977  84.043 0.5000000000
59165  -2.935  -30.588  83.396 0.6250000000
59166  -3.468  -30.943  82.679 0.6250000000
153038  2.080  -30.843  82.996 0.6250000000
131735  1.363  -31.007  83.298 0.6250000000
56999  -0.221  -31.594  84.008 0.6250000000
57000  -0.848  -31.892  84.410 0.5000000000
131769  -1.882  -31.697  84.667 0.5000000000
57026  -3.660  -31.546  82.737 0.6250000000
154510  1.151  -31.251  83.281 0.5000000000
55905  0.447  -31.774  83.420 0.5000000000
54930  -0.273  -32.624  83.609 0.5000000000
57035  -4.496  -32.113  81.854 0.6250000000
130456  -4.028  -31.966  82.446 0.6250000000
55921  1.600  -31.343  83.005 0.5000000000
55922  0.568  -32.184  82.971 0.5000000000
55945  -4.642  -32.447  81.836 0.6250000000
152445  -4.316  -32.247  82.235 0.6250000000
149751  -4.711  -33.080  81.162 0.6250000000
54959  -4.861  -33.366  81.898 0.6250000000
55935  -4.525  -32.591  82.130 0.6250000000
150617  -4.340  -33.577  78.512 0.6250000000
149026  -4.698  -33.929  79.902 0.6250000000
54039  -4.434  -34.126  78.448 0.6250000000
54011  -4.808  -34.544  80.318 0.7500000000
54958  -4.441  -33.363  82.447 0.7500000000
136703  -4.565  -34.867  78.288 0.6250000000
53999  -5.025  -34.304  81.839 0.7500000000
152896  0.529  -28.526  82.662 0.7500000000
153397  -0.746  -28.457  82.107 0.7500000000
61337  -1.679  -28.956  81.698 0.7500000000
61338  -2.129  -29.311  81.661 0.7500000000
60282  1.726  -29.006  82.974 0.7500000000
61353  1.174  -28.257  81.436 0.7500000000
128439  0.019  -28.315  80.668 0.7500000000
61374  -1.200  -28.755  80.600 0.8750000000
60317  -2.312  -29.382  80.911 0.7500000000
60296  -2.491  -29.636  81.856 0.6250000000
59188  -3.301  -30.445  82.188 0.6250000000
60281  2.457  -29.085  82.736 0.7500000000
60295  2.708  -28.646  82.359 0.7500000000
61333  2.330  -28.377  82.172 0.7500000000
59232  -2.760  -30.077  79.278 0.6250000000
59206  -3.481  -30.155  80.699 0.6250000000
59189  -3.671  -30.702  82.093 0.6250000000
58111  2.907  -30.468  82.817 0.7500000000
58183  -3.309  -31.228  78.120 0.6250000000
152008  -3.831  -30.515  79.850 0.6250000000
58158  -3.822  -30.478  80.399 0.6250000000
58139  -4.127  -31.161  81.882 0.6250000000
147091  -3.388  -31.793  77.557 0.6250000000
57078  -3.610  -31.812  77.726 0.6250000000
58159  -4.207  -30.864  80.008 0.6250000000
58147  -3.984  -30.826  80.842 0.6250000000
57090  -3.683  -32.361  76.942 0.6250000000
57079  -3.906  -32.200  77.730 0.6250000000
55968  -4.565  -32.598  79.487 0.6250000000
55955  -4.616  -32.273  80.381 0.6250000000
55990  -4.284  -32.879  77.504 0.6250000000
55979  -4.365  -32.919  78.521 0.6250000000
54060  -4.943  -34.504  76.641 0.6250000000
55018  -4.639  -33.674  76.985 0.6250000000
53009  -5.219  -35.020  76.096 0.6250000000
52997  -4.674  -35.122  77.408 0.6250000000
51885  -4.800  -35.704  76.138 0.5000000000
51896  -4.403  -36.272  75.627 0.5000000000
51884  -4.180  -36.268  76.351 0.5000000000
50751  -3.737  -36.732  76.161 0.5000000000
50733  -3.252  -37.368  76.850 0.5000000000
60316  4.775  -28.493  80.174 0.7500000000
60326  4.604  -28.407  79.469 0.7500000000
61368  4.051  -28.247  79.986 0.7500000000
152253  5.247  -28.797  80.278 0.7500000000
137838  4.423  -28.406  80.723 0.7500000000
61369  3.185  -28.192  80.304 0.7500000000
61370  2.387  -28.209  80.559 0.7500000000
128758  1.866  -28.304  79.809 0.8750000000
61389  0.556  -28.526  79.208 0.8750000000
61403  -0.048  -28.745  78.797 0.7500000000
61420  -0.447  -29.055  78.408 0.7500000000
60315  5.755  -29.077  79.912 0.7500000000
59205  5.609  -29.229  80.776 0.7500000000
60304  4.980  -28.769  80.995 0.7500000000
60293  4.101  -28.892  82.046 0.8750000000
60306  3.585  -28.419  81.691 0.8750000000
61351  3.016  -28.186  81.222 0.7500000000
128762  0.716  -28.313  80.657 0.8750000000
61373  -0.493  -28.515  80.276 0.7500000000
131071  -0.949  -29.258  78.623 0.8750000000
58108  5.066  -30.925  82.797 0.8750000000
59176  4.377  -29.859  82.628 0.7500000000
60280  3.189  -29.169  82.542 0.7500000000
58191  -2.310  -30.780  77.260 0.8750000000
59244  -1.906  -29.956  78.288 0.8750000000
57011  4.353  -31.039  82.761 0.7500000000
59177  3.670  -29.755  82.709 0.7500000000
57104  -2.585  -31.776  75.887 0.7500000000
58192  -2.946  -31.298  77.690 0.8750000000
54943  4.573  -31.619  82.427 0.6250000000
57024  3.587  -31.006  82.798 0.6250000000
57012  2.752  -30.797  82.864 0.6250000000
57105  -3.358  -32.145  76.133 0.7500000000
57089  -2.753  -31.594  76.804 0.7500000000
55930  3.694  -31.613  82.255 0.6250000000
55919  3.647  -31.247  82.621 0.6250000000
55920  2.719  -31.337  82.601 0.5000000000
56040  -4.518  -32.920  74.930 0.7500000000
57106  -3.858  -32.587  76.228 0.7500000000
55942  3.662  -32.078  81.525 0.6250000000
55932  1.656  -31.686  82.504 0.5000000000
55041  -4.952  -33.392  74.439 0.6250000000
56025  -4.820  -33.149  75.776 0.6250000000
56005  -4.216  -32.826  76.256 0.6250000000
55943  2.500  -32.007  81.337 0.6250000000
55931  2.682  -31.712  82.069 0.6250000000
132095  1.643  -32.002  81.854 0.5000000000
136955  -5.347  -33.977  74.033 0.6250000000
55036  -5.224  -33.630  75.368 0.6250000000
56006  -4.491  -33.115  76.503 0.6250000000
55944  1.552  -32.351  81.157 0.3750000000
54956  0.828  -32.714  81.689 0.3750000000
53034  -5.489  -34.821  74.130 0.5000000000
53021  -5.364  -35.134  75.278 0.6250000000
148771  -5.332  -35.638  73.736 0.5000000000
50784  -4.370  -37.246  73.243 0.5000000000
131878  -4.003  -37.053  74.308 0.5000000000
51897  -4.969  -35.860  75.258 0.5000000000
151034  -3.641  -37.449  73.701 0.5000000000
49743  -2.784  -38.177  71.625 0.5000000000
60337  6.125  -28.663  78.107 0.7500000000
60364  -0.647  -29.339  77.570 0.7500000000
59217  6.429  -29.393  79.543 0.7500000000
59195  6.042  -29.846  81.267 0.6250000000
59196  5.450  -29.421  81.548 0.8750000000
58190  -1.639  -30.348  76.820 1.0000000000
59243  -1.276  -29.628  77.924 0.7500000000
59186  5.258  -29.753  82.181 0.7500000000
57126  -1.236  -32.092  74.923 0.8750000000
58209  -2.100  -31.084  76.378 0.8750000000
57009  5.659  -31.164  82.662 0.7500000000
56037  -1.656  -32.797  74.523 0.8750000000
57103  -1.730  -31.518  75.568 0.7500000000
55904  5.531  -31.456  82.656 0.8750000000
56053  -3.266  -33.222  74.061 0.7500000000
57128  -3.101  -32.348  75.353 0.7500000000
55048  -2.799  -33.875  73.433 0.7500000000
56039  -3.670  -32.780  74.756 0.7500000000
54955  4.566  -32.138  81.935 0.6250000000
55061  -4.452  -34.045  73.152 0.8750000000
56054  -4.267  -33.223  74.215 0.7500000000
54965  4.624  -32.622  81.267 0.6250000000
54083  -5.154  -34.754  72.366 0.5000000000
150172  4.014  -32.583  80.912 0.6250000000
53054  -5.504  -35.294  72.174 0.5000000000
53045  -5.436  -34.967  73.121 0.6250000000
50806  -5.016  -36.800  72.631 0.6250000000
51921  -4.908  -36.501  73.659 0.5000000000
144020  -3.932  -37.961  71.937 0.6250000000
49731  -3.751  -37.655  72.883 0.6250000000
49730  -2.853  -38.001  72.656 0.5000000000
59216  7.076  -29.795  79.177 0.6250000000
59230  6.632  -29.176  78.679 0.7500000000
58157  7.515  -30.493  79.684 0.7500000000
59204  6.236  -29.617  80.429 0.7500000000
58144  7.642  -31.063  80.482 0.6250000000
58137  7.173  -30.914  81.272 0.6250000000
59185  5.962  -30.042  81.869 0.7500000000
56036  -0.706  -32.757  74.372 1.0000000000
57102  -0.894  -31.288  75.240 1.0000000000
57033  7.199  -31.676  82.246 0.7500000000
58120  6.732  -31.431  82.375 0.7500000000
58131  6.283  -30.835  82.248 0.7500000000
56051  -1.159  -33.469  73.911 1.0000000000
55914  7.530  -32.207  82.305 0.7500000000
55915  7.106  -32.075  82.613 0.7500000000
57023  6.203  -31.506  83.056 0.7500000000
54081  -2.885  -34.607  71.989 1.0000000000
54942  5.910  -32.454  82.457 0.7500000000
55060  -3.537  -34.254  72.780 0.8750000000
149122  5.290  -32.292  82.229 0.6250000000
132486  -4.613  -34.793  71.622 1.0000000000
137450  5.305  -32.752  81.633 0.6250000000
53067  -4.995  -35.198  70.833 1.0000000000
54089  -5.273  -34.999  71.641 0.8750000000
133666  4.666  -32.952  80.577 0.6250000000
51940  -5.526  -36.176  71.951 0.6250000000
54008  5.484  -33.417  80.128 0.6250000000
50837  -5.105  -37.217  70.799 0.6250000000
50823  -4.978  -37.155  71.699 0.6250000000
50836  -4.533  -37.591  70.393 0.6250000000
50822  -4.453  -37.787  71.215 0.6250000000
49755  -3.955  -37.868  70.619 0.5000000000
48686  -2.457  -38.468  68.592 0.5000000000
48671  -2.462  -38.371  69.777 0.5000000000
48685  -1.537  -39.200  68.398 0.5000000000
58167  8.905  -31.153  78.051 0.6250000000
58179  8.405  -30.453  77.578 0.6250000000
152380  9.085  -31.514  78.591 0.6250000000
57068  8.606  -31.265  78.931 0.6250000000
55046  -0.774  -33.995  73.139 0.8750000000
55977  10.316  -32.438  78.214 0.6250000000
57067  9.198  -31.907  79.128 0.6250000000
57048  8.268  -31.763  80.495 0.5000000000
57041  8.184  -32.182  81.463 0.6250000000
55057  -0.703  -34.138  72.177 0.8750000000
55058  -1.416  -34.343  72.553 1.0000000000
134835  10.215  -32.741  79.010 0.5000000000
55951  9.406  -32.881  80.739 0.5000000000
57040  8.941  -32.829  81.396 0.5000000000
55929  8.110  -32.653  82.082 0.6250000000
54940  6.799  -32.733  82.661 0.7500000000
54941  6.498  -32.505  82.570 0.7500000000
54087  -2.422  -34.747  71.322 1.0000000000
55059  -2.343  -34.367  72.707 1.0000000000
54951  8.785  -33.243  81.907 0.5000000000
53970  7.702  -33.263  82.260 0.7500000000
53971  7.081  -33.174  82.302 0.7500000000
53983  7.136  -33.616  81.815 0.7500000000
53984  6.595  -33.475  81.580 0.6250000000
128810  -4.206  -35.093  70.760 1.0000000000
136107  7.280  -34.048  81.325 0.6250000000
53996  5.986  -33.295  81.287 0.6250000000
54097  -4.296  -35.286  69.967 1.0000000000
137272  6.007  -33.518  80.686 0.6250000000
54964  5.353  -33.126  80.943 0.6250000000
53101  -4.861  -35.712  69.127 0.8750000000
53085  -4.948  -35.473  69.865 1.0000000000
51993  -5.267  -36.174  69.700 0.7500000000
54022  5.183  -33.410  79.198 0.6250000000
50851  -5.060  -37.091  70.006 0.5000000000
49767  -3.329  -38.036  69.263 0.5000000000
55000  12.286  -33.764  78.203 0.5000000000
127872  10.986  -32.868  77.963 0.6250000000
55989  10.772  -32.482  77.308 0.6250000000
55064  -0.225  -33.709  71.549 0.8750000000
55001  11.587  -33.370  78.258 0.5000000000
55976  10.774  -33.084  78.699 0.5000000000
54094  -1.706  -34.558  71.049 1.0000000000
54020  11.689  -34.126  79.846 0.5000000000
54987  11.240  -33.621  79.219 0.5000000000
55965  10.459  -33.321  79.650 0.5000000000
139737  9.465  -33.234  81.336 0.5000000000
55940  9.175  -33.260  81.657 0.5000000000
54103  -2.539  -34.608  69.732 0.8750000000
54095  -2.504  -34.764  70.554 1.0000000000
54006  12.021  -34.655  80.605 0.5000000000
54962  10.750  -34.327  81.255 0.5000000000
54963  10.253  -33.847  81.286 0.5000000000
54950  9.475  -33.748  81.749 0.5000000000
53981  8.418  -34.025  82.049 0.7500000000
152581  7.629  -34.120  81.598 0.7500000000
53994  11.462  -34.842  81.292 0.3750000000
52943  10.512  -34.833  81.648 0.5000000000
53979  9.785  -34.469  81.736 0.3750000000
132292  8.847  -34.801  81.716 0.5000000000
147666  8.618  -35.204  81.434 0.5000000000
54104  -2.856  -34.597  69.024 1.0000000000
53995  6.752  -33.898  80.897 0.6250000000
141447  -3.571  -35.094  69.187 1.0000000000
54105  -4.208  -35.351  68.972 1.0000000000
54007  6.428  -33.921  80.166 0.6250000000
54021  6.108  -33.829  79.354 0.6250000000
51992  -4.985  -36.162  68.958 0.7500000000
50850  -4.488  -37.420  69.705 0.5000000000
50869  -4.339  -37.131  68.173 0.5000000000
49783  -4.084  -37.612  68.953 0.5000000000
49782  -3.391  -38.048  68.310 0.5000000000
137832  -3.836  -37.639  68.030 0.5000000000
50886  -3.888  -37.398  67.328 0.5000000000
49797  -3.400  -38.048  67.314 0.5000000000
150860  -2.876  -38.381  67.754 0.5000000000
49796  -2.645  -38.512  67.084 0.3750000000
139244  -2.039  -38.761  67.660 0.5000000000
48711  -2.179  -38.740  66.457 0.3750000000
48724  -2.303  -38.502  65.804 0.3750000000
48736  -2.067  -38.547  65.107 0.3750000000
56087  0.145  -33.243  70.914 0.8750000000
55072  -1.287  -34.044  70.466 0.8750000000
56105  -1.168  -33.216  70.031 0.8750000000
54028  17.234  -34.867  78.680 0.3750000000
54029  16.580  -34.981  78.264 0.3750000000
149038  16.316  -34.463  77.584 0.3750000000
54045  14.393  -34.490  77.401 0.3750000000
150213  13.215  -34.347  78.185 0.3750000000
54033  12.647  -34.233  78.585 0.3750000000
54003  18.151  -34.435  79.896 0.2500000000
52964  17.589  -35.242  79.406 0.2500000000
52982  15.941  -35.577  78.677 0.3750000000
52983  15.012  -35.493  78.647 0.2500000000
150198  14.028  -35.280  78.907 0.2500000000
130653  13.229  -34.712  78.847 0.3750000000
54019  12.511  -34.552  79.600 0.5000000000
56106  -1.770  -33.488  69.718 0.8750000000
55073  -1.957  -34.375  70.071 0.8750000000
52965  16.999  -36.051  79.594 0.2500000000
51850  15.279  -36.628  79.998 0.2500000000
146611  14.552  -35.715  79.309 0.2500000000
52968  13.897  -35.782  79.930 0.2500000000
54005  12.737  -35.123  80.554 0.3750000000
53993  12.211  -35.330  81.255 0.3750000000
55079  -2.291  -33.833  69.139 0.8750000000
51849  16.378  -36.711  80.078 0.2500000000
51824  14.614  -37.255  80.540 0.2500000000
51837  14.492  -36.970  80.588 0.2500000000
51838  13.685  -36.692  80.847 0.2500000000
52941  12.336  -36.139  81.410 0.3750000000
51813  11.074  -35.836  81.688 0.5000000000
137565  9.501  -36.115  81.454 0.5000000000
51816  9.225  -35.490  81.544 0.5000000000
52944  8.129  -35.240  81.084 0.5000000000
52953  7.908  -35.457  80.454 0.5000000000
137315  12.147  -36.639  81.400 0.3750000000
50672  11.599  -37.025  81.353 0.5000000000
50674  9.848  -37.253  80.962 0.5000000000
129253  9.339  -36.630  81.147 0.5000000000
51840  8.667  -36.524  80.636 0.5000000000
51841  8.247  -35.953  80.807 0.5000000000
52954  7.249  -34.562  80.310 0.6250000000
51839  9.085  -37.184  80.388 0.5000000000
141109  8.491  -36.934  79.842 0.5000000000
147629  8.156  -36.576  79.478 0.3750000000
52970  7.538  -35.158  79.767 0.5000000000
52971  6.942  -34.486  79.520 0.6250000000
54115  -3.336  -34.547  68.307 1.0000000000
145933  -4.497  -35.534  68.500 0.8750000000
52985  6.652  -34.312  78.614 0.6250000000
152790  -4.772  -35.849  68.542 0.8750000000
52011  -4.686  -36.351  68.162 0.7500000000
137835  -4.321  -36.794  67.328 0.6250000000
153028  -3.947  -37.122  66.710 0.6250000000
50900  -3.747  -37.032  66.081 0.5000000000
140125  -2.938  -37.866  65.968 0.3750000000
49819  -2.623  -37.870  65.395 0.3750000000
50927  -2.812  -37.263  65.052 0.5000000000
50940  -2.741  -36.750  64.597 0.3750000000
49829  -2.338  -37.949  64.827 0.3750000000
49836  -2.009  -38.071  64.442 0.2500000000
53992  18.482  -34.300  82.260 0.2500000000
53991  18.552  -34.708  81.634 0.2500000000
54970  18.268  -33.644  80.516 0.3750000000
129467  -1.726  -32.610  69.580 0.8750000000
56104  -0.440  -32.956  70.244 0.8750000000
52948  18.393  -35.591  81.396 0.2500000000
54002  18.384  -34.586  80.857 0.2500000000
51823  17.423  -37.283  81.286 0.2500000000
51835  17.418  -36.838  80.987 0.2500000000
52949  18.074  -35.330  80.342 0.2500000000
147737  -2.163  -32.408  69.155 0.8750000000
50666  17.575  -37.487  81.391 0.2500000000
50667  16.556  -37.508  80.842 0.2500000000
51836  16.733  -37.195  80.747 0.2500000000
49583  16.968  -38.039  80.930 0.2500000000
49584  15.899  -38.102  80.588 0.3750000000
50668  15.489  -37.541  80.596 0.2500000000
50669  13.980  -37.258  80.653 0.3750000000
49570  12.015  -37.663  80.973 0.3750000000
50671  12.791  -36.782  81.205 0.3750000000
56122  -2.525  -32.800  68.612 1.0000000000
48516  17.609  -38.385  80.661 0.3750000000
48517  16.717  -38.335  80.370 0.5000000000
144024  15.966  -38.407  80.095 0.6250000000
48519  14.328  -38.411  80.055 0.5000000000
48520  13.647  -38.377  80.119 0.5000000000
49588  12.470  -38.157  80.458 0.5000000000
50681  10.339  -37.822  80.524 0.5000000000
55087  -2.759  -33.657  68.387 1.0000000000
48561  15.335  -38.674  78.709 0.7500000000
48562  13.912  -38.872  78.762 0.3750000000
132993  12.523  -38.960  79.168 0.5000000000
49605  11.265  -38.687  79.437 0.6250000000
49606  10.460  -38.599  79.086 0.6250000000
50690  9.358  -38.063  79.053 0.6250000000
51860  8.851  -37.592  78.442 0.6250000000
51862  7.977  -36.419  78.913 0.3750000000
52984  7.441  -35.395  78.818 0.5000000000
56138  -2.774  -32.557  68.134 1.0000000000
48583  13.339  -39.003  77.610 0.5000000000
48564  12.632  -39.158  78.300 0.6250000000
132069  11.695  -38.978  77.877 0.6250000000
49643  10.892  -38.544  77.558 0.6250000000
49629  10.278  -38.439  78.202 0.6250000000
51861  8.284  -36.950  78.293 0.6250000000
51871  7.897  -36.190  78.140 0.3750000000
54116  -3.905  -35.095  68.003 1.0000000000
134371  -3.393  -34.251  67.435 1.0000000000
149984  10.070  -38.047  77.304 0.6250000000
50730  9.581  -37.440  76.782 0.6250000000
51869  8.867  -37.186  77.089 0.5000000000
130794  -3.746  -34.915  67.194 0.8750000000
136249  -3.289  -34.177  66.788 0.8750000000
146082  -2.911  -33.591  66.528 0.8750000000
51879  9.156  -36.864  76.385 0.5000000000
51880  8.491  -36.567  76.795 0.3750000000
52993  7.478  -35.536  77.887 0.5000000000
130372  -4.335  -36.083  67.124 0.7500000000
53127  -3.947  -35.430  66.831 0.7500000000
55107  -2.940  -34.247  66.249 0.8750000000
55117  -2.647  -33.793  65.795 0.8750000000
149654  8.156  -35.963  76.486 0.2500000000
151391  -3.533  -35.292  66.273 0.7500000000
129045  -3.027  -34.968  66.100 0.7500000000
55130  -2.542  -33.896  65.213 0.6250000000
55147  -2.565  -34.229  64.735 0.6250000000
53014  8.042  -35.620  75.679 0.3750000000
53140  -3.872  -35.855  66.256 0.6250000000
137898  -3.252  -35.436  65.815 0.6250000000
54177  -2.647  -34.853  64.877 0.6250000000
54176  -2.610  -34.423  64.259 0.6250000000
52022  -4.098  -36.565  66.521 0.6250000000
53155  -3.550  -35.878  65.719 0.6250000000
53171  -3.122  -35.652  65.338 0.6250000000
53170  -2.897  -35.600  64.778 0.6250000000
53187  -2.720  -35.086  64.326 0.6250000000
50914  -3.465  -36.787  65.551 0.6250000000
52050  -3.440  -36.201  65.406 0.6250000000
134540  -2.840  -35.644  64.302 0.5000000000
53186  -2.704  -35.473  63.936 0.5000000000
53205  -2.514  -35.000  63.653 0.5000000000
154134  -3.170  -37.002  65.321 0.6250000000
50928  -3.135  -36.590  65.060 0.6250000000
52065  -2.656  -36.163  64.087 0.3750000000
53185  -2.268  -35.638  63.592 0.5000000000
50939  -2.357  -36.996  64.259 0.2500000000
52064  -2.100  -36.552  63.839 0.2500000000
50938  -1.854  -37.428  63.993 0.2500000000
53977  18.751  -35.212  82.235 0.2500000000
57199  -2.091  -31.587  69.587 0.7500000000
53978  18.610  -34.574  82.912 0.2500000000
57200  -2.619  -31.015  69.470 0.8750000000
50663  18.430  -37.231  81.994 0.1250000000
57216  -2.661  -31.644  68.743 0.8750000000
49582  17.797  -38.123  81.358 0.2500000000
135254  -2.871  -30.947  68.570 0.8750000000
47516  17.457  -38.510  79.907 0.6250000000
48535  16.556  -38.499  79.658 0.6250000000
48536  15.604  -38.551  79.472 0.6250000000
57235  -2.806  -31.746  68.123 0.8750000000
57253  -2.802  -31.470  67.653 0.7500000000
58311  -2.779  -30.667  67.479 0.7500000000
59369  -2.721  -30.068  67.025 0.7500000000
47538  18.246  -38.538  79.092 0.7500000000
47539  17.389  -38.531  79.130 0.7500000000
48560  16.323  -38.564  78.891 0.7500000000
130926  14.561  -38.793  78.547 0.7500000000
56139  -2.834  -32.427  67.613 0.8750000000
130396  -2.756  -32.006  66.914 0.7500000000
57273  -2.680  -31.380  66.915 0.7500000000
58318  -2.643  -30.766  66.782 0.7500000000
58317  -2.565  -30.356  66.096 0.7500000000
48598  15.638  -38.648  77.408 0.6250000000
48599  14.915  -38.681  77.257 0.6250000000
135180  14.178  -38.918  77.960 0.6250000000
134336  11.629  -38.559  76.981 0.5000000000
55097  -2.918  -33.264  67.073 0.8750000000
56153  -2.804  -32.363  67.150 0.7500000000
128136  -2.578  -32.101  66.263 0.7500000000
57296  -2.549  -31.249  66.221 0.7500000000
58331  -2.439  -31.039  65.479 0.7500000000
48600  14.080  -38.705  77.043 0.6250000000
49661  13.245  -38.567  76.736 0.6250000000
49662  12.389  -38.326  76.458 0.5000000000
49644  10.885  -38.147  76.734 0.5000000000
50729  10.329  -37.626  76.438 0.6250000000
56167  -2.713  -32.826  66.561 0.8750000000
57295  -2.423  -31.741  65.705 0.8750000000
50747  9.915  -37.025  76.061 0.3750000000
51893  8.730  -36.196  76.068 0.3750000000
152974  -2.756  -33.505  66.190 0.8750000000
56181  -2.400  -32.482  65.552 0.8750000000
57314  -2.273  -31.781  64.994 0.8750000000
51892  9.448  -36.455  75.652 0.6250000000
147970  -2.469  -33.260  65.479 0.7500000000
56218  -2.453  -33.464  64.580 0.7500000000
142424  -2.343  -32.248  64.402 0.7500000000
53027  9.063  -35.639  74.216 0.2500000000
51905  8.874  -35.892  75.213 0.3750000000
55146  -2.526  -33.722  64.154 0.6250000000
55164  -2.511  -33.911  63.574 0.6250000000
54195  -2.598  -34.569  63.814 0.5000000000
53204  -2.059  -34.920  63.194 0.3750000000
149743  -1.627  -36.083  63.492 0.1250000000
140074  -1.387  -36.979  63.679 0.1250000000
52930  18.733  -34.738  83.222 0.1250000000
51811  19.069  -36.381  82.552 0.1250000000
49553  18.793  -37.465  82.091 0.2500000000
58287  -3.079  -30.195  69.970 0.7500000000
150146  19.084  -38.523  80.435 0.3750000000
48515  18.447  -38.429  80.955 0.2500000000
57201  -2.996  -30.588  69.331 0.8750000000
58298  -3.196  -30.195  69.068 0.8750000000
48534  19.419  -38.481  79.133 0.5000000000
47524  18.774  -38.553  79.405 0.6250000000
59356  -3.247  -29.766  68.687 0.8750000000
58305  -2.971  -30.459  68.286 0.8750000000
59363  -2.984  -29.825  67.924 0.8750000000
48559  17.988  -38.538  78.528 0.7500000000
132084  17.055  -38.543  78.333 0.6250000000
48597  16.395  -38.590  77.152 0.6250000000
59355  -3.077  -29.045  68.031 0.7500000000
59362  -2.788  -29.232  67.248 0.7500000000
49659  15.737  -38.510  76.565 0.6250000000
49660  14.797  -38.427  76.458 0.6250000000
131835  14.004  -38.252  76.230 0.6250000000
140413  -2.487  -30.272  65.215 0.7500000000
49674  16.305  -38.312  75.699 0.6250000000
49675  15.390  -38.205  75.776 0.6250000000
153271  14.642  -38.048  75.807 0.6250000000
49677  13.173  -37.931  75.868 0.6250000000
49678  12.263  -37.793  75.735 0.5000000000
50745  11.483  -37.443  75.547 0.5000000000
50746  10.657  -37.221  75.754 0.5000000000
58348  -2.420  -30.728  64.675 0.7500000000
137690  14.919  -37.803  75.030 0.6250000000
49692  14.124  -37.541  74.618 0.5000000000
49694  12.770  -37.563  75.270 0.5000000000
50744  12.212  -37.312  75.091 0.5000000000
51891  10.206  -36.673  75.293 0.5000000000
57331  -2.395  -31.260  64.206 0.7500000000
51903  10.469  -36.352  74.489 0.5000000000
51904  9.683  -36.125  74.825 0.6250000000
132184  -2.403  -30.819  63.549 0.7500000000
57352  -2.401  -31.773  63.824 0.7500000000
149192  -2.366  -31.319  63.348 0.6250000000
140562  -2.502  -33.192  63.651 0.6250000000
51918  9.667  -35.655  73.410 0.2500000000
132212  -2.098  -32.267  62.887 0.5000000000
55163  -2.160  -33.728  62.920 0.3750000000
56235  -1.877  -32.956  62.746 0.3750000000
54194  -2.305  -34.413  63.289 0.5000000000
55161  -0.759  -33.565  62.935 0.1250000000
54192  -1.231  -34.126  62.854 0.1250000000
54193  -1.832  -34.279  62.865 0.3750000000
53203  -1.292  -34.821  63.069 0.1250000000
148073  -1.718  -35.400  63.272 0.2500000000
54175  -0.532  -34.290  63.160 0.1250000000
140560  -1.058  -35.625  63.304 0.1250000000
52063  -0.839  -36.410  63.454 0.1250000000
51806  20.145  -36.272  82.874 0.2500000000
140173  19.587  -36.157  82.892 0.1250000000
49561  20.678  -37.271  81.660 0.5000000000
50655  19.855  -36.585  82.687 0.1250000000
58288  -3.283  -29.919  69.774 0.7500000000
49602  20.521  -37.831  79.709 0.5000000000
48514  19.727  -38.400  80.241 0.5000000000
59348  -3.416  -29.561  69.390 0.8750000000
60483  -3.409  -29.057  68.795 0.7500000000
61608  -3.478  -28.186  69.148 0.7500000000
49625  20.423  -37.846  78.840 0.5000000000
48557  19.940  -38.304  78.781 0.5000000000
60482  -3.213  -28.252  68.240 0.8750000000
50699  20.723  -37.347  78.954 0.6250000000
49639  20.176  -37.780  77.934 0.6250000000
48579  19.613  -38.296  78.083 0.7500000000
48581  17.699  -38.528  77.779 0.6250000000
60505  -2.634  -28.580  66.470 0.7500000000
52992  21.100  -35.564  78.172 0.6250000000
133309  19.977  -36.866  76.454 0.7500000000
49655  19.299  -37.836  76.647 0.7500000000
49656  18.438  -38.222  76.478 0.7500000000
49658  16.742  -38.471  76.326 0.6250000000
143931  -2.555  -29.022  65.976 0.7500000000
55009  21.510  -33.404  78.117 0.7500000000
54043  21.136  -34.555  77.918 0.7500000000
142847  20.709  -35.944  77.500 0.7500000000
49671  19.564  -36.914  75.814 0.8750000000
146187  18.679  -37.748  75.825 0.7500000000
144479  17.949  -38.082  75.679 0.6250000000
141379  16.739  -38.044  74.947 0.6250000000
49691  15.862  -38.006  75.017 0.6250000000
145223  -2.460  -28.931  63.929 0.8750000000
60523  -2.457  -28.798  64.672 0.8750000000
55008  22.432  -32.732  78.546 0.7500000000
54056  20.673  -34.518  76.962 0.7500000000
51889  20.224  -35.404  75.681 0.7500000000
50743  19.821  -36.338  75.584 0.7500000000
137377  18.827  -37.270  75.141 0.7500000000
139488  17.537  -37.882  74.987 0.7500000000
135373  16.272  -37.992  74.214 0.6250000000
149022  15.492  -37.872  74.361 0.6250000000
49710  14.805  -37.620  73.969 0.6250000000
50760  13.474  -37.242  74.269 0.5000000000
50780  12.167  -36.896  74.419 0.5000000000
50762  11.685  -36.963  74.888 0.5000000000
59411  -2.377  -29.511  62.688 0.6250000000
58389  -2.466  -29.926  63.196 0.7500000000
55985  23.001  -31.912  77.831 0.7500000000
55023  21.337  -32.925  77.620 0.7500000000
54063  20.400  -34.416  76.037 0.7500000000
53013  20.446  -35.056  76.250 0.7500000000
51901  19.970  -35.675  75.257 0.7500000000
129766  18.639  -37.007  74.331 0.6250000000
49707  17.450  -37.473  73.489 0.8750000000
49708  16.643  -37.806  73.431 0.6250000000
50779  12.811  -36.818  73.840 0.5000000000
145216  12.045  -36.588  73.773 0.6250000000
51902  11.362  -36.566  74.193 0.3750000000
51917  10.589  -36.008  73.517 0.5000000000
58412  -2.204  -29.858  62.435 0.5000000000
58388  -2.372  -30.479  62.950 0.5000000000
55998  22.265  -31.884  77.462 0.6250000000
49705  18.498  -36.465  73.519 0.5000000000
49722  17.582  -37.009  72.944 0.6250000000
49724  16.016  -37.733  72.744 0.5000000000
50776  15.077  -37.575  73.003 0.5000000000
50777  14.332  -37.234  73.268 0.5000000000
50778  13.638  -36.958  73.526 0.5000000000
51916  11.541  -36.236  73.251 0.5000000000
58387  -1.957  -30.703  62.572 0.5000000000
57351  -2.179  -31.407  62.967 0.6250000000
51933  13.378  -36.347  72.102 0.2500000000
51915  12.359  -36.405  73.144 0.3750000000
51936  10.933  -35.795  72.412 0.3750000000
51937  10.132  -35.644  72.770 0.2500000000
148023  0.147  -29.954  62.126 0.1250000000
138115  -0.055  -30.642  62.410 0.3750000000
58386  -1.079  -30.913  62.428 0.3750000000
57350  -1.738  -31.546  62.661 0.2500000000
51954  12.545  -35.893  71.685 0.2500000000
51935  11.943  -36.038  72.441 0.2500000000
58385  0.676  -31.077  62.693 0.1250000000
57348  -0.253  -31.575  62.717 0.3750000000
57349  -1.117  -31.785  62.600 0.2500000000
131552  -1.597  -32.240  62.669 0.3750000000
148993  2.210  -30.550  62.644 0.1250000000
58384  1.500  -30.740  62.678 0.1250000000
57347  1.312  -31.427  63.058 0.1250000000
56233  0.148  -32.325  63.125 0.1250000000
56234  -0.931  -32.639  62.743 0.1250000000
55162  -1.527  -33.582  62.739 0.2500000000
131788  2.079  -31.118  63.028 0.1250000000
57330  1.925  -31.842  63.393 0.1250000000
56232  1.056  -32.151  63.350 0.1250000000
56215  0.637  -32.933  63.437 0.1250000000
56216  -0.188  -33.008  63.199 0.1250000000
56214  1.738  -32.835  63.625 0.1250000000
55145  0.084  -33.649  63.351 0.1250000000
53975  22.599  -34.170  82.257 0.6250000000
52928  21.697  -35.236  82.330 0.6250000000
50659  20.718  -36.514  82.273 0.5000000000
53990  22.313  -34.888  81.242 0.6250000000
52937  21.929  -35.333  81.727 0.6250000000
141812  21.128  -36.803  81.383 0.5000000000
152976  21.979  -34.844  79.768 0.5000000000
52962  21.866  -35.498  80.075 0.7500000000
142975  21.061  -37.134  80.163 0.5000000000
144082  22.302  -34.069  79.839 0.6250000000
51859  21.173  -36.236  78.792 0.7500000000
141247  20.837  -36.825  78.614 0.6250000000
61624  -2.938  -27.513  67.603 0.8750000000
54042  21.681  -33.940  78.696 0.6250000000
52979  21.636  -35.295  79.346 0.6250000000
50714  20.274  -37.180  77.424 0.7500000000
140139  -2.522  -27.789  65.825 0.7500000000
55974  23.676  -31.996  78.271 0.7500000000
54984  22.373  -33.501  79.222 0.6250000000
60538  -2.502  -28.160  62.617 0.7500000000
61679  -2.480  -27.377  64.033 0.7500000000
135625  -2.480  -28.179  63.924 0.8750000000
60515  -2.501  -28.588  65.541 0.7500000000
61749  -0.899  -27.142  61.276 0.2500000000
61726  -1.334  -27.907  61.437 0.1250000000
60557  -2.702  -27.800  62.120 0.5000000000
60528  -2.412  -28.535  63.271 0.7500000000
55997  24.229  -31.328  76.508 0.6250000000
145554  23.429  -31.476  77.191 0.6250000000
60573  0.663  -27.876  61.239 0.1250000000
142357  -0.780  -28.666  61.551 0.1250000000
60556  -2.403  -28.606  61.967 0.5000000000
137927  24.802  -31.446  76.445 0.5000000000
60553  1.232  -28.550  61.489 0.1250000000
60554  0.248  -28.640  61.543 0.1250000000
58410  -0.695  -30.071  62.081 0.1250000000
60552  2.099  -28.453  61.263 0.1250000000
153852  1.882  -29.123  61.790 0.1250000000
58411  -1.617  -30.057  62.158 0.3750000000
59455  3.404  -28.868  61.251 0.1250000000
59456  2.672  -28.947  61.544 0.1250000000
58408  1.811  -29.972  62.254 0.1250000000
58409  0.829  -30.288  62.372 0.2500000000
59434  3.181  -29.446  61.833 0.1250000000
58407  2.811  -30.121  62.336 0.1250000000
59480  4.929  -28.718  60.436 0.1250000000
59433  3.929  -29.354  61.575 0.1250000000
58382  3.452  -30.551  62.635 0.1250000000
57345  3.465  -31.188  63.095 0.1250000000
142328  23.175  -33.702  81.667 0.6250000000
53966  22.585  -33.977  82.736 0.5000000000
54969  23.397  -33.510  80.944 0.5000000000
52927  22.485  -34.513  81.754 0.6250000000
151838  23.395  -33.201  80.344 0.5000000000
53989  22.810  -34.224  81.130 0.6250000000
145170  -2.938  -26.022  67.680 0.8750000000
62655  -2.936  -26.672  67.713 0.8750000000
54983  23.874  -32.636  79.786 0.5000000000
151717  -2.583  -26.457  66.511 0.8750000000
130449  -2.709  -26.912  66.996 0.8750000000
54996  23.306  -32.670  79.088 0.7500000000
62723  -2.490  -26.305  62.297 0.6250000000
62707  -2.480  -26.824  63.315 0.7500000000
61661  -2.491  -27.069  65.095 0.8750000000
136519  -2.548  -27.030  66.178 0.7500000000
55973  24.460  -32.107  78.770 0.7500000000
62738  -2.381  -26.254  62.031 0.5000000000
61729  -2.721  -26.938  62.178 0.5000000000
61691  -2.478  -27.612  63.079 0.7500000000
55984  24.657  -31.712  77.852 0.6250000000
61748  1.084  -27.135  60.877 0.1250000000
137476  0.112  -27.121  61.171 0.1250000000
61727  -1.833  -27.129  61.468 0.3750000000
61728  -2.512  -27.059  61.813 0.5000000000
55996  24.232  -31.489  77.291 0.6250000000
61770  2.613  -27.354  60.217 0.1250000000
56014  24.900  -31.507  75.660 0.3750000000
61747  1.925  -27.256  60.539 0.1250000000
56030  25.378  -31.645  74.495 0.5000000000
60593  3.049  -27.884  60.348 0.1250000000
60571  2.853  -28.408  60.930 0.1250000000
60592  3.740  -27.794  59.889 0.1250000000
60570  3.561  -28.360  60.586 0.1250000000
139382  5.306  -27.190  58.454 0.1250000000
60613  5.066  -27.601  59.037 0.1250000000
60591  4.578  -28.027  59.720 0.1250000000
59454  4.127  -28.808  60.911 0.1250000000
61801  5.713  -26.862  57.988 0.1250000000
55946  24.966  -32.085  80.805 0.6250000000
55925  24.432  -32.440  81.998 0.3750000000
55947  24.925  -32.116  80.172 0.5000000000
144356  24.450  -32.517  80.768 0.6250000000
55962  25.430  -31.892  79.486 0.6250000000
153257  24.391  -32.438  80.195 0.6250000000
55971  25.777  -31.754  78.862 0.6250000000
55963  24.769  -32.208  79.530 0.6250000000
62706  -2.484  -26.249  62.777 0.7500000000
55982  25.998  -31.548  77.537 0.5000000000
55983  25.279  -31.739  77.982 0.7500000000
63679  -1.127  -25.638  61.379 0.2500000000
55995  26.107  -31.514  76.622 0.6250000000
147449  25.690  -31.605  77.449 0.5000000000
62754  0.509  -26.305  60.819 0.1250000000
152851  -0.824  -26.053  61.269 0.1250000000
61750  -1.347  -26.373  61.411 0.2500000000
133361  26.246  -31.569  75.960 0.6250000000
56012  25.732  -31.613  75.646 0.6250000000
61771  1.600  -26.433  60.354 0.1250000000
56029  25.795  -31.545  74.947 0.6250000000
63712  4.079  -26.054  58.751 0.1250000000
63692  3.626  -25.526  59.221 0.1250000000
132240  2.865  -26.853  59.745 0.1250000000
153527  25.694  -31.699  73.490 0.5000000000
61788  3.969  -26.731  58.845 0.1250000000
136029  3.157  -27.394  59.908 0.1250000000
61768  4.202  -27.389  59.179 0.1250000000
61787  4.616  -27.035  58.624 0.1250000000
62817  5.477  -26.296  57.987 0.1250000000
153763  24.975  -31.816  81.927 0.6250000000
55924  24.956  -31.998  81.411 0.6250000000
152768  26.256  -30.880  79.900 0.6250000000
57037  25.387  -31.553  80.833 0.6250000000
58152  26.460  -30.857  79.463 0.6250000000
57063  26.556  -31.077  78.801 0.6250000000
57064  26.099  -31.536  78.485 0.6250000000
63667  -2.178  -25.569  61.968 0.5000000000
63677  0.415  -25.525  60.801 0.1250000000
57073  26.362  -31.285  77.266 0.6250000000
57114  26.802  -31.333  74.733 0.7500000000
56028  26.325  -31.566  74.522 0.6250000000
57163  27.265  -30.937  72.558 0.6250000000
62774  2.416  -26.231  59.782 0.1250000000
62753  1.114  -25.790  60.476 0.1250000000
56061  25.874  -31.716  72.733 0.5000000000
63693  2.778  -25.598  59.627 0.1250000000
58125  25.572  -30.737  81.554 0.6250000000
57027  25.341  -31.388  81.475 0.6250000000
59190  26.291  -29.744  80.676 0.6250000000
143025  25.725  -30.931  80.931 0.6250000000
137351  26.519  -29.910  80.187 0.6250000000
135370  26.762  -30.394  79.291 0.6250000000
58164  26.948  -30.453  78.659 0.7500000000
58175  26.717  -30.972  78.012 0.6250000000
57083  26.838  -30.879  77.094 0.6250000000
57095  27.173  -30.746  76.014 0.6250000000
58239  27.533  -30.595  73.865 0.6250000000
58240  27.416  -30.751  73.269 0.6250000000
132835  27.355  -30.529  71.653 0.3750000000
57210  27.144  -30.306  69.722 0.2500000000
131596  4.030  -24.871  59.431 0.1250000000
64627  3.198  -24.985  59.686 0.1250000000
59198  26.815  -29.684  79.708 0.6250000000
59226  27.066  -29.796  79.135 0.7500000000
58163  27.246  -29.791  78.545 0.7500000000
59250  27.490  -29.590  76.787 0.6250000000
139769  27.453  -30.131  76.156 0.6250000000
58221  27.520  -30.417  74.481 0.7500000000
134290  27.096  -29.343  72.873 0.7500000000
59313  27.190  -29.800  71.605 0.5000000000
59302  27.218  -29.746  72.606 0.5000000000
60417  26.893  -29.278  71.265 0.3750000000
60438  26.446  -28.803  70.266 0.2500000000
59343  27.051  -29.755  69.235 0.2500000000
60458  26.512  -29.051  69.172 0.2500000000
61620  25.718  -28.973  68.227 0.2500000000
61376  27.453  -28.079  78.984 0.7500000000
60333  27.469  -28.999  78.431 0.7500000000
60369  27.478  -28.874  75.644 0.7500000000
59281  27.435  -29.481  74.045 0.8750000000
59266  27.520  -29.556  75.673 0.7500000000
60404  26.972  -29.302  72.153 0.6250000000
60405  26.674  -28.748  71.900 0.3750000000
61567  26.010  -28.548  69.522 0.2500000000
61597  25.410  -27.844  69.096 0.2500000000
61621  24.914  -28.095  67.999 0.1250000000
61639  24.401  -27.804  67.324 0.1250000000
62666  24.403  -27.235  67.776 0.3750000000
61640  23.919  -27.456  66.766 0.1250000000
61395  27.600  -27.770  78.474 0.6250000000
137010  27.550  -28.153  77.161 0.7500000000
61456  27.017  -28.031  74.625 0.8750000000
61471  26.901  -28.442  73.727 0.8750000000
61491  26.433  -28.020  72.536 0.7500000000
62565  25.927  -27.167  72.281 0.5000000000
61544  26.040  -28.254  70.111 0.3750000000
62607  25.472  -27.496  69.764 0.3750000000
62621  24.868  -26.797  69.187 0.3750000000
62642  24.737  -27.242  68.463 0.2500000000
62679  23.549  -26.643  66.390 0.1250000000
137674  27.705  -27.143  78.319 0.6250000000
61410  27.722  -27.393  77.748 0.6250000000
61426  27.525  -27.393  76.752 0.6250000000
61427  27.181  -27.535  75.684 0.8750000000
62543  26.717  -27.191  74.952 0.8750000000
137671  26.179  -27.210  73.316 0.8750000000
62578  25.864  -27.348  71.406 0.3750000000
62594  25.598  -27.209  70.616 0.3750000000
63567  25.150  -26.199  70.977 0.3750000000
63575  24.906  -26.311  69.969 0.3750000000
62622  24.326  -26.184  68.588 0.3750000000
62643  24.115  -26.404  67.923 0.3750000000
62667  23.887  -26.677  67.187 0.2500000000
62511  27.960  -26.561  77.955 0.6250000000
62533  26.939  -26.732  75.704 0.8750000000
62544  26.267  -26.794  74.326 1.0000000000
63549  25.817  -26.313  73.828 1.0000000000
151407  25.458  -26.370  72.312 0.6250000000
62553  25.649  -26.424  72.985 1.0000000000
62579  25.511  -26.624  71.673 0.6250000000
63568  24.672  -25.360  71.253 0.5000000000
63585  24.303  -25.320  69.672 0.5000000000
141734  24.081  -25.147  69.072 0.3750000000
141286  23.865  -25.650  68.101 0.2500000000
63606  23.647  -25.533  67.371 0.2500000000
63623  23.503  -25.747  66.621 0.1250000000
139420  28.102  -25.950  78.150 0.6250000000
133302  27.534  -25.965  76.852 0.7500000000
63530  26.928  -25.891  76.159 0.7500000000
63539  25.950  -25.959  74.724 1.0000000000
63540  25.493  -25.497  74.206 1.0000000000
151533  24.707  -24.958  72.809 1.0000000000
63576  24.555  -25.434  70.444 0.5000000000
153928  24.309  -24.815  70.837 0.5000000000
64524  23.862  -24.587  69.297 0.3750000000
64534  23.753  -24.663  68.622 0.2500000000
63518  26.754  -24.939  76.190 0.6250000000
63531  26.293  -25.516  75.533 0.8750000000
64495  25.699  -25.110  75.076 1.0000000000
64496  25.214  -24.620  74.507 0.8750000000
65402  24.794  -24.209  73.937 1.0000000000
64503  24.554  -24.298  73.215 0.8750000000
64514  24.312  -24.584  71.557 0.6250000000
154451  24.007  -24.533  70.145 0.5000000000
65430  23.649  -23.716  69.563 0.3750000000
64472  27.794  -24.233  77.333 0.5000000000
64479  27.233  -24.253  76.668 0.5000000000
65384  26.230  -23.280  76.086 0.7500000000
64488  25.658  -24.144  75.435 1.0000000000
65390  24.992  -23.606  74.613 0.8750000000
65403  24.544  -23.381  73.613 0.8750000000
65417  24.082  -23.569  71.907 0.7500000000
66410  24.073  -22.481  71.686 0.6250000000
133643  23.934  -24.057  70.988 0.6250000000
140761  23.719  -23.445  70.403 0.6250000000
65379  27.582  -23.573  77.086 0.5000000000
145840  26.972  -23.625  76.568 0.6250000000
65380  27.199  -22.833  76.812 0.6250000000
64480  26.490  -24.170  76.141 0.6250000000
65385  25.468  -23.275  75.374 0.8750000000
65391  24.783  -22.848  74.197 0.7500000000
66389  24.634  -22.494  73.604 0.8750000000
65411  24.332  -22.653  72.740 0.6250000000
66366  27.918  -22.212  77.480 0.3750000000
67389  27.719  -21.381  77.350 0.3750000000
66367  27.153  -21.768  76.809 0.5000000000
138211  25.834  -21.766  75.673 0.6250000000
67403  25.331  -21.861  74.987 0.7500000000
66388  24.935  -22.116  74.193 0.7500000000
67428  24.826  -21.647  73.267 0.8750000000
67441  24.567  -21.678  72.201 1.0000000000
67459  24.353  -21.639  71.254 0.7500000000
67390  26.366  -21.230  76.126 0.5000000000
67402  25.730  -20.951  75.150 0.6250000000
67416  25.297  -21.309  74.199 0.7500000000
68440  25.472  -20.706  73.355 0.7500000000
134052  25.161  -20.923  72.535 0.8750000000
153091  25.621  -20.487  72.668 0.8750000000
68455  25.826  -20.262  72.048 0.8750000000
69449  27.835  -19.548  77.084 0.3750000000
68421  27.356  -19.354  75.872 0.5000000000
68414  27.210  -20.576  76.734 0.3750000000
68429  26.200  -20.140  74.649 0.5000000000
68439  26.130  -20.118  73.724 0.5000000000
68430  25.699  -20.627  74.232 0.6250000000
132109  26.189  -20.066  72.797 0.5000000000
68451  30.383  -19.789  72.120 0.1250000000
69495  29.781  -19.492  72.601 0.1250000000
143524  26.694  -19.847  72.122 0.5000000000
68470  29.977  -19.983  71.284 0.1250000000
68452  29.473  -19.727  71.962 0.3750000000
68453  28.620  -19.683  71.931 0.5000000000
128073  27.639  -19.713  71.868 0.3750000000
68471  29.091  -19.802  71.224 0.5000000000
68472  27.669  -19.766  71.117 0.5000000000
68473  26.721  -19.877  71.486 0.6250000000
68474  25.786  -20.285  71.157 0.8750000000
148182  28.317  -19.728  71.375 0.5000000000
69458  26.801  -19.573  74.972 0.5000000000
69469  26.766  -19.602  74.072 0.5000000000
69483  26.723  -19.742  73.278 0.5000000000
68450  31.232  -20.049  71.992 0.2500000000
69497  28.108  -19.483  72.584 0.5000000000
68454  27.143  -19.660  72.612 0.5000000000
68469  30.853  -20.261  71.272 0.1250000000
146892  31.450  -20.674  70.438 0.2500000000
70404  29.906  -17.873  75.975 0.2500000000
70405  28.958  -18.317  75.719 0.3750000000
69457  28.287  -18.720  76.424 0.3750000000
147561  29.554  -18.249  75.087 0.2500000000
69467  28.767  -18.603  74.588 0.3750000000
128678  28.115  -18.668  75.414 0.3750000000
69466  30.462  -18.729  73.889 0.2500000000
133966  29.684  -18.607  74.278 0.2500000000
69468  27.599  -19.024  74.517 0.3750000000
69480  29.606  -19.098  73.350 0.2500000000
153212  29.160  -18.850  73.878 0.2500000000
69481  28.550  -19.061  73.471 0.5000000000
69482  27.483  -19.382  73.358 0.5000000000
130820  30.401  -19.287  73.006 0.2500000000
69496  29.041  -19.437  72.615 0.5000000000
152047  31.393  -20.723  69.985 0.3750000000
67509  31.054  -20.688  69.362 0.5000000000
69494  31.045  -19.509  72.685 0.2500000000
139972  31.697  -20.966  69.190 0.5000000000
67526  31.227  -20.781  68.810 0.3750000000
68468  31.668  -20.506  71.295 0.2500000000
142507  31.486  -20.810  68.209 0.3750000000
67534  31.029  -20.579  67.660 0.6250000000
67545  30.671  -20.312  67.027 0.6250000000
67557  31.188  -20.216  66.332 0.7500000000
68584  30.649  -19.856  65.679 0.6250000000
67544  31.446  -20.558  67.097 0.8750000000
67570  31.027  -19.934  64.919 0.6250000000
146386  31.310  -20.148  64.290 0.6250000000
68610  30.617  -19.976  63.203 0.2500000000
144418  31.871  -20.563  66.589 0.8750000000
67556  31.927  -20.413  65.849 0.8750000000
147705  31.363  -20.116  65.531 0.6250000000
67583  31.158  -20.164  63.730 0.5000000000
66574  34.137  -21.650  61.302 0.3750000000
146970  31.350  -20.390  63.217 0.2500000000
67642  33.794  -21.569  60.328 0.1250000000
66575  33.355  -21.489  61.034 0.3750000000
66561  32.870  -21.361  61.688 0.3750000000
67622  32.358  -21.198  62.313 0.3750000000
67603  31.839  -20.810  62.861 0.2500000000
149512  31.682  -20.766  67.669 0.6250000000
67543  32.213  -20.895  67.255 0.7500000000
67555  32.466  -20.812  66.347 0.8750000000
67568  32.520  -20.750  65.380 0.7500000000
67569  31.834  -20.360  64.859 0.6250000000
67581  32.528  -20.860  64.358 0.5000000000
67582  31.820  -20.560  63.791 0.3750000000
67620  35.560  -21.370  61.401 0.3750000000
66559  34.675  -21.689  61.954 0.5000000000
66545  33.104  -21.392  62.538 0.3750000000
67639  36.005  -20.744  60.848 0.2500000000
137709  34.158  -21.666  62.130 0.5000000000
153337  36.568  -20.192  60.699 0.3750000000
134441  33.589  -21.870  67.355 0.7500000000
145200  33.180  -21.660  67.844 0.6250000000
66490  33.548  -21.663  66.368 0.7500000000
66503  33.037  -21.189  65.907 0.8750000000
66491  32.997  -21.303  67.022 0.8750000000
66515  33.109  -21.157  64.910 0.6250000000
68583  39.958  -21.044  65.156 0.6250000000
67566  39.494  -21.868  65.100 0.6250000000
66514  33.687  -21.568  64.510 0.7500000000
66529  33.163  -21.312  63.967 0.6250000000
68566  41.217  -21.041  66.186 0.6250000000
68598  38.772  -21.042  64.033 0.7500000000
67579  38.256  -21.689  63.888 0.8750000000
67580  37.685  -21.685  63.398 0.7500000000
66524  36.985  -22.100  63.239 0.6250000000
66541  35.980  -22.082  62.935 0.5000000000
65525  35.019  -22.130  63.932 0.5000000000
66528  33.800  -21.594  63.671 0.3750000000
67602  32.599  -21.098  63.285 0.3750000000
68582  40.637  -20.421  65.544 0.6250000000
68596  40.036  -20.220  64.908 0.7500000000
140910  39.315  -21.233  64.614 0.7500000000
67598  38.078  -20.944  63.278 0.7500000000
67599  37.322  -21.342  62.808 0.7500000000
67600  36.548  -21.597  62.478 0.5000000000
66542  35.215  -21.791  62.467 0.6250000000
66543  34.575  -21.749  62.668 0.5000000000
66544  33.859  -21.595  62.792 0.5000000000
68597  39.420  -20.426  64.372 0.8750000000
140503  33.305  -21.424  63.238 0.3750000000
68609  38.749  -20.206  63.562 0.8750000000
67618  36.933  -20.912  62.104 0.6250000000
139055  38.199  -20.049  62.770 0.6250000000
68629  37.589  -20.570  62.478 0.6250000000
68645  37.296  -20.214  61.728 0.6250000000
68646  36.684  -20.519  61.341 0.5000000000
66560  33.592  -21.537  61.917 0.3750000000
68644  37.763  -19.900  62.132 0.6250000000
68659  37.065  -19.860  60.992 0.3750000000
69619  36.804  -19.650  60.306 0.3750000000
69618  37.420  -19.244  60.521 0.3750000000
65467  34.180  -22.359  67.764 0.7500000000
65489  34.110  -22.159  66.687 0.8750000000
65498  39.325  -23.296  66.144 0.7500000000
65484  38.834  -23.477  66.798 0.6250000000
65503  34.004  -21.939  65.856 0.8750000000
66499  39.677  -22.717  65.648 0.7500000000
66500  38.875  -23.120  65.336 0.8750000000
66502  33.581  -21.562  65.420 0.8750000000
67542  41.671  -21.552  66.883 0.3750000000
67554  40.200  -21.925  65.708 0.6250000000
66509  38.991  -22.521  64.912 0.7500000000
66511  37.083  -22.676  63.945 0.7500000000
68565  41.806  -20.564  66.683 0.5000000000
67567  38.873  -21.794  64.475 0.7500000000
66510  38.367  -22.350  64.370 0.7500000000
134941  36.419  -22.439  63.580 0.7500000000
66525  35.731  -22.369  63.680 0.7500000000
66513  34.340  -21.859  64.206 0.7500000000
69567  41.595  -19.687  66.218 0.5000000000
66523  37.718  -22.259  63.850 0.7500000000
66527  34.462  -21.796  63.407 0.5000000000
69581  39.814  -19.755  64.455 0.7500000000
69591  39.361  -19.582  63.835 0.6250000000
69592  38.810  -19.296  62.975 0.6250000000
69605  38.211  -19.344  62.195 0.6250000000
70572  38.336  -18.745  61.540 0.5000000000
69612  37.695  -19.411  61.410 0.3750000000
70578  37.990  -18.723  60.747 0.3750000000
65485  37.870  -23.445  66.638 0.7500000000
65486  36.833  -23.358  66.430 0.8750000000
131411  35.371  -22.934  66.247 0.8750000000
65499  38.459  -23.382  65.883 0.8750000000
149954  36.757  -23.235  65.469 0.8750000000
65514  35.435  -22.727  65.299 0.8750000000
65502  34.651  -22.390  65.815 0.8750000000
65511  38.099  -23.240  65.050 0.8750000000
65512  37.142  -23.091  64.748 0.8750000000
65513  36.215  -22.945  64.953 0.8750000000
66501  34.186  -21.916  65.068 0.8750000000
134415  37.835  -22.838  64.403 0.7500000000
66512  36.353  -22.716  64.190 0.7500000000
149326  34.870  -22.258  64.765 0.8750000000
68564  42.343  -20.370  67.233 0.3750000000
65524  35.587  -22.552  64.436 0.8750000000
69574  41.019  -19.616  65.623 0.5000000000
148938  40.828  -18.974  65.206 0.6250000000
69575  40.377  -19.525  64.946 0.6250000000
69590  39.887  -19.076  64.218 0.7500000000
70539  40.439  -18.660  64.606 0.6250000000
70550  39.484  -18.769  63.449 0.6250000000
70563  39.178  -18.460  62.634 0.6250000000
70564  38.657  -18.785  62.248 0.6250000000
70571  38.897  -18.193  61.819 0.6250000000
70577  38.619  -18.053  60.880 0.6250000000
71523  39.280  -17.535  61.353 0.7500000000
70513  43.013  -18.477  67.184 0.5000000000
69566  42.131  -19.707  66.790 0.5000000000
72412  44.413  -16.290  67.342 0.5000000000
143383  43.394  -16.789  66.710 0.5000000000
71455  43.228  -17.525  66.930 0.5000000000
71456  42.579  -17.944  66.515 0.6250000000
70528  41.408  -18.839  65.719 0.6250000000
72426  43.272  -16.237  66.220 0.6250000000
71468  42.170  -17.504  65.839 0.6250000000
71469  41.554  -17.895  65.471 0.6250000000
70538  40.959  -18.263  65.052 0.6250000000
73455  43.732  -15.715  66.335 0.7500000000
72427  42.719  -16.218  65.606 0.7500000000
71486  41.766  -17.061  65.186 0.6250000000
70549  40.026  -18.291  63.897 0.6250000000
73471  42.668  -15.661  65.071 0.7500000000
72445  42.128  -16.226  64.892 0.7500000000
71505  40.777  -17.057  64.030 0.6250000000
71506  40.284  -17.546  63.539 0.6250000000
73488  42.353  -15.417  64.354 0.6250000000
72460  41.658  -15.862  64.051 0.6250000000
72461  41.116  -16.363  63.638 0.7500000000
72462  40.605  -16.826  63.154 0.7500000000
71514  39.473  -17.728  62.242 0.7500000000
73497  41.412  -15.776  63.299 0.6250000000
72470  40.962  -16.130  62.784 0.6250000000
71522  39.882  -17.080  61.801 0.7500000000
71530  39.724  -16.897  60.943 0.5000000000
73454  44.446  -15.599  66.882 0.6250000000
73470  43.283  -15.525  65.614 0.8750000000
73469  44.008  -15.093  66.066 0.8750000000
73487  42.981  -15.047  64.803 0.7500000000
74498  42.737  -14.604  63.910 0.7500000000
143268  41.983  -15.183  63.383 0.7500000000
73504  41.420  -15.445  62.570 0.6250000000
73503  41.935  -14.762  62.447 0.6250000000
74445  44.809  -14.773  66.532 0.8750000000
74463  43.629  -14.729  65.261 0.8750000000
74462  44.382  -14.384  65.674 0.8750000000
74484  43.339  -14.469  64.545 0.7500000000
132717  43.412  -13.973  63.987 0.7500000000
129475  42.394  -14.493  63.049 0.6250000000
75489  43.420  -13.243  62.647 0.7500000000
74501  42.450  -14.118  62.345 0.7500000000
75427  46.021  -13.712  66.615 0.5000000000
75452  44.780  -13.664  65.314 0.7500000000
74461  45.188  -14.047  66.146 0.6250000000
75471  44.510  -13.322  64.503 0.7500000000
75451  45.611  -13.362  65.754 0.6250000000
75470  45.250  -13.014  64.937 0.6250000000
75485  44.273  -13.030  63.757 0.8750000000
75486  43.651  -13.405  63.439 0.8750000000
76454  44.931  -12.684  64.155 0.7500000000
76475  44.676  -12.451  63.355 0.7500000000
75488  44.009  -12.806  63.004 0.7500000000
76485  44.432  -12.246  62.551 0.7500000000
76490  44.181  -12.028  61.754 0.6250000000
77426  44.835  -11.647  62.116 0.8750000000
77434  44.584  -11.434  61.314 0.6250000000
77440  44.353  -11.240  60.534 0.7500000000
78358  44.740  -10.633  60.148 0.7500000000
75450  46.448  -13.036  66.216 0.5000000000
76453  45.719  -12.389  64.545 0.6250000000
76474  45.417  -12.136  63.719 0.6250000000
76484  45.110  -11.877  62.920 0.7500000000
77408  45.865  -11.531  63.298 0.6250000000
77425  45.550  -11.295  62.473 0.6250000000
77439  44.981  -10.830  60.896 0.8750000000
78366  44.509  -10.435  59.430 0.6250000000
76436  46.052  -12.674  65.385 0.5000000000
76452  46.549  -12.042  64.977 0.5000000000
76473  46.205  -11.780  64.129 0.6250000000
77407  46.689  -11.161  63.689 0.6250000000
77433  45.259  -11.062  61.665 0.6250000000
78347  45.691  -10.456  61.233 0.6250000000
78357  45.417  -10.244  60.483 0.6250000000
79260  46.507  -9.315  60.442 0.6250000000
140519  47.674  -8.936  61.113 0.3750000000
79249  47.007  -9.439  61.103 0.5000000000
79259  47.257  -8.759  60.447 0.5000000000
133684  48.754  -8.313  61.215 0.3750000000
76435  46.923  -12.367  65.824 0.3750000000
77379  47.423  -11.680  65.419 0.3750000000
77391  47.060  -11.399  64.552 0.5000000000
77424  46.317  -10.911  62.852 0.6250000000
78336  46.812  -10.328  62.352 0.5000000000
77432  45.977  -10.663  62.032 0.6250000000
78335  47.656  -9.943  62.648 0.5000000000
78345  47.282  -9.742  61.884 0.5000000000
78346  46.477  -10.097  61.550 0.6250000000
78356  46.139  -9.855  60.815 0.6250000000
79248  47.676  -9.255  61.556 0.3750000000
79247  48.323  -8.801  61.569 0.3750000000
77390  47.927  -10.983  64.967 0.2500000000
77406  47.552  -10.758  64.072 0.3750000000
78306  48.346  -10.269  64.439 0.3750000000
78317  48.020  -10.111  63.508 0.3750000000
78334  48.485  -9.431  62.889 0.3750000000
152688  48.893  -8.968  62.711 0.3750000000
79238  48.706  -8.919  62.265 0.3750000000
79237  49.198  -8.622  62.512 0.3750000000
134240  49.600  -8.214  62.247 0.3750000000
80171  49.142  -8.378  61.809 0.3750000000
129020  49.375  -7.966  61.110 0.3750000000
79222  48.736  -9.610  63.824 0.2500000000
79221  49.153  -8.976  63.241 0.2500000000
80162  50.046  -7.898  62.443 0.3750000000
80163  49.653  -8.371  62.909 0.3750000000
59150  -1.382  -30.677  84.433 0.5000000000
54977  -4.756  -33.743  80.574 0.7500000000
148123  0.672  -29.574  83.609 0.7500000000
61334  1.640  -28.310  82.137 0.7500000000
132960  -0.121  -28.420  82.374 0.7500000000
59160  2.559  -30.144  82.959 0.7500000000
59162  0.972  -30.164  83.718 0.7500000000
58097  1.195  -30.705  83.473 0.7500000000
129522  2.119  -30.601  83.034 0.7500000000
58098  0.407  -31.176  83.728 0.6250000000
57013  1.973  -31.030  83.010 0.5000000000
131226  0.427  -31.482  83.569 0.5000000000
58140  -4.069  -31.009  81.592 0.6250000000
57044  -4.399  -31.640  81.829 0.6250000000
133448  -4.542  -32.239  81.197 0.6250000000
135726  -4.811  -33.124  80.184 0.6250000000
135427  -4.558  -34.542  79.259 0.6250000000
55004  -4.428  -33.589  77.883 0.6250000000
54052  -4.615  -34.346  77.582 0.6250000000
52989  -4.469  -35.353  78.964 0.6250000000
145363  -4.467  -35.453  78.172 0.6250000000
61354  0.275  -28.245  81.316 0.7500000000
61355  -0.604  -28.461  81.103 0.7500000000
61356  -1.412  -28.816  81.259 0.7500000000
60307  -2.540  -29.572  81.486 0.7500000000
61371  1.552  -28.273  80.643 0.7500000000
61372  0.253  -28.405  80.014 0.6250000000
61391  -1.020  -28.781  79.852 0.8750000000
61375  -1.704  -29.096  80.236 0.8750000000
61390  -0.287  -28.608  79.513 0.8750000000
60327  -1.775  -29.346  79.629 0.8750000000
60318  -2.904  -29.725  80.746 0.6250000000
130278  -2.824  -29.704  81.234 0.6250000000
149889  -1.331  -29.085  79.571 0.8750000000
60319  -3.299  -30.017  81.252 0.6250000000
59178  2.895  -29.712  82.784 0.7500000000
61332  2.888  -28.314  81.971 0.7500000000
61352  2.164  -28.220  81.528 0.7500000000
58170  -3.163  -30.644  78.828 0.6250000000
59245  -2.539  -30.291  78.629 0.7500000000
58182  -2.890  -30.806  78.328 0.8750000000
59219  -3.431  -30.272  79.758 0.6250000000
150278  -3.695  -30.514  81.380 0.6250000000
59218  -2.925  -29.842  80.039 0.6250000000
59159  3.324  -30.168  82.783 0.7500000000
57069  -3.533  -31.160  78.418 0.6250000000
57025  2.759  -31.042  82.863 0.5000000000
136883  -3.334  -32.067  76.959 0.7500000000
57070  -3.956  -31.567  78.434 0.6250000000
57060  -4.469  -31.694  79.798 0.6250000000
148100  -4.192  -31.334  79.247 0.6250000000
57091  -3.953  -32.556  77.026 0.6250000000
139665  -4.153  -32.288  78.200 0.6250000000
55030  -5.051  -33.678  76.137 0.6250000000
53008  -4.861  -35.205  76.630 0.6250000000
54065  -5.354  -34.367  75.741 0.6250000000
132909  -4.209  -36.056  76.980 0.6250000000
140999  -3.855  -36.780  75.293 0.5000000000
51907  -4.698  -36.351  74.683 0.5000000000
50750  -3.129  -37.305  75.980 0.5000000000
50718  -3.435  -37.394  77.689 0.5000000000
60305  4.312  -28.574  81.400 0.7500000000
61350  3.798  -28.278  80.935 0.7500000000
128546  1.048  -28.367  79.874 0.7500000000
60350  -0.818  -29.322  78.136 0.8750000000
60324  5.954  -28.818  79.027 0.7500000000
60292  4.821  -29.071  81.816 0.8750000000
60279  3.918  -29.280  82.478 0.7500000000
59187  4.591  -29.462  82.362 0.8750000000
60294  3.388  -28.721  82.215 0.7500000000
60339  -1.311  -29.292  79.077 0.8750000000
59175  5.038  -30.103  82.531 0.8750000000
58109  4.569  -30.713  82.736 0.7500000000
58122  5.437  -30.688  82.599 0.7500000000
57010  5.075  -31.103  82.733 0.8750000000
59158  4.097  -30.252  82.740 0.7500000000
58181  -2.440  -30.470  78.006 0.8750000000
130792  -1.757  -29.540  79.116 0.8750000000
59257  -1.785  -30.095  77.633 0.8750000000
60351  -1.425  -29.546  78.548 0.8750000000
55918  4.909  -31.356  82.642 0.6250000000
148973  4.241  -31.234  82.640 0.6250000000
58110  3.670  -30.638  82.779 0.6250000000
56023  -3.906  -32.630  75.540 0.7500000000
56024  -4.456  -32.909  75.645 0.7500000000
56041  -5.010  -33.142  75.111 0.7500000000
55042  -5.212  -33.626  74.722 0.6250000000
54070  -5.403  -34.234  74.859 0.6250000000
55050  -4.777  -33.716  73.745 0.6250000000
152466  -5.363  -34.488  73.614 0.6250000000
139595  -5.235  -35.674  74.560 0.5000000000
50805  -4.448  -37.500  72.354 0.5000000000
49700  -2.966  -37.591  74.540 0.5000000000
49742  -1.628  -38.767  71.736 0.5000000000
59256  -1.120  -29.776  77.251 0.7500000000
59273  -0.900  -30.063  76.424 0.8750000000
58138  6.480  -30.518  81.690 0.6250000000
58146  6.672  -30.229  80.894 0.6250000000
59174  5.683  -30.453  82.407 0.7500000000
58208  -1.342  -30.754  75.965 1.0000000000
55917  5.975  -31.932  82.727 0.7500000000
58121  6.119  -31.112  82.525 0.7500000000
57127  -2.148  -32.223  75.158 0.7500000000
56038  -2.671  -32.752  74.621 0.7500000000
140797  5.150  -31.909  82.427 0.7500000000
56052  -2.192  -33.366  73.999 0.8750000000
55049  -3.899  -33.690  73.551 0.7500000000
54082  -4.536  -34.434  72.521 0.7500000000
54073  -5.091  -34.321  73.228 0.6250000000
51922  -5.460  -35.888  72.859 0.5000000000
151061  -3.789  -38.002  71.216 0.5000000000
59203  6.877  -29.988  80.048 0.7500000000
58180  7.820  -30.008  77.979 0.6250000000
58169  7.654  -30.218  78.767 0.6250000000
129955  8.013  -30.778  79.081 0.6250000000
58145  7.192  -30.511  80.498 0.6250000000
57042  7.462  -31.625  81.803 0.6250000000
58130  7.035  -31.072  81.809 0.7500000000
57150  0.102  -32.453  74.004 0.8750000000
58229  -0.093  -31.017  74.917 0.8750000000
57032  7.938  -31.985  81.865 0.6250000000
129453  6.649  -31.653  82.564 0.7500000000
56050  -0.245  -33.313  73.635 1.0000000000
55047  -1.723  -34.007  73.347 1.0000000000
54939  7.636  -32.636  82.332 0.7500000000
128214  -3.840  -34.569  72.015 0.7500000000
54080  -1.953  -34.614  71.914 1.0000000000
54954  5.913  -32.936  81.949 0.7500000000
54088  -3.389  -34.891  71.184 1.0000000000
53068  -5.540  -35.504  71.334 0.5000000000
53086  -5.427  -35.746  70.512 0.8750000000
51958  -5.509  -36.406  71.109 0.6250000000
51975  -5.408  -36.556  70.416 0.6250000000
49754  -3.431  -37.952  70.082 0.5000000000
58168  8.217  -30.667  78.378 0.6250000000
59240  7.887  -29.719  77.137 0.6250000000
57059  8.621  -31.680  79.645 0.6250000000
58156  8.082  -31.201  79.702 0.6250000000
55978  9.791  -32.304  78.842 0.5000000000
57058  8.948  -32.266  80.061 0.5000000000
55966  9.687  -32.688  79.670 0.5000000000
57047  8.735  -32.425  80.857 0.5000000000
55941  8.497  -32.738  81.816 0.6250000000
132463  9.967  -33.265  80.386 0.5000000000
54952  8.318  -33.269  82.146 0.7500000000
150293  -1.299  -34.422  71.794 1.0000000000
54953  6.500  -33.065  82.171 0.6250000000
54096  -3.296  -35.061  70.033 1.0000000000
49768  -3.960  -37.712  69.882 0.5000000000
54986  11.955  -33.989  78.920 0.3750000000
55988  11.505  -32.984  77.337 0.5000000000
55071  -0.602  -33.630  70.744 0.8750000000
55065  -0.929  -34.161  71.285 0.8750000000
54971  11.258  -34.257  80.656 0.5000000000
148201  11.022  -33.838  80.008 0.5000000000
55950  9.918  -33.432  81.070 0.5000000000
54972  10.531  -33.747  80.701 0.5000000000
55939  9.768  -33.623  81.497 0.5000000000
154654  10.910  -34.868  81.594 0.3750000000
133332  10.220  -34.240  81.568 0.3750000000
130869  9.016  -33.849  82.010 0.6250000000
52933  8.151  -34.534  81.589 0.7500000000
152284  7.787  -34.533  81.272 0.7500000000
154516  10.931  -35.279  81.682 0.5000000000
52942  11.520  -35.543  81.587 0.5000000000
51814  10.551  -36.041  81.659 0.5000000000
52931  10.392  -35.330  81.679 0.5000000000
52932  9.572  -35.052  81.691 0.5000000000
52945  7.576  -34.649  80.897 0.6250000000
133847  -4.792  -36.884  69.113 0.5000000000
49808  -3.518  -37.607  66.467 0.5000000000
49807  -2.923  -38.214  66.488 0.3750000000
139624  -1.639  -39.370  66.599 0.3750000000
52966  16.165  -36.097  79.376 0.2500000000
54031  14.676  -35.058  77.992 0.3750000000
54030  15.661  -35.122  77.998 0.2500000000
54032  13.823  -34.698  78.127 0.2500000000
54046  13.568  -34.221  77.562 0.3750000000
52967  15.272  -35.929  79.296 0.2500000000
54018  13.267  -35.166  79.739 0.3750000000
51848  17.186  -36.531  80.311 0.2500000000
52950  14.187  -36.481  80.363 0.2500000000
52951  13.457  -36.113  80.740 0.1250000000
54004  13.254  -35.558  80.490 0.2500000000
52952  12.885  -35.760  81.072 0.3750000000
50679  15.612  -37.295  80.518 0.2500000000
49567  14.556  -37.635  80.573 0.2500000000
51825  13.879  -36.956  80.764 0.3750000000
50670  13.404  -37.098  80.941 0.3750000000
52940  13.071  -36.413  81.140 0.2500000000
51826  13.342  -36.786  81.010 0.2500000000
51827  11.660  -36.269  81.589 0.5000000000
51828  11.000  -36.490  81.575 0.5000000000
51829  10.142  -36.554  81.501 0.5000000000
51830  8.757  -35.961  81.218 0.5000000000
136577  12.283  -37.099  81.210 0.5000000000
50673  10.718  -37.165  81.252 0.5000000000
50680  11.217  -37.740  80.855 0.5000000000
144390  8.238  -36.237  80.154 0.6250000000
52969  7.922  -35.914  79.602 0.3750000000
50682  9.522  -37.803  80.027 0.5000000000
51851  8.862  -37.549  79.449 0.6250000000
52994  7.022  -34.791  77.887 0.5000000000
152525  -4.360  -35.612  67.770 0.7500000000
49820  -3.198  -37.340  65.677 0.5000000000
52031  -3.772  -36.402  65.887 0.6250000000
49837  -2.422  -37.441  64.571 0.3750000000
132283  -2.102  -37.648  64.284 0.2500000000
49828  -1.775  -38.568  64.662 0.2500000000
52939  17.982  -36.667  81.532 0.2500000000
147394  17.814  -36.169  80.742 0.2500000000
49565  16.497  -37.643  80.781 0.3750000000
51822  18.162  -37.074  81.883 0.2500000000
49566  15.417  -37.772  80.626 0.3750000000
49585  14.872  -38.064  80.511 0.2500000000
49587  13.258  -38.065  80.512 0.5000000000
49586  14.046  -38.016  80.496 0.3750000000
49569  12.825  -37.490  80.941 0.2500000000
49589  11.659  -38.223  80.313 0.5000000000
48537  14.604  -38.659  79.300 0.5000000000
48538  13.739  -38.680  79.510 0.5000000000
49603  12.958  -38.623  79.831 0.3750000000
49604  12.102  -38.686  79.719 0.5000000000
49590  10.797  -38.285  80.005 0.6250000000
50689  9.998  -38.261  79.592 0.5000000000
48582  15.074  -38.776  78.003 0.6250000000
48563  13.454  -39.079  78.334 0.3750000000
48539  13.187  -38.944  78.983 0.5000000000
49627  11.813  -39.027  78.849 0.5000000000
49628  11.005  -38.806  78.486 0.6250000000
50701  9.866  -38.375  78.792 0.6250000000
50702  9.580  -38.058  78.183 0.6250000000
51852  8.318  -37.120  79.055 0.6250000000
55088  -2.945  -33.425  67.738 1.0000000000
49642  12.459  -38.890  77.281 0.3750000000
142427  8.686  -37.272  77.757 0.6250000000
50715  9.257  -37.633  77.566 0.6250000000
51870  8.321  -36.755  77.536 0.3750000000
51881  7.896  -35.980  77.241 0.3750000000
54135  -3.433  -34.843  66.539 0.8750000000
54145  -2.724  -34.537  65.731 0.6250000000
135255  -2.577  -33.012  65.956 0.8750000000
147837  -2.816  -35.045  65.709 0.6250000000
134804  -2.645  -34.701  65.313 0.6250000000
54159  -2.814  -35.201  65.407 0.6250000000
146697  -3.155  -35.982  65.009 0.6250000000
58286  -2.608  -30.555  69.997 0.7500000000
52938  18.589  -36.345  82.216 0.2500000000
52929  18.909  -35.537  82.730 0.1250000000
47515  18.408  -38.549  80.096 0.3750000000
59368  -2.621  -29.461  66.398 0.7500000000
131505  16.090  -38.638  78.013 0.6250000000
49663  11.600  -38.030  76.245 0.5000000000
50728  10.977  -37.731  76.122 0.6250000000
56196  -2.323  -32.898  64.944 0.7500000000
56217  -2.453  -32.818  64.062 0.7500000000
132687  9.918  -35.884  74.103 0.3750000000
53028  8.159  -35.520  74.725 0.2500000000
52923  19.127  -35.384  83.072 0.1250000000
50656  19.445  -36.659  82.588 0.2500000000
49562  19.386  -37.830  81.944 0.3750000000
50661  19.819  -36.982  82.483 0.2500000000
49551  20.123  -37.508  82.039 0.3750000000
48513  20.243  -38.107  79.955 0.5000000000
48580  18.729  -38.487  78.027 0.7500000000
143824  -3.201  -29.442  68.399 0.8750000000
60495  -2.879  -28.377  67.412 0.7500000000
59376  -2.505  -29.465  65.471 0.7500000000
59383  -2.486  -29.708  64.447 0.7500000000
49673  17.157  -38.257  75.610 0.6250000000
49676  14.055  -37.800  75.448 0.6250000000
58367  -2.472  -30.307  63.885 0.7500000000
49693  13.397  -37.548  75.020 0.5000000000
50761  12.807  -37.233  74.652 0.5000000000
50763  11.022  -36.799  75.070 0.3750000000
56236  -2.376  -32.273  63.368 0.6250000000
131720  -2.302  -33.091  63.110 0.6250000000
139416  -0.261  -35.129  63.371 0.1250000000
132548  -0.347  -35.885  63.408 0.1250000000
50653  20.560  -36.207  82.657 0.3750000000
134961  18.991  -34.834  83.639 0.1250000000
49579  20.825  -37.487  81.060 0.5000000000
59338  -3.451  -29.334  70.115 0.7500000000
134851  20.214  -38.122  78.775 0.5000000000
49601  20.815  -37.521  80.322 0.5000000000
60465  -3.554  -28.878  69.696 0.7500000000
61580  -3.530  -27.399  69.586 0.7500000000
49641  19.097  -38.280  77.292 0.6250000000
61607  -3.265  -27.266  68.521 0.8750000000
51847  21.341  -36.656  80.051 0.6250000000
50700  20.517  -37.362  78.298 0.7500000000
149321  17.913  -38.419  76.694 0.7500000000
48595  18.227  -38.439  77.179 0.7500000000
61641  -2.690  -27.678  66.763 0.7500000000
52980  21.374  -35.654  78.897 0.6250000000
51868  20.916  -36.250  78.208 0.6250000000
50727  20.397  -36.410  76.952 0.6250000000
49654  19.857  -37.567  77.079 0.7500000000
49672  19.225  -37.355  75.879 0.8750000000
49657  17.582  -38.367  76.234 0.6250000000
55010  20.998  -33.864  77.527 0.7500000000
54026  21.837  -34.467  79.258 0.6250000000
53002  20.712  -35.214  77.223 0.7500000000
51878  20.457  -35.664  76.570 0.7500000000
49689  19.095  -36.855  74.848 0.7500000000
49690  18.286  -37.629  75.099 0.7500000000
59397  -2.446  -29.415  63.552 0.7500000000
130538  -2.492  -27.945  64.838 0.8750000000
49706  17.967  -37.494  74.321 0.7500000000
133637  17.141  -37.842  74.197 0.7500000000
50759  14.077  -37.321  73.934 0.5000000000
59412  -2.375  -29.004  63.012 0.7500000000
59440  -2.396  -29.190  62.278 0.5000000000
55999  21.289  -32.493  77.163 0.7500000000
50775  19.160  -36.380  74.324 0.6250000000
132128  18.064  -37.031  73.600 0.6250000000
49709  15.699  -37.853  73.592 0.6250000000
59439  -1.981  -29.337  61.904 0.5000000000
50800  14.569  -37.085  72.463 0.3750000000
50801  13.886  -36.774  72.753 0.3750000000
51934  13.129  -36.576  72.990 0.3750000000
152955  12.669  -36.259  72.480 0.2500000000
59437  -0.241  -29.376  61.796 0.1250000000
59436  0.856  -29.404  61.938 0.1250000000
148616  0.591  -31.702  63.030 0.1250000000
58383  2.789  -30.817  62.854 0.1250000000
57346  2.699  -31.481  63.260 0.1250000000
54948  23.158  -33.520  82.282 0.6250000000
142796  22.125  -34.765  82.198 0.6250000000
51820  21.556  -36.228  81.336 0.6250000000
51804  21.280  -35.681  82.424 0.5000000000
51834  21.303  -36.752  80.755 0.6250000000
51810  21.067  -36.299  82.119 0.5000000000
54001  22.292  -34.710  80.499 0.5000000000
52963  21.485  -36.098  79.540 0.6250000000
54000  22.828  -33.802  80.458 0.6250000000
54017  22.956  -33.248  79.812 0.5000000000
60537  -2.460  -28.698  62.400 0.7500000000
61709  -2.649  -27.436  62.406 0.6250000000
62724  -2.610  -26.893  62.531 0.7500000000
137542  -2.466  -26.730  64.179 0.7500000000
60574  -0.327  -27.900  61.351 0.1250000000
60555  -1.765  -28.657  61.647 0.3750000000
133434  25.306  -31.521  76.982 0.6250000000
56015  24.068  -31.226  75.891 0.5000000000
59438  -1.228  -29.393  61.784 0.2500000000
135760  25.645  -31.618  76.252 0.6250000000
59435  2.495  -29.518  61.979 0.1250000000
60572  1.564  -27.871  61.006 0.1250000000
61746  2.348  -27.894  60.689 0.1250000000
60569  4.182  -28.354  60.289 0.1250000000
144890  4.714  -29.301  61.286 0.1250000000
54960  23.874  -33.013  81.240 0.5000000000
62668  -2.719  -26.230  67.113 0.8750000000
141472  -3.188  -26.186  68.409 0.8750000000
144819  -2.433  -25.779  62.465 0.7500000000
62693  -2.499  -26.299  64.823 0.8750000000
62680  -2.512  -26.410  65.765 0.8750000000
55972  25.308  -31.947  78.794 0.6250000000
62737  -1.881  -25.883  61.720 0.5000000000
153097  2.286  -26.817  60.112 0.1250000000
148060  24.559  -31.463  75.168 0.3750000000
139079  25.404  -31.558  75.250 0.3750000000
56011  26.187  -31.528  75.369 0.7500000000
132345  25.818  -31.729  74.187 0.6250000000
61769  3.495  -27.089  59.389 0.1250000000
57045  25.875  -31.181  80.281 0.6250000000
57055  26.042  -31.419  79.432 0.6250000000
129746  25.742  -31.713  78.174 0.5000000000
130831  25.805  -31.568  76.777 0.6250000000
57084  26.581  -31.304  76.234 0.6250000000
57096  26.517  -31.391  75.510 0.7500000000
62773  3.295  -26.280  59.269 0.1250000000
149797  26.852  -31.476  74.082 0.5000000000
57036  26.203  -30.472  80.433 0.6250000000
137209  27.324  -30.734  75.077 0.6250000000
57113  27.341  -30.958  74.511 0.6250000000
56044  27.060  -31.262  73.428 0.5000000000
58253  27.382  -30.282  72.471 0.7500000000
59199  26.609  -29.310  80.235 0.6250000000
58185  27.294  -30.293  76.992 0.6250000000
59237  27.405  -29.688  77.761 0.6250000000
59292  27.549  -30.033  73.899 0.8750000000
148654  27.326  -29.667  73.352 0.7500000000
58277  27.272  -30.179  70.682 0.2500000000
59342  27.012  -29.692  70.020 0.3750000000
60321  27.206  -28.466  79.386 0.7500000000
59225  27.302  -29.286  78.972 0.7500000000
136812  27.620  -28.255  78.057 0.7500000000
60356  27.499  -28.880  76.491 0.7500000000
60381  27.488  -29.191  74.861 0.8750000000
60382  27.253  -28.812  74.294 0.8750000000
60437  26.771  -29.266  70.491 0.3750000000
61515  26.261  -28.068  71.675 0.3750000000
136967  26.159  -28.088  70.855 0.2500000000
134146  26.383  -28.857  69.676 0.2500000000
59328  26.741  -29.264  69.689 0.2500000000
151899  26.876  -29.452  70.204 0.2500000000
61596  25.968  -28.791  68.946 0.2500000000
60494  25.060  -28.775  67.497 0.1250000000
61443  27.410  -28.209  76.153 0.7500000000
60370  27.335  -28.460  75.170 0.7500000000
61472  26.625  -28.021  73.261 0.8750000000
61457  26.612  -27.623  74.021 0.8750000000
63584  24.409  -25.838  69.188 0.3750000000
62523  27.724  -26.592  77.236 0.7500000000
62524  27.366  -26.659  76.411 0.6250000000
62534  26.461  -26.369  75.254 1.0000000000
151033  25.109  -25.691  72.727 0.7500000000
64502  24.998  -25.041  73.566 1.0000000000
63559  25.061  -25.918  71.837 0.7500000000
63560  24.662  -25.192  72.096 0.8750000000
63516  27.924  -25.722  77.560 0.6250000000
63517  27.500  -25.099  76.880 0.7500000000
138986  26.156  -24.776  75.699 0.8750000000
64509  24.388  -24.387  72.408 0.7500000000
66380  25.113  -22.704  74.865 0.8750000000
150914  24.305  -23.652  72.797 0.6250000000
66372  26.365  -22.241  76.246 0.5000000000
66373  25.669  -22.528  75.598 0.6250000000
68422  26.498  -20.233  75.652 0.3750000000
70388  29.311  -18.114  76.901 0.2500000000
70417  31.202  -18.228  74.441 0.2500000000
67619  36.256  -21.161  61.712 0.3750000000
65444  33.552  -22.004  68.230 0.5000000000
67553  40.962  -21.976  66.380 0.5000000000
66526  35.153  -21.985  63.186 0.5000000000
69625  37.130  -19.073  59.866 0.2500000000
65500  37.552  -23.356  65.647 0.8750000000
65501  36.075  -23.142  65.795 0.8750000000
130928  36.000  -23.240  66.599 0.8750000000
70515  41.906  -19.098  66.329 0.5000000000
70562  39.715  -17.984  63.094 0.6250000000
70527  41.996  -18.354  66.110 0.6250000000
72414  42.775  -16.978  66.221 0.7500000000
153445  42.302  -16.785  65.558 0.6250000000
72446  41.413  -16.644  64.437 0.6250000000
71487  41.173  -17.459  64.751 0.6250000000
71488  40.559  -17.848  64.345 0.6250000000
71513  40.079  -17.296  62.674 0.6250000000
72471  40.450  -16.606  62.260 0.7500000000
72479  40.278  -16.455  61.384 0.6250000000
72487  39.619  -16.703  60.156 0.6250000000
74483  43.976  -14.003  64.773 0.8750000000
74497  42.954  -13.885  63.116 0.7500000000
132338  47.251  -12.732  66.685 0.3750000000
78318  47.170  -10.540  63.194 0.5000000000
49543  -3.815  -38.794  84.079 0.1250000000
49542  -3.200  -38.797  84.524 0.1250000000
145505  -4.217  -38.430  83.590 0.1250000000
142766  -3.467  -37.980  84.406 0.1250000000
129129  -4.476  -38.640  82.917 0.1250000000
49539  -1.639  -38.773  84.107 0.1250000000
49541  -2.129  -37.943  84.530 0.1250000000
49534  -2.748  -38.093  84.645 0.1250000000
49578  -4.690  -38.326  81.500 0.2500000000
141092  -1.132  -37.913  83.433 0.1250000000
150753  -1.567  -37.901  84.131 0.1250000000
48527  -4.544  -39.016  80.227 0.2500000000
141426  -4.051  -37.851  83.929 0.1250000000
49550  -4.416  -37.731  83.171 0.1250000000
49560  -4.641  -38.069  82.277 0.2500000000
49612  -4.055  -38.382  79.688 0.3750000000
153893  -3.654  -39.153  78.425 0.2500000000
138310  -3.825  -39.032  78.937 0.2500000000
49684  -2.186  -39.160  75.391 0.2500000000
48618  -2.706  -39.246  76.462 0.2500000000
50648  -3.067  -37.242  84.622 0.1250000000
51802  -3.339  -36.402  84.433 0.1250000000
50651  -3.727  -37.145  84.203 0.1250000000
50652  -4.198  -37.016  83.633 0.1250000000
50658  -4.487  -36.907  83.052 0.2500000000
50650  -2.415  -37.251  84.587 0.1250000000
50677  -4.645  -37.540  81.542 0.3750000000
135479  -1.560  -36.994  84.105 0.1250000000
50684  -4.477  -37.201  80.799 0.3750000000
49596  -4.467  -38.118  80.658 0.3750000000
50657  -1.187  -37.155  83.593 0.1250000000
49633  -3.693  -38.143  78.979 0.2500000000
49668  -2.850  -38.164  76.666 0.2500000000
49649  -3.502  -38.379  78.304 0.2500000000
148297  -3.005  -38.967  77.231 0.2500000000
47579  -2.132  -40.176  74.963 0.3750000000
151486  -1.780  -40.154  74.189 0.3750000000
51794  -2.652  -36.491  84.599 0.2500000000
51803  -3.971  -36.280  83.927 0.2500000000
141620  -4.660  -37.237  82.419 0.2500000000
51801  -2.098  -36.474  84.507 0.2500000000
143546  -4.777  -36.820  81.797 0.2500000000
50664  -0.723  -37.436  82.733 0.1250000000
141622  -4.173  -37.408  80.036 0.3750000000
50704  -3.858  -37.464  79.285 0.3750000000
143731  -3.196  -38.243  77.475 0.2500000000
49685  -2.536  -38.044  75.613 0.3750000000
48625  -1.774  -39.248  74.412 0.3750000000
48639  -1.513  -39.136  72.639 0.3750000000
48632  -1.526  -39.588  73.523 0.3750000000
48657  -1.087  -39.279  70.959 0.3750000000
48646  -1.060  -39.658  71.922 0.3750000000
47596  -1.277  -40.119  72.769 0.3750000000
52919  -3.606  -35.494  84.204 0.3750000000
53964  -3.826  -34.563  83.946 0.5000000000
52920  -4.127  -35.371  83.647 0.5000000000
52910  -2.298  -35.735  84.549 0.3750000000
148456  -2.537  -35.065  84.559 0.3750000000
51819  -4.720  -36.403  82.504 0.5000000000
51800  -1.675  -36.409  84.267 0.2500000000
51799  -1.246  -36.361  83.832 0.1250000000
51843  -4.720  -36.502  81.113 0.5000000000
51807  -0.722  -36.400  83.082 0.1250000000
134302  -4.130  -36.672  79.479 0.3750000000
50719  -3.620  -37.424  78.516 0.3750000000
49716  -2.821  -37.826  73.655 0.3750000000
49699  -2.243  -38.338  74.558 0.3750000000
49729  -2.075  -38.476  72.434 0.3750000000
48647  -1.949  -38.477  70.790 0.3750000000
136979  -1.331  -38.948  69.980 0.3750000000
53956  -3.128  -34.635  84.451 0.3750000000
53965  -4.083  -34.457  83.392 0.5000000000
52926  -4.475  -35.227  82.966 0.5000000000
52936  -4.921  -35.602  82.250 0.5000000000
52918  -1.737  -35.613  84.352 0.3750000000
52909  -2.040  -34.903  84.516 0.3750000000
137648  -5.050  -35.026  81.810 0.5000000000
51832  -4.905  -36.211  81.808 0.5000000000
52925  -0.892  -35.558  83.582 0.3750000000
52973  -4.568  -35.912  79.697 0.3750000000
51854  -4.454  -36.607  80.262 0.5000000000
135672  -3.878  -36.790  78.791 0.3750000000
51874  -3.804  -36.528  77.907 0.3750000000
50734  -3.713  -36.679  76.982 0.3750000000
50766  -3.226  -37.299  75.168 0.3750000000
136770  -3.135  -38.070  70.688 0.3750000000
48670  -1.704  -38.846  69.168 0.3750000000
52917  -1.200  -35.128  84.032 0.3750000000
53974  -4.391  -34.223  82.743 0.6250000000
53987  -4.881  -34.747  82.302 0.6250000000
52957  -4.867  -35.379  80.431 0.3750000000
52988  -4.232  -36.058  78.659 0.3750000000
53955  -2.450  -34.304  84.548 0.3750000000
54933  -3.511  -33.751  84.123 0.3750000000
54946  -3.944  -33.547  83.024 0.5000000000
53963  -1.520  -34.655  84.301 0.3750000000
53986  -0.476  -34.988  83.087 0.2500000000
53973  -0.795  -34.673  83.699 0.3750000000
53998  -4.883  -34.819  81.165 0.5000000000
53985  -0.101  -34.437  82.478 0.2500000000
55897  -2.658  -32.977  84.566 0.3750000000
54924  -2.915  -33.692  84.491 0.3750000000
143927  -1.998  -33.221  84.641 0.3750000000
55908  -3.666  -33.093  83.829 0.3750000000
53962  -1.047  -34.443  84.066 0.3750000000
53954  -1.854  -33.975  84.510 0.3750000000
54945  -0.703  -33.721  83.819 0.3750000000
53972  -0.444  -34.138  83.209 0.2500000000
145439  -0.062  -33.681  82.677 0.2500000000
54966  1.029  -32.870  80.977 0.2500000000
54957  0.282  -33.670  82.006 0.2500000000
54967  0.622  -33.572  81.200 0.1250000000
55954  1.478  -32.714  80.598 0.2500000000
54976  1.042  -33.414  80.411 0.1250000000
54989  3.522  -32.788  79.467 0.2500000000
55003  1.729  -33.338  79.126 0.2500000000
54944  -0.180  -33.175  83.148 0.3750000000
149187  0.949  -32.252  82.330 0.3750000000
55933  0.347  -32.903  82.482 0.3750000000
55953  2.182  -32.335  80.604 0.2500000000
55967  2.824  -32.499  80.003 0.2500000000
54035  4.809  -33.329  78.453 0.3750000000
54988  4.214  -33.071  78.936 0.2500000000
55952  3.203  -32.301  80.777 0.3750000000
54974  3.821  -32.715  80.286 0.3750000000
54973  4.523  -33.079  79.806 0.5000000000
54034  5.701  -33.692  78.343 0.5000000000
149381  6.294  -34.133  77.656 0.5000000000
53025  20.198  -34.936  75.401 0.5000000000
54068  20.167  -34.566  75.234 0.3750000000
51914  19.438  -35.713  74.118 0.5000000000
141053  19.773  -34.647  74.186 0.3750000000
55045  19.728  -34.039  74.175 0.1250000000
128186  7.322  -35.182  77.161 0.3750000000
55055  19.446  -33.773  73.407 0.1250000000
49721  17.939  -36.677  73.077 0.3750000000
151070  20.503  -33.711  76.223 0.5000000000
54069  20.013  -34.202  74.790 0.3750000000
54079  19.212  -34.343  72.911 0.1250000000
55056  19.139  -33.715  72.664 0.1250000000
55063  18.774  -33.465  72.062 0.1250000000
135228  19.961  -33.299  74.542 0.2500000000
143107  19.676  -33.363  73.880 0.1250000000
55069  18.503  -33.529  71.383 0.1250000000
59255  -0.455  -29.448  76.861 0.6250000000
55024  20.745  -33.570  76.886 0.6250000000
56063  24.625  -31.712  72.868 0.2500000000
55070  18.161  -33.486  70.526 0.1250000000
63638  -2.434  -25.182  63.698 0.6250000000
129582  -2.401  -25.163  62.571 0.5000000000
154536  -2.489  -25.106  63.017 0.5000000000
128438  1.435  -28.461  79.021 0.7500000000
149126  0.630  -28.650  78.523 0.7500000000
60363  0.017  -29.071  77.218 0.7500000000
58207  -0.571  -30.474  75.578 0.7500000000
56049  0.526  -32.870  73.205 0.7500000000
56069  0.056  -33.576  72.573 0.7500000000
61501  -3.295  -27.304  72.177 0.5000000000
61526  -3.511  -27.167  72.000 0.5000000000
56017  20.735  -32.653  76.371 0.3750000000
62583  -3.558  -26.555  71.964 0.5000000000
55033  20.306  -33.087  75.331 0.3750000000
57085  23.202  -31.292  76.751 0.5000000000
57098  21.669  -31.339  76.070 0.3750000000
56048  19.842  -32.365  74.175 0.1250000000
62584  -3.658  -26.690  71.059 0.5000000000
63572  -3.548  -25.287  70.943 0.5000000000
133870  -3.461  -25.070  69.811 0.5000000000
57143  20.546  -31.288  74.457 0.1250000000
129090  19.869  -31.405  73.552 0.1250000000
61553  -3.575  -26.681  70.036 0.5000000000
139289  -3.575  -25.955  70.419 0.5000000000
64530  -3.349  -24.020  69.881 0.5000000000
57115  23.832  -31.218  75.219 0.2500000000
57142  21.447  -30.739  74.202 0.2500000000
57167  19.340  -31.621  72.668 0.1250000000
143930  -3.416  -26.690  69.146 0.6250000000
143593  -3.422  -25.974  69.387 0.5000000000
153223  -3.174  -23.848  69.261 0.5000000000
139122  19.336  -30.898  71.893 0.1250000000
56066  18.958  -32.691  72.419 0.1250000000
133644  -3.197  -24.440  69.085 0.6250000000
56047  24.258  -31.617  73.636 0.2500000000
58280  19.396  -30.512  70.991 0.1250000000
63589  -3.215  -25.301  68.777 0.7500000000
63601  -3.039  -25.446  67.949 0.7500000000
65456  -2.976  -23.757  68.709 0.6250000000
56060  26.692  -31.427  72.712 0.5000000000
63630  -2.523  -25.867  65.464 0.7500000000
63639  -2.469  -26.075  63.730 0.6250000000
153562  -2.412  -24.614  63.887 0.6250000000
65517  -2.210  -23.584  65.090 0.6250000000
129160  -2.299  -24.062  64.084 0.6250000000
66519  -1.827  -23.310  64.359 0.6250000000
64586  -2.353  -24.620  63.265 0.5000000000
65528  -2.004  -23.924  63.515 0.5000000000
60362  0.601  -28.846  76.877 0.7500000000
60377  0.252  -29.176  76.523 0.7500000000
59288  0.197  -30.154  75.240 0.7500000000
59272  -0.189  -29.734  76.026 0.7500000000
57124  0.382  -31.548  74.269 0.7500000000
58228  0.688  -30.673  74.579 0.7500000000
57149  0.827  -32.046  73.548 0.7500000000
56068  0.817  -32.917  72.259 0.7500000000
150188  0.407  -33.271  71.671 0.7500000000
57198  -1.242  -32.207  69.639 0.7500000000
60427  -3.238  -28.328  71.418 0.5000000000
62569  -3.327  -26.671  72.330 0.5000000000
60411  -3.398  -27.768  71.617 0.5000000000
62556  -3.009  -25.961  72.683 0.5000000000
59322  -3.371  -29.046  70.662 0.5000000000
60428  -3.390  -28.490  71.088 0.5000000000
61527  -3.569  -27.300  71.518 0.5000000000
63565  -3.268  -25.878  72.486 0.5000000000
60448  -3.504  -28.695  70.508 0.5000000000
131339  -3.560  -28.005  71.003 0.5000000000
64518  -3.523  -24.588  71.467 0.5000000000
61581  -3.610  -28.098  70.086 0.6250000000
61554  -3.632  -27.394  70.615 0.5000000000
64523  -3.481  -24.553  70.564 0.5000000000
56065  19.398  -32.749  73.271 0.1250000000
143388  -3.413  -23.833  70.855 0.5000000000
145124  -3.293  -23.263  70.296 0.5000000000
154549  18.985  -31.830  71.960 0.1250000000
56101  18.323  -32.539  70.830 0.1250000000
65435  -3.115  -23.234  69.513 0.5000000000
129509  18.759  -31.436  71.163 0.1250000000
56102  17.984  -32.521  69.971 0.1250000000
64540  -3.026  -24.645  68.262 0.7500000000
65478  -2.756  -23.984  67.758 0.7500000000
66482  -2.727  -23.177  68.314 0.6250000000
57194  18.369  -31.466  70.221 0.1250000000
56121  17.642  -32.508  69.137 0.1250000000
64557  -2.798  -24.907  67.517 0.7500000000
63618  -2.749  -25.600  67.273 0.7500000000
133268  -2.586  -25.159  66.936 0.7500000000
138805  -2.566  -25.745  66.398 0.7500000000
65492  -2.611  -24.491  66.998 0.7500000000
64571  -2.459  -24.378  65.714 0.7500000000
66493  -2.315  -22.892  66.389 0.6250000000
64572  -2.528  -25.213  65.569 0.7500000000
65505  -2.389  -23.596  66.042 0.7500000000
66505  -2.189  -22.925  65.688 0.7500000000
64579  -2.499  -25.575  64.663 0.7500000000
64578  -2.427  -24.658  64.668 0.7500000000
145859  -1.829  -22.367  65.122 0.6250000000
66518  -1.345  -22.571  64.431 0.3750000000
61437  0.571  -28.809  77.428 0.7500000000
57148  1.565  -31.703  72.939 0.7500000000
57195  1.438  -32.093  70.483 0.7500000000
57182  1.824  -32.051  71.253 0.7500000000
56086  1.016  -32.746  71.094 0.7500000000
151041  -0.481  -29.197  69.638 0.5000000000
59335  -0.911  -29.737  69.882 0.5000000000
150611  -0.996  -28.894  70.337 0.5000000000
60446  -1.068  -27.890  70.560 0.5000000000
57197  -0.212  -32.243  69.860 0.7500000000
58284  -0.467  -30.673  69.559 0.5000000000
60447  -1.611  -28.592  70.952 0.5000000000
62581  -1.393  -27.116  71.368 0.5000000000
129931  -0.919  -31.415  69.655 0.6250000000
130361  -1.502  -30.384  70.019 0.5000000000
59336  -1.767  -29.405  70.664 0.5000000000
60425  -2.280  -28.676  71.334 0.5000000000
61499  -2.211  -27.285  72.091 0.5000000000
62582  -1.713  -26.494  72.029 0.5000000000
58285  -1.919  -31.067  69.959 0.6250000000
59337  -2.350  -30.049  70.370 0.6250000000
59320  -2.664  -29.210  70.909 0.5000000000
60426  -2.901  -28.540  71.451 0.5000000000
61500  -2.887  -27.426  72.288 0.5000000000
62568  -2.966  -26.784  72.572 0.5000000000
58271  -2.975  -29.747  70.464 0.6250000000
135450  -3.521  -25.499  72.041 0.5000000000
65423  -3.514  -23.757  71.851 0.5000000000
58272  -3.274  -29.554  70.368 0.6250000000
65429  -3.333  -22.860  71.162 0.5000000000
128658  -3.122  -22.522  70.223 0.5000000000
66468  -2.606  -22.509  68.818 0.5000000000
143667  -2.418  -22.625  68.056 0.6250000000
66481  -2.589  -23.230  67.650 0.6250000000
67548  -1.972  -22.257  66.656 0.6250000000
67560  -1.997  -22.436  65.938 0.6250000000
67559  -1.597  -21.841  65.966 0.5000000000
68592  -1.291  -21.385  65.296 0.3750000000
57215  1.171  -31.595  69.789 0.6250000000
58283  0.173  -31.558  69.631 0.6250000000
62567  -2.381  -26.607  72.500 0.5000000000
63553  -2.701  -25.200  73.030 0.5000000000
64508  -3.214  -24.437  73.270 0.5000000000
64513  -3.456  -24.560  72.440 0.5000000000
66448  -2.850  -22.449  69.498 0.5000000000
67531  -2.248  -22.001  68.614 0.6250000000
67484  24.130  -21.677  70.340 0.5000000000
67458  24.875  -20.887  70.792 0.6250000000
67483  24.702  -20.878  69.906 0.5000000000
67601  35.800  -21.670  62.122 0.3750000000
67440  25.045  -20.905  71.673 0.7500000000
68516  25.494  -20.345  69.451 0.3750000000
67528  25.287  -20.325  68.655 0.3750000000
68537  25.028  -20.281  67.866 0.2500000000
69554  42.773  -19.577  67.399 0.2500000000
71444  44.489  -17.509  68.105 0.3750000000
75498  42.412  -13.420  60.632 0.6250000000
75503  41.652  -13.913  59.434 0.6250000000
134599  26.279  -20.044  68.939 0.6250000000
132504  26.046  -20.019  68.167 0.6250000000
68571  26.474  -19.714  66.741 0.5000000000
66498  40.394  -22.570  66.187 0.6250000000
147809  27.053  -19.381  65.452 0.5000000000
68601  26.944  -19.334  64.718 0.3750000000
75490  42.899  -13.583  62.302 0.6250000000
75494  42.545  -13.621  61.539 0.6250000000
75493  43.195  -13.079  61.848 0.6250000000
75497  42.943  -12.907  61.039 0.6250000000
75502  42.280  -13.328  59.825 0.5000000000
75512  41.625  -13.565  58.658 0.2500000000
74539  40.829  -13.494  57.578 0.1250000000
75540  39.739  -13.056  56.570 0.1250000000
75548  39.122  -12.726  55.869 0.1250000000
76497  42.654  -12.652  59.441 0.5000000000
76541  39.249  -12.035  54.512 0.1250000000
65466  34.954  -22.738  67.826 0.6250000000
65488  34.764  -22.656  66.933 0.7500000000
68555  26.870  -19.801  67.678 0.6250000000
68570  27.477  -19.714  67.112 0.5000000000
136271  27.553  -19.525  66.238 0.5000000000
130068  30.224  -19.618  65.013 0.5000000000
151895  29.635  -19.496  65.079 0.5000000000
146465  29.022  -19.432  65.130 0.5000000000
68587  27.942  -19.371  65.153 0.5000000000
68588  26.560  -19.510  65.949 0.5000000000
68600  29.568  -19.513  64.427 0.5000000000
143366  28.558  -19.429  64.337 0.5000000000
130624  27.615  -19.367  64.178 0.5000000000
149972  29.886  -19.633  63.665 0.3750000000
68611  29.041  -19.507  63.639 0.2500000000
68612  28.144  -19.445  63.583 0.3750000000
76494  42.798  -12.778  60.211 0.6250000000
75511  42.156  -13.180  59.071 0.5000000000
75524  41.549  -13.166  57.903 0.3750000000
75538  41.178  -12.943  57.305 0.2500000000
75539  40.583  -12.997  56.968 0.2500000000
76523  39.784  -12.487  55.949 0.1250000000
76496  43.197  -12.151  59.800 0.5000000000
75523  42.035  -12.988  58.437 0.5000000000
76511  41.633  -12.595  57.374 0.3750000000
76522  40.403  -12.460  56.306 0.2500000000
76533  40.202  -12.031  55.588 0.1250000000
76534  39.498  -12.212  55.321 0.1250000000
76503  42.497  -12.521  58.695 0.3750000000
76510  42.197  -12.419  57.881 0.3750000000
76521  41.218  -12.391  56.725 0.2500000000
76532  40.897  -11.832  55.950 0.2500000000
76540  39.967  -11.751  54.800 0.1250000000
77477  39.794  -11.721  53.907 0.1250000000
77482  40.377  -11.460  53.240 0.1250000000
68536  26.987  -19.854  68.425 0.6250000000
68567  30.252  -19.983  66.429 0.5000000000
128799  29.407  -19.841  66.649 0.5000000000
68586  28.687  -19.575  66.015 0.5000000000
68585  29.697  -19.651  65.735 0.5000000000
76502  42.992  -11.976  59.069 0.3750000000
77451  43.361  -11.327  58.685 0.3750000000
77459  42.567  -11.588  57.492 0.3750000000
77465  42.308  -11.255  56.663 0.2500000000
77471  40.684  -11.518  55.105 0.2500000000
78374  43.743  -10.675  58.300 0.3750000000
77464  42.939  -10.858  57.068 0.3750000000
77470  41.391  -11.263  55.435 0.2500000000
78381  44.126  -9.985  57.899 0.2500000000
78382  43.536  -10.427  57.482 0.3750000000
78392  42.707  -10.539  56.185 0.2500000000
77474  41.902  -10.720  54.849 0.1250000000
77475  41.234  -11.097  54.500 0.2500000000
77476  40.529  -11.425  54.191 0.1250000000
78395  43.213  -9.899  55.635 0.1250000000
78396  42.565  -10.330  55.229 0.1250000000
77480  41.836  -10.729  53.870 0.1250000000
77481  41.135  -11.129  53.530 0.1250000000
78397  43.942  -9.439  55.059 0.1250000000
78398  43.207  -9.885  54.631 0.1250000000
78399  42.545  -10.343  54.230 0.1250000000
128685  41.803  -10.889  52.905 0.1250000000
80239  45.773  -8.300  56.129 0.2500000000
79303  44.688  -9.157  55.082 0.1250000000
133785  43.901  -9.731  54.169 0.1250000000
79307  44.707  -9.422  54.225 0.1250000000
68569  28.461  -19.757  67.058 0.6250000000
78365  45.148  -10.017  59.783 0.6250000000
78373  44.304  -10.223  58.697 0.3750000000
78372  44.873  -9.752  59.098 0.7500000000
79286  44.684  -9.528  58.325 0.2500000000
78391  43.348  -10.158  56.596 0.2500000000
79284  45.952  -8.723  58.988 0.6250000000
79285  45.301  -9.126  58.713 0.5000000000
79292  44.548  -9.265  57.456 0.2500000000
78390  43.913  -9.684  57.040 0.2500000000
80204  47.131  -7.971  58.834 0.8750000000
80205  46.379  -8.229  58.346 0.7500000000
79300  45.177  -8.604  56.907 0.2500000000
79301  44.440  -9.110  56.504 0.2500000000
78394  43.817  -9.498  56.100 0.2500000000
81188  47.798  -7.566  58.344 0.7500000000
80220  46.514  -7.917  57.308 0.5000000000
80234  45.907  -8.203  56.886 0.3750000000
80245  45.866  -8.565  55.222 0.1250000000
79302  45.058  -8.768  55.734 0.1250000000
54934  -3.804  -33.694  83.609 0.5000000000
54932  -1.240  -33.861  84.266 0.3750000000
52974  -4.749  -35.183  79.720 0.5000000000
52996  -4.328  -35.774  77.660 0.5000000000
61419  0.215  -28.832  78.131 0.7500000000
60349  -0.208  -29.058  77.804 0.7500000000
57125  -0.403  -31.867  74.621 0.7500000000
48669  -1.137  -39.529  69.222 0.3750000000
56103  0.281  -32.726  70.434 0.7500000000
56016  21.935  -31.588  76.849 0.3750000000
49723  17.013  -37.467  72.622 0.3750000000
56031  25.007  -31.599  74.811 0.2500000000
56046  24.894  -31.738  73.873 0.2500000000
68568  29.967  -20.131  67.028 0.6250000000
68599  30.565  -19.812  64.180 0.5000000000
57097  22.951  -31.021  76.126 0.2500000000
130133  23.634  -31.279  74.409 0.2500000000
136986  -4.743  -38.923  81.044 0.2500000000
50649  -1.902  -37.168  84.410 0.1250000000
154750  -4.658  -37.011  81.322 0.5000000000
51808  -4.381  -36.160  83.272 0.5000000000
49715  -1.966  -38.544  73.448 0.3750000000
47623  -0.774  -40.032  70.095 0.3750000000
52911  -2.905  -35.660  84.570 0.3750000000
153791  -4.652  -35.870  82.776 0.5000000000
140962  -1.353  -35.807  84.061 0.1250000000
138408  -4.768  -36.013  80.541 0.5000000000
52956  -4.914  -35.660  81.303 0.5000000000
54923  -2.349  -33.620  84.585 0.3750000000
54975  1.767  -32.835  79.896 0.2500000000
54990  2.502  -32.807  79.213 0.2500000000
56033  20.688  -31.876  75.647 0.3750000000
61418  0.920  -28.659  77.919 0.7500000000
57168  1.102  -32.427  72.834 0.7500000000
60410  -3.114  -27.874  71.826 0.5000000000
130261  -3.582  -26.035  71.341 0.5000000000
150911  20.691  -31.568  75.090 0.2500000000
57117  21.427  -31.075  75.090 0.1250000000
57116  22.738  -30.880  75.289 0.2500000000
57166  20.098  -30.600  72.637 0.1250000000
66469  -2.846  -23.007  68.960 0.5000000000
58245  1.159  -31.186  73.866 0.7500000000
59321  -3.137  -29.010  70.968 0.5000000000
129989  -3.271  -25.154  72.733 0.5000000000
64564  -2.537  -24.898  66.367 0.7500000000
65491  -2.555  -23.594  66.922 0.7500000000
134050  1.973  -31.788  72.068 0.7500000000
56067  1.501  -32.376  72.079 0.7500000000
57196  0.703  -32.236  70.122 0.7500000000
61524  -1.820  -27.986  71.493 0.5000000000
61525  -2.600  -27.984  71.799 0.5000000000
150409  -2.644  -27.079  72.474 0.5000000000
67537  -1.984  -22.039  67.654 0.6250000000
132339  -2.365  -22.753  67.214 0.6250000000
58297  0.576  -30.861  69.371 0.5000000000
68556  25.744  -19.976  67.377 0.5000000000
74513  41.887  -13.944  60.267 0.6250000000
77452  42.808  -11.832  58.295 0.3750000000
76520  41.919  -11.970  57.090 0.3750000000
77466  41.627  -11.601  56.294 0.2500000000
128671  29.416  -20.054  67.468 0.6250000000
77458  43.172  -11.132  57.898 0.3750000000
77469  42.044  -10.904  55.803 0.2500000000
144681  44.374  -9.161  55.691 0.1250000000
79306  45.328  -8.997  54.764 0.1250000000
79271  45.565  -9.348  59.426 0.7500000000
79270  46.394  -8.905  59.754 0.7500000000
79291  45.153  -8.852  57.938 0.2500000000
80206  45.703  -8.636  58.346 0.6250000000
80182  47.967  -8.150  60.143 0.6250000000
129776  47.000  -7.800  58.061 0.7500000000
80221  45.799  -8.381  57.633 0.6250000000
80219  47.341  -7.564  57.395 0.5000000000
143683  48.050  -7.315  57.539 0.6250000000
54991  1.310  -33.577  79.707 0.1250000000
55002  2.302  -33.227  78.520 0.1250000000
153424  2.854  -33.217  78.065 0.1250000000
54038  1.685  -33.876  78.479 0.1250000000
54048  4.779  -33.417  77.699 0.1250000000
54036  3.814  -33.163  78.028 0.1250000000
53004  5.953  -34.049  76.629 0.2500000000
54047  5.478  -33.711  77.279 0.1250000000
149151  4.606  -33.539  76.941 0.1250000000
130987  3.191  -32.927  78.655 0.1250000000
59286  1.774  -29.307  74.613 0.6250000000
59299  2.149  -29.829  73.834 0.6250000000
58244  1.858  -30.743  73.432 0.6250000000
58261  2.182  -31.079  72.536 0.6250000000
134774  1.965  -28.457  76.772 0.6250000000
60375  1.846  -28.500  76.034 0.6250000000
62554  13.731  -26.393  73.098 0.2500000000
61545  13.884  -26.920  70.710 0.2500000000
60387  2.199  -28.609  75.139 0.6250000000
62566  13.736  -26.265  72.224 0.2500000000
62608  13.556  -26.560  70.014 0.2500000000
60400  2.620  -28.905  74.220 0.6250000000
63552  12.721  -25.171  73.451 0.2500000000
62580  13.739  -26.147  71.381 0.2500000000
62595  13.584  -25.999  70.579 0.2500000000
148814  2.638  -29.464  73.434 0.6250000000
64504  12.403  -24.618  73.205 0.2500000000
63562  12.830  -25.005  72.657 0.2500000000
63569  13.406  -25.481  71.244 0.2500000000
63577  13.323  -25.834  69.773 0.2500000000
59309  2.866  -29.552  72.647 0.6250000000
58260  2.594  -30.414  72.032 0.6250000000
63570  12.914  -24.738  71.707 0.2500000000
64515  12.636  -24.223  70.931 0.2500000000
64519  12.743  -24.434  70.142 0.2500000000
58270  2.333  -31.325  71.522 0.6250000000
58282  2.086  -31.447  70.390 0.5000000000
64499  11.801  -24.148  74.116 0.2500000000
143241  12.364  -24.312  72.580 0.2500000000
57179  26.996  -31.226  71.792 0.3750000000
56080  25.678  -32.004  71.381 0.2500000000
58255  14.474  -30.096  72.642 0.2500000000
58257  12.940  -30.785  72.333 0.2500000000
58258  11.952  -30.785  72.460 0.2500000000
58259  11.000  -30.523  72.699 0.5000000000
61402  1.259  -28.548  78.350 0.6250000000
61492  14.557  -27.790  72.812 0.2500000000
60406  14.583  -28.480  72.309 0.2500000000
59315  13.656  -29.364  71.375 0.2500000000
59316  12.833  -29.640  71.180 0.2500000000
59305  11.458  -30.250  71.906 0.5000000000
59306  10.595  -29.974  72.195 0.5000000000
61417  1.535  -28.519  77.805 0.6250000000
62536  12.916  -26.133  75.447 0.2500000000
61474  14.244  -27.081  73.362 0.2500000000
60420  14.026  -28.607  71.116 0.2500000000
59330  12.290  -29.265  70.549 0.2500000000
141777  3.619  -28.403  74.743 0.6250000000
146639  2.650  -28.410  75.594 0.6250000000
62545  13.644  -26.529  74.002 0.2500000000
61493  14.275  -27.068  72.348 0.2500000000
132111  13.794  -27.989  70.481 0.2500000000
60439  12.561  -28.692  70.062 0.2500000000
59331  11.322  -29.284  70.702 0.5000000000
61479  4.009  -28.289  74.192 0.5000000000
60386  3.010  -28.447  74.922 0.6250000000
63541  12.432  -25.449  75.152 0.2500000000
62546  13.060  -25.970  74.605 0.2500000000
143274  13.159  -25.827  73.729 0.2500000000
61569  12.385  -27.285  68.991 0.2500000000
60460  11.264  -28.273  69.559 0.5000000000
60461  10.504  -28.196  69.642 0.5000000000
61522  4.971  -27.741  71.377 0.5000000000
61498  4.370  -28.070  72.768 0.5000000000
130181  3.843  -28.356  73.284 0.6250000000
63533  11.832  -25.080  75.766 0.2500000000
137034  12.568  -25.262  74.285 0.2500000000
63586  12.853  -25.756  68.979 0.2500000000
61570  11.543  -27.664  69.032 0.3750000000
141482  10.091  -27.781  69.274 0.5000000000
61572  8.526  -27.504  69.549 0.5000000000
61573  7.273  -27.410  69.679 0.5000000000
61549  6.096  -27.571  70.713 0.5000000000
61551  4.923  -27.795  70.453 0.3750000000
137868  3.932  -28.403  72.207 0.5000000000
60409  3.416  -28.878  72.452 0.6250000000
64487  10.879  -24.130  76.849 0.1250000000
63542  11.860  -24.600  74.831 0.2500000000
62623  12.406  -26.437  68.626 0.2500000000
61599  10.705  -27.276  68.678 0.5000000000
61571  9.235  -27.649  69.472 0.5000000000
62627  8.407  -26.676  68.352 0.3750000000
61574  6.469  -27.311  69.266 0.5000000000
61550  5.474  -27.643  70.637 0.3750000000
61552  4.423  -28.110  70.651 0.3750000000
60424  3.557  -28.875  71.627 0.3750000000
59319  3.085  -29.637  71.530 0.3750000000
66362  10.460  -22.961  77.864 0.1250000000
64493  11.325  -23.817  75.242 0.1250000000
64498  12.234  -24.608  73.897 0.2500000000
138567  12.935  -25.000  69.557 0.2500000000
64535  12.482  -24.923  68.767 0.2500000000
62644  11.211  -25.863  67.753 0.3750000000
62645  10.490  -25.912  67.687 0.3750000000
132818  9.224  -26.672  68.293 0.5000000000
61575  5.637  -27.447  69.103 0.3750000000
61576  4.628  -27.952  69.653 0.3750000000
61577  3.990  -28.323  69.072 0.3750000000
59334  2.984  -29.975  70.358 0.3750000000
58281  2.461  -30.622  69.936 0.5000000000
65383  10.827  -23.444  76.517 0.1250000000
153641  11.565  -23.899  74.538 0.2500000000
65424  12.362  -23.797  70.301 0.1250000000
64525  12.375  -24.170  69.433 0.2500000000
60462  3.464  -28.833  69.136 0.3750000000
58296  1.606  -30.807  69.432 0.3750000000
65389  11.042  -23.376  75.820 0.1250000000
65398  11.157  -22.958  75.231 0.1250000000
65407  11.619  -23.566  73.934 0.1250000000
146456  11.950  -23.695  72.627 0.1250000000
65418  12.251  -23.580  71.002 0.1250000000
65397  11.405  -23.273  74.565 0.1250000000
64510  12.253  -23.806  71.797 0.1250000000
57191  26.616  -31.588  70.933 0.2500000000
54998  17.167  -34.177  78.132 0.2500000000
148933  16.860  -32.882  76.859 0.2500000000
135924  15.923  -34.017  76.883 0.2500000000
55014  14.043  -34.010  76.826 0.2500000000
55016  12.315  -33.477  77.419 0.3750000000
131873  9.562  -31.786  78.257 0.5000000000
144597  17.749  -34.316  78.967 0.2500000000
55025  16.283  -33.293  76.516 0.2500000000
55026  15.466  -33.600  76.258 0.2500000000
55028  13.578  -33.520  76.209 0.2500000000
55029  12.764  -33.426  76.628 0.2500000000
55987  12.091  -33.076  76.589 0.3750000000
56003  11.353  -32.563  76.532 0.3750000000
57076  10.057  -31.924  77.406 0.5000000000
57077  9.455  -31.436  77.514 0.5000000000
57099  15.786  -31.828  75.205 0.2500000000
56020  14.507  -32.772  75.045 0.2500000000
56021  12.767  -32.625  75.186 0.2500000000
56022  12.025  -32.633  75.827 0.2500000000
56004  10.528  -31.988  76.460 0.3750000000
58178  8.988  -30.957  77.143 0.5000000000
58189  8.515  -30.303  76.769 0.5000000000
59242  6.824  -29.032  77.831 0.5000000000
60338  5.434  -28.505  78.451 0.6250000000
61386  4.097  -28.383  78.965 0.6250000000
141528  15.555  -29.566  76.330 0.2500000000
58203  16.122  -31.020  75.262 0.2500000000
153672  14.379  -32.238  74.429 0.2500000000
57120  13.782  -31.921  73.846 0.2500000000
57100  11.982  -32.222  75.073 0.2500000000
136167  11.310  -31.790  74.968 0.2500000000
152556  10.126  -31.574  76.105 0.5000000000
58205  9.239  -30.580  75.438 0.5000000000
59253  8.031  -29.844  76.401 0.5000000000
60346  7.025  -29.179  77.041 0.5000000000
60348  5.546  -28.443  77.563 0.6250000000
61399  4.899  -28.389  77.859 0.6250000000
61400  4.254  -28.339  78.111 0.6250000000
61387  3.240  -28.324  79.260 0.6250000000
59268  15.132  -28.934  76.067 0.2500000000
59282  15.412  -29.391  74.605 0.2500000000
58223  15.284  -30.842  73.892 0.2500000000
57145  13.535  -31.260  72.991 0.2500000000
57147  12.122  -31.652  73.807 0.2500000000
57122  11.350  -31.533  74.232 0.3750000000
149453  10.043  -30.646  74.180 0.5000000000
58226  9.402  -30.356  74.610 0.5000000000
59269  7.833  -29.665  75.736 0.5000000000
59270  7.068  -29.178  75.596 0.5000000000
60359  6.506  -28.900  76.161 0.5000000000
60361  5.550  -28.426  76.830 0.6250000000
61414  4.423  -28.325  77.339 0.6250000000
61415  3.796  -28.315  77.589 0.6250000000
61416  3.074  -28.346  77.810 0.6250000000
60372  14.754  -28.369  75.676 0.2500000000
141361  14.890  -28.315  73.964 0.2500000000
59294  14.963  -29.551  73.179 0.2500000000
57146  12.479  -31.298  73.030 0.2500000000
58224  11.418  -31.131  73.377 0.3750000000
131217  8.915  -29.871  74.310 0.5000000000
60373  7.639  -29.355  75.040 0.5000000000
145974  6.461  -28.851  75.380 0.5000000000
60374  5.974  -28.652  75.505 0.5000000000
61431  5.468  -28.498  75.634 0.6250000000
61432  4.597  -28.358  76.533 0.6250000000
136287  3.360  -28.335  77.029 0.6250000000
146182  2.649  -28.389  77.406 0.6250000000
61430  12.979  -26.665  76.749 0.2500000000
61445  13.869  -27.260  75.565 0.2500000000
61473  14.581  -27.776  73.665 0.2500000000
60396  14.832  -28.585  73.167 0.2500000000
148526  10.165  -30.104  72.937 0.5000000000
59297  8.781  -29.524  73.719 0.5000000000
59285  7.498  -29.058  74.497 0.5000000000
60384  7.006  -28.718  74.266 0.5000000000
61446  5.678  -28.549  74.981 0.5000000000
61447  5.209  -28.444  75.091 0.5000000000
145209  4.439  -28.398  75.892 0.6250000000
61434  3.316  -28.350  76.260 0.6250000000
152167  2.657  -28.378  76.827 0.6250000000
153026  12.768  -26.262  76.136 0.2500000000
62535  13.589  -26.715  74.955 0.2500000000
61459  14.138  -27.188  74.234 0.2500000000
153119  9.929  -29.671  72.473 0.5000000000
59308  8.640  -29.123  73.024 0.5000000000
129577  7.991  -28.681  73.049 0.5000000000
61460  6.469  -28.458  73.952 0.5000000000
61461  5.854  -28.425  74.320 0.5000000000
61463  5.007  -28.314  74.495 0.5000000000
61464  4.021  -28.368  74.899 0.5000000000
61450  3.336  -28.379  75.474 0.6250000000
62526  12.383  -26.028  76.686 0.2500000000
63524  11.846  -25.426  76.563 0.2500000000
59318  10.096  -29.436  71.829 0.5000000000
59307  9.333  -29.232  72.349 0.5000000000
60408  7.551  -28.346  72.660 0.5000000000
61475  6.739  -28.239  73.139 0.5000000000
61496  5.736  -27.919  73.036 0.5000000000
61497  4.972  -27.918  73.160 0.5000000000
132014  11.457  -25.175  77.125 0.2500000000
64486  11.349  -24.704  76.488 0.2500000000
129748  9.872  -28.646  70.728 0.5000000000
60442  9.150  -28.318  70.871 0.5000000000
60422  7.950  -28.142  71.715 0.5000000000
61495  6.340  -27.995  72.860 0.5000000000
61521  5.786  -27.645  71.423 0.5000000000
128815  5.388  -27.741  72.279 0.5000000000
64478  10.673  -24.272  77.869 0.1250000000
61547  8.634  -27.865  70.307 0.5000000000
61548  7.441  -27.656  70.567 0.5000000000
61520  6.664  -27.683  71.254 0.5000000000
65373  10.479  -23.743  78.277 0.1250000000
65378  10.628  -23.669  77.376 0.1250000000
62647  8.096  -25.980  67.752 0.3750000000
62628  7.594  -26.630  68.318 0.3750000000
59191  25.855  -29.479  81.263 0.5000000000
58133  25.937  -30.241  81.153 0.5000000000
63608  9.969  -25.164  67.384 0.3750000000
144439  8.834  -26.184  67.842 0.3750000000
147601  5.014  -27.651  69.077 0.3750000000
139755  4.471  -27.750  68.625 0.3750000000
59344  2.354  -29.611  68.925 0.3750000000
62481  26.064  -27.029  80.070 0.5000000000
60311  26.059  -28.329  80.696 0.6250000000
67358  10.520  -21.867  79.938 0.1250000000
66354  10.407  -23.052  78.829 0.1250000000
64547  11.365  -24.718  67.675 0.3750000000
63610  8.114  -25.265  67.468 0.3750000000
62648  7.232  -26.047  67.722 0.3750000000
61602  5.987  -27.037  68.414 0.3750000000
60479  3.098  -28.415  68.401 0.3750000000
59354  1.480  -29.172  68.522 0.3750000000
62490  26.728  -27.089  79.587 0.3750000000
60310  26.606  -28.602  80.245 0.6250000000
67349  10.653  -21.606  80.897 0.1250000000
66371  10.632  -22.783  76.996 0.1250000000
65431  11.846  -23.534  69.039 0.1250000000
65469  11.084  -23.973  67.744 0.2500000000
63609  8.887  -25.406  67.498 0.3750000000
64551  7.615  -24.779  67.399 0.3750000000
62649  6.425  -26.052  67.611 0.3750000000
62631  5.300  -26.798  67.822 0.3750000000
59346  0.748  -29.527  68.802 0.3750000000
61359  26.518  -27.813  80.122 0.6250000000
60309  26.928  -28.902  79.802 0.6250000000
138087  10.796  -21.064  80.068 0.1250000000
134855  10.497  -21.992  79.009 0.1250000000
66377  10.875  -22.592  76.036 0.1250000000
66384  11.301  -22.482  74.540 0.1250000000
133178  11.752  -23.114  72.185 0.1250000000
65425  11.957  -23.132  70.505 0.1250000000
144425  12.002  -23.368  69.737 0.1250000000
59347  0.018  -29.921  69.237 0.3750000000
63484  27.178  -26.311  79.237 0.6250000000
62489  27.180  -27.080  79.209 0.6250000000
59212  27.149  -29.137  79.377 0.6250000000
146901  10.465  -22.337  78.274 0.1250000000
133796  10.520  -22.123  77.551 0.1250000000
62499  27.571  -26.377  78.877 0.6250000000
154713  27.424  -27.064  78.901 0.6250000000
61377  27.262  -27.732  79.242 0.5000000000
62498  27.753  -26.602  78.498 0.5000000000
62488  27.510  -27.410  78.757 0.5000000000
63492  27.971  -25.719  78.473 0.5000000000
54985  17.720  -33.444  78.615 0.2500000000
54997  17.374  -33.363  77.909 0.2500000000
55011  17.278  -32.778  77.485 0.2500000000
55964  17.838  -32.590  79.173 0.2500000000
55975  17.602  -32.644  78.277 0.2500000000
57074  17.404  -31.938  77.849 0.2500000000
55986  17.098  -32.128  77.014 0.2500000000
57086  16.766  -31.470  76.564 0.2500000000
57057  16.985  -31.177  79.253 0.2500000000
57066  17.094  -31.185  78.327 0.2500000000
58186  16.608  -30.717  76.962 0.2500000000
56018  16.323  -31.625  75.826 0.2500000000
60344  14.416  -28.588  77.642 0.2500000000
58187  16.051  -30.172  76.609 0.2500000000
60335  13.764  -28.259  78.403 0.2500000000
60357  14.472  -28.325  76.667 0.2500000000
61383  12.422  -27.265  79.349 0.2500000000
60345  13.876  -27.945  77.464 0.2500000000
61397  12.608  -27.060  78.488 0.2500000000
61411  13.415  -27.318  77.182 0.2500000000
61428  14.206  -27.756  76.055 0.2500000000
62505  12.229  -26.396  78.028 0.2500000000
61412  12.826  -26.881  77.643 0.2500000000
63498  11.290  -25.827  79.072 0.2500000000
141267  11.630  -25.856  78.302 0.2500000000
144771  10.285  -24.603  80.210 0.2500000000
63499  10.792  -25.133  79.144 0.2500000000
144226  11.172  -25.378  78.514 0.2500000000
58126  25.113  -31.048  82.196 0.5000000000
144171  10.073  -23.905  81.062 0.1250000000
138236  10.263  -24.091  79.917 0.2500000000
64464  10.451  -24.552  79.539 0.2500000000
59180  25.452  -30.046  81.933 0.6250000000
65359  10.226  -23.519  80.387 0.1250000000
65368  10.333  -23.507  79.602 0.1250000000
61339  25.359  -28.066  81.170 0.5000000000
66335  10.369  -22.581  80.600 0.1250000000
66345  10.367  -22.763  79.717 0.1250000000
60480  1.424  -28.209  68.166 0.3750000000
62482  25.217  -26.891  80.517 0.3750000000
67339  10.668  -21.662  81.974 0.1250000000
62651  4.723  -26.295  67.481 0.3750000000
61622  3.330  -27.176  67.604 0.3750000000
59353  2.269  -28.803  68.371 0.3750000000
63486  26.101  -25.283  79.545 0.3750000000
64448  25.166  -25.023  79.870 0.3750000000
68374  10.987  -20.949  81.554 0.1250000000
65447  10.703  -23.170  68.079 0.2500000000
65471  9.567  -23.794  67.512 0.2500000000
64550  8.392  -24.580  67.396 0.2500000000
63611  6.881  -25.278  67.444 0.3750000000
63613  5.104  -25.476  67.372 0.3750000000
130899  0.068  -28.984  69.112 0.3750000000
63485  26.464  -26.262  79.600 0.3750000000
65419  11.880  -23.079  71.341 0.1250000000
130520  27.033  -25.424  79.297 0.3750000000
132879  10.648  -21.111  78.785 0.1250000000
67367  10.540  -21.568  78.176 0.1250000000
65412  11.633  -23.164  73.103 0.1250000000
144454  11.472  -22.393  73.215 0.1250000000
64456  27.503  -24.692  79.056 0.3750000000
64465  28.093  -24.818  78.394 0.5000000000
54961  18.334  -33.838  81.492 0.2500000000
55948  17.931  -32.596  80.271 0.2500000000
57075  17.061  -31.287  77.402 0.2500000000
58142  16.014  -30.757  80.717 0.2500000000
58165  16.445  -30.628  78.821 0.2500000000
58166  15.888  -30.208  78.373 0.2500000000
58176  16.571  -30.668  77.887 0.2500000000
58143  15.068  -30.251  80.844 0.2500000000
58155  14.961  -29.929  79.973 0.2500000000
149649  15.325  -29.847  78.704 0.2500000000
59238  15.424  -29.746  78.032 0.2500000000
58177  16.015  -30.184  77.506 0.2500000000
59202  13.179  -28.836  81.008 0.2500000000
59215  13.817  -28.965  79.584 0.2500000000
59228  13.925  -28.762  78.965 0.2500000000
60302  12.508  -28.338  81.439 0.2500000000
60313  12.695  -28.161  80.570 0.2500000000
60323  12.876  -27.929  79.734 0.2500000000
60303  11.882  -27.938  81.975 0.2500000000
60314  12.129  -27.668  81.070 0.2500000000
61367  11.694  -27.038  80.658 0.2500000000
61384  11.834  -26.838  79.842 0.2500000000
61349  11.486  -27.234  81.544 0.2500000000
62479  11.147  -26.580  81.072 0.2500000000
62487  11.299  -26.440  80.283 0.2500000000
61398  11.900  -26.520  78.950 0.2500000000
134497  10.474  -26.004  82.049 0.2500000000
63475  10.343  -25.513  81.541 0.2500000000
63483  10.522  -25.598  80.716 0.2500000000
63491  10.912  -25.794  79.925 0.2500000000
65346  10.201  -23.917  83.734 0.1250000000
63469  10.034  -24.970  82.577 0.2500000000
64447  10.110  -24.973  81.829 0.2500000000
64455  10.202  -24.941  80.887 0.2500000000
65344  10.421  -23.552  84.901 0.1250000000
65349  10.043  -23.872  82.624 0.1250000000
135345  10.041  -24.417  81.370 0.2500000000
140023  10.419  -22.928  84.167 0.1250000000
136844  10.264  -23.122  83.097 0.1250000000
131750  10.151  -23.177  82.104 0.1250000000
60301  24.972  -28.404  81.759 0.5000000000
66313  10.775  -22.538  85.201 0.1250000000
66316  10.576  -22.323  83.513 0.1250000000
66325  10.390  -22.445  81.531 0.1250000000
61606  0.645  -27.772  68.549 0.3750000000
67322  11.094  -21.618  84.946 0.1250000000
67328  10.936  -21.606  83.991 0.1250000000
68369  11.050  -21.029  82.501 0.1250000000
63614  4.178  -25.575  67.305 0.3750000000
62654  2.028  -26.805  67.660 0.3750000000
153897  1.124  -27.410  68.153 0.3750000000
60481  0.702  -28.650  68.614 0.3750000000
130326  12.483  -20.772  85.026 0.1250000000
67327  11.405  -20.940  84.461 0.1250000000
65448  9.940  -23.255  67.749 0.2500000000
65473  7.770  -23.784  67.448 0.2500000000
63612  5.988  -25.397  67.419 0.2500000000
60463  0.080  -28.124  69.064 0.3750000000
68355  12.248  -20.317  84.995 0.1250000000
68356  11.873  -20.276  84.702 0.1250000000
68368  11.417  -20.394  82.170 0.1250000000
68384  11.278  -20.298  80.177 0.1250000000
66413  11.598  -22.399  71.648 0.1250000000
66438  11.559  -22.639  69.793 0.1250000000
60464  -0.485  -28.429  69.714 0.3750000000
65361  26.344  -23.478  79.468 0.2500000000
69394  11.760  -19.774  83.069 0.1250000000
68385  10.987  -20.824  80.755 0.1250000000
138748  10.863  -21.563  75.838 0.1250000000
147259  11.221  -21.752  74.552 0.1250000000
66405  11.542  -22.410  72.495 0.1250000000
65360  27.586  -23.622  79.019 0.2500000000
64457  26.762  -24.456  79.315 0.3750000000
136370  28.139  -23.889  78.399 0.2500000000
63493  27.702  -25.417  78.883 0.3750000000
64466  27.892  -24.493  78.740 0.3750000000
64471  28.249  -24.242  77.946 0.3750000000
63501  28.205  -25.197  78.044 0.3750000000
55937  17.787  -33.040  81.979 0.1250000000
55938  17.341  -32.283  81.401 0.2500000000
55949  17.275  -31.834  80.516 0.2500000000
129286  15.468  -30.714  81.444 0.2500000000
59192  14.407  -29.904  81.286 0.2500000000
58134  14.757  -30.429  81.905 0.2500000000
59194  12.836  -28.828  81.788 0.2500000000
59193  13.310  -29.286  81.794 0.2500000000
58135  13.928  -29.848  82.017 0.2500000000
60276  12.319  -28.927  83.157 0.2500000000
60290  12.355  -28.564  82.304 0.2500000000
60291  11.729  -28.259  83.047 0.2500000000
61331  10.695  -27.019  83.143 0.2500000000
61330  11.269  -27.477  82.543 0.2500000000
143891  10.243  -25.826  83.391 0.2500000000
62464  10.374  -26.487  83.947 0.2500000000
148356  10.089  -24.692  83.782 0.2500000000
64441  10.102  -25.085  84.209 0.2500000000
63466  10.171  -25.683  84.174 0.2500000000
140320  10.219  -24.472  84.583 0.1250000000
143736  10.490  -24.203  85.644 0.2500000000
65341  10.978  -23.574  86.172 0.1250000000
152039  10.748  -23.300  85.674 0.1250000000
64527  1.926  -23.868  68.700 0.2500000000
64539  1.682  -24.686  68.425 0.2500000000
64556  2.827  -24.945  67.537 0.2500000000
63599  2.122  -25.158  67.863 0.3750000000
63587  1.061  -25.153  68.814 0.2500000000
63588  0.462  -25.847  69.295 0.3750000000
66308  11.770  -22.299  85.817 0.1250000000
65474  6.196  -23.928  67.448 0.2500000000
64554  4.558  -24.732  67.349 0.2500000000
62632  1.372  -26.757  67.977 0.3750000000
62596  -0.090  -26.098  70.045 0.3750000000
67320  12.201  -21.608  85.381 0.1250000000
68410  10.670  -20.416  77.232 0.1250000000
68418  10.700  -20.858  76.500 0.1250000000
67406  11.049  -21.262  75.028 0.1250000000
66422  11.124  -21.704  70.126 0.1250000000
66439  10.929  -22.115  69.246 0.1250000000
66463  9.838  -22.558  68.230 0.2500000000
66480  8.361  -23.056  67.730 0.2500000000
64552  6.310  -24.693  67.392 0.2500000000
62597  -0.628  -26.767  70.454 0.3750000000
151463  10.770  -20.592  78.719 0.1250000000
67379  10.588  -21.243  77.373 0.1250000000
66421  11.614  -22.422  70.757 0.1250000000
66461  11.330  -22.885  68.873 0.1250000000
61579  -0.351  -27.541  69.694 0.3750000000
68373  11.379  -20.307  81.197 0.1250000000
136640  11.120  -22.106  75.209 0.1250000000
131221  27.418  -21.677  79.516 0.2500000000
69398  12.205  -19.031  82.611 0.1250000000
66339  27.885  -22.373  79.022 0.2500000000
65369  28.192  -22.941  78.496 0.3750000000
65374  28.369  -23.292  78.091 0.3750000000
131061  18.122  -33.012  81.145 0.2500000000
132732  16.631  -31.475  81.076 0.2500000000
57038  16.358  -31.810  82.158 0.2500000000
58127  15.454  -31.169  82.283 0.2500000000
57039  15.986  -31.158  81.522 0.2500000000
59184  12.829  -29.132  82.469 0.2500000000
72298  7.285  -16.048  76.224 0.1250000000
71352  6.315  -17.194  76.327 0.1250000000
70410  6.194  -18.317  75.109 0.1250000000
73345  7.851  -15.831  75.827 0.1250000000
72310  7.447  -16.247  75.459 0.1250000000
72311  6.794  -16.608  75.829 0.1250000000
71365  6.488  -17.367  75.471 0.1250000000
73343  9.205  -15.921  75.500 0.1250000000
72309  8.296  -16.100  75.244 0.1250000000
71378  6.770  -17.537  74.640 0.1250000000
70424  6.619  -18.256  74.317 0.1250000000
61317  10.663  -27.260  84.030 0.2500000000
73342  9.897  -15.836  75.773 0.1250000000
71364  7.030  -16.781  75.020 0.1250000000
62460  10.265  -26.162  84.987 0.2500000000
72285  11.706  -15.872  76.811 0.1250000000
71351  10.747  -16.894  75.939 0.1250000000
72320  8.379  -16.694  74.608 0.1250000000
70423  7.161  -17.801  73.935 0.1250000000
63462  10.379  -25.775  85.761 0.2500000000
71363  9.697  -17.180  74.908 0.1250000000
71376  8.523  -17.320  74.044 0.1250000000
71389  8.299  -17.748  73.483 0.1250000000
64436  10.814  -24.373  86.284 0.1250000000
71340  12.389  -16.900  77.776 0.1250000000
71350  11.341  -17.164  76.523 0.1250000000
71362  10.426  -17.586  75.527 0.1250000000
70422  9.902  -18.313  73.914 0.1250000000
65433  2.363  -23.120  69.140 0.1250000000
65426  1.970  -22.697  69.907 0.2500000000
65434  1.575  -23.498  69.526 0.2500000000
64432  10.995  -25.017  86.686 0.1250000000
71329  12.607  -17.308  78.644 0.1250000000
71341  11.759  -17.520  77.268 0.1250000000
70395  10.837  -18.321  76.147 0.1250000000
129197  10.379  -18.800  74.687 0.1250000000
65453  4.328  -23.196  67.930 0.1250000000
65432  3.173  -22.851  68.772 0.1250000000
64538  2.376  -24.380  68.045 0.2500000000
64528  1.265  -24.312  69.156 0.2500000000
71330  12.097  -17.855  78.111 0.1250000000
70380  11.485  -18.487  77.590 0.1250000000
147823  10.729  -19.999  76.092 0.1250000000
69473  10.591  -19.647  74.640 0.1250000000
67517  8.747  -21.466  69.375 0.1250000000
66442  8.362  -21.993  68.789 0.1250000000
127960  7.439  -22.135  68.676 0.1250000000
66467  4.685  -22.491  68.580 0.1250000000
64537  3.166  -24.182  67.758 0.2500000000
64529  0.674  -24.843  69.659 0.2500000000
70369  11.758  -18.658  78.567 0.1250000000
147032  11.095  -19.230  77.460 0.1250000000
68434  10.871  -20.454  74.758 0.1250000000
67431  11.232  -20.899  73.274 0.1250000000
67466  11.143  -20.973  71.452 0.1250000000
138803  10.974  -21.113  70.702 0.1250000000
66441  9.289  -21.905  68.766 0.1250000000
154570  8.101  -22.464  68.208 0.1250000000
65450  6.841  -23.380  67.592 0.2500000000
65476  4.854  -23.846  67.518 0.1250000000
64555  3.656  -24.846  67.379 0.2500000000
70357  11.985  -18.834  79.480 0.1250000000
69431  10.982  -20.033  78.656 0.1250000000
67419  11.153  -21.029  74.198 0.1250000000
67447  11.428  -21.650  71.971 0.1250000000
67465  11.365  -21.683  71.105 0.1250000000
63580  -0.456  -25.785  70.751 0.3750000000
69420  11.665  -19.531  79.869 0.1250000000
67430  11.410  -21.669  72.839 0.1250000000
132941  -1.075  -26.212  71.319 0.3750000000
69399  11.811  -19.705  81.881 0.1250000000
69410  11.737  -19.635  80.821 0.1250000000
142901  27.036  -21.075  79.880 0.2500000000
67354  28.132  -21.375  79.124 0.2500000000
66350  28.276  -22.069  78.589 0.2500000000
66357  28.380  -22.480  78.206 0.2500000000
65375  28.084  -23.506  77.657 0.2500000000
55911  16.512  -32.939  83.949 0.1250000000
57029  16.231  -32.422  83.285 0.2500000000
142913  5.038  -18.924  79.421 0.1250000000
69411  4.849  -19.201  80.070 0.1250000000
69422  4.674  -19.889  79.586 0.1250000000
148119  4.456  -20.768  79.543 0.1250000000
55927  17.477  -33.201  82.787 0.2500000000
130487  17.025  -32.584  82.508 0.2500000000
57030  15.715  -31.800  82.971 0.2500000000
71332  5.592  -17.738  78.415 0.1250000000
70370  5.255  -18.574  78.600 0.1250000000
69432  4.913  -19.601  78.571 0.1250000000
68401  4.805  -20.574  78.046 0.1250000000
69433  4.599  -20.569  78.863 0.1250000000
68402  4.556  -21.215  78.384 0.1250000000
144180  4.292  -21.835  77.557 0.1250000000
57031  15.177  -31.473  83.216 0.2500000000
71343  5.721  -17.664  77.563 0.1250000000
70382  5.422  -18.348  77.803 0.1250000000
142171  5.183  -19.041  77.943 0.1250000000
69444  5.043  -19.800  77.604 0.1250000000
67380  4.730  -21.462  76.821 0.1250000000
58128  14.719  -30.902  82.921 0.2500000000
71342  6.162  -17.074  77.181 0.1250000000
71353  5.845  -17.736  76.793 0.1250000000
149953  5.567  -18.216  77.175 0.1250000000
135397  5.324  -18.975  77.174 0.1250000000
144761  5.201  -19.922  76.748 0.1250000000
68419  5.193  -20.888  76.320 0.1250000000
67394  4.381  -21.619  76.199 0.1250000000
67381  3.776  -22.033  77.444 0.1250000000
59172  12.246  -29.287  84.025 0.2500000000
145797  14.212  -30.376  82.630 0.2500000000
70396  5.973  -17.952  76.006 0.1250000000
70411  5.707  -18.824  75.850 0.1250000000
68427  5.397  -20.979  75.425 0.1250000000
67393  4.994  -21.449  75.862 0.1250000000
67422  3.947  -21.477  74.870 0.1250000000
67409  3.851  -21.561  75.677 0.1250000000
137479  11.863  -28.755  83.772 0.2500000000
58119  12.734  -29.921  84.415 0.2500000000
69474  6.248  -19.215  74.386 0.1250000000
69475  5.703  -20.151  74.897 0.1250000000
68436  5.612  -21.058  74.584 0.1250000000
67407  5.164  -21.437  75.015 0.1250000000
131502  3.964  -21.329  74.179 0.1250000000
60278  10.906  -27.828  84.530 0.2500000000
59173  11.686  -28.935  84.542 0.2500000000
68445  6.393  -20.657  73.308 0.1250000000
68446  5.903  -21.179  73.837 0.1250000000
67420  5.324  -21.403  74.234 0.1250000000
67434  4.441  -21.354  73.705 0.1250000000
60266  10.777  -27.939  85.429 0.2500000000
60265  11.207  -28.460  84.998 0.2500000000
70439  6.849  -18.619  73.673 0.1250000000
69504  6.907  -19.972  72.704 0.1250000000
67450  5.612  -21.441  72.759 0.1250000000
67452  4.204  -21.055  72.842 0.1250000000
153643  3.370  -20.848  72.509 0.1250000000
67435  3.470  -20.885  73.415 0.1250000000
61305  10.467  -27.141  84.985 0.2500000000
69489  7.202  -19.019  72.954 0.1250000000
68462  6.627  -20.880  72.533 0.1250000000
67469  5.606  -21.408  71.735 0.1250000000
67451  4.874  -21.282  72.320 0.1250000000
67471  3.852  -21.033  71.782 0.1250000000
67472  2.727  -21.022  71.819 0.1250000000
67473  1.745  -21.305  72.063 0.2500000000
62457  10.421  -26.555  85.865 0.2500000000
71388  9.056  -17.852  73.591 0.1250000000
70452  7.985  -18.658  72.596 0.1250000000
68461  7.300  -20.304  71.890 0.1250000000
67468  6.399  -21.329  71.418 0.1250000000
140504  5.200  -21.431  70.932 0.1250000000
67496  3.934  -21.392  70.787 0.1250000000
67497  3.008  -21.324  70.960 0.1250000000
66414  2.067  -21.624  71.202 0.2500000000
65420  0.832  -22.854  71.132 0.2500000000
154374  11.055  -25.627  86.846 0.2500000000
69487  10.333  -19.393  73.032 0.1250000000
69488  9.705  -18.885  72.609 0.1250000000
69516  8.665  -19.477  71.459 0.1250000000
68503  7.743  -20.877  70.699 0.1250000000
67493  6.600  -21.422  70.512 0.1250000000
67494  5.848  -21.480  70.793 0.1250000000
66424  5.123  -21.640  70.108 0.1250000000
154141  3.522  -21.976  69.703 0.1250000000
66426  2.435  -21.981  70.388 0.1250000000
66427  1.581  -22.377  70.710 0.2500000000
64520  0.856  -23.943  69.958 0.2500000000
137912  10.381  -19.145  73.875 0.1250000000
69501  10.130  -19.447  72.017 0.1250000000
69515  9.433  -19.452  71.427 0.1250000000
68502  8.607  -20.516  70.444 0.1250000000
67518  7.822  -21.621  69.464 0.1250000000
66443  6.887  -21.704  69.513 0.1250000000
66423  6.011  -21.675  69.858 0.1250000000
66445  4.622  -21.972  69.387 0.1250000000
66447  2.905  -22.325  69.574 0.1250000000
68444  10.776  -20.091  73.783 0.1250000000
68460  10.811  -20.117  72.696 0.1250000000
68500  10.531  -20.523  70.891 0.1250000000
67490  9.196  -20.912  69.901 0.1250000000
139422  6.220  -22.026  68.972 0.1250000000
66466  5.677  -22.511  68.367 0.1250000000
63579  0.137  -25.343  70.226 0.3750000000
67448  11.236  -20.884  72.330 0.1250000000
68478  10.716  -20.253  71.744 0.1250000000
68501  9.632  -20.374  70.481 0.1250000000
64522  -0.240  -24.958  71.002 0.3750000000
154437  27.687  -21.015  79.609 0.2500000000
66417  -3.214  -22.068  71.843 0.3750000000
137366  -3.516  -22.936  72.288 0.3750000000
66338  28.329  -21.423  78.670 0.2500000000
138708  28.383  -21.839  78.342 0.2500000000
68484  -2.625  -20.794  71.943 0.3750000000
67475  -2.928  -21.370  71.574 0.3750000000
67374  28.431  -21.934  78.032 0.2500000000
66428  -3.065  -21.879  70.941 0.3750000000
142527  27.879  -22.987  77.399 0.2500000000
67474  -2.619  -21.168  70.948 0.3750000000
68395  4.346  -21.458  79.090 0.1250000000
57019  15.400  -32.044  83.905 0.2500000000
57020  14.588  -31.406  83.957 0.2500000000
130061  14.220  -31.564  84.813 0.2500000000
57021  13.846  -30.995  84.413 0.2500000000
58117  14.052  -30.688  83.469 0.2500000000
152794  13.120  -30.719  85.553 0.2500000000
58106  13.203  -30.602  84.859 0.2500000000
58118  13.386  -30.317  83.924 0.2500000000
58107  12.600  -30.192  85.286 0.2500000000
59156  12.099  -29.548  84.919 0.2500000000
136965  6.596  -19.624  73.494 0.1250000000
67436  3.059  -20.879  74.368 0.1250000000
60245  12.093  -29.195  86.563 0.2500000000
59146  12.056  -29.720  85.699 0.2500000000
59157  11.544  -29.082  85.391 0.2500000000
147530  2.472  -20.686  73.526 0.2500000000
67423  1.813  -20.662  74.138 0.2500000000
60251  11.150  -28.309  86.326 0.2500000000
60260  10.783  -28.031  86.048 0.2500000000
67453  2.522  -20.782  72.696 0.1250000000
130429  1.425  -20.933  73.056 0.2500000000
62455  11.226  -26.302  86.800 0.2500000000
61296  10.566  -27.421  85.963 0.2500000000
66415  1.202  -22.061  71.530 0.2500000000
65428  0.559  -23.663  70.808 0.2500000000
64516  -0.027  -24.168  71.290 0.2500000000
64521  0.336  -24.483  70.509 0.2500000000
64517  -0.638  -24.642  71.749 0.3750000000
63571  -0.817  -25.414  71.494 0.3750000000
148640  -1.368  -25.799  71.922 0.3750000000
68464  -2.842  -20.758  72.881 0.3750000000
67439  -3.273  -21.492  73.338 0.3750000000
68390  27.326  -20.468  79.978 0.1250000000
132903  -2.368  -20.349  72.658 0.3750000000
66409  -3.420  -22.220  72.830 0.3750000000
140490  -3.535  -23.015  73.152 0.3750000000
62555  -2.608  -25.946  72.736 0.3750000000
69416  28.345  -19.865  79.481 0.1250000000
134991  28.566  -19.826  79.105 0.2500000000
69520  -1.980  -20.008  72.564 0.3750000000
67455  -3.081  -21.374  72.372 0.3750000000
68388  28.406  -20.630  79.024 0.2500000000
67363  28.405  -21.132  78.451 0.2500000000
68483  -2.169  -20.355  71.959 0.3750000000
144076  28.356  -21.213  78.079 0.2500000000
134699  -2.306  -20.684  71.375 0.3750000000
67499  -2.783  -21.798  70.158 0.3750000000
67519  -2.493  -21.881  69.410 0.3750000000
55912  15.904  -32.610  84.182 0.2500000000
129828  15.403  -32.471  84.791 0.2500000000
55913  14.773  -32.008  84.758 0.2500000000
57007  14.445  -31.733  85.448 0.2500000000
57008  13.742  -31.225  85.343 0.2500000000
58096  12.683  -30.377  85.892 0.2500000000
67424  1.005  -20.784  74.850 0.2500000000
67437  0.729  -21.041  73.924 0.2500000000
67454  0.425  -21.665  73.193 0.2500000000
66406  0.826  -21.769  72.356 0.2500000000
66407  0.095  -22.391  72.694 0.2500000000
66416  0.454  -22.578  71.919 0.2500000000
65422  -0.440  -23.880  72.058 0.2500000000
63563  -1.272  -25.131  72.198 0.3750000000
68438  -3.066  -20.870  74.576 0.3750000000
144554  -3.323  -22.172  74.743 0.3750000000
66387  -3.163  -22.804  74.680 0.3750000000
63564  -1.928  -25.778  72.560 0.3750000000
143161  -3.451  -22.547  73.937 0.3750000000
65401  -3.224  -23.325  74.240 0.3750000000
64501  -3.020  -23.957  73.977 0.3750000000
69403  28.173  -19.180  79.928 0.1250000000
65410  -3.354  -23.546  73.645 0.3750000000
63554  -3.018  -25.193  72.987 0.3750000000
69415  28.634  -19.158  79.393 0.1250000000
68397  28.532  -20.169  78.743 0.2500000000
68405  28.401  -20.439  78.270 0.2500000000
68406  28.020  -20.640  77.646 0.2500000000
68504  -1.906  -20.409  71.306 0.3750000000
67498  -2.367  -21.276  70.070 0.3750000000
67426  -0.803  -21.818  74.863 0.2500000000
67425  0.166  -21.306  74.616 0.2500000000
66397  -0.243  -22.240  73.366 0.2500000000
128195  -0.511  -21.427  76.501 0.2500000000
67438  -0.135  -21.737  73.954 0.2500000000
65413  -0.212  -23.121  72.356 0.2500000000
67399  -1.451  -21.488  76.903 0.2500000000
67412  -1.140  -21.642  75.959 0.2500000000
66398  -0.977  -22.486  73.961 0.2500000000
66408  -0.612  -22.869  73.126 0.2500000000
66378  -1.787  -22.127  75.461 0.2500000000
128875  -1.537  -22.469  74.728 0.3750000000
66399  -1.753  -23.142  74.372 0.3750000000
65408  -1.337  -23.390  73.632 0.3750000000
65414  -0.880  -23.636  72.838 0.3750000000
65415  -1.574  -24.132  73.279 0.3750000000
64511  -1.100  -24.369  72.514 0.3750000000
64512  -1.779  -24.857  72.870 0.3750000000
65399  -2.355  -23.348  74.468 0.3750000000
64506  -2.278  -24.530  73.430 0.3750000000
65400  -2.822  -23.391  74.405 0.3750000000
153700  -2.324  -25.247  72.950 0.3750000000
64507  -2.785  -24.488  73.440 0.3750000000
70349  28.544  -18.451  79.792 0.1250000000
69426  28.793  -19.308  78.975 0.2500000000
70363  29.006  -18.655  78.637 0.2500000000
69438  28.337  -19.675  77.899 0.2500000000
67413  -2.046  -21.699  76.271 0.3750000000
66385  -2.189  -22.694  74.945 0.3750000000
70362  29.098  -18.320  79.204 0.2500000000
148416  29.564  -17.410  79.055 0.2500000000
144747  28.712  -18.986  78.177 0.2500000000
69448  28.573  -18.823  77.458 0.2500000000
68493  26.815  -19.884  70.617 0.5000000000
68494  25.664  -20.321  70.291 0.6250000000
68515  26.518  -19.986  69.736 0.5000000000
146890  27.840  -19.773  70.511 0.3750000000
129570  27.553  -19.808  69.907 0.3750000000
129893  27.294  -19.879  69.137 0.5000000000
67640  35.250  -21.225  60.635 0.2500000000
68554  27.851  -19.828  67.745 0.5000000000
67621  34.884  -21.627  61.258 0.2500000000
72478  40.845  -15.838  61.809 0.5000000000
135078  40.965  -15.354  60.969 0.5000000000
73518  40.509  -15.687  60.371 0.5000000000
73517  40.975  -15.044  60.182 0.5000000000
131734  28.538  -19.797  70.737 0.3750000000
154392  29.122  -19.880  70.682 0.3750000000
131501  28.445  -19.861  70.038 0.5000000000
68514  28.250  -19.897  69.323 0.5000000000
74507  41.985  -14.350  61.631 0.5000000000
139834  42.039  -13.960  60.976 0.5000000000
132078  41.412  -14.455  59.999 0.3750000000
134909  41.207  -14.177  58.853 0.3750000000
68492  29.236  -20.003  70.180 0.5000000000
68533  29.732  -20.327  69.143 0.3750000000
68513  29.070  -20.069  69.535 0.5000000000
68534  28.930  -20.090  68.833 0.5000000000
68552  29.754  -20.300  68.428 0.5000000000
68553  28.729  -20.003  68.009 0.5000000000
76486  43.783  -12.629  62.204 0.5000000000
76493  43.358  -12.287  60.585 0.5000000000
76492  43.920  -11.804  60.970 0.5000000000
67535  30.238  -20.333  67.646 0.5000000000
67604  31.193  -20.422  62.523 0.1250000000
76394  48.316  -11.824  67.654 0.2500000000
76434  47.722  -12.011  66.308 0.2500000000
77362  48.555  -11.067  67.122 0.1250000000
77363  48.273  -11.560  66.766 0.1250000000
78276  48.816  -10.269  66.663 0.1250000000
77378  48.158  -11.244  65.866 0.1250000000
78293  48.935  -10.174  65.954 0.1250000000
77389  48.630  -10.402  65.396 0.1250000000
78275  49.213  -9.664  66.007 0.1250000000
78292  49.147  -9.691  65.378 0.1250000000
78305  48.968  -9.705  64.669 0.1250000000
147230  48.510  -10.507  68.333 0.1250000000
79182  49.092  -9.539  66.650 0.1250000000
79151  48.291  -9.582  68.657 0.1250000000
80120  49.714  -8.467  65.506 0.1250000000
79197  49.493  -9.103  65.395 0.1250000000
79209  49.431  -9.140  64.706 0.1250000000
79258  48.129  -8.483  60.861 0.2500000000
80189  47.198  -8.305  59.621 0.5000000000
79166  48.911  -9.137  67.374 0.1250000000
80076  47.953  -8.712  68.734 0.1250000000
80153  49.688  -8.610  63.851 0.2500000000
80136  50.112  -8.050  64.112 0.1250000000
80152  50.095  -7.991  63.247 0.1250000000
80181  48.734  -8.037  60.606 0.2500000000
80188  48.657  -7.763  59.855 0.5000000000
80232  47.028  -7.662  56.371 0.1250000000
80238  46.451  -8.094  55.668 0.1250000000
82106  50.638  -7.026  63.475 0.1250000000
81112  50.377  -7.523  63.658 0.1250000000
81121  50.514  -7.405  62.694 0.1250000000
81142  50.114  -7.625  60.866 0.2500000000
80180  49.508  -7.688  60.306 0.2500000000
80187  49.276  -7.521  59.560 0.2500000000
81187  48.722  -7.240  58.077 0.5000000000
81217  47.829  -7.468  55.839 0.1250000000
80237  47.214  -7.894  55.311 0.1250000000
80250  47.169  -8.666  53.864 0.1250000000
79309  47.668  -8.821  53.178 0.1250000000
81131  50.554  -7.441  61.303 0.1250000000
81141  50.954  -7.333  60.510 0.2500000000
141750  50.031  -7.416  59.662 0.2500000000
128912  50.590  -7.221  59.064 0.3750000000
81205  49.710  -6.894  57.596 0.3750000000
80236  47.985  -7.650  54.970 0.1250000000
80249  47.893  -8.359  53.775 0.1250000000
152679  48.381  -8.112  53.733 0.1250000000
79314  48.171  -9.008  52.510 0.1250000000
79325  47.874  -9.560  51.900 0.1250000000
78412  48.383  -9.974  51.239 0.1250000000
78422  49.528  -10.665  50.185 0.1250000000
81130  51.189  -7.140  61.045 0.2500000000
81152  50.857  -7.375  59.776 0.2500000000
128528  50.419  -7.017  58.337 0.3750000000
81222  48.764  -7.511  54.664 0.2500000000
148378  49.284  -7.172  55.192 0.2500000000
81221  49.598  -7.327  54.446 0.2500000000
80241  48.981  -7.779  53.775 0.1250000000
80248  48.495  -8.416  53.167 0.1250000000
147579  48.889  -8.692  52.438 0.1250000000
79324  48.744  -9.269  51.799 0.1250000000
153480  48.935  -9.671  51.301 0.1250000000
79323  49.512  -9.389  51.304 0.1250000000
78411  49.140  -10.031  50.867 0.1250000000
78421  50.431  -10.323  50.085 0.1250000000
78426  52.204  -9.900  48.742 0.1250000000
145396  51.876  -9.862  49.339 0.1250000000
78420  51.195  -10.088  49.776 0.1250000000
153770  52.334  -9.588  49.184 0.1250000000
81204  50.428  -6.637  56.857 0.3750000000
81215  50.683  -6.623  55.975 0.2500000000
140541  51.052  -6.786  55.084 0.1250000000
140543  50.076  -6.920  55.186 0.1250000000
81228  50.042  -7.533  53.635 0.1250000000
80247  49.581  -8.142  52.838 0.1250000000
79313  49.537  -8.738  51.959 0.1250000000
149226  50.114  -8.905  51.512 0.1250000000
79332  49.939  -9.872  50.655 0.1250000000
79330  51.792  -9.444  50.135 0.1250000000
79331  50.873  -9.561  50.554 0.1250000000
129308  52.524  -9.225  49.693 0.1250000000
79334  53.210  -8.798  49.512 0.1250000000
144321  51.838  -6.637  54.955 0.1250000000
81220  50.538  -7.159  54.367 0.1250000000
81218  52.445  -6.724  54.322 0.1250000000
148647  51.456  -7.517  53.053 0.1250000000
80246  50.678  -7.759  52.921 0.1250000000
80254  50.531  -8.335  52.055 0.1250000000
81225  52.737  -7.006  53.324 0.1250000000
81232  52.185  -7.433  52.787 0.1250000000
80253  51.484  -7.830  52.391 0.1250000000
80252  52.439  -7.784  51.974 0.1250000000
79320  52.489  -8.271  51.235 0.1250000000
80261  51.594  -8.319  51.644 0.1250000000
146818  50.246  -9.322  51.057 0.1250000000
79321  51.680  -8.894  50.888 0.1250000000
80267  53.106  -8.595  50.198 0.1250000000
81231  52.968  -7.296  52.478 0.1250000000
153261  52.885  -7.887  51.562 0.1250000000
81238  53.725  -7.489  51.246 0.1250000000
80260  53.195  -7.940  51.229 0.1250000000
129154  52.979  -8.322  50.769 0.1250000000
62624  11.765  -26.154  68.087 0.3750000000
60325  5.225  -28.594  79.445 0.6250000000
61385  4.772  -28.411  78.721 0.6250000000
61388  2.339  -28.370  79.064 0.6250000000
60347  6.209  -28.651  77.106 0.5000000000
59229  7.269  -29.579  78.355 0.6250000000
55012  16.789  -33.592  77.297 0.2500000000
54044  15.341  -34.603  77.376 0.2500000000
55013  14.968  -34.158  76.742 0.2500000000
60299  26.233  -29.033  80.733 0.5000000000
63502  27.966  -24.867  77.588 0.3750000000
66358  28.297  -22.751  77.855 0.2500000000
71532  38.582  -17.684  60.084 0.5000000000
73510  41.446  -15.056  61.701 0.5000000000
76491  43.546  -12.441  61.401 0.5000000000
77441  43.753  -11.670  60.169 0.5000000000
76413  47.931  -12.431  67.300 0.2500000000
80170  49.898  -7.861  61.677 0.2500000000
154399  49.256  -9.212  64.075 0.1250000000
129938  2.875  -28.368  78.498 0.6250000000
59241  7.409  -29.473  77.683 0.5000000000
58188  9.096  -30.816  76.288 0.5000000000
55015  13.169  -33.795  77.066 0.2500000000
72486  40.130  -16.305  60.598 0.5000000000
72493  40.032  -16.065  59.896 0.5000000000
128545  2.139  -28.421  78.142 0.6250000000
61436  1.221  -28.649  76.807 0.6250000000
60376  0.972  -28.854  76.252 0.6250000000
59271  0.564  -29.383  75.704 0.6250000000
60388  1.344  -28.950  75.409 0.6250000000
59287  0.977  -29.755  74.929 0.6250000000
128620  1.370  -28.585  77.343 0.6250000000
58227  1.450  -30.262  74.214 0.6250000000
147536  27.456  -19.831  68.087 0.3750000000
80233  46.319  -7.986  56.452 0.1250000000
80203  47.879  -7.847  59.320 0.6250000000
81170  48.637  -7.506  59.020 0.5000000000
131699  0.870  -30.278  69.005 0.3750000000
81207  47.861  -7.337  56.736 0.2500000000
54049  3.759  -33.447  77.149 0.1250000000
59310  2.436  -30.230  73.035 0.6250000000
61435  2.043  -28.445  77.365 0.6250000000
135841  2.641  -28.371  76.181 0.6250000000
63551  13.251  -25.693  72.877 0.2500000000
61517  14.268  -27.639  71.372 0.2500000000
61568  13.479  -27.343  69.911 0.2500000000
63578  13.200  -25.055  70.539 0.2500000000
62609  13.094  -26.715  69.297 0.2500000000
59298  3.161  -28.862  73.386 0.6250000000
58269  2.710  -30.663  70.919 0.3750000000
58295  2.144  -30.254  69.312 0.3750000000
58243  14.267  -30.747  72.885 0.2500000000
58256  13.789  -30.493  72.412 0.2500000000
59314  14.282  -29.028  71.756 0.2500000000
58268  12.417  -30.288  71.758 0.3750000000
59295  10.472  -30.625  73.504 0.5000000000
61516  14.503  -27.847  72.083 0.2500000000
60440  11.741  -28.794  70.029 0.3750000000
60399  3.438  -28.489  74.162 0.6250000000
152458  12.916  -27.568  69.459 0.2500000000
60459  12.261  -28.123  69.501 0.3750000000
59332  10.383  -29.131  71.045 0.5000000000
127916  4.422  -28.152  73.634 0.5000000000
149963  10.816  -27.864  69.218 0.5000000000
131478  9.718  -28.214  70.040 0.5000000000
133485  4.780  -27.853  72.300 0.5000000000
61523  4.397  -28.079  71.783 0.5000000000
144135  11.461  -24.452  75.677 0.2500000000
61598  11.690  -26.917  68.519 0.3750000000
61600  9.680  -27.259  68.761 0.5000000000
151002  8.023  -27.727  70.458 0.5000000000
130741  7.972  -27.594  69.944 0.5000000000
139747  6.652  -27.511  70.246 0.5000000000
62610  7.950  -27.211  69.088 0.5000000000
130104  5.924  -27.499  69.963 0.3750000000
128305  6.175  -27.758  72.187 0.5000000000
138481  5.254  -27.655  69.810 0.3750000000
60423  3.931  -28.496  71.188 0.3750000000
153628  6.591  -27.057  68.674 0.3750000000
151171  4.263  -28.279  69.857 0.3750000000
60445  3.467  -29.193  70.711 0.3750000000
60444  3.866  -28.681  70.021 0.3750000000
59333  3.175  -29.419  69.599 0.3750000000
64536  11.979  -24.853  68.093 0.2500000000
63607  10.927  -25.288  67.501 0.3750000000
62646  9.581  -26.016  67.726 0.3750000000
134348  5.123  -27.341  68.379 0.3750000000
139003  3.698  -27.795  68.153 0.3750000000
143119  2.656  -30.015  69.600 0.3750000000
148949  2.962  -27.758  67.859 0.3750000000
55027  14.563  -33.683  76.178 0.2500000000
132645  18.093  -33.491  79.532 0.2500000000
56001  15.837  -32.978  75.858 0.2500000000
55034  15.043  -33.234  75.629 0.2500000000
55035  14.264  -33.291  75.645 0.2500000000
56002  13.564  -33.017  75.409 0.2500000000
135974  12.769  -33.100  75.942 0.2500000000
57088  9.707  -31.430  76.674 0.5000000000
56034  15.135  -32.115  74.707 0.2500000000
56035  13.614  -32.508  74.661 0.2500000000
135161  10.551  -31.591  75.528 0.5000000000
57087  11.281  -32.139  75.725 0.2500000000
57101  9.768  -31.204  75.806 0.5000000000
58206  8.496  -30.238  75.945 0.5000000000
140507  15.960  -30.237  75.689 0.2500000000
59252  15.010  -29.024  76.962 0.2500000000
59267  15.558  -29.552  75.434 0.2500000000
58222  15.690  -30.354  74.700 0.2500000000
57119  14.826  -31.678  74.068 0.2500000000
57121  12.712  -32.146  74.324 0.2500000000
57144  14.481  -31.219  73.408 0.2500000000
149554  11.887  -31.889  74.468 0.2500000000
57123  10.784  -31.416  74.750 0.5000000000
58204  10.061  -30.997  74.914 0.5000000000
59284  8.517  -29.926  75.075 0.5000000000
59254  7.366  -29.404  76.344 0.5000000000
61413  5.034  -28.333  77.050 0.6250000000
61401  3.568  -28.347  78.341 0.6250000000
60371  15.240  -28.927  75.289 0.2500000000
60383  15.004  -28.489  74.720 0.2500000000
59283  15.221  -29.023  73.871 0.2500000000
58242  14.876  -30.416  73.261 0.2500000000
131917  12.919  -31.721  73.552 0.2500000000
58225  10.663  -31.106  74.136 0.5000000000
59296  9.591  -30.130  73.747 0.5000000000
60360  5.801  -28.537  76.234 0.5000000000
145704  5.228  -28.395  76.318 0.5000000000
142998  4.038  -28.317  76.980 0.6250000000
61444  14.442  -27.808  75.240 0.2500000000
142323  14.117  -27.345  74.897 0.2500000000
134802  9.410  -29.633  73.040 0.5000000000
135126  6.931  -28.936  74.929 0.5000000000
60385  6.259  -28.660  74.766 0.5000000000
138587  4.953  -28.400  75.762 0.6250000000
61433  3.961  -28.361  76.393 0.6250000000
62514  12.460  -26.347  77.309 0.2500000000
60397  7.895  -28.956  73.808 0.5000000000
60398  7.243  -28.538  73.497 0.5000000000
61462  5.438  -28.407  74.572 0.5000000000
61448  4.600  -28.396  75.139 0.6250000000
61449  3.955  -28.390  75.658 0.6250000000
60407  8.519  -28.649  72.264 0.5000000000
134409  8.701  -28.399  71.493 0.5000000000
61476  6.068  -28.197  73.579 0.5000000000
61477  5.413  -28.194  73.897 0.5000000000
61478  4.844  -28.174  73.917 0.5000000000
128444  4.484  -28.293  74.358 0.5000000000
62515  11.907  -25.772  77.410 0.2500000000
60421  9.434  -28.826  71.513 0.5000000000
60443  8.480  -28.100  71.074 0.5000000000
61494  7.000  -27.920  72.189 0.5000000000
63510  10.890  -24.857  78.229 0.2500000000
143463  10.407  -23.920  79.135 0.2500000000
144752  7.592  -25.493  67.524 0.3750000000
62629  6.722  -26.638  68.193 0.3750000000
60300  25.650  -28.735  81.240 0.6250000000
154470  9.946  -24.359  67.405 0.3750000000
64549  9.245  -24.512  67.399 0.3750000000
61603  4.359  -27.159  67.776 0.3750000000
149895  2.921  -29.088  68.813 0.3750000000
61360  25.736  -27.638  80.615 0.3750000000
65446  11.464  -23.644  68.343 0.1250000000
62650  5.605  -26.137  67.550 0.3750000000
62652  3.772  -26.408  67.395 0.3750000000
61623  2.501  -27.285  67.662 0.3750000000
61604  2.308  -28.029  67.915 0.3750000000
59345  1.525  -29.978  68.920 0.3750000000
61378  26.951  -27.627  79.579 0.6250000000
65472  8.751  -23.794  67.485 0.3750000000
135768  6.937  -24.293  67.399 0.2500000000
61358  26.949  -28.206  79.746 0.5000000000
68400  10.665  -20.671  78.109 0.1250000000
57056  17.448  -31.837  79.685 0.2500000000
58202  16.444  -30.840  76.086 0.2500000000
58153  16.267  -30.664  79.742 0.2500000000
60334  14.365  -28.910  78.425 0.2500000000
59251  15.518  -29.622  77.215 0.2500000000
61396  13.273  -27.515  78.035 0.2500000000
61605  1.764  -27.435  67.827 0.3750000000
63476  25.502  -26.075  80.041 0.3750000000
66440  10.177  -21.888  68.861 0.1250000000
65449  9.213  -23.137  67.751 0.2500000000
64553  5.517  -24.543  67.381 0.2500000000
57046  16.782  -31.260  80.161 0.2500000000
133983  15.573  -30.342  80.114 0.2500000000
58154  15.610  -30.173  79.287 0.2500000000
148911  13.824  -29.458  81.150 0.2500000000
59201  13.772  -29.197  80.340 0.2500000000
59214  14.341  -29.453  79.797 0.2500000000
59227  14.337  -29.219  79.098 0.2500000000
60322  13.451  -28.379  79.283 0.2500000000
61366  12.279  -27.481  80.202 0.2500000000
131919  10.652  -26.085  81.327 0.2500000000
62480  10.861  -26.663  82.065 0.2500000000
136817  10.083  -25.214  83.382 0.2500000000
64444  9.977  -24.461  82.173 0.2500000000
66320  10.441  -22.407  82.515 0.1250000000
62633  0.640  -26.834  68.645 0.3750000000
67332  11.187  -21.015  83.468 0.1250000000
149246  11.382  -20.505  83.003 0.1250000000
63617  1.868  -26.016  67.757 0.3750000000
63616  2.561  -25.632  67.547 0.3750000000
68354  13.244  -20.692  84.692 0.1250000000
147515  7.519  -22.833  67.831 0.2500000000
66340  26.941  -22.576  79.454 0.2500000000
59171  12.919  -29.590  83.356 0.2500000000
64439  10.222  -25.212  85.102 0.2500000000
150011  1.537  -25.388  68.221 0.2500000000
65455  2.732  -23.601  68.392 0.1250000000
63600  1.087  -25.982  68.386 0.3750000000
65451  6.008  -23.147  67.745 0.1250000000
65452  5.174  -23.072  67.821 0.2500000000
65477  4.009  -24.028  67.613 0.2500000000
62612  0.016  -26.741  69.511 0.3750000000
151294  10.684  -20.234  76.689 0.1250000000
69442  11.275  -19.278  78.182 0.1250000000
152867  10.720  -20.029  75.304 0.1250000000
67489  10.294  -20.983  70.075 0.1250000000
67516  9.708  -21.379  69.362 0.1250000000
66464  8.852  -22.479  68.209 0.1250000000
73335  7.912  -15.566  76.491 0.1250000000
69462  5.814  -19.262  75.204 0.1250000000
72321  7.716  -16.510  74.873 0.1250000000
73344  8.531  -15.552  75.929 0.1250000000
72308  9.101  -16.528  74.988 0.1250000000
72307  9.953  -16.564  75.448 0.1250000000
72297  10.450  -16.165  75.904 0.1250000000
71377  7.595  -17.092  74.336 0.1250000000
154340  10.945  -17.626  76.162 0.1250000000
72319  9.042  -16.997  74.507 0.1250000000
70438  7.627  -18.166  73.285 0.1250000000
71374  10.107  -17.964  74.780 0.1250000000
71375  9.420  -17.568  74.269 0.1250000000
70437  8.531  -18.163  73.028 0.1250000000
70394  11.285  -18.014  76.734 0.1250000000
70409  10.529  -18.525  75.460 0.1250000000
70435  10.006  -18.799  73.295 0.1250000000
65427  1.212  -23.166  70.338 0.2500000000
70381  11.059  -18.829  76.826 0.1250000000
69461  10.610  -19.356  75.414 0.1250000000
137511  10.752  -19.135  76.159 0.1250000000
65454  3.528  -23.404  68.120 0.2500000000
147641  3.879  -22.783  68.477 0.1250000000
69453  10.803  -19.674  76.905 0.1250000000
67491  8.218  -21.135  70.032 0.1250000000
66465  6.634  -22.539  68.211 0.1250000000
66444  5.384  -21.999  69.195 0.1250000000
69430  11.470  -19.382  79.024 0.1250000000
68411  4.992  -20.751  77.205 0.1250000000
67408  4.563  -21.599  75.348 0.1250000000
69463  5.459  -19.904  75.830 0.1250000000
67421  4.671  -21.557  74.474 0.1250000000
68435  6.097  -20.386  74.092 0.1250000000
67433  5.510  -21.407  73.534 0.1250000000
67432  6.128  -21.301  73.102 0.1250000000
140239  4.992  -21.457  73.218 0.1250000000
68482  6.858  -21.069  71.794 0.1250000000
67449  6.251  -21.316  72.289 0.1250000000
69517  7.964  -19.634  71.702 0.1250000000
67495  4.622  -21.483  70.630 0.1250000000
69502  9.233  -19.033  71.915 0.1250000000
68481  8.025  -20.130  71.090 0.1250000000
67467  7.055  -21.173  71.035 0.1250000000
131861  3.301  -21.750  70.199 0.1250000000
66425  4.128  -21.726  69.970 0.1250000000
68480  9.047  -19.837  70.874 0.1250000000
68389  28.063  -20.524  79.522 0.1250000000
59141  12.299  -29.752  86.218 0.2500000000
60252  10.893  -27.681  86.463 0.2500000000
65421  0.204  -23.386  71.607 0.2500000000
58085  13.467  -30.115  86.682 0.2500000000
67398  0.444  -21.167  76.561 0.2500000000
67427  -3.320  -21.566  74.292 0.3750000000
69437  28.612  -19.562  78.517 0.2500000000
64500  -2.550  -23.937  73.993 0.3750000000
71311  28.855  -17.602  79.566 0.1250000000
70375  29.284  -18.300  77.962 0.2500000000
70374  29.722  -17.640  78.531 0.2500000000
68535  27.956  -19.891  68.502 0.5000000000
74514  41.519  -14.588  60.810 0.5000000000
147098  29.656  -20.034  70.647 0.3750000000
73523  40.976  -14.721  59.387 0.5000000000
68512  29.690  -20.239  69.678 0.3750000000
77350  48.503  -11.271  67.941 0.1250000000
77377  48.589  -10.774  66.299 0.1250000000
78261  48.783  -9.983  67.386 0.1250000000
77341  48.353  -11.376  68.621 0.1250000000
140473  48.520  -8.907  68.186 0.1250000000
79152  47.842  -9.537  69.082 0.1250000000
80077  47.229  -8.314  68.287 0.1250000000
81098  50.267  -7.549  64.373 0.1250000000
80244  46.654  -8.474  54.684 0.1250000000
145390  50.374  -7.575  61.964 0.1250000000
81153  50.320  -7.505  60.252 0.2500000000
81206  48.675  -7.078  57.072 0.3750000000
81169  49.609  -7.235  58.783 0.5000000000
152879  48.463  -7.189  56.257 0.2500000000
80243  47.509  -8.171  54.461 0.1250000000
81216  48.612  -7.301  55.507 0.2500000000
140544  49.450  -6.861  56.197 0.3750000000
80242  48.229  -7.914  54.216 0.1250000000
78423  48.590  -10.602  50.552 0.1250000000
129056  50.881  -6.762  57.662 0.3750000000
81203  51.474  -6.563  56.809 0.2500000000
81214  51.666  -6.533  55.756 0.2500000000
79329  52.451  -8.786  50.490 0.1250000000
79322  50.840  -8.892  51.281 0.1250000000
81219  51.472  -6.996  54.310 0.1250000000
81202  52.360  -6.450  56.369 0.2500000000
81226  51.903  -7.195  53.569 0.1250000000
81227  51.017  -7.379  53.642 0.1250000000
80266  53.499  -8.068  50.656 0.1250000000
134573  53.648  -8.283  50.004 0.1250000000
81224  53.375  -6.806  52.932 0.1250000000
81239  53.202  -7.595  51.775 0.1250000000
81230  53.553  -7.095  52.089 0.1250000000
59181  24.735  -29.492  82.423 0.5000000000
143782  24.764  -30.282  82.502 0.5000000000
61323  24.100  -28.128  82.078 0.2500000000
59182  24.048  -29.105  82.688 0.3750000000
59168  23.394  -29.110  83.057 0.3750000000
59167  24.028  -29.873  82.910 0.3750000000
58116  22.915  -30.693  83.459 0.3750000000
57005  21.547  -31.698  84.064 0.3750000000
59153  21.279  -29.640  84.199 0.2500000000
59155  19.852  -28.966  84.775 0.1250000000
56996  18.362  -31.126  85.594 0.1250000000
54914  17.143  -32.552  85.529 0.1250000000
56991  15.395  -31.498  86.243 0.1250000000
58095  18.477  -30.027  85.604 0.1250000000
59145  17.591  -29.104  85.822 0.1250000000
58091  13.796  -30.668  86.519 0.1250000000
60247  15.972  -29.052  86.307 0.1250000000
60248  13.900  -28.854  86.812 0.1250000000
61288  12.459  -28.055  86.752 0.1250000000
146909  18.208  -28.170  85.037 0.1250000000
61291  16.593  -28.342  85.383 0.1250000000
134655  14.763  -28.064  85.098 0.1250000000
61294  13.034  -27.370  85.661 0.1250000000
128695  17.286  -27.682  83.026 0.1250000000
61313  16.272  -27.877  83.239 0.1250000000
61302  15.361  -28.021  84.512 0.1250000000
62469  14.058  -26.839  82.310 0.1250000000
136083  16.345  -27.607  80.925 0.1250000000
61348  14.730  -27.377  82.073 0.1250000000
62478  14.531  -26.679  81.352 0.1250000000
62503  16.449  -26.380  78.530 0.1250000000
62495  15.735  -26.752  79.759 0.1250000000
62486  15.190  -26.755  80.508 0.1250000000
63482  14.660  -26.114  80.612 0.1250000000
64605  -2.174  -25.040  62.070 0.3750000000
62504  15.738  -26.142  79.024 0.1250000000
132083  15.253  -25.466  79.175 0.1250000000
64595  -1.710  -24.546  62.126 0.3750000000
65542  -2.031  -24.437  62.710 0.3750000000
65556  -0.899  -24.264  62.107 0.3750000000
67547  -1.497  -21.621  66.850 0.2500000000
68559  -0.744  -20.774  67.805 0.1250000000
68560  -1.085  -21.045  67.031 0.2500000000
69565  -0.072  -20.024  67.303 0.1250000000
68575  -1.020  -21.035  66.073 0.2500000000
68574  -0.576  -20.457  66.715 0.2500000000
67572  -1.214  -21.673  64.787 0.3750000000
65541  -1.345  -23.872  62.717 0.3750000000
66553  -0.863  -23.355  63.255 0.1250000000
67590  -0.805  -21.934  64.419 0.2500000000
69552  -0.122  -20.224  68.329 0.2500000000
67530  -1.427  -21.393  67.737 0.3750000000
138158  -0.199  -19.739  66.449 0.2500000000
68591  -0.820  -20.625  65.243 0.2500000000
67589  -0.260  -21.324  64.329 0.1250000000
68605  -0.948  -21.039  64.947 0.2500000000
137384  -0.260  -22.178  64.073 0.2500000000
64546  23.631  -24.848  67.911 0.2500000000
134059  -1.525  -20.972  69.325 0.2500000000
69542  -0.406  -20.247  69.349 0.2500000000
68542  -0.903  -20.721  68.894 0.2500000000
138878  0.425  -19.667  68.845 0.1250000000
69551  0.497  -19.453  67.782 0.1250000000
68543  -1.401  -21.177  68.594 0.2500000000
69576  -0.556  -19.814  65.021 0.1250000000
132918  -0.468  -19.994  65.692 0.1250000000
66420  23.842  -22.461  70.793 0.5000000000
69584  -0.259  -19.881  64.747 0.1250000000
69569  -0.198  -18.956  65.819 0.1250000000
135073  23.516  -22.906  69.021 0.3750000000
65468  23.551  -24.047  68.065 0.2500000000
128935  23.497  -23.191  68.215 0.2500000000
65409  -1.979  -23.857  73.993 0.2500000000
136461  -1.597  -20.475  70.566 0.2500000000
69530  -1.349  -20.026  71.178 0.2500000000
70481  -0.232  -19.219  71.301 0.2500000000
69528  0.012  -19.539  70.497 0.1250000000
68524  -1.886  -20.892  69.959 0.2500000000
68523  -1.235  -20.587  69.767 0.2500000000
69543  -0.771  -20.077  70.331 0.2500000000
150337  0.064  -19.800  69.756 0.2500000000
70491  0.864  -19.120  69.594 0.1250000000
68544  -1.973  -21.419  69.235 0.2500000000
70512  0.746  -18.467  67.294 0.1250000000
69564  0.206  -19.178  66.810 0.1250000000
69583  0.213  -19.402  64.520 0.1250000000
70544  -0.206  -18.991  64.891 0.1250000000
148250  -0.376  -19.190  65.221 0.1250000000
66437  23.660  -22.632  69.899 0.3750000000
69600  0.132  -20.091  64.431 0.1250000000
67512  23.870  -21.727  69.339 0.3750000000
66460  23.610  -22.195  68.453 0.3750000000
143744  -2.533  -22.100  75.606 0.2500000000
66386  -2.715  -22.760  74.900 0.2500000000
67414  -2.853  -21.547  75.674 0.2500000000
66379  -3.097  -22.227  75.248 0.2500000000
147606  0.011  -18.319  73.446 0.2500000000
71405  0.753  -18.012  73.019 0.1250000000
70455  -1.043  -18.963  72.558 0.2500000000
70454  -0.065  -18.528  72.607 0.1250000000
70453  1.022  -18.210  72.118 0.1250000000
70467  1.354  -18.367  71.133 0.1250000000
69519  -1.721  -19.977  71.897 0.2500000000
69518  -1.094  -19.458  71.783 0.2500000000
70469  -0.472  -18.953  71.982 0.2500000000
70468  0.362  -18.695  71.651 0.1250000000
70480  0.676  -18.912  70.717 0.1250000000
70501  1.103  -18.867  68.319 0.1250000000
70500  1.412  -18.014  67.935 0.1250000000
152186  0.941  -17.831  67.408 0.1250000000
70533  -0.292  -18.392  65.188 0.1250000000
70525  -0.239  -18.060  65.591 0.1250000000
70524  0.064  -18.264  66.288 0.1250000000
70543  0.294  -18.570  64.606 0.1250000000
71500  -0.118  -18.006  64.935 0.1250000000
71481  -0.228  -17.534  65.307 0.1250000000
67401  -2.448  -21.366  76.308 0.2500000000
67388  -2.435  -20.998  77.036 0.2500000000
67415  -3.233  -21.566  75.083 0.2500000000
71355  0.886  -18.145  76.143 0.1250000000
129312  1.699  -17.886  76.780 0.1250000000
68428  -2.961  -20.934  75.388 0.2500000000
151724  0.398  -18.129  75.434 0.1250000000
71367  1.113  -17.757  75.252 0.1250000000
69465  -2.573  -20.368  75.633 0.2500000000
68437  -2.628  -20.239  74.703 0.2500000000
70440  -0.894  -18.654  73.465 0.2500000000
71379  0.417  -17.991  74.731 0.2500000000
71393  0.574  -17.960  73.889 0.2500000000
133817  1.980  -17.401  74.960 0.1250000000
71392  1.448  -17.640  73.493 0.1250000000
69491  -2.417  -19.961  73.893 0.2500000000
69490  -1.992  -19.558  73.712 0.2500000000
71404  1.682  -17.719  72.576 0.1250000000
69505  -1.590  -19.554  72.509 0.2500000000
71415  1.959  -17.836  71.619 0.1250000000
71425  2.171  -17.824  70.585 0.1250000000
70479  1.589  -18.425  70.064 0.1250000000
70490  1.672  -18.276  68.916 0.1250000000
72409  1.009  -17.236  67.621 0.1250000000
71467  -0.325  -17.376  65.833 0.1250000000
70511  0.254  -17.497  66.704 0.1250000000
71480  -0.116  -17.198  65.085 0.1250000000
72425  -0.428  -16.619  66.167 0.1250000000
72442  -0.294  -16.690  65.669 0.1250000000
72411  -0.516  -15.921  66.518 0.1250000000
145794  -0.456  -16.115  66.100 0.1250000000
70361  0.441  -19.376  79.472 0.1250000000
70372  0.338  -19.131  78.574 0.1250000000
70360  1.258  -19.031  79.841 0.1250000000
142959  1.653  -18.328  78.343 0.1250000000
70371  1.229  -18.735  78.951 0.1250000000
70383  0.986  -18.565  78.058 0.1250000000
70398  0.932  -18.377  77.158 0.1250000000
71333  2.236  -17.857  78.186 0.1250000000
69447  -2.252  -20.541  77.106 0.2500000000
70373  -0.444  -19.373  78.202 0.2500000000
70384  0.212  -18.819  77.668 0.1250000000
70399  0.099  -18.538  76.733 0.2500000000
69455  -2.004  -19.938  76.673 0.2500000000
70400  -0.769  -18.712  76.233 0.2500000000
70412  0.037  -18.380  75.935 0.2500000000
71366  1.830  -17.621  75.873 0.1250000000
69476  -2.263  -19.723  75.017 0.2500000000
70427  -1.888  -19.316  74.440 0.2500000000
70426  -1.214  -18.723  74.537 0.2500000000
70425  -0.400  -18.403  75.210 0.2500000000
134044  -2.259  -19.719  74.347 0.2500000000
70441  -1.564  -19.058  73.856 0.2500000000
70456  -1.571  -19.209  73.179 0.2500000000
72323  2.671  -16.793  74.558 0.1250000000
132492  2.276  -17.274  73.068 0.1250000000
71403  2.487  -17.280  72.112 0.1250000000
71414  2.636  -17.226  71.132 0.1250000000
72344  3.444  -16.005  72.163 0.1250000000
72356  3.341  -15.883  71.178 0.1250000000
71424  2.696  -17.025  70.104 0.1250000000
71434  2.188  -17.686  69.526 0.1250000000
72372  2.986  -16.186  70.280 0.1250000000
71433  2.379  -17.018  69.249 0.1250000000
71443  1.856  -17.343  68.558 0.1250000000
72384  2.546  -16.405  69.521 0.1250000000
72395  2.062  -16.550  68.811 0.1250000000
72396  1.462  -16.691  68.235 0.1250000000
72397  0.556  -16.357  67.730 0.1250000000
72410  -0.083  -16.568  66.899 0.1250000000
72386  45.304  -17.127  68.716 0.2500000000
72398  45.730  -16.398  68.513 0.2500000000
72399  44.819  -16.705  67.953 0.3750000000
73486  -0.331  -15.971  65.822 0.1250000000
73468  -0.487  -15.509  66.382 0.1250000000
73441  45.125  -15.966  67.704 0.2500000000
69446  -1.757  -20.234  77.529 0.2500000000
69445  -1.142  -19.644  77.866 0.2500000000
70359  1.950  -18.450  80.231 0.1250000000
69454  -1.345  -19.405  76.949 0.2500000000
70385  -0.600  -19.015  77.284 0.2500000000
70401  -1.563  -19.274  76.034 0.2500000000
70414  -1.775  -19.219  75.194 0.2500000000
71354  2.459  -17.280  76.553 0.1250000000
72313  2.664  -16.918  75.610 0.1250000000
71391  2.127  -17.328  74.015 0.1250000000
73435  2.145  -15.948  69.113 0.1250000000
70483  44.958  -18.761  70.040 0.1250000000
69531  44.196  -19.504  69.319 0.1250000000
69544  43.626  -19.882  68.670 0.1250000000
71435  45.581  -17.450  69.442 0.1250000000
70492  44.641  -18.651  69.076 0.1250000000
70493  43.925  -19.201  68.505 0.1250000000
71437  44.196  -18.354  68.302 0.1250000000
73423  46.591  -15.977  69.159 0.1250000000
71445  43.709  -17.957  67.619 0.2500000000
73440  46.044  -15.641  68.206 0.1250000000
75426  46.861  -13.402  67.064 0.2500000000
74443  46.563  -14.126  67.464 0.2500000000
74444  45.688  -14.451  66.990 0.2500000000
73453  45.386  -15.215  67.354 0.2500000000
70470  45.512  -17.958  70.730 0.1250000000
71426  45.870  -17.327  70.289 0.1250000000
70482  45.363  -18.059  69.728 0.1250000000
68545  43.209  -20.552  68.470 0.1250000000
67533  42.038  -21.958  67.570 0.2500000000
69553  43.311  -19.835  68.086 0.1250000000
73406  46.628  -15.491  70.238 0.1250000000
72373  46.655  -16.054  70.056 0.1250000000
142950  46.818  -14.600  69.807 0.1250000000
73422  46.929  -15.368  69.649 0.1250000000
146736  47.779  -13.062  67.960 0.1250000000
75397  47.693  -13.344  68.741 0.1250000000
74411  47.197  -14.664  69.224 0.1250000000
75425  47.492  -13.093  67.408 0.1250000000
74428  47.050  -14.498  68.370 0.1250000000
74429  46.295  -14.886  67.844 0.1250000000
66475  41.796  -22.748  67.962 0.2500000000
65482  40.499  -23.267  67.176 0.3750000000
65483  39.724  -23.423  66.963 0.5000000000
67532  42.370  -22.149  68.165 0.2500000000
66487  41.478  -22.420  67.155 0.3750000000
66488  40.840  -22.838  66.768 0.3750000000
72374  46.206  -16.574  70.538 0.1250000000
70471  44.926  -18.583  71.025 0.1250000000
134649  43.598  -20.333  69.112 0.1250000000
66489  40.138  -23.123  66.444 0.5000000000
72360  45.176  -16.513  71.303 0.1250000000
71406  45.295  -16.988  71.517 0.1250000000
71417  45.201  -17.670  71.487 0.1250000000
72358  46.420  -16.025  70.579 0.1250000000
73394  44.569  -16.079  70.694 0.1250000000
74376  46.395  -15.076  70.314 0.1250000000
137206  45.390  -14.612  69.981 0.1250000000
73408  44.847  -15.263  70.118 0.1250000000
74412  43.407  -14.708  68.728 0.1250000000
128651  46.562  -13.753  69.844 0.1250000000
75387  45.304  -13.994  69.619 0.1250000000
74393  44.492  -14.463  69.336 0.1250000000
76385  44.228  -13.249  68.482 0.1250000000
152038  29.958  -20.422  68.891 0.3750000000
66476  41.160  -23.054  67.483 0.3750000000
68507  42.748  -21.510  70.158 0.1250000000
68525  43.242  -21.019  68.935 0.1250000000
72361  44.272  -16.605  71.359 0.1250000000
73409  43.748  -15.756  69.876 0.1250000000
72375  43.513  -16.316  70.546 0.1250000000
73410  42.706  -15.980  69.814 0.1250000000
72363  42.092  -16.590  71.209 0.1250000000
79261  45.831  -9.597  60.126 0.6250000000
147939  15.258  -31.681  86.114 0.1250000000
56997  14.814  -31.684  86.009 0.1250000000
138209  16.359  -31.311  86.170 0.1250000000
59142  19.889  -29.896  84.879 0.1250000000
61298  19.371  -27.927  84.595 0.1250000000
61297  20.075  -27.638  84.137 0.1250000000
60263  19.946  -28.202  84.539 0.1250000000
144811  24.729  -26.237  80.453 0.2500000000
55887  15.787  -31.880  85.924 0.1250000000
56992  14.889  -31.373  86.359 0.1250000000
60288  23.542  -28.475  82.645 0.2500000000
56988  17.625  -31.763  85.679 0.1250000000
58088  16.453  -30.465  86.302 0.1250000000
141138  23.157  -29.839  83.340 0.3750000000
60274  22.043  -28.312  83.388 0.2500000000
60253  19.244  -28.591  84.940 0.1250000000
60264  18.684  -28.337  85.037 0.1250000000
60262  21.020  -28.745  84.199 0.1250000000
56994  20.144  -31.989  84.794 0.2500000000
62467  19.951  -26.948  83.099 0.1250000000
63666  -1.762  -25.236  61.683 0.3750000000
65445  23.592  -23.895  68.776 0.3750000000
68546  42.759  -20.688  67.813 0.2500000000
65527  -1.492  -23.342  63.796 0.2500000000
154026  -1.812  -21.627  68.398 0.2500000000
67511  24.541  -20.830  69.072 0.2500000000
149373  23.967  -21.368  68.629 0.2500000000
60287  24.492  -28.746  82.298 0.5000000000
62472  24.166  -27.260  81.370 0.2500000000
61361  24.890  -27.450  80.999 0.2500000000
61341  23.707  -27.531  81.788 0.1250000000
64434  12.017  -24.548  86.065 0.1250000000
63461  11.949  -25.335  86.352 0.1250000000
138501  11.784  -27.881  86.869 0.1250000000
60250  12.392  -28.511  86.801 0.1250000000
59135  12.822  -29.583  86.691 0.1250000000
132730  11.849  -27.144  86.731 0.1250000000
68447  -2.733  -20.375  74.053 0.2500000000
54929  16.086  -32.898  84.746 0.1250000000
55902  15.024  -32.131  85.437 0.1250000000
58084  13.939  -30.242  86.762 0.1250000000
59134  13.566  -29.683  86.820 0.1250000000
58115  23.597  -30.522  83.170 0.3750000000
60273  22.868  -28.551  83.119 0.2500000000
57017  23.462  -31.326  83.193 0.3750000000
55910  23.110  -32.248  83.264 0.3750000000
58103  22.202  -31.074  83.757 0.3750000000
59152  22.216  -29.950  83.763 0.3750000000
57004  22.294  -32.015  83.643 0.3750000000
58104  21.455  -30.664  84.169 0.3750000000
148300  21.343  -28.346  83.817 0.2500000000
59170  21.762  -28.961  83.819 0.3750000000
152263  20.406  -28.578  84.450 0.1250000000
58105  20.649  -30.303  84.537 0.1250000000
56995  19.312  -31.585  85.237 0.2500000000
55891  18.479  -32.271  85.436 0.2500000000
55890  19.532  -32.626  85.073 0.2500000000
55886  16.453  -32.166  85.697 0.1250000000
55892  16.197  -32.429  85.576 0.1250000000
55885  17.074  -31.904  85.751 0.1250000000
53953  17.256  -33.468  84.893 0.1250000000
53952  18.057  -33.908  84.902 0.1250000000
54918  17.954  -32.934  85.425 0.1250000000
133719  15.744  -31.128  86.400 0.1250000000
153618  15.850  -31.593  86.133 0.1250000000
132145  14.800  -30.182  86.709 0.1250000000
59143  19.196  -29.467  85.219 0.1250000000
58094  19.226  -30.501  85.298 0.2500000000
143967  17.236  -30.222  86.086 0.1250000000
60246  16.825  -29.111  86.076 0.1250000000
59136  17.771  -29.720  85.866 0.1250000000
60255  17.334  -28.750  85.690 0.1250000000
61290  17.473  -28.370  85.324 0.1250000000
60254  17.985  -28.587  85.423 0.1250000000
60258  14.881  -28.910  86.512 0.1250000000
60257  15.779  -28.604  85.955 0.1250000000
59139  15.288  -29.576  86.598 0.1250000000
60256  16.695  -28.706  85.807 0.1250000000
59138  16.179  -29.654  86.359 0.1250000000
60249  13.107  -28.687  86.808 0.1250000000
61293  14.667  -28.330  85.935 0.1250000000
153577  14.030  -28.542  86.469 0.1250000000
59140  14.443  -29.453  86.795 0.1250000000
62456  12.387  -26.757  86.230 0.1250000000
61295  12.691  -27.651  86.427 0.1250000000
61299  18.760  -27.941  84.728 0.1250000000
128637  18.236  -27.825  84.566 0.1250000000
61300  17.337  -28.008  84.781 0.1250000000
131202  16.823  -27.834  83.997 0.1250000000
61301  16.324  -28.058  84.712 0.1250000000
129016  13.900  -27.846  85.302 0.1250000000
61303  14.324  -27.729  84.250 0.1250000000
61292  15.623  -28.256  85.349 0.1250000000
61315  13.727  -27.248  83.769 0.1250000000
136849  13.575  -28.023  86.155 0.1250000000
62458  12.692  -26.446  85.148 0.1250000000
61311  18.375  -27.507  83.731 0.1250000000
136213  17.152  -27.658  80.945 0.1250000000
61312  17.638  -27.694  84.075 0.1250000000
61329  15.540  -27.782  82.582 0.1250000000
61346  16.531  -27.800  81.849 0.1250000000
129471  15.947  -27.936  83.895 0.1250000000
129021  14.389  -27.457  83.053 0.1250000000
63474  13.853  -25.983  81.913 0.1250000000
61365  15.923  -27.305  80.387 0.1250000000
61347  15.487  -27.471  81.327 0.1250000000
62494  16.372  -26.833  79.202 0.1250000000
66535  -0.897  -22.865  63.903 0.2500000000
68604  -0.702  -21.138  64.684 0.2500000000
134350  -0.618  -20.493  64.867 0.1250000000
64562  23.469  -24.593  67.100 0.2500000000
136900  1.268  -17.637  74.393 0.1250000000
73451  -0.454  -15.790  67.198 0.1250000000
71344  2.342  -17.563  77.397 0.1250000000
72336  2.779  -16.733  73.579 0.1250000000
72357  3.072  -16.636  71.646 0.1250000000
73452  -0.723  -15.273  66.941 0.1250000000
72385  46.127  -16.748  69.568 0.2500000000
71436  44.957  -17.879  68.848 0.1250000000
69521  44.396  -19.414  70.324 0.1250000000
75410  47.393  -13.727  67.977 0.1250000000
71416  45.820  -17.140  71.110 0.1250000000
68526  42.818  -21.446  68.426 0.2500000000
73392  46.210  -15.662  70.618 0.1250000000
73439  46.860  -15.238  68.780 0.1250000000
75386  47.425  -13.167  69.369 0.1250000000
74410  47.423  -14.074  68.803 0.1250000000
74391  47.359  -13.958  69.360 0.1250000000
67520  42.531  -22.210  68.856 0.2500000000
72359  45.882  -16.404  70.962 0.1250000000
72347  43.979  -17.025  71.897 0.1250000000
73393  45.554  -15.840  70.798 0.1250000000
74392  46.123  -14.384  70.095 0.1250000000
73424  42.987  -15.431  69.108 0.1250000000
74394  43.914  -15.133  69.380 0.1250000000
145250  45.907  -13.676  69.765 0.1250000000
75399  44.619  -13.759  69.032 0.1250000000
75398  45.190  -13.230  69.229 0.1250000000
55893  15.775  -32.256  85.622 0.1250000000
144785  17.547  -31.189  85.820 0.1250000000
58093  19.989  -30.941  84.878 0.1250000000
61310  19.749  -27.379  83.795 0.1250000000
62462  20.363  -27.261  83.457 0.1250000000
60275  20.686  -28.056  84.124 0.1250000000
59169  22.592  -29.072  83.439 0.3750000000
61308  21.836  -27.609  83.043 0.2500000000
60289  22.668  -27.987  82.886 0.2500000000
55889  20.356  -32.966  84.652 0.2500000000
55900  20.953  -32.364  84.385 0.2500000000
62483  24.252  -26.663  80.901 0.1250000000
54928  16.634  -33.201  84.859 0.1250000000
48511  -4.832  -39.620  81.357 0.1250000000
47572  -4.005  -40.982  77.008 0.1250000000
48547  -4.304  -39.386  79.542 0.1250000000
129476  -3.916  -39.749  78.443 0.1250000000
46578  -3.603  -41.456  75.569 0.1250000000
47581  -3.613  -40.958  76.290 0.1250000000
47571  -3.230  -40.307  76.647 0.1250000000
47558  -3.968  -40.328  77.839 0.1250000000
47588  -2.793  -40.977  75.130 0.1250000000
46619  -2.459  -41.757  72.635 0.1250000000
48589  -3.471  -39.284  77.906 0.1250000000
47597  -1.721  -40.627  73.515 0.2500000000
127956  -1.946  -41.648  71.953 0.1250000000
46605  -2.405  -41.463  73.348 0.1250000000
151931  -1.318  -41.141  71.596 0.2500000000
47612  -0.882  -40.474  71.188 0.2500000000
46633  -1.032  -41.059  70.471 0.2500000000
46674  -1.802  -42.181  68.600 0.1250000000
47642  -0.951  -40.333  69.268 0.2500000000
46649  -1.056  -41.092  69.716 0.2500000000
46673  -1.166  -41.061  67.953 0.2500000000
46662  -1.167  -41.101  68.890 0.2500000000
47683  -1.348  -39.798  67.403 0.2500000000
46685  -1.318  -41.084  66.982 0.1250000000
47704  -1.433  -40.245  66.405 0.1250000000
48710  -1.719  -39.412  65.972 0.1250000000
48697  -1.889  -38.924  67.000 0.2500000000
128470  24.961  -31.680  73.092 0.1250000000
57141  22.563  -30.828  74.209 0.1250000000
128549  24.840  -31.874  72.201 0.1250000000
57140  23.515  -31.304  73.604 0.1250000000
56064  23.892  -31.622  72.673 0.1250000000
131745  22.918  -30.964  73.084 0.1250000000
131504  25.315  -31.882  72.127 0.1250000000
152960  6.962  -34.761  76.272 0.2500000000
148252  7.354  -35.114  75.633 0.2500000000
53015  7.532  -35.246  75.031 0.2500000000
51913  19.764  -35.375  74.551 0.3750000000
53026  19.975  -34.786  74.764 0.3750000000
51932  19.504  -35.199  73.771 0.1250000000
51950  19.010  -35.386  73.135 0.1250000000
53003  7.607  -35.445  76.441 0.2500000000
50796  19.022  -35.909  73.603 0.3750000000
50797  18.093  -36.329  72.702 0.2500000000
50813  18.540  -35.907  72.950 0.1250000000
49735  17.690  -36.670  72.458 0.2500000000
68572  25.417  -19.944  66.684 0.2500000000
142997  25.635  -19.721  66.017 0.2500000000
137320  36.320  -23.299  67.385 0.3750000000
65487  35.517  -23.077  67.186 0.5000000000
67523  37.494  -22.069  68.346 0.2500000000
67524  36.381  -21.938  68.556 0.2500000000
67525  35.534  -21.455  68.837 0.1250000000
67505  34.899  -21.655  69.434 0.1250000000
66451  40.211  -22.956  68.684 0.2500000000
65438  39.669  -23.170  68.209 0.2500000000
66452  39.269  -22.685  68.361 0.2500000000
66453  37.861  -22.712  68.272 0.2500000000
142231  36.877  -22.517  68.446 0.2500000000
66432  35.333  -22.092  68.876 0.2500000000
66456  33.951  -22.179  69.191 0.2500000000
66434  33.541  -21.932  69.479 0.2500000000
65461  40.081  -23.392  67.711 0.2500000000
65462  39.214  -23.373  67.618 0.2500000000
65463  38.234  -23.348  67.555 0.2500000000
65440  37.543  -23.112  68.120 0.2500000000
133881  36.782  -22.890  68.372 0.2500000000
65441  35.908  -22.842  68.414 0.3750000000
144105  34.496  -22.343  68.793 0.3750000000
66457  33.429  -21.960  68.924 0.3750000000
136176  33.068  -21.692  68.408 0.3750000000
65464  37.240  -23.360  67.500 0.3750000000
65465  35.744  -23.075  68.011 0.3750000000
149637  34.510  -22.479  68.342 0.3750000000
66477  32.712  -21.353  67.866 0.5000000000
67521  39.521  -22.028  68.645 0.2500000000
143437  40.070  -22.526  68.816 0.2500000000
65439  38.645  -23.057  68.083 0.2500000000
66450  40.884  -23.159  68.879 0.2500000000
66435  33.016  -21.689  69.350 0.3750000000
66459  32.068  -21.136  68.690 0.5000000000
138371  32.598  -21.394  68.391 0.3750000000
70585  36.742  -18.855  59.345 0.2500000000
70584  37.442  -18.441  59.523 0.2500000000
149782  38.198  -18.242  60.257 0.3750000000
70579  37.709  -18.633  60.073 0.2500000000
70583  38.049  -18.037  59.752 0.2500000000
71537  39.079  -17.096  59.757 0.2500000000
71538  38.474  -17.419  59.501 0.2500000000
72494  39.527  -16.450  59.464 0.2500000000
71545  38.933  -16.816  59.117 0.1250000000
129101  37.955  -17.218  58.845 0.1250000000
71539  37.825  -17.718  59.230 0.3750000000
133542  39.399  -16.084  58.781 0.1250000000
72511  38.021  -16.183  58.130 0.1250000000
73524  40.474  -15.428  59.676 0.2500000000
72500  39.964  -15.775  59.253 0.1250000000
151153  40.411  -15.215  59.097 0.2500000000
73532  39.970  -15.341  58.659 0.1250000000
73533  38.777  -16.057  58.372 0.1250000000
47661  -1.078  -40.114  68.498 0.2500000000
56062  25.258  -31.680  72.906 0.1250000000
71531  39.159  -17.334  60.492 0.3750000000
65443  33.963  -22.273  68.621 0.5000000000
47580  -2.776  -40.314  75.874 0.1250000000
48609  -3.347  -39.887  77.250 0.1250000000
150542  -1.229  -40.711  72.059 0.2500000000
52935  -0.467  -35.683  82.934 0.2500000000
53050  19.537  -34.788  73.670 0.1250000000
48570  -4.186  -39.802  78.954 0.1250000000
47603  -1.697  -41.120  72.750 0.1250000000
46634  -1.549  -41.539  71.111 0.2500000000
46650  -1.869  -41.988  70.253 0.2500000000
56082  24.500  -32.163  71.297 0.1250000000
144430  36.593  -23.184  68.140 0.2500000000
66454  36.015  -22.517  68.530 0.2500000000
133263  34.574  -22.152  69.292 0.1250000000
66455  35.172  -22.466  68.736 0.2500000000
66433  34.015  -21.964  69.696 0.1250000000
65442  35.115  -22.618  68.403 0.3750000000
66458  32.802  -21.575  68.852 0.3750000000
72501  38.410  -16.706  58.677 0.1250000000
57028  24.510  -31.820  82.425 0.3750000000
56096  25.975  -32.106  70.368 0.1250000000
58114  24.231  -30.981  82.787 0.2500000000
148689  24.045  -32.431  82.513 0.3750000000
54947  23.812  -33.028  81.834 0.3750000000
55926  23.686  -32.935  82.361 0.3750000000
57190  27.131  -30.987  70.241 0.1250000000
57016  23.879  -31.969  82.885 0.2500000000
55909  23.534  -32.729  82.846 0.3750000000
137437  23.001  -33.057  83.152 0.3750000000
54936  22.432  -33.655  83.256 0.2500000000
61342  22.936  -27.249  81.971 0.1250000000
55899  21.684  -32.662  83.886 0.2500000000
54925  21.878  -33.385  83.695 0.2500000000
53976  22.106  -34.611  82.625 0.3750000000
53957  21.687  -34.017  83.652 0.2500000000
64458  25.720  -24.280  79.595 0.1250000000
54926  21.186  -33.386  84.173 0.2500000000
53968  21.323  -34.756  83.447 0.2500000000
54927  20.513  -33.798  84.487 0.1250000000
66341  25.762  -22.592  79.742 0.1250000000
67355  26.278  -21.638  79.866 0.1250000000
54916  19.841  -33.386  84.854 0.1250000000
52912  20.801  -35.350  83.369 0.1250000000
67411  0.057  -21.236  75.578 0.1250000000
67343  26.245  -20.607  80.253 0.1250000000
51797  19.977  -35.819  83.359 0.1250000000
67397  1.510  -21.090  76.618 0.1250000000
67385  -0.568  -21.350  77.429 0.1250000000
67370  0.569  -21.472  78.488 0.1250000000
67386  -1.632  -21.239  77.662 0.1250000000
67387  -2.074  -21.037  77.642 0.1250000000
128437  2.223  -20.764  75.187 0.1250000000
67396  2.541  -21.360  76.630 0.1250000000
130549  2.110  -20.915  76.030 0.1250000000
67383  1.942  -21.459  77.336 0.1250000000
67384  0.747  -21.267  77.508 0.1250000000
67372  -1.103  -21.141  78.275 0.1250000000
67371  -0.224  -21.302  78.197 0.1250000000
68404  -1.715  -20.792  77.980 0.1250000000
67353  -0.254  -21.378  80.920 0.1250000000
68387  -0.549  -20.717  80.381 0.1250000000
68378  -0.366  -20.766  81.274 0.1250000000
69434  -0.465  -19.741  79.144 0.1250000000
71336  30.594  -17.010  78.146 0.1250000000
133451  30.104  -17.640  77.714 0.1250000000
70386  30.893  -17.494  76.288 0.1250000000
70387  30.278  -17.640  76.898 0.1250000000
70418  30.490  -18.077  75.020 0.1250000000
69479  31.087  -18.927  73.460 0.1250000000
69493  31.573  -19.702  72.441 0.1250000000
71323  30.244  -16.811  78.721 0.1250000000
71322  30.756  -16.501  78.260 0.1250000000
71347  31.328  -17.002  76.996 0.1250000000
70403  31.193  -17.701  75.416 0.1250000000
67508  31.729  -20.922  69.748 0.3750000000
72266  30.530  -16.257  78.515 0.1250000000
72279  31.021  -16.146  77.962 0.1250000000
72291  31.401  -16.467  77.338 0.1250000000
71346  31.600  -16.825  76.624 0.1250000000
70402  31.479  -17.604  75.180 0.1250000000
69478  31.598  -19.158  73.012 0.1250000000
129583  30.941  -15.358  76.704 0.1250000000
73325  31.347  -15.872  77.289 0.1250000000
72290  31.579  -16.302  76.880 0.1250000000
71356  31.709  -17.145  75.744 0.1250000000
71369  31.707  -17.528  74.812 0.1250000000
70416  31.607  -17.990  74.439 0.1250000000
70431  31.600  -18.492  73.736 0.1250000000
70430  32.067  -18.693  73.167 0.1250000000
140506  32.331  -20.564  71.318 0.1250000000
66436  32.337  -21.315  69.277 0.3750000000
77444  44.146  -11.068  59.780 0.2500000000
77445  43.561  -11.506  59.424 0.2500000000
82176  52.861  -6.367  56.967 0.1250000000
82187  53.507  -6.125  55.432 0.1250000000
81168  51.323  -6.978  58.498 0.1250000000
81186  51.821  -6.712  57.747 0.1250000000
81185  52.586  -6.577  57.869 0.1250000000
130522  52.281  -6.534  57.181 0.1250000000
82175  53.374  -6.072  56.567 0.1250000000
83068  54.113  -5.609  55.297 0.1250000000
81150  52.345  -6.864  59.271 0.1250000000
133027  51.316  -7.196  59.227 0.1250000000
82137  52.585  -6.601  59.454 0.1250000000
81166  52.499  -6.701  58.628 0.1250000000
82162  53.162  -6.260  57.614 0.1250000000
83984  53.795  -4.844  57.663 0.1250000000
83993  53.573  -5.530  57.871 0.1250000000
144238  54.446  -2.872  56.959 0.1250000000
152546  53.943  -4.982  57.220 0.1250000000
83054  53.706  -5.498  57.331 0.1250000000
83060  53.514  -5.942  57.241 0.1250000000
141122  54.520  -2.167  56.229 0.1250000000
138794  54.548  -3.226  56.206 0.1250000000
129349  54.209  -4.148  57.052 0.1250000000
133411  53.935  -5.514  56.052 0.1250000000
87793  54.002  -0.951  55.974 0.1250000000
87794  53.266  -0.857  56.198 0.1250000000
82130  51.701  -6.900  60.780 0.1250000000
83019  52.002  -5.516  60.940 0.1250000000
81151  51.697  -7.189  59.758 0.1250000000
83960  52.395  -4.981  60.302 0.1250000000
84975  52.642  -3.424  59.544 0.1250000000
83026  53.222  -5.742  58.835 0.1250000000
136724  53.486  -4.299  58.523 0.1250000000
83985  53.518  -5.117  58.283 0.1250000000
82147  53.169  -6.288  58.277 0.1250000000
85938  53.846  -2.300  58.180 0.1250000000
84988  53.533  -3.304  58.486 0.1250000000
84987  53.722  -4.188  58.096 0.1250000000
150837  53.951  -4.012  57.686 0.1250000000
86893  54.321  -1.348  56.417 0.1250000000
85957  54.489  -1.941  56.874 0.1250000000
87784  52.932  -0.335  56.928 0.1250000000
87783  53.648  -0.473  56.773 0.1250000000
139524  52.948  -2.084  59.112 0.1250000000
86877  53.714  -1.317  58.432 0.1250000000
85939  53.398  -2.202  58.695 0.1250000000
86876  54.129  -1.343  57.873 0.1250000000
87764  54.090  -0.614  57.573 0.1250000000
86885  54.350  -1.300  57.188 0.1250000000
87775  51.391  -0.372  57.479 0.1250000000
52913  20.312  -35.363  83.746 0.1250000000
53967  22.016  -34.407  83.122 0.2500000000
52922  21.124  -35.457  82.889 0.2500000000
77450  43.929  -10.872  59.059 0.2500000000
67400  -2.157  -21.283  77.072 0.1250000000
146868  30.021  -16.409  78.800 0.1250000000
148688  1.446  -21.555  77.989 0.1250000000
68413  -2.140  -20.801  77.518 0.1250000000
69436  -1.328  -20.320  78.350 0.1250000000
61324  23.222  -27.795  82.329 0.1250000000
54917  18.948  -33.331  85.162 0.1250000000
53959  20.608  -34.667  84.093 0.1250000000
53958  21.130  -34.166  84.061 0.2500000000
52906  20.005  -34.863  84.324 0.1250000000
52907  19.390  -34.521  84.443 0.1250000000
67362  -0.557  -21.219  79.065 0.1250000000
128650  0.558  -21.619  79.406 0.1250000000
67373  -1.620  -20.972  78.076 0.1250000000
68396  -0.851  -20.848  79.548 0.1250000000
68403  -1.204  -20.794  78.676 0.1250000000
69435  -0.997  -20.346  79.061 0.1250000000
71348  30.835  -17.221  77.369 0.1250000000
71335  31.060  -16.665  77.751 0.1250000000
71357  31.447  -17.270  76.099 0.1250000000
72302  31.674  -16.456  76.117 0.1250000000
83059  53.715  -5.703  56.655 0.1250000000
81139  52.209  -7.004  59.866 0.1250000000
82148  52.799  -6.562  58.790 0.1250000000
82129  52.189  -6.815  60.223 0.1250000000
152202  52.455  -5.830  60.349 0.1250000000
83027  52.890  -5.559  59.611 0.1250000000
83041  53.373  -5.890  58.297 0.1250000000
84996  54.160  -3.360  57.492 0.1250000000
85948  54.246  -2.334  57.544 0.1250000000
86902  54.266  -1.594  55.621 0.1250000000
131990  54.110  -0.721  56.845 0.1250000000
83969  53.244  -4.869  58.949 0.1250000000
88685  53.384  0.004  57.421 0.1250000000
87773  53.805  -0.191  57.425 0.1250000000
51831  0.066  -36.805  81.608 0.1250000000
54057  4.904  -33.749  76.350 0.1250000000
53115  10.890  -35.687  68.736 0.1250000000
53016  6.668  -34.702  75.249 0.1250000000
128097  6.186  -34.314  75.866 0.1250000000
148321  7.004  -34.919  74.674 0.1250000000
53040  7.365  -35.121  73.473 0.1250000000
129274  7.638  -35.050  72.153 0.1250000000
128719  7.951  -35.233  72.988 0.1250000000
53062  9.082  -35.206  71.724 0.1250000000
130036  8.520  -35.171  72.378 0.1250000000
135729  9.552  -35.283  71.067 0.1250000000
53098  10.575  -35.456  69.554 0.1250000000
53080  10.154  -35.335  70.488 0.1250000000
52005  14.266  -36.353  68.257 0.1250000000
51986  13.539  -35.824  68.834 0.1250000000
52007  12.487  -36.022  67.992 0.1250000000
137294  15.073  -36.613  68.342 0.1250000000
52006  13.250  -36.315  67.782 0.1250000000
53114  11.805  -35.706  68.507 0.1250000000
153304  6.481  -34.377  76.480 0.1250000000
151455  7.187  -34.994  75.141 0.1250000000
53029  7.507  -35.175  74.300 0.1250000000
53039  8.129  -35.367  73.839 0.1250000000
49736  17.462  -36.784  71.812 0.1250000000
50815  16.555  -37.337  71.278 0.1250000000
50830  17.404  -36.559  71.043 0.1250000000
143352  16.006  -37.220  70.803 0.1250000000
151629  10.105  -35.356  71.207 0.1250000000
50831  16.740  -36.966  70.635 0.1250000000
51968  15.124  -36.561  69.853 0.1250000000
51952  14.462  -36.244  70.510 0.1250000000
138661  15.702  -36.672  69.122 0.1250000000
51985  14.423  -36.086  69.389 0.1250000000
51987  12.700  -35.650  68.745 0.1250000000
53096  12.249  -35.477  69.299 0.1250000000
53097  11.489  -35.462  69.420 0.1250000000
131874  6.682  -34.531  77.041 0.1250000000
128778  8.793  -35.427  73.241 0.1250000000
143630  17.371  -37.017  72.329 0.2500000000
50798  16.312  -37.572  71.946 0.1250000000
141589  9.381  -35.424  72.577 0.1250000000
53060  10.683  -35.471  71.361 0.1250000000
53061  9.990  -35.469  71.882 0.1250000000
50832  15.288  -36.877  70.720 0.1250000000
53078  12.167  -35.496  70.136 0.1250000000
51971  12.094  -35.539  70.966 0.1250000000
53079  11.260  -35.423  70.508 0.1250000000
133800  13.873  -35.742  69.851 0.1250000000
51970  13.029  -35.532  69.767 0.1250000000
50799  15.326  -37.479  72.135 0.1250000000
50817  14.746  -36.857  71.526 0.1250000000
50818  14.121  -36.653  72.058 0.1250000000
51955  11.584  -35.668  71.584 0.1250000000
50816  15.652  -37.324  71.375 0.1250000000
51953  13.949  -36.285  71.372 0.1250000000
128708  13.275  -35.939  71.331 0.1250000000
137788  12.812  -35.612  70.780 0.1250000000
51969  13.606  -35.786  70.628 0.1250000000
68622  0.394  -20.774  64.152 0.1250000000
149111  0.253  -21.602  64.040 0.1250000000
66534  -0.239  -22.951  63.577 0.1250000000
67527  30.379  -20.537  68.956 0.2500000000
137605  30.678  -20.571  68.304 0.2500000000
68490  30.492  -20.311  70.577 0.2500000000
67482  30.945  -20.559  69.915 0.2500000000
68491  30.057  -20.277  70.062 0.2500000000
67510  30.309  -20.451  69.517 0.2500000000
67507  32.555  -21.373  69.772 0.2500000000
70591  36.139  -18.644  58.826 0.1250000000
70592  35.263  -18.787  58.506 0.1250000000
70590  37.057  -18.202  59.016 0.1250000000
68693  34.962  -20.209  58.857 0.1250000000
69626  36.448  -19.469  59.708 0.1250000000
135429  35.706  -19.959  59.422 0.1250000000
69630  36.079  -19.252  59.222 0.1250000000
69632  34.528  -19.766  58.369 0.1250000000
68678  34.567  -20.829  59.146 0.1250000000
67660  34.199  -21.356  59.645 0.1250000000
68677  35.166  -20.562  59.424 0.1250000000
67641  34.535  -21.510  60.496 0.1250000000
68661  35.565  -20.641  60.031 0.1250000000
67659  34.910  -21.075  59.875 0.1250000000
68660  36.221  -20.138  60.124 0.1250000000
72400  43.956  -16.993  67.359 0.2500000000
139151  -1.371  -24.790  61.706 0.2500000000
49737  17.081  -37.222  71.860 0.1250000000
144143  -0.268  -36.074  82.518 0.1250000000
132754  11.122  -36.114  68.155 0.1250000000
53081  9.205  -35.390  70.225 0.1250000000
53099  9.653  -35.578  69.553 0.1250000000
52004  14.941  -36.478  68.999 0.1250000000
152721  13.004  -35.890  68.289 0.1250000000
50865  14.676  -36.910  67.560 0.1250000000
49749  17.123  -36.969  71.327 0.1250000000
50847  15.909  -36.929  70.151 0.1250000000
71549  35.687  -18.027  58.390 0.1250000000
69631  35.366  -19.420  58.804 0.1250000000
46663  -1.637  -41.844  69.401 0.1250000000
58303  26.501  -30.084  68.227 0.1250000000
59352  26.567  -29.543  68.349 0.1250000000
129151  26.831  -29.362  68.862 0.1250000000
60478  26.445  -29.247  68.617 0.1250000000
129317  26.170  -29.443  68.158 0.1250000000
141757  23.441  -25.022  66.727 0.1250000000
64569  23.428  -24.390  66.384 0.1250000000
135248  23.478  -24.134  67.456 0.1250000000
148294  23.421  -23.129  66.139 0.1250000000
65504  23.376  -23.691  65.159 0.1250000000
136419  23.392  -23.048  65.445 0.1250000000
65515  23.346  -23.040  64.682 0.1250000000
139817  23.473  -23.405  67.474 0.1250000000
128656  23.504  -22.667  66.792 0.1250000000
66492  23.513  -22.281  65.868 0.1250000000
66504  23.496  -22.207  64.976 0.1250000000
66517  23.283  -23.117  64.082 0.1250000000
130609  23.547  -22.468  67.662 0.1250000000
136405  23.662  -21.763  66.493 0.1250000000
67558  23.840  -21.218  65.859 0.1250000000
152986  23.627  -21.734  65.417 0.1250000000
67571  23.791  -21.180  64.982 0.1250000000
143829  23.811  -20.894  64.285 0.1250000000
128679  23.812  -21.517  67.961 0.1250000000
66479  23.717  -21.687  67.191 0.1250000000
67546  24.016  -20.948  66.720 0.1250000000
67536  24.186  -20.836  67.530 0.1250000000
68573  24.615  -20.289  66.150 0.1250000000
68590  24.265  -20.538  65.372 0.1250000000
68603  24.429  -20.302  64.591 0.1250000000
146461  24.921  -19.826  64.006 0.1250000000
68529  38.093  -21.259  67.963 0.1250000000
67504  40.364  -21.949  69.245 0.1250000000
68527  39.815  -21.115  68.803 0.1250000000
68528  39.005  -21.231  68.193 0.1250000000
67522  38.546  -22.113  68.316 0.1250000000
67529  24.384  -20.772  68.305 0.1250000000
144101  40.871  -21.573  69.829 0.1250000000
66431  40.644  -22.731  69.203 0.1250000000
68557  24.767  -20.326  67.065 0.1250000000
66430  41.325  -22.856  69.367 0.1250000000
68589  25.007  -19.941  65.307 0.1250000000
68602  25.357  -19.706  64.566 0.1250000000
68530  37.158  -21.179  67.998 0.1250000000
67503  41.057  -22.225  69.675 0.1250000000
67502  41.712  -22.255  69.804 0.1250000000
68547  42.234  -21.159  67.338 0.1250000000
68614  26.701  -19.388  63.967 0.1250000000
147125  25.748  -19.535  63.903 0.1250000000
66418  33.625  -21.759  69.896 0.1250000000
66419  33.156  -21.645  69.822 0.1250000000
139076  26.099  -19.513  65.200 0.1250000000
153339  26.179  -19.458  64.455 0.1250000000
67481  32.173  -21.076  70.178 0.1250000000
58310  25.411  -30.519  67.190 0.1250000000
65490  23.438  -23.736  66.745 0.1250000000
143635  23.438  -23.735  65.903 0.1250000000
47514  19.279  -38.510  79.779 0.6250000000
47525  18.090  -38.539  79.524 0.3750000000
48505  19.366  -38.368  81.141 0.3750000000
48518  15.166  -38.411  80.077 0.3750000000
48532  20.248  -38.117  79.218 0.5000000000
48533  19.893  -38.338  79.478 0.5000000000
48558  18.813  -38.527  78.802 0.5000000000
48596  17.336  -38.522  76.984 0.7500000000
49552  19.419  -37.331  82.301 0.2500000000
49554  18.083  -37.681  81.728 0.2500000000
49563  18.584  -38.065  81.675 0.2500000000
49564  17.422  -37.750  81.264 0.2500000000
49568  13.650  -37.568  80.676 0.3750000000
49580  20.592  -37.858  80.531 0.5000000000
49581  20.198  -38.209  80.799 0.5000000000
49624  20.765  -37.473  79.546 0.5000000000
49626  20.083  -38.104  78.334 0.5000000000
49640  19.758  -38.019  77.565 0.6250000000
49688  19.256  -37.000  75.364 0.7500000000
50654  20.298  -36.610  82.527 0.2500000000
50660  20.480  -36.962  82.154 0.3750000000
50662  19.043  -36.998  82.409 0.2500000000
50665  20.893  -36.803  81.830 0.5000000000
50678  21.022  -37.180  80.900 0.5000000000
50688  21.072  -36.884  79.373 0.6250000000
50713  20.618  -36.679  77.851 0.6250000000
50758  19.441  -36.579  75.132 0.7500000000
51795  20.773  -35.800  82.867 0.5000000000
51796  20.452  -35.835  83.109 0.1250000000
51805  20.910  -36.027  82.511 0.5000000000
51809  21.436  -35.935  81.981 0.5000000000
51812  18.671  -36.867  82.260 0.1250000000
51815  9.928  -35.805  81.622 0.5000000000
51821  21.198  -36.478  81.757 0.5000000000
51833  21.646  -36.189  80.459 0.6250000000
51890  20.193  -36.065  76.035 0.7500000000
52066  -2.957  -36.100  64.592 0.5000000000
52914  19.739  -35.208  83.946 0.1250000000
52916  18.542  -34.310  84.216 0.1250000000
52921  21.605  -35.037  82.817 0.2500000000
52947  22.039  -35.573  80.918 0.6250000000
52981  16.800  -35.503  78.928 0.3750000000
53038  19.818  -34.926  74.310 0.3750000000
53188  -2.789  -35.279  65.003 0.6250000000
53950  19.751  -34.101  84.683 0.1250000000
53980  9.132  -34.428  81.870 0.6250000000
53982  7.685  -33.811  81.961 0.7500000000
53988  -4.802  -33.981  82.218 0.6250000000
54027  21.433  -34.963  78.716 0.6250000000
54915  16.734  -32.648  85.471 0.1250000000
54919  17.393  -33.204  85.279 0.1250000000
54920  16.650  -33.001  85.254 0.1250000000
54921  15.985  -32.794  85.132 0.1250000000
54922  -1.540  -33.355  84.457 0.5000000000
54935  23.098  -33.352  82.774 0.3750000000
54968  23.916  -32.880  80.585 0.5000000000
54992  -4.478  -33.573  79.189 0.6250000000
54999  12.856  -33.960  77.834 0.3750000000
55040  20.312  -33.877  75.626 0.5000000000
55078  17.785  -33.425  69.694 0.1250000000
55884  17.601  -32.324  85.564 0.1250000000
55888  15.376  -31.976  85.815 0.1250000000
55898  22.426  -32.882  83.499 0.3750000000
55901  15.586  -32.439  85.336 0.1250000000
55903  5.960  -31.584  82.700 0.7500000000
55916  6.407  -32.123  82.866 0.7500000000
55928  16.875  -32.893  83.248 0.1250000000
55936  24.436  -32.524  81.368 0.6250000000
55961  25.454  -31.710  80.164 0.5000000000
56000  16.491  -32.409  76.289 0.2500000000
56013  25.401  -31.603  75.891 0.6250000000
56019  15.411  -32.573  75.304 0.2500000000
56032  24.445  -31.566  74.499 0.2500000000
56045  25.302  -31.712  73.709 0.1250000000
56079  26.297  -31.746  71.953 0.3750000000
56085  18.611  -32.600  71.671 0.1250000000
56989  16.945  -31.544  85.912 0.1250000000
56990  16.310  -31.791  85.930 0.1250000000
56993  14.304  -31.216  86.297 0.1250000000
56998  14.177  -31.416  85.893 0.1250000000
57003  -2.968  -31.789  84.360 0.5000000000
57006  20.794  -31.338  84.503 0.2500000000
57015  -3.515  -31.833  83.286 0.6250000000
57018  22.807  -31.470  83.466 0.3750000000
57022  7.169  -31.828  82.414 0.7500000000
57034  -4.116  -31.476  82.125 0.6250000000
57043  -4.270  -31.411  81.837 0.6250000000
57049  -4.297  -31.444  80.845 0.6250000000
57065  17.484  -31.842  78.759 0.2500000000
57118  15.561  -31.332  74.574 0.2500000000
57139  27.287  -31.155  73.977 0.6250000000
58086  17.751  -30.509  85.851 0.1250000000
58087  17.062  -30.893  86.064 0.1250000000
58089  15.556  -30.347  86.540 0.1250000000
58090  14.451  -30.696  86.618 0.1250000000
58092  13.041  -30.327  86.361 0.2500000000
58100  -1.667  -31.206  84.583 0.5000000000
58123  4.812  -30.411  82.663 0.8750000000
58124  -3.579  -31.206  82.706 0.6250000000
58129  13.617  -30.069  82.976 0.2500000000
58132  -3.839  -31.117  82.311 0.6250000000
58136  7.741  -31.502  81.153 0.6250000000
58141  26.508  -30.363  79.832 0.6250000000
58171  -3.738  -30.843  79.212 0.6250000000
58174  27.115  -30.411  77.909 0.7500000000
58201  27.479  -30.262  75.302 0.6250000000
58241  15.361  -29.926  73.868 0.2500000000
58267  13.318  -30.108  71.794 0.2500000000
58405  4.454  -29.826  61.972 0.1250000000
59133  14.159  -29.936  86.837 0.1250000000
59137  17.028  -29.649  86.133 0.1250000000
59144  18.451  -29.061  85.491 0.1250000000
59147  11.576  -29.080  86.146 0.2500000000
59151  -2.904  -30.737  84.008 0.6250000000
59154  20.514  -29.335  84.528 0.1250000000
59164  -2.575  -30.288  83.693 0.5000000000
59183  13.317  -29.571  82.510 0.2500000000
59197  -3.899  -30.812  81.776 0.6250000000
59200  14.392  -29.688  80.558 0.2500000000
59211  27.382  -28.714  79.030 0.7500000000
59213  14.881  -29.686  79.241 0.2500000000
59231  -2.121  -29.829  78.873 0.7500000000
59239  14.942  -29.204  77.814 0.2500000000
59280  27.551  -29.844  74.641 0.8750000000
59293  27.447  -30.162  73.248 0.6250000000
59303  14.584  -29.286  72.469 0.2500000000
59304  14.062  -29.776  72.018 0.2500000000
59317  11.884  -29.779  71.222 0.2500000000
59327  27.029  -29.574  70.673 0.3750000000
59329  13.241  -28.890  70.580 0.2500000000
60243  13.705  -29.274  86.885 0.1250000000
60244  12.992  -29.085  86.881 0.1250000000
60259  11.100  -28.511  85.775 0.2500000000
60270  -0.829  -29.595  83.819 0.7500000000
60272  -2.682  -30.184  82.898 0.6250000000
60277  11.401  -28.341  84.085 0.2500000000
60285  -2.845  -30.133  82.245 0.6250000000
60286  25.288  -29.110  81.892 0.6250000000
60297  -2.970  -30.001  81.750 0.6250000000
60298  -3.469  -30.352  81.665 0.6250000000
60308  -3.030  -29.928  81.514 0.6250000000
60312  13.299  -28.581  80.082 0.2500000000
60328  -2.284  -29.679  79.523 0.6250000000
60336  13.063  -27.736  78.891 0.2500000000
60358  13.917  -27.712  76.750 0.2500000000
60394  27.178  -29.119  73.490 0.8750000000
60395  26.852  -28.753  72.821 0.8750000000
60418  26.567  -28.756  71.054 0.3750000000
60419  14.390  -28.336  71.688 0.2500000000
60441  10.690  -28.676  70.225 0.5000000000
61289  11.251  -27.296  86.810 0.2500000000
61304  13.398  -27.274  84.647 0.1250000000
61306  -0.096  -28.683  83.005 0.7500000000
61314  15.173  -27.863  83.575 0.1250000000
61316  11.109  -27.699  83.561 0.2500000000
61318  2.058  -28.588  82.532 0.7500000000
61319  1.273  -28.555  82.612 0.7500000000
61320  -0.825  -28.614  82.608 0.7500000000
61322  -1.991  -29.237  82.087 0.7500000000
61328  16.377  -27.842  82.646 0.1250000000
61335  0.650  -28.277  82.089 0.7500000000
61336  -1.056  -28.573  81.695 0.7500000000
61340  24.575  -27.813  81.562 0.5000000000
61357  -1.983  -29.192  81.357 0.7500000000
61404  -0.788  -28.970  79.098 0.8750000000
61429  13.613  -27.232  76.365 0.2500000000
61458  14.538  -27.805  74.461 0.2500000000
61518  8.007  -27.840  70.937 0.5000000000
61519  7.425  -27.826  71.349 0.5000000000
61546  13.105  -28.164  69.914 0.2500000000
61578  0.189  -27.396  69.072 0.3750000000
61601  8.824  -27.209  68.896 0.5000000000
62471  10.444  -26.244  82.859 0.2500000000
62496  11.429  -26.290  79.612 0.2500000000
62525  13.304  -26.694  75.875 0.2500000000
62611  7.114  -27.095  68.869 0.3750000000
62625  11.022  -26.478  68.099 0.3750000000
62626  10.109  -26.612  68.201 0.3750000000
62630  6.011  -26.547  67.848 0.3750000000
62653  2.750  -26.441  67.469 0.3750000000
62796  4.481  -26.485  58.515 0.1250000000
63459  11.424  -25.508  86.759 0.1250000000
63460  10.745  -25.866  86.493 0.2500000000
63468  10.240  -25.522  82.522 0.2500000000
63489  15.051  -25.990  79.825 0.1250000000
63496  16.338  -25.785  77.956 0.1250000000
63509  11.322  -25.280  77.822 0.2500000000
63523  12.349  -25.731  75.954 0.2500000000
63550  25.425  -25.805  73.459 1.0000000000
63561  13.339  -25.537  72.031 0.2500000000
63596  23.982  -25.370  68.598 0.3750000000
63597  12.256  -25.608  68.314 0.2500000000
63598  11.626  -25.430  67.821 0.3750000000
63615  3.278  -25.633  67.351 0.3750000000
63648  -2.492  -25.570  62.943 0.7500000000
63657  -2.343  -25.669  62.230 0.5000000000
64431  11.594  -24.878  86.532 0.1250000000
64433  10.554  -25.059  86.089 0.1250000000
64443  10.032  -24.558  83.029 0.2500000000
64470  10.609  -24.416  78.696 0.2500000000
64477  11.018  -24.655  77.384 0.2500000000
64494  11.092  -24.007  76.084 0.2500000000
64505  11.946  -24.028  73.361 0.2500000000
64526  12.007  -24.215  68.578 0.2500000000
64548  10.631  -24.543  67.464 0.2500000000
64563  -2.520  -24.218  66.426 0.7500000000
65352  9.982  -23.872  81.740 0.2500000000
65416  -3.492  -23.735  72.830 0.3750000000
65436  41.146  -23.220  68.223 0.3750000000
65437  40.461  -23.249  68.316 0.2500000000
65470  10.331  -23.814  67.589 0.2500000000
65475  5.551  -23.681  67.538 0.2500000000
66309  11.180  -22.721  85.899 0.1250000000
66312  11.405  -21.890  85.559 0.1250000000
66396  11.454  -22.811  73.863 0.1250000000
66429  42.024  -22.687  69.228 0.1250000000
66446  3.823  -22.251  69.178 0.1250000000
66449  41.615  -23.086  68.769 0.1250000000
66462  10.617  -22.479  68.622 0.2500000000
66474  42.143  -22.662  68.577 0.2500000000
66478  32.160  -21.045  68.038 0.6250000000
66554  -1.272  -23.471  63.356 0.2500000000
67319  12.832  -21.249  84.914 0.1250000000
67321  11.749  -20.968  85.186 0.1250000000
67333  10.799  -21.672  82.969 0.1250000000
67361  -0.331  -21.284  80.042 0.1250000000
67368  4.363  -21.838  78.301 0.1250000000
67375  28.190  -21.547  77.795 0.3750000000
67410  1.235  -20.867  75.791 0.1250000000
67470  4.699  -21.300  71.369 0.1250000000
67492  7.374  -21.333  70.244 0.1250000000
67500  42.920  -21.611  69.254 0.1250000000
67515  10.472  -21.548  69.493 0.1250000000
68362  11.591  -20.342  83.856 0.1250000000
68394  10.883  -20.610  79.312 0.1250000000
68412  4.644  -21.371  77.699 0.1250000000
68420  -2.699  -20.994  76.187 0.2500000000
68426  10.824  -20.696  75.587 0.1250000000
68448  -3.000  -20.824  73.749 0.2500000000
68463  -2.564  -20.322  73.398 0.2500000000
68479  9.993  -19.864  71.147 0.1250000000
68505  -2.158  -20.795  70.710 0.3750000000
68581  41.282  -20.276  66.054 0.6250000000
68623  -0.259  -20.585  64.533 0.1250000000
69381  12.422  -19.815  84.681 0.1250000000
69393  12.325  -19.097  83.627 0.1250000000
69421  11.252  -19.972  79.399 0.1250000000
69425  -0.649  -20.362  79.651 0.1250000000
69443  10.864  -19.867  77.774 0.1250000000
69456  -2.434  -20.477  76.475 0.2500000000
69464  -2.165  -19.803  75.833 0.2500000000
69503  7.600  -19.424  72.289 0.1250000000
69506  -1.885  -19.682  73.048 0.2500000000
69507  -2.188  -19.973  73.216 0.2500000000
69529  -0.730  -19.660  71.034 0.2500000000
70356  12.544  -18.277  80.022 0.1250000000
70368  12.329  -18.103  79.047 0.1250000000
70397  5.618  -18.460  76.569 0.1250000000
70413  -1.202  -18.769  75.434 0.2500000000
70436  9.381  -18.399  73.128 0.1250000000
70451  8.875  -18.590  72.462 0.1250000000
70514  42.403  -18.872  66.726 0.5000000000
71324  29.508  -16.887  79.088 0.1250000000
71331  5.977  -17.009  78.068 0.1250000000
71345  1.665  -18.150  77.642 0.1250000000
71390  7.807  -17.578  73.771 0.1250000000
71546  38.357  -17.201  59.081 0.1250000000
72278  2.833  -17.155  78.043 0.1250000000
72296  11.159  -16.189  76.338 0.1250000000
72322  3.293  -16.157  74.076 0.1250000000
72346  44.734  -16.928  71.716 0.1250000000
72413  43.837  -16.252  66.817 0.6250000000
73407  45.850  -15.093  70.463 0.1250000000
76395  48.037  -12.559  68.228 0.1250000000
79239  48.045  -9.364  62.129 0.3750000000
80190  46.595  -8.399  59.129 0.7500000000
81120  50.817  -7.251  61.781 0.1250000000
81140  51.716  -7.116  60.395 0.1250000000
81165  52.902  -6.489  58.270 0.1250000000
81167  51.940  -7.007  58.980 0.1250000000
82136  53.046  -6.271  58.808 0.1250000000
82174  53.744  -5.836  55.832 0.1250000000
83018  52.558  -6.345  59.947 0.1250000000
83055  53.450  -5.959  57.798 0.1250000000
85965  54.496  -2.409  55.399 0.1250000000
128872  -4.401  -32.014  78.905 0.6250000000
129194  -2.334  -29.489  80.197 0.8750000000
129628  10.449  -25.125  80.052 0.2500000000
130168  26.104  -31.644  76.027 0.6250000000
130644  19.595  -37.331  76.390 0.7500000000
131105  10.951  -29.672  71.462 0.5000000000
131449  26.339  -31.334  78.048 0.5000000000
131503  24.431  -31.918  72.059 0.1250000000
131811  27.533  -28.920  77.502 0.7500000000
131985  5.443  -19.199  76.432 0.1250000000
132093  2.578  -28.262  79.783 0.6250000000
132281  -2.216  -30.631  84.351 0.5000000000
133862  26.918  -29.803  68.625 0.2500000000
134279  27.207  -30.916  71.029 0.2500000000
134530  -1.357  -28.719  82.127 0.7500000000
134928  -2.099  -26.498  61.690 0.5000000000
135015  40.613  -21.287  65.793 0.6250000000
135349  42.486  -21.534  67.842 0.2500000000
135412  10.189  -23.281  81.227 0.1250000000
135744  16.893  -38.558  77.646 0.6250000000
136807  14.067  -26.782  71.579 0.2500000000
136819  26.960  -31.127  75.306 0.7500000000
136892  -0.267  -18.357  74.218 0.2500000000
138026  13.511  -30.963  86.023 0.2500000000
138591  10.714  -22.177  84.404 0.1250000000
138657  19.648  -36.001  74.822 0.7500000000
138730  3.018  -16.590  70.831 0.1250000000
138787  52.084  -6.813  58.375 0.1250000000
140421  -1.742  -29.058  80.892 0.7500000000
140794  53.913  -3.280  57.946 0.1250000000
140869  10.650  -21.861  76.701 0.1250000000
140905  23.819  -23.195  71.153 0.6250000000
140960  10.777  -26.868  86.542 0.2500000000
141082  19.373  -38.438  78.573 0.5000000000
141263  48.643  -10.648  67.462 0.1250000000
141443  20.519  -37.799  81.332 0.5000000000
142091  25.358  -28.204  68.580 0.2500000000
142238  11.616  -24.266  68.023 0.1250000000
142685  14.860  -29.442  78.559 0.2500000000
143055  -0.458  -26.457  61.182 0.1250000000
143222  11.821  -16.619  76.958 0.1250000000
143449  19.993  -35.127  74.967 0.3750000000
143519  15.096  -30.968  86.563 0.1250000000
143857  11.728  -28.557  86.709 0.2500000000
143951  -3.783  -30.602  81.053 0.6250000000
144112  10.162  -24.267  80.634 0.2500000000
145394  -3.226  -30.944  83.217 0.6250000000
145552  -1.672  -23.812  63.175 0.3750000000
145954  22.028  -32.471  77.998 0.7500000000
145955  -2.231  -27.867  61.673 0.5000000000
146625  20.270  -32.215  74.921 0.1250000000
146783  25.416  -31.589  76.320 0.6250000000
146919  18.059  -33.601  82.316 0.2500000000
147186  48.662  -9.638  68.013 0.1250000000
147537  47.052  -13.715  69.636 0.1250000000
147622  -1.861  -24.896  61.834 0.3750000000
147711  25.740  -31.867  72.068 0.1250000000
147718  13.263  -28.328  86.627 0.1250000000
147994  52.912  -6.195  59.306 0.1250000000
148161  43.930  -13.525  64.106 0.8750000000
148192  4.195  -21.777  76.922 0.1250000000
148413  40.709  -23.296  67.784 0.3750000000
148483  20.905  -37.105  81.400 0.5000000000
148541  7.362  -20.761  71.299 0.1250000000
148665  11.285  -27.942  86.717 0.1250000000
148784  -0.997  -19.833  78.617 0.2500000000
148918  4.306  -21.325  79.854 0.1250000000
149017  12.385  -28.948  86.788 0.1250000000
149053  -0.276  -28.334  81.794 0.7500000000
149201  54.049  -5.111  56.641 0.1250000000
149581  10.653  -21.313  79.413 0.1250000000
149633  26.381  -31.643  73.646 0.5000000000
149795  15.992  -32.298  75.670 0.2500000000
150051  -3.363  -31.198  83.076 0.6250000000
150114  11.332  -21.864  73.779 0.1250000000
150218  18.886  -30.728  70.406 0.1250000000
150231  19.989  -38.086  81.544 0.3750000000
150789  38.464  -22.902  64.766 0.8750000000
150915  8.204  -29.427  74.417 0.5000000000
151253  6.788  -22.056  68.824 0.1250000000
151274  10.755  -24.194  77.356 0.1250000000
151359  27.510  -28.353  78.659 0.7500000000
151414  19.275  -35.529  73.652 0.1250000000
151481  35.210  -21.668  61.842 0.5000000000
151577  17.872  -28.088  84.977 0.1250000000
151994  15.711  -27.886  83.286 0.1250000000
152074  -5.074  -36.085  74.173 0.5000000000
152160  16.007  -25.924  78.480 0.1250000000
152535  25.556  -26.816  71.171 0.3750000000
152596  5.022  -21.536  73.867 0.1250000000
152708  8.378  -19.085  72.030 0.1250000000
152912  19.598  -27.621  84.204 0.1250000000
153000  -2.371  -32.886  64.471 0.6250000000
153040  18.480  -37.332  74.712 0.7500000000
153175  0.957  -28.562  78.774 0.8750000000
153230  -4.465  -37.693  71.783 0.6250000000
153232  17.556  -35.882  80.016 0.2500000000
153406  38.927  -16.453  58.727 0.1250000000
153438  -4.566  -35.561  76.940 0.6250000000
153496  14.627  -36.121  79.773 0.2500000000
153780  -4.668  -32.684  80.743 0.6250000000
153907  11.691  -23.092  69.362 0.1250000000
153984  40.531  -15.921  61.015 0.5000000000
154041  10.868  -26.109  80.641 0.2500000000
154315  -3.096  -30.832  83.648 0.6250000000
