global_signal	global_signal_derivative1	global_signal_power2	global_signal_derivative1_power2	csf	csf_derivative1	csf_derivative1_power2	csf_power2	white_matter	white_matter_derivative1	white_matter_derivative1_power2	white_matter_power2	csf_wm	tcompcor	std_dvars	dvars	framewise_displacement	rmsd	t_comp_cor_00	t_comp_cor_01	t_comp_cor_02	t_comp_cor_03	t_comp_cor_04	c_comp_cor_00	c_comp_cor_01	c_comp_cor_02	c_comp_cor_03	c_comp_cor_04	c_comp_cor_05	c_comp_cor_06	w_comp_cor_00	w_comp_cor_01	w_comp_cor_02	w_comp_cor_03	w_comp_cor_04	w_comp_cor_05	w_comp_cor_06	w_comp_cor_07	w_comp_cor_08	w_comp_cor_09	w_comp_cor_10	w_comp_cor_11	w_comp_cor_12	w_comp_cor_13	w_comp_cor_14	w_comp_cor_15	w_comp_cor_16	w_comp_cor_17	w_comp_cor_18	w_comp_cor_19	w_comp_cor_20	w_comp_cor_21	w_comp_cor_22	w_comp_cor_23	w_comp_cor_24	w_comp_cor_25	w_comp_cor_26	w_comp_cor_27	w_comp_cor_28	w_comp_cor_29	w_comp_cor_30	a_comp_cor_00	a_comp_cor_01	a_comp_cor_02	a_comp_cor_03	a_comp_cor_04	a_comp_cor_05	a_comp_cor_06	a_comp_cor_07	a_comp_cor_08	a_comp_cor_09	a_comp_cor_10	a_comp_cor_11	a_comp_cor_12	a_comp_cor_13	a_comp_cor_14	a_comp_cor_15	a_comp_cor_16	a_comp_cor_17	a_comp_cor_18	a_comp_cor_19	a_comp_cor_20	a_comp_cor_21	a_comp_cor_22	a_comp_cor_23	a_comp_cor_24	a_comp_cor_25	edge_comp_00	edge_comp_01	edge_comp_02	edge_comp_03	edge_comp_04	edge_comp_05	edge_comp_06	edge_comp_07	edge_comp_08	edge_comp_09	edge_comp_10	edge_comp_11	edge_comp_12	edge_comp_13	edge_comp_14	edge_comp_15	edge_comp_16	edge_comp_17	edge_comp_18	edge_comp_19	edge_comp_20	edge_comp_21	edge_comp_22	edge_comp_23	cosine00	cosine01	cosine02	trans_x	trans_x_derivative1	trans_x_power2	trans_x_derivative1_power2	trans_y	trans_y_derivative1	trans_y_derivative1_power2	trans_y_power2	trans_z	trans_z_derivative1	trans_z_derivative1_power2	trans_z_power2	rot_x	rot_x_derivative1	rot_x_power2	rot_x_derivative1_power2	rot_y	rot_y_derivative1	rot_y_derivative1_power2	rot_y_power2	rot_z	rot_z_derivative1	rot_z_power2	rot_z_derivative1_power2	motion_outlier00	motion_outlier01	motion_outlier02	motion_outlier03	motion_outlier04	motion_outlier05	motion_outlier06	motion_outlier07	motion_outlier08	motion_outlier09	motion_outlier10
825.5968226228448	n/a	681610.1135249371	n/a	974.5774529339516	n/a	n/a	949801.2117672286	758.7331021503337	n/a	n/a	575675.9202986687	769.7612742050227	693.1474015207002	n/a	n/a	n/a	n/a	0.158737638	-0.1062627631	0.1232877332	-0.2404938352	0.074621098	0.0190310451	-0.3695628066	0.0390420057	-0.1258631844	0.1650150965	0.0002299137	-0.021075373	0.1802675856	-0.1331623471	0.1421977648	-0.1062609167	0.0169159938	-0.0142732163	0.0879755938	-0.0205690611	0.2569889545	-0.0093400088	0.0539557251	-0.0031846077	0.0287853342	-0.0718377951	0.0741495626	-0.003499537	0.0147191362	-0.0697294589	0.0034720532	-0.0277385062	0.0609066521	-0.1162955638	0.0708733488	0.1869101238	-0.1399421211	0.0622808329	0.032110984	-0.1184107195	0.0978466913	0.0191982734	-0.0865461048	0.1326412042	-0.0534128098	0.21948748	-0.021120901	0.0213190096	0.0991648247	-0.0051585977	0.0125224881	-0.2521704829	0.0680021343	-0.1396351587	0.0130768154	-0.0585764881	0.1361416534	-0.1669614941	0.0984081738	-0.1203751625	0.0213604752	-0.1251872452	0.1026960807	-0.0645244892	0.0034955533	-0.0085275889	0.1326760001	0.0989735541	-0.0987319238	0.0211137413	-0.0586497225	0.1495333157	-0.0502729164	-0.0105524225	0.1418895515	-0.35757611	0.1245861014	-0.0776798701	0.0200429756	-0.0063529251	0.0448870752	-0.1322722264	0.0484155299	-0.0306963924	0.0046523732	-0.1990869164	-0.1600880758	0.0408041099	-0.0773862292	0.1708264281	-0.042204267	0.2897564848	-0.0266886804	0.1290883846	0.1290552057	0.1289999139	-0.0448168608096324	n/a	0.0020085510128299	n/a	0.0544887079285985	n/a	n/a	0.0029690192917281	-0.0851211096826318	n/a	n/a	0.0072456033136026	0.0008220007392425	n/a	6.756852153152165e-07	n/a	0.0006660000406244	n/a	n/a	4.435560541117025e-07	-7.73699156354096e-07	n/a	5.9861038454304e-13	n/a	0.0	0.0	0.0	0.0	0.0	0.0	0.0	0.0	0.0	0.0	0.0
820.0451974793007	-5.551625143544129	672474.1259088652	30.820541734431373	959.9751313091956	-14.602321624755971	213.22779683281595	921552.2527321072	758.7034541750418	-0.0296479752919367	0.0008790024389112	575630.9313771398	769.2423406607938	700.5916247743548	1.352877	21.839155	0.0782408726175639	0.0459226891132071	0.1252395516	-0.0017310203	0.1915691277	-0.0384896652	0.2567646335	-0.0163722522	0.0363690778	0.0713304675	-0.195848634	0.2041938898	0.0818269212	-0.0542576925	0.042462384	0.1514844767	0.0844247683	0.1233286506	0.0284675333	0.0730687099	0.1663053198	0.0261938267	0.0948829886	-0.0799352437	0.215383552	0.0309210411	0.0017977519	0.0175808664	0.1674526946	0.0323836446	0.230377787	-0.0398936701	-0.0659717048	0.0114783042	-0.0745964713	-0.0064170345	0.1841772924	-0.0164636064	0.0738050169	-0.1279520612	0.1740628167	-0.0972372596	-0.1178628011	0.0679013487	-0.050843989	-0.0139416643	0.1504518084	-0.0642011465	0.0136476081	0.1469298887	-0.033029685	0.0653683095	0.0101361681	-0.1475360586	-0.170874344	-0.059037943	-0.2346970805	-0.2376597476	0.1600976878	0.0012923848	-0.0649155212	0.2251661504	-0.0015931643	0.1559182455	-0.0766398189	0.0341916849	0.0312871065	0.0159540105	-0.089927754	-0.0557390845	-0.0694277093	0.1386918764	-0.0156795363	-0.0102207479	0.0425656669	-0.0625181127	0.0902059763	-0.2489762135	0.1710925966	0.0844020405	-0.0602906274	0.0042384622	0.0323002257	-0.0732974818	0.1472618816	-0.0345419859	-0.0357209611	0.0325707694	-0.1151306967	0.0655959672	-0.2287185609	0.0977791294	-0.158728989	-0.1251675149	0.0420808223	0.1289999139	0.1287014744	0.1282045865	-0.0534600466298655	-0.008643185820233	0.0028579765856673	7.470466112307842e-05	0.0661531920737132	0.0116644841451147	0.0001360601903716	0.0043762448215415	-0.0544219591405124	0.0306991505421194	0.0009424378440077	0.0029617496366916	0.0003829742214947	-0.0004390265177478	1.4666925432947154e-07	1.927442832857594e-07	0.0006970142268123	3.101418618789995e-05	9.618797448977239e-10	4.858288323787484e-07	7.386663910988e-05	7.464033826623409e-05	5.456280373389253e-09	5.571180096497849e-09	0.0	0.0	0.0	0.0	0.0	0.0	0.0	0.0	0.0	0.0	0.0
819.9117320015255	-0.1334654777751893	672255.2482737413	0.0178130337577595	959.9303538701306	-0.044777439065001	0.0020050190492198	921466.284281234	759.9238548331717	1.220400658129961	1.4893777663640415	577484.2651445075	770.7567780602983	677.708641822892	1.520686	24.548067	0.1109726915989117	0.0645768855055158	-0.0944681509	-0.038017268	0.0496475065	-0.0781734269	-0.0611848452	-0.0186824497	-0.0379084213	-0.0449005379	0.1327252	-0.0165680444	-0.1526310348	0.1734189459	-0.1024825339	0.0024130388	-0.0353901578	-0.0522756238	-0.0842278018	-0.2286263116	-0.0524740297	-0.0310138677	-0.0065579986	0.058086182	0.1628517619	-0.0210260306	-0.0106754887	-0.048050031	0.0203973675	0.0125668983	0.0150055395	0.0465179051	-0.0368045274	-0.0108668195	-0.101739477	-0.1652317646	0.0991183969	0.0489196435	0.0600497628	-0.0643604913	0.0816568732	0.0105863764	0.1579237972	0.1823351602	0.1102406303	-0.0651722172	-0.0847500351	-0.0533251508	0.0040999889	-0.1327938283	0.1671463135	-0.0004381875	0.1275360496	0.1025608688	0.0407260947	-0.0240685401	0.0154132912	-0.2444827988	-0.1082661088	-0.0267241028	-0.0085703308	0.0119886698	0.0634800808	0.049111776	-0.0725211583	-0.0686767067	-0.06972744	-0.1230500239	0.0601321819	0.0128327409	0.0944231485	-0.160770414	0.0762994903	-0.0817295708	0.0003383074	0.0249015623	0.0751253791	-0.163553702	-0.057405642	0.0238339339	-0.048215734	0.0396288197	-0.1398007321	0.0595765563	-0.0203578562	-0.0093615578	-0.0749071887	-0.1640370218	-0.0454200136	-0.0336863877	0.0075130462	0.0922011843	-0.0483184173	0.0541628096	-0.2218008093	0.1288230331	0.1279949812	0.1266188352	-0.0560106048610009	-0.0025505582311354	0.0031371878568951	6.5053472904125605e-06	0.0276334542089671	-0.0385197378647461	0.0014837702051687	0.000763607791519	-0.0050156173650748	0.0494063417754375	0.0024409866076313	2.5156417552839884e-05	0.0002180000101939	-0.0001649742113008	4.75240044445405e-08	2.7216490394321006e-08	0.000867999821176	0.0001709855943636	2.9236073479907756e-08	7.534236895615679e-07	-9.462977747305332e-08	-7.396126888735305e-05	8.954794784599591e-15	5.470269295427338e-09	1.0	0.0	0.0	0.0	0.0	0.0	0.0	0.0	0.0	0.0	0.0
820.2347960903288	0.3230640888033349	672785.1207173433	0.104370405474329	955.1981541620542	-4.73219970807645	22.393714077118844	912403.5137145952	758.5471988841995	-1.3766559489722567	1.8951816018407048	575393.8529350653	769.0714166662195	688.2215541338679	1.386626	22.383966	0.1037783256330982	0.0509992405257302	0.072466798	-0.1099782309	0.0241714496	-0.157299498	0.0513848134	-0.005225471	-0.1323971443	-0.0504920765	-0.0466344816	-0.0427273606	0.0864104197	0.0458776539	0.0945749476	-0.1062170163	0.1222384456	0.0619614128	-0.0032795466	0.1691816396	-0.018493492	-0.0294377659	0.0582955071	0.0453840061	0.0474717792	-0.0399751853	0.0710079261	0.002057678	0.0850947113	0.0724752791	-0.0396632987	-0.0712890094	-0.0663901689	0.0584065558	-0.0036714262	-0.0272472515	0.0268556047	-0.1718842697	-0.1777354307	0.0137029443	-0.1526594998	-0.1018944716	-0.1715656351	0.000885715	-0.0402799532	0.0626631496	-0.0344901137	0.1565657628	-0.0491439081	0.1029943632	0.0039548331	-0.0113432154	-0.1292590385	-0.0320136033	-0.0408995268	-0.0152814573	-0.0853249692	-0.0523839138	0.1289764839	-0.1592998361	-0.0622684329	-0.0148861878	0.1429944466	-0.0365136784	-0.0474481413	0.09509353	-0.1680122795	0.04121949	-0.0537790775	-0.0062924474	-0.0370499428	0.0499031067	-0.0513509788	0.146466835	-0.0711325206	0.0250922764	0.0761666712	-0.2205959374	-0.0396780774	-0.0515555091	0.0721948236	0.0180979485	0.0953602316	0.0016745177	0.00627994	0.0218527995	0.1321779029	0.1157960032	0.0569725776	-0.0131893783	-0.1780725714	-0.0454685432	0.0479486734	0.1997393177	-0.1473327435	0.1285578634	0.1269376627	0.1242524367	-0.0448086674323633	0.0112019374286376	0.0020078166770641	0.0001254834021551	-0.0050146971168345	-0.0326481513258016	0.0010659017849924	2.5147187173588245e-05	-0.0297792728537302	-0.0247636554886554	0.0006132386331608	0.0008868050916969	0.0002363056862382	1.8305676044300004e-05	5.5840377348506624e-08	3.3509777543885905e-10	0.001239036826486	0.00037103700531	1.3766845930941305e-07	1.5352122573884985e-06	0.0003138543166683	0.0003139489464457	9.850453209132553e-08	9.856394097441089e-08	0.0	0.0	0.0	0.0	0.0	0.0	0.0	0.0	0.0	0.0	0.0
816.2101725749432	-4.024623515385656	666199.0458148185	16.197594440595196	956.5794287903668	1.3812746283126671	1.9079195988202968	915044.2035849044	758.5250995016958	-0.0220993825037112	0.0004883827070453	575360.3265740575	769.677777845781	674.4936456853693	1.305813	21.079412	0.0740240516496544	0.0428884649201995	0.0019385077	0.0754434902	-0.0247969029	0.1320117054	0.1481670458	-0.0520571074	0.2066977777	0.0207861238	-0.0932345187	0.0574462853	0.0222785388	-0.1495329575	0.0234279881	0.0886080647	0.0126254684	0.256719521	0.0234174067	0.0083446186	0.1054268194	0.0970762901	-0.1437052494	-0.0185537373	-0.013294371	-0.0031670637	0.1115427255	0.1057548381	0.1909309975	0.1132218351	-0.0866240836	-0.0072947146	-0.0818222106	-0.0609610605	-0.0405572332	0.0631561707	0.0161119569	-0.1681006795	0.0299777387	-0.0494049959	-0.0792641605	-0.0810946811	-0.1284587359	-0.07196249	0.1514071045	0.0147556006	0.095609952	-0.1233169507	-0.016091624	0.1655312167	-0.0290717457	0.1690713741	0.0465007076	0.0132655123	-0.1828162557	0.1707667698	-0.1511724141	-0.0329436163	0.0776236332	-0.0190939286	-0.1460654144	0.0347617201	0.0735707351	0.0051177452	-0.0168306647	0.1207911249	0.010291164	0.0954252887	-0.0682047833	-0.0244590073	0.1268063174	0.1055044077	0.0073898656	-0.0049084847	0.0316529149	-0.0057743533	-0.0348982655	-0.0866012839	0.0390086558	0.2403310479	-0.0005677556	0.0727976964	0.0616633592	0.044253785	0.0333917688	0.0152653552	0.0219490449	0.1665816326	0.0346531972	0.0847786398	-0.0328078005	0.0160721851	-0.0791893574	-0.239027409	0.0776764828	0.1282045865	0.1255324169	0.1211199807	-0.0446150926109396	0.0001935748214237	0.0019905064886827	3.747121148921804e-08	0.032697626601859	0.0377123237186935	0.0014222193602635	0.0010691347853945	-0.0283704620544256	0.0014088107993046	1.9847478682372703e-06	0.0008048831171816	7.298974109338217e-05	-0.0001633159451448	5.327502304878961e-09	2.6672097938545143e-08	0.0014699997979639	0.0002309629714779	5.334389419390126e-08	2.160899406013907e-06	1.3946387086364764e-05	-0.0002999079295819	1.9450171276272182e-10	8.994476622612303e-08	0.0	0.0	0.0	0.0	0.0	0.0	0.0	0.0	0.0	0.0	0.0
817.4880913864184	1.2779188114752742	668286.7795586092	1.6330764887223774	957.8314229886826	1.2519941983157423	1.5674894726162782	917441.0348645244	759.1888601697268	0.6637606680310455	0.4405782244250197	576367.725405809	770.0321982946151	672.8608455079975	1.319679	21.303251	0.0572601342893766	0.0292728059422072	-0.1277351348	-0.0044439134	-0.0449382902	-0.0292349652	-0.1091538982	-0.025241348	0.0635599756	0.0351162416	0.0805182096	-0.1382480415	-0.1830430415	0.0608448164	-0.018428402	-0.019205793	-0.0146246921	0.0293640657	-0.0747623294	-0.2644754149	-0.03690912	-0.102210743	-0.0572742426	0.0788936501	0.2001896682	0.1044789079	-0.0101214498	0.0558887759	-0.2122771376	0.0823870517	-0.1389658048	-0.1431389833	0.1163887214	-0.0416344355	-0.0484926594	0.0178170865	0.1803167258	-0.1218728438	-0.0192012686	-0.0506509463	0.0442385047	0.06581188	0.0272472194	0.1230152227	-0.0377243209	-0.0149908406	-0.0453658847	-0.0254172074	0.020824515	-0.0346953877	0.1577998651	0.0749709323	0.1915339342	0.1504403436	0.0634268618	0.0145798404	0.0584051157	-0.1104398157	-0.168525367	-0.1675621302	0.1001504255	-0.1449538266	0.0985004379	0.2337135846	-0.0330849949	-0.0401494132	-0.1191057015	-0.1180075618	-0.1393736396	0.0244621734	0.2497241529	-0.1156289315	0.1024569053	-0.0873919899	0.0045832519	0.009245231	-0.0223825049	-0.0235914527	-0.0916952044	0.1066289858	0.0952910723	0.0810971207	-0.1714766167	-0.022894583	-0.0215636136	0.1562236303	-0.0025851202	-0.1161728978	-0.0397517204	-0.0067834317	0.0239481021	-0.105458405	-0.0406247077	-0.023046076	-0.0477754987	0.1277634447	0.1237830955	0.1172407796	-0.0500063689345182	-0.0053912763235786	0.0025006369340151	2.9065860397179203e-05	0.0246135606012813	-0.0080840660005777	6.535212310169636e-05	0.0006058273654729	-0.0125912013944144	0.0157792606600112	0.0002489850669765	0.0001585383525547	-2.605295088161217e-05	-9.904269197499432e-05	6.787562496396961e-10	9.809454833653606e-09	0.001091999543185	-0.0003780002547789	1.428841926129134e-07	1.1924630023162487e-06	9.70140664366534e-05	8.306767935028863e-05	9.4117290865754e-09	6.900239352642367e-09	0.0	0.0	0.0	0.0	0.0	0.0	0.0	0.0	0.0	0.0	0.0
817.5848082249234	0.0967168385050172	668444.9186401848	0.0093541468504055	954.848650945376	-2.982772043306568	8.896929062331237	911735.9462122044	758.4088365446347	-0.7800236250920989	0.6084368557018193	575183.9633489865	768.9990135723855	669.8791710005867	1.350954	21.808119	0.0301422959666953	0.0172539791819033	0.0573657567	-0.0713739215	-0.0751643102	-0.054045166	-0.1421622493	0.0594395594	-0.1173861566	-0.0282553222	0.0870393148	-0.1405976333	0.1122843064	0.113292973	0.0935691104	-0.1536979515	0.1436034393	-0.0012615474	0.0350506814	-0.0122908803	-0.0316511297	0.0146285618	0.0339589229	-0.038808459	-0.0146188524	-0.1396620738	-0.0120500928	0.0533658762	-0.0595066558	-0.0328458009	0.0114406287	-0.0512076404	0.0791771485	-0.0742432328	0.1893877184	-0.0779961296	-0.0596780045	0.1651683443	0.174593991	-0.0814618425	0.1331464227	0.0033839851	-0.0426183497	-0.0908979966	-0.1389228569	0.0605079715	-0.0550726367	0.2285125101	-0.0084287294	0.022651096	0.03647602	0.0778962267	-0.0145691571	-0.009681895	0.0163625534	0.0004073445	0.0854962782	-0.0327419916	-0.0177004727	-0.016371614	-0.0314384336	0.0716396126	0.0801398357	-0.0439315035	0.1476131008	-0.2162398821	0.1373085504	0.129311001	0.0603056122	0.0326168945	-0.0949925208	0.0003871088	-0.0434121993	0.1251362821	-0.0445877484	0.0115467307	0.0250215056	-0.0333846122	-0.1569619408	-0.0347545821	0.1489823439	-0.059358594	0.1084438331	-0.0330926301	0.0172640815	0.1450686328	0.0533608389	-0.0261707483	-0.0455867598	0.0163983605	-0.0760338866	0.0014756616	0.0133380536	0.0260732923	0.1196153105	0.1272347401	0.1216944932	0.1126387502	-0.0493402780501952	0.0006660908843229	0.0024344630380705	4.436770661781934e-07	0.0110890795738356	-0.0135244810274456	0.0001829115870617	0.0001229676857948	-0.0130404949296405	-0.000449293535226	2.018646807959663e-07	0.0001700545080099	-0.0001450436887407	-0.000118990737859	2.1037671643509066e-08	1.4158795696250158e-08	0.0009009929805943	-0.0001910065625907	3.648350695271501e-08	8.117883510802006e-07	9.70653763808762e-05	5.1309944222810656e-08	9.42168729196116e-09	2.6327103761479402e-15	0.0	0.0	0.0	0.0	0.0	0.0	0.0	0.0	0.0	0.0	0.0
818.0466687700678	0.4618605451443045	669200.3522858049	0.2133151631609941	963.67789250204	8.829241556663987	77.95550646592231	928675.0804971734	760.0063966706126	1.5975601259779069	2.5521983561145456	577609.7229802486	771.3235987988147	668.6612284958965	1.23398	19.919832	0.0628508273577579	0.0331114570968518	-0.035743504	0.1149980831	0.0348975252	0.1016413773	0.1205432591	0.0224554447	0.1079180934	0.022791288	-0.1185958872	0.1096892504	0.0183802431	-0.0844148166	-0.070586604	0.0509989466	0.0144179414	0.0693338602	-0.0066723525	0.0426072249	0.1698304106	0.0747253834	0.0182249733	-0.0180152041	-0.0009159267	-0.0028422407	-0.0290413218	0.0359625437	0.1485178778	-0.1665646166	-0.0306538073	-0.0967953517	-0.0522368948	-0.0506245961	0.0902061184	-0.0732630996	-0.1103058625	-0.0095373178	-0.0200948828	0.0599080197	0.0131496447	0.111203663	-0.0890304275	0.0871006407	0.1656306594	-0.0535287965	0.0628277672	-0.0802756389	-0.0821827245	0.098387695	-0.0556722808	0.0274630937	0.0546282895	-0.1733996666	-0.0539722399	0.0608169439	-0.0820001474	0.0243961967	0.0185559544	-0.0093156969	0.1225977337	-0.0326408592	-0.0389448237	-0.1851901607	-0.0870694152	-0.0505315239	0.112677292	0.1247819661	-0.0115975845	-0.1402316481	0.1891763086	0.0677330273	0.0076231239	0.023721236	0.0907987499	0.0318759521	-0.080269558	-0.027089605	0.0680872482	0.1710306301	-0.0860986328	0.0648254568	0.0694898157	-0.0150177756	0.1129658615	0.0671176124	-0.008644138	0.0492658474	-0.0188296089	0.0408082028	-0.0029879914	0.0552837104	0.0549364757	-0.1407645433	0.1721447038	0.1266188352	0.1192723348	0.1073422654	-0.0484569512333052	0.00088332681689	0.0023480761228269	7.802662654370263e-07	0.036722127767419	0.0256330481935833	0.0006570531596945	0.0013485146677666	-0.0241144258295662	-0.0110739308999256	0.0001226319455763	0.0005815055330896	-0.0001168657755372	2.81779132035e-05	1.3657609491911213e-08	7.939947925039795e-10	0.0010170192824345	0.0001160263018401	1.3462102718713186e-08	1.0343282208435852e-06	-0.0002639408375226	-0.0003610062139034	6.966476571213153e-08	1.303254864769224e-07	0.0	0.0	0.0	0.0	0.0	0.0	0.0	0.0	0.0	0.0	0.0
817.4200181976906	-0.6266505723771161	668175.4861503129	0.3926909398605672	957.3958868261886	-6.282005675851337	39.46359531142842	916606.8841117042	759.9536688562571	-0.0527278143555349	0.0027802224067117	577529.5788080856	770.3572386856918	673.497531621143	1.313037	21.196035	0.0424044128528163	0.0285369709973547	-0.0757762992	-0.0685761062	-0.0216606662	-0.0791550288	-0.1292261395	-0.0140953051	0.0531994005	0.0279734617	0.178130081	0.0282528692	-0.1816391674	0.028013137	0.0316127024	0.03029914	-0.1115677176	0.0266858272	0.0763968581	-0.1945485309	-0.0724642765	-0.0426735971	-0.0817151049	-0.0566655649	-0.0797632924	0.0698495601	-0.0259888312	0.207010444	-0.0614111657	-0.1036056198	0.034105366	-0.0707114214	-0.0642149303	0.0493157906	0.0304740905	0.1504411653	-0.0138914276	0.1065796708	0.1321102562	-0.1378121579	-0.0353116959	-0.0389993539	0.1708584492	-0.1365871443	-0.1196935969	0.0174474789	-0.0461872835	-0.1209366156	0.1776715927	-0.0590208888	0.1074087129	0.0812320645	0.0627437288	0.0961984759	-0.0385357901	0.0590670729	-0.0650183771	0.090080352	-0.0989336671	-0.0310698426	0.0556527186	0.1413404547	-0.0073934854	0.113767749	0.0610633995	-0.058304475	0.2080450326	0.0018715993	-0.0448053256	0.117290319	-0.0740819104	0.0383616054	0.0642388426	-0.1385051309	-0.037949375	0.0177920986	-0.0146847029	0.0139508083	-0.1751820132	0.0342977522	0.1078418289	0.0770930796	-0.1663741452	-0.0939691387	0.0522047736	0.0381500766	-0.0437918744	-0.0651812237	-0.0742858137	0.0988237854	0.0418831622	0.0312659193	0.0036873861	-0.1435187721	0.0585210636	0.1259161521	0.1165232592	0.1013839798	-0.044696581860208	0.0037603693730971	0.0019977844299862	1.4140377822127415e-05	0.0549270372845285	0.0182049095171095	0.0003314187305261	0.0030169794248559	-0.0241948103884226	-8.038455885640144e-05	6.461677302538268e-09	0.0005853888497317	-0.0001550497822182	-3.8184006681e-05	2.4040434965911254e-08	1.4580183662146526e-09	0.0010249897455709	7.970463136400046e-06	6.352828260871207e-11	1.0506039785254982e-06	9.707968073506506e-05	0.0003610205182576	9.424464411622162e-09	1.3033581460303309e-07	0.0	0.0	0.0	0.0	0.0	0.0	0.0	0.0	0.0	0.0	0.0
818.3670650962348	0.9470468985441584	669724.653234225	0.8968978280421096	957.290268806562	-0.1056180196266041	0.0111551660698457	916404.6587517398	760.2845031484321	0.3308342921750409	0.1094513288789603	578032.5257276583	771.7614039606227	666.5245524955518	1.306654	21.092995	0.0719091699052006	0.0360694563407346	-0.0225008792	0.0185630927	-0.0554735087	-0.1465566218	-0.1080275641	0.0615194435	-0.0802819292	0.0141968399	0.0174893264	-0.1402072112	0.1175997075	0.130184463	-0.0293724349	-0.0231660871	0.0721252023	-0.0850399616	-0.122073594	0.0056326691	-0.0141426166	-0.088285518	0.2126309006	-0.1141000081	-0.113002717	-0.103080331	0.010853593	0.0082789167	-0.0577008095	0.0697867981	-0.0202073995	0.1695590933	0.0137269725	-0.196065673	0.0488609024	0.0733114646	-0.0623176668	-0.0264811559	0.0491369798	0.0387818248	-0.0904595734	-0.0298577612	0.1679520108	-0.0486104067	-0.0371567822	-0.0426728495	-0.0063339493	0.1040560026	-0.0676883496	0.0228221394	0.19015497	-0.1417759176	-0.0757526005	-0.0436300011	0.0110303652	-0.0342779161	0.1324984315	0.0468271337	-0.0106844854	0.1646802559	-0.1664603185	-0.0156558038	-0.0406549834	-0.0915395847	0.0274030377	-0.0732074118	-0.0325510966	0.0880056133	0.0071015743	0.1627709793	-0.0648199016	-0.1568987441	0.0325145991	0.0225469406	0.0354896314	-0.0636095185	-0.0156100397	-0.0654019513	-0.1336328464	-0.0516340921	-0.0583743835	-0.0415130257	0.1015301433	-0.0178216626	-0.0590759086	0.1611551316	-0.0449021884	-0.032081127	0.0364628885	-0.0257592378	0.1374886634	-0.0078541898	0.036632396	-0.0058686175	0.0075249578	0.1251271724	0.1134548014	0.0948006283	-0.044737340966833	-4.075910662500182e-05	0.0020014296767826	1.661304772868267e-09	0.0367063009749983	-0.0182207363095302	0.0003319952316614	0.0013473525312671	0.0039466364206646	0.0281414468090872	0.0007919410285086	1.557593903691629e-05	6.793642667662054e-05	0.0002229862088948	4.615358069587839e-09	4.9722849357284555e-08	0.0013120040299205	0.0002870142843496	8.237719942071305e-08	1.7213545745276322e-06	9.69556203803204e-05	-1.240603547446675e-07	9.4003923233328e-09	1.5390971619372745e-14	0.0	0.0	0.0	0.0	0.0	0.0	0.0	0.0	0.0	0.0	0.0
819.6869043699587	1.3198392737239146	671886.6211956058	1.7419757084640703	959.3968915024848	2.106622695922738	4.437859182976784	920442.3954246304	761.572739515159	1.288236366726892	1.659552936557703	579993.0375726243	772.2905359233255	671.896495302759	1.266803	20.449684	0.0884446014738709	0.0538772427974109	-0.0575098898	-0.0060809942	0.0005378705	0.120891926	0.0205689082	0.0719865579	-0.0074588594	-0.0262761528	0.0539853461	-0.001967935	-0.1387365854	-0.1569447517	-0.0350913179	0.1210420553	-0.2126175572	0.0033578046	-0.0653324261	-0.0923458581	-0.0782242773	0.172879242	0.0039634659	0.0214628726	-0.1044406443	-0.0222316774	-0.0298437542	-0.1357395337	-0.0180036611	0.0470641319	-0.1016203412	0.003012709	0.0285161722	-0.0592380961	-0.0064251259	0.012540452	-0.1182322936	-0.0522043376	-0.0780593334	-0.1526385732	-0.087416269	-0.0936058682	0.0284846621	0.1916767519	0.0155738801	-0.0241358339	-0.0292013936	-0.2109155708	-0.0107280267	-0.1974252999	-0.0094087547	0.1360496582	-0.0690888319	-0.015971986	0.0093254582	-0.1397843255	0.1329143235	0.0628703685	0.0521866593	0.0256858285	-0.0632965057	-0.096465831	0.0644949036	3.5037e-06	-0.0711014757	0.0377552517	-0.0848468211	0.014349443	0.0285756648	0.0955096504	-0.0178156617	0.0538055504	-0.0312690307	0.0593439931	-0.027382893	0.1065084184	-0.033402688	0.0345190751	-0.0108739816	0.1505554365	-0.0191212249	0.0284853399	-0.2173761893	0.0939390912	-0.1412047958	-0.0318883383	0.0485304712	0.0586726967	0.1272212618	0.0039339972	-0.0368752217	-0.0014631917	0.0917623551	0.1310961423	0.0724933685	0.1242524367	0.1100753719	0.0876327994	-0.0517096587074519	-0.0069723177406188	0.0026738888036411	4.861321467614902e-05	-0.0112286592065657	-0.047934960181564	0.0022977604076081	0.0001260827875771	-0.0080904639802525	-0.0120371004009171	0.0001448917860617	6.545560741576312e-05	4.895629902827525e-05	-1.898012764834529e-05	2.396719214545904e-09	3.6024524554748147e-10	0.0009010019346009	-0.0004110020953195	1.689227223571015e-07	8.118044861545645e-07	9.697786042779357e-05	2.2240047473171743e-08	9.404705413152611e-09	4.94619711608933e-16	0.0	0.0	0.0	0.0	0.0	0.0	0.0	0.0	0.0	0.0	0.0
819.6181695668586	-0.068734803100142	671773.9438841278	0.0047244731572152	962.373631464292	2.9767399618071977	8.860980800219917	926163.0065377688	760.5555148607484	-1.0172246544105974	1.0347459975407594	578444.6911850981	771.8384770264119	669.8148398042929	1.196824	19.320036	0.0865578911884288	0.0643291648846055	0.0784403665	0.060205417	-0.0357574504	0.0049231836	-0.0080801272	-0.0091035484	-0.0021305856	0.0530731258	0.0861018679	0.1318861766	0.14222959	0.0626938965	0.0295542758	-0.0588008857	0.0207963967	-0.0657413422	0.1725791176	0.0165908549	-0.0381539652	-0.1852231525	-0.0746871814	-0.0714536892	-0.1020496271	-0.0050181438	0.0915040974	-0.0780503587	-0.1427838403	0.1940930319	-0.0727842563	0.1769408138	-0.0005338319	0.0097806559	-0.0701834621	-0.1178462886	-0.0001424496	-0.0451444646	-0.0671340804	-0.0420329612	-0.013269466	0.0422569557	-0.0749351755	0.0811736492	-0.1197472433	0.0057210389	-0.0125748672	0.0933774069	0.1647147359	0.0450354135	-0.0710721467	-0.1610166216	-0.0185453574	0.0991573939	-0.0048977653	-0.0464427714	0.0265958459	0.094804655	-0.0863505408	-0.0420547625	-0.2236004091	-0.0824123438	0.1117017703	-0.0080717164	-0.01964023	0.0078323213	-0.0361994401	-0.1484374135	0.0454931657	-0.1815375109	-0.1054259128	0.0662589201	0.0047569778	-0.0983471033	0.0056568511	-0.1065510134	0.0343225729	-0.023650288	-0.0706960442	-0.0369223725	0.0917177869	-0.1022149669	0.0915418741	0.1578694315	-0.1133987946	0.0493723183	0.0245734464	0.0511441945	0.055406146	-0.0856254111	0.0885239964	-0.0183366015	-0.016099776	-0.0785026653	0.0763441281	0.1232925447	0.1063942335	0.0799246852	-0.0448826694009056	0.0068269893065463	0.0020144540125509	4.660778299169754e-05	0.049109183632467	0.0603378428390327	0.0036406552784678	0.0024117119170473	-0.0010535620163807	0.0070369019638718	4.95179892491428e-05	1.1099929223601664e-06	-0.000198043874673	-0.0002470001737012	3.922137629549493e-08	6.100908580846014e-08	0.0009009902786001	-1.16560008000784e-08	1.3586235465142827e-16	8.117834821318858e-07	9.708917230527796e-05	1.1131187748439517e-07	9.426307378923952e-09	1.2390334069100996e-14	0.0	0.0	0.0	0.0	0.0	0.0	0.0	0.0	0.0	0.0	0.0
819.2100966258935	-0.4080729409650985	671105.1824138057	0.1665235251479047	958.34847144558	-4.025160018711972	16.201913176237362	918431.7927220796	760.3321159881295	-0.2233988726188727	0.0499070562873833	578104.9266029865	771.3747466789497	673.8361843918309	1.250491	20.186373	0.0939648456431121	0.0607932325544258	-0.0592322716	-0.018835614	0.0145900291	0.1089233719	0.0705566148	-0.0131193588	0.0520458169	-0.1340428205	-0.1568272236	-0.0469764256	-0.0939377141	-0.0276277385	-0.0861501875	-0.036285666	-0.0058720548	0.0045563523	-0.1455972575	0.0193952362	-0.0334985145	0.0836133922	-0.0456011052	0.0092184637	-0.1245768384	0.071574815	-0.1294843333	-0.0913168521	0.0191181874	0.1399271587	-0.0155060658	-0.0472419772	0.0090829948	0.0998823272	-0.0113694985	-0.170900637	-0.0470525493	0.0313341508	-0.0271372093	0.1523076169	-0.0054971761	0.002239045	0.042401272	-0.071504884	0.0240219596	-0.0368030859	-0.0330573567	-0.0435899156	-0.176462994	-0.048339831	-0.0559145127	0.0439175511	0.0600796786	0.0051692491	0.0359434318	-0.0577170754	-0.0111765743	0.115904083	0.0043795997	0.2049773708	0.061909226	-0.0544755344	0.1288280341	-0.0423919515	0.1403340139	0.0434415134	-0.0775641915	-0.1238934155	0.0386187188	-0.0548377805	-0.0438800398	-0.1517832138	-0.0001463667	0.0565066198	-0.0110434371	0.0651494534	-0.0543831211	0.0027309859	0.0540084059	0.1579359379	-0.0165090335	-0.020569127	-0.0692741375	0.0004170414	-0.146688951	0.0215635743	0.0688910406	0.0009285956	-0.0010377888	-0.0935958833	0.2269978973	-0.020846793	-0.0327030184	0.0065506671	-0.0844845083	0.1222481541	0.1024214758	0.0717238087	-0.0500970685319543	-0.0052143991310487	0.0025097162754953	2.718995829788145e-05	-0.0062211527632456	-0.0553303363957126	0.0030614461256627	3.870274170363837e-05	-0.0168954439051844	-0.0158418818888037	0.0002509652217788	0.0002854560247532	-4.255324764230769e-05	0.0001554906270306	1.8107788849075646e-09	2.417733509439786e-08	0.0010969984844571	0.0001960082058569	3.841921676328008e-08	1.203405674901174e-06	9.702344064202755e-05	-6.573166325040606e-08	9.413548034017044e-09	4.320651553664783e-15	0.0	0.0	0.0	0.0	0.0	0.0	0.0	0.0	0.0	0.0	0.0
818.8986142892453	-0.3114823366481687	670594.9404848461	0.0970212460438031	959.632954950202	1.2844835046220169	1.6498978736460588	920895.4082264564	760.05353303822	-0.2785829499094916	0.0776084599802743	577681.3730838806	770.95238335578	674.3480900928228	1.214169	19.600039	0.0314628242146752	0.0193156454635052	0.1169915813	0.0143461021	-0.0374601812	0.0298709129	-0.0824361583	-0.0805650941	-0.0220567959	0.064872126	0.0899826198	-0.0027037343	0.1422985854	-0.0315057548	0.0577239246	-0.0239167011	0.0664327657	-0.0215840361	0.0826758923	0.0975446594	-0.0545561811	-0.0522392534	-0.1011859619	0.0149804835	-0.0546155639	-0.0394422029	0.1382340419	0.0263408578	-0.1148345917	-0.0455676381	0.0403699992	-0.0220051249	-0.0680040161	0.1990413885	-0.0295239347	0.1857760267	0.0408410873	0.0231623369	0.0243533305	0.046127587	-0.1023918578	0.0027879668	-0.0278280738	-0.0353760904	-0.0014039657	0.0499831536	0.0552173662	0.1134652793	0.0768336548	0.0132390533	-0.0979457795	-0.0299837444	-0.0486926277	0.0854098588	-0.0143843389	0.067005826	0.0289051931	0.049656275	-0.0108693294	-0.0528950682	-0.0035201353	0.0226250091	-0.1100918518	-0.0165174321	-0.0464669601	0.0293269745	0.1400942999	-0.0831192939	-0.1421504939	-0.0362514808	0.0491200073	0.0751745594	-0.0592465621	0.0509436883	-0.0054558298	-0.0211174883	-0.0148553295	0.0424989681	-0.0688498302	0.0339921384	0.170853291	-0.0711473233	0.0844915564	-0.1170638823	-0.1327297678	0.054751035	0.0067308776	0.1131048455	0.0282111643	-0.0048903066	0.0192421711	-0.127582121	0.1493528345	0.0418904106	-0.0375101292	0.1211199807	0.098167988	0.063080731	-0.0552376727808336	-0.0051406042488792	0.0030512004942424	2.6425812043595905e-05	-0.0062018022071299	1.935055611569994e-05	3.744440219868524e-10	3.84623506163613e-05	-0.0317198370613738	-0.0148243931561894	0.0002197626324492	0.0010061480632001	0.0001009510494287	0.000143504297071	1.019111438075583e-08	2.0593483277844025e-08	0.0010110077332901	-8.59907511669999e-05	7.394409286264894e-09	1.022136636772386e-06	9.694896381021798e-05	-7.447683180957823e-08	9.399101583874956e-09	5.546798476392202e-15	0.0	0.0	0.0	0.0	0.0	0.0	0.0	0.0	0.0	0.0	0.0
817.3325649585631	-1.5660493306821763	668032.5217417438	2.4525105061300927	955.6406561185236	-3.992298831678454	15.93844996142115	913249.0636266422	760.5208625952182	0.4673295569981519	0.2183969148440889	578391.9824425748	771.8067217956096	670.3610752914891	1.142714	18.446548	0.1046834664308417	0.0567542729224617	-0.0837955657	0.0172817865	0.0132048679	0.187966484	0.0277340032	-0.0174719629	0.1515399236	-0.0661890669	-0.0779337211	0.0209926866	-0.0452506608	-0.0170097437	-0.0783119175	0.035593049	-0.0960557203	0.1319864603	0.0044181779	0.0260473485	0.1024898955	-0.0284765954	-0.080281846	0.0361463588	-0.0646825862	0.0742274594	-0.0368233616	0.024918411	0.057945337	0.0468401872	0.0746785655	-0.1032755124	0.040134599	-0.0022487596	-0.0338703051	-0.0255976004	-0.1145166245	0.0199246423	-0.0506051959	-0.1026439176	-0.0660976852	0.1786074333	-0.1067509438	0.0889113646	-0.1614629513	-0.0407930775	0.0114248115	-0.1590008827	-0.0254961884	0.0790070805	-0.102576836	0.0200607425	0.0686799617	0.0558964117	-0.0175909004	0.0055028349	-0.068330624	0.1053613106	0.0570844144	0.0615048805	-0.0059876805	0.0800217991	0.0207590317	0.0209907624	-0.0215282227	-0.0885814031	0.0390164492	-0.0676498334	0.0910383285	0.0479724598	0.0348795778	0.0601765424	0.0053361027	-0.1237634332	0.0003608625	0.0286019173	-0.0644384851	0.0797443147	0.0226609326	0.1724342177	-0.0154148298	-0.0501916894	0.0277922485	-0.033151583	-0.041299366	-0.045093215	0.021103762	0.0037416257	0.0330574606	-0.051994709	0.0696423706	0.00379642	0.0473018431	-0.0696277109	0.0582326545	0.1199087977	0.0936454286	0.0540487397	-0.044627292289249	0.0106103804915846	0.00199159521707	0.0001125801741761	0.0341977400016588	0.0403995422087887	0.0016321230106797	0.001169485421221	-0.0119101227272295	0.0198097143341443	0.0003924247820004	0.0001418510233776	-0.0002641862234393	-0.000365137272868	6.979436065511977e-08	1.333252280374803e-07	0.0010729543241476	6.194659085749987e-05	3.837380118866486e-09	1.151230981707033e-06	0.0003471416880112	0.0002501927242009	1.2050735155526534e-07	6.259639924310866e-08	0.0	0.0	0.0	0.0	0.0	0.0	0.0	0.0	0.0	0.0	0.0
817.3586320721266	0.0260671135634993	668075.133422818	0.0006794944095323	956.7441517816832	1.103495663159606	1.2177026786120586	915359.3719684524	759.9845515448244	-0.536311050393806	0.2876295427745075	577576.5185867879	771.3598335601471	663.762942843967	1.117927	18.046427	0.0650385089094779	0.033939385430201	0.0350619569	0.0470237359	-0.0974852411	0.0602640674	-0.1357674677	-0.0489656731	-0.0004292624	0.0108777535	0.0881986534	-0.1967380579	0.0623240882	0.0453783937	-0.0155757759	-0.0767708944	0.074921946	-0.0103117436	-0.1173317912	0.028367046	-0.0533118751	-0.0184054915	-0.0945142722	0.0188981238	0.0447646019	-0.1802289465	0.0428414061	0.1504290367	-0.0105204648	0.0492794179	-0.0180474373	-0.0106483667	0.2023997857	0.1075736278	-0.0119597995	0.1099883473	-0.0854862881	-0.0845933615	-0.2273895447	-0.0062748986	0.1280608317	0.1261635867	0.0832577606	-0.0918246449	0.238832618	0.0205071285	0.0090429474	0.1099818477	-0.0728319456	-0.0317560557	-0.0467060338	-0.0516120207	0.0208404834	0.1966564375	0.0035466012	0.0848288096	0.1381385087	-0.0950174124	-0.1004369994	0.073534275	-0.0869869072	-0.0764174037	-0.011392443	0.0526091724	-0.0345659672	0.0650602662	0.1486939678	0.0258193472	0.008825638	-0.0064208106	0.0876807629	-0.1477103721	-0.0115587044	-0.0067458654	0.0206996666	-0.0810237329	-0.0321583242	0.1304726733	-0.0705667516	0.0452972633	0.1303375797	-0.149334871	0.0366756511	-0.0304306593	-0.0348610513	-0.0053561768	0.0517679179	-0.0693727939	0.0594268936	-0.0150460416	0.1216992048	-0.0617215541	-0.0516286761	0.0163096838	-0.0494868672	0.1186154352	0.0888661936	0.0446835199	-0.0446299409876189	-2.648698369904501e-06	0.0019918316325583	7.01560305473476e-12	0.0112247361329593	-0.0229730038686995	0.0005277589067512	0.0001259947012545	0.0075406555800725	0.0194507783073019	0.0003783327767598	5.6861486577278527e-05	-0.0001220548744948	0.0001421313489445	1.4897392387941381e-08	2.020132035278323e-08	0.0011329922497509	6.003792560330015e-05	3.6045525107474037e-09	1.2836714379956058e-06	9.706940185686892e-05	-0.0002500722861543	9.422468776850309e-09	6.253614830245366e-08	0.0	0.0	0.0	0.0	0.0	0.0	0.0	0.0	0.0	0.0	0.0
817.7606745332394	0.4020424611127282	668732.5208130586	0.1616381405375796	955.1650715396828	-1.579080242000373	2.493494410675956	912340.3138894072	759.9694939347478	-0.0150576100766102	0.0002267316212192	577553.6317114367	771.3605440440195	659.9422358503246	1.105309	17.842731	0.0450808276157975	0.0253908260605141	-0.0823128612	0.0445696289	-0.0255191824	0.1687093608	0.0074708388	0.0575770561	0.0875964229	-0.0610182087	-0.0987220915	-0.0970404852	0.0120842144	-0.1234933416	-0.0197067033	-0.0574475035	-0.0113045485	0.1067683596	-0.0413173906	0.0708754151	0.0651434203	0.1111774719	-0.0670786489	0.0631224314	-0.0111747173	0.1830000853	-0.1044437935	-0.03127789	-0.0660402633	0.0366939174	0.0712973993	0.1445806272	-0.0215519512	-0.1103394937	0.0626136792	0.0335429934	0.0179919584	0.0318410388	-0.0193870876	0.162608195	-0.0021360345	0.0483889243	0.0131376579	-0.0427845951	-0.0254377795	-0.0059977394	-0.0141558938	-0.0289826427	-0.1162104186	0.0620607715	-0.1133174716	0.0957575359	0.0347358065	-0.0590478216	-0.0007428566	0.0359079631	-0.0656391855	0.1592228012	-0.0299492155	0.1074333127	-0.0030862998	0.0467928257	-0.1154168348	0.0245020097	-0.1345212302	-0.0612814287	-0.1372366672	0.0405606748	-0.0996435354	0.060218163	-0.1027278877	0.0402552891	-0.0583267755	0.030340811	0.028771741	0.089411996	-0.10001874	0.1025123392	0.0029345675	0.1381911046	-0.0800956227	0.0015986598	0.0917396389	0.0041974418	0.0088828287	-0.0543579813	0.0488670097	0.008451892	0.1507994625	-0.0137278424	0.0496800667	0.0653235983	0.1152120343	0.0465563318	0.0547876221	0.1172407796	0.0838433825	0.0350428114	-0.0449049665950127	-0.0002750256073938	0.0020164560248992	7.563908472232867e-08	-0.0062656710202162	-0.0174904071531755	0.0003059143423838	3.925863333357711e-05	0.0074844696820406	-5.618589803189997e-05	3.156855137651061e-09	5.601728642138492e-05	5.703826789540051e-05	0.0001790931423902	3.253364004507476e-09	3.207435365119663e-08	0.0009449975528303	-0.0001879946969206	3.5342006070268273e-08	8.930203748552557e-07	-8.102693797625715e-05	-0.0001780963398331	6.565364677808223e-09	3.171830626195633e-08	0.0	0.0	0.0	0.0	0.0	0.0	0.0	0.0	0.0	0.0	0.0
819.2143888409087	1.4537143076693155	671112.2148839835	2.1132852883224773	960.2616344608672	5.096562921184386	25.974953609591523	922102.406617456	761.5485693816504	1.579075446902607	2.493479267010668	579956.2235272384	772.6652492481273	661.4121513443764	1.078459	17.409298	0.112461601586569	0.0670663761352294	0.0373251003	0.0853432648	-0.0671585626	0.0190248014	-0.1123193288	-0.0372290651	0.0547562518	0.091667464	0.156947536	0.0181922299	0.0219193749	-0.0131082151	0.0405792598	0.0307165352	-0.0521234304	-0.0953817809	0.1564695014	0.0061110655	-0.0182899995	-0.0253021467	0.016225779	0.0728066403	-0.0696413268	0.045813855	0.0434876703	-0.0362706379	-0.0007814211	0.0438550276	-0.0474643979	0.1565333388	-0.0329957866	0.0918397855	0.014361465	0.1512135256	-0.0661136246	-0.0358497502	0.1465318655	-0.0761296353	0.0323122091	0.0354763444	0.110149113	0.030631993	0.14790562	0.0193523405	0.0416996777	0.0256811157	0.1601007489	-0.0540083887	-0.0720162567	-0.0707891511	-0.0192302586	0.0100676054	0.1739591005	0.0643576379	0.0256581507	0.0736306756	-0.022826646	0.0409899742	-0.0379442376	-0.1347928611	-0.0759117429	0.0253152602	-0.0614407873	0.0295791945	0.0855905818	0.0295719123	0.0221968455	-0.0094068751	-0.0362894233	0.0679752138	-0.0182277246	-0.095031531	0.0523242678	-0.0971862889	-0.0474888569	0.151139162	-0.0228393018	-0.0475659004	0.1410932639	-0.04183984	0.0293456945	-0.012201507	0.0401428598	-0.0814055518	0.0055267498	-0.0748990922	0.0962739399	0.1198129761	0.1960055768	0.0485241172	0.067888878	-0.0043339653	0.210531753	0.1157857731	0.0785907625	0.0251860523	-0.035784812977198	0.0091201536178147	0.001280552839813	8.317720201253858e-05	0.0514691407424265	0.0577348117626426	0.0033333084892677	0.0026490724487637	-0.0085574571278783	-0.0160419268099189	0.0002573434157747	7.32300724954751e-05	-0.000356045669738	-0.0004130839376334	1.26768518939181e-07	1.7063833953071514e-07	0.0009449823240563	-1.522877399998037e-08	2.3191555754247813e-16	8.929915927788461e-07	9.716808354019692e-05	0.0001781950215164	9.441636458874689e-09	3.1753465693249536e-08	0.0	0.0	0.0	0.0	0.0	0.0	0.0	0.0	0.0	0.0	0.0
819.5881803562054	0.3737915152967161	671724.7853795958	0.1397200969078152	958.1324433104631	-2.12919115040404	4.533454954958879	918017.778924078	761.9445031281152	0.3959337464648342	0.1567635315896796	580559.4258471504	773.1209061451448	669.9277891486582	1.096201	17.695707	0.0863524599436737	0.0582913663969042	-0.0597265458	-0.031540356	0.0170731421	0.1283034968	0.0253858174	0.0011406489	0.0171561741	-0.0961573926	-0.1604430796	-0.039101744	-0.0093244593	0.0539503982	-0.0947269309	0.0164085715	-0.1088633939	-0.0438691599	-0.1168439515	0.07474719	0.0716448965	-0.0567818887	-0.0536294217	-0.0165016965	-0.03435199	0.1100410067	-0.0377691765	-0.0675330567	-0.0766497402	-0.1019628532	0.1200758333	-0.037443757	0.0804806723	0.060844692	0.0763367545	0.1114233169	-0.0068260795	0.0580256756	0.1816391034	0.0538307121	-0.1560891048	0.1001266182	0.0427486407	-0.0070900979	0.0285176325	-0.0171438922	-0.0324310976	-0.0848203499	-0.1498884122	0.0212170672	0.0017332416	-0.181017768	0.004562692	0.0060952158	-0.044351519	0.0764398879	0.07225081	0.0540158401	0.0255079412	0.083152104	0.1180527495	-0.0039288248	-0.2401854238	0.0495294708	0.023142361	-0.0753475947	0.0219072074	-0.13784299	-0.0054872122	0.0023728851	0.0837224802	-0.116827308	0.0012544528	-0.0989119412	-0.0273167311	0.0142944368	-0.03243403	0.0887338336	0.1110480525	0.019337509	-0.0732190659	0.0175245594	0.1358146328	-0.0130009677	-0.0604989587	-0.0564172761	-0.0306827602	-0.0067952466	0.1186244302	-0.0441142183	0.0168970003	-0.0680236951	0.142288863	-0.0309005634	-0.2069976462	0.1142514127	0.0731227308	0.0151740128	-0.0253362306489322	0.0104485823282658	0.0006419245834958	0.0001091728726705	-0.0013637764875795	-0.052832917230006	0.0027913171430326	1.8598863080746777e-06	-0.0061242235472462	0.002433233580632	5.920625657915704e-06	3.750611405664484e-05	-0.0003113718266596	4.467384307840002e-05	9.695241443733601e-08	1.995752255393509e-09	0.0009450419746701	5.965061379998443e-08	3.558195726714893e-15	8.93104333888362e-07	-0.000270852958863	-0.0003680210424031	7.336132532484197e-08	1.3543948765153564e-07	0.0	0.0	0.0	0.0	0.0	0.0	0.0	0.0	0.0	0.0	0.0
820.3722914595658	0.7841111033603738	673010.6965946187	0.6148302224130229	962.377280405123	4.244837094659829	18.018641960200096	926170.0298399607	761.260353924332	-0.6841492037832495	0.4680601330372542	579517.3264569992	772.032770275633	672.1447728937322	1.118121	18.049545	0.0736234005205002	0.0366685376831599	0.1161365567	0.0633265898	-0.0234525319	0.0258416611	-0.0617388022	-0.0479295162	-0.088919679	0.0558629752	0.0545495209	-0.0751688002	0.0253606461	-0.0667392517	0.0191920559	0.0405079648	-0.0029692641	-0.1512915325	-0.0158348867	0.0155070054	-0.1124615332	0.0950178379	-0.1174370792	0.0724060062	0.0217748309	-0.1499730047	0.0102003047	-0.0792107083	0.1025464306	-0.005414069	-0.0771604288	-0.0987203931	0.0227966985	-0.0716498325	-0.0773810907	0.04625424	0.1503852687	0.0777463645	0.0873567059	-0.0243950251	0.0145660161	0.0063720363	0.0168578055	-0.1241495068	0.144732685	0.0268344704	0.0757361517	0.0528596964	-0.0146209246	-0.1904672148	-0.0988116819	-0.0049700701	-0.0466924811	0.1084607651	0.0316440041	0.0610332745	0.0438439158	-0.0281170142	0.0451524242	-0.0036764286	0.0117569901	-0.0639796301	0.038484925	0.0187965576	0.024884484	0.1004708047	0.077284097	0.0287348738	0.0473226185	0.1647390449	0.1498933858	-0.0377011665	-0.0952187578	0.0732335378	0.050339808	-0.0566643072	-0.0309963094	0.2272154835	0.0904224671	-0.1490443919	0.0532142999	-0.0061128342	-0.0893646389	-0.0147434966	0.0436080758	-0.0846714152	0.0912092598	-0.1388510651	0.1110214676	-0.058869143	-0.0308548281	-0.0440867631	0.0767082038	0.0089502601	-0.0097424666	0.1126387502	0.0674542747	0.0050684204	-0.0091585952139325	0.0161776354349997	8.387986629266731e-05	0.0002617158882677	0.0115735841677633	0.0129373606553428	0.0001673753007264	0.0001339478504883	-0.0085165718544573	-0.0023923483072111	5.7233304230158165e-06	7.253199615213426e-05	-0.0002550253580719	5.634646858769998e-05	6.503793325970083e-08	3.17492452230466e-09	0.0005269872663709	-0.0004180547082992	1.7476973913112925e-07	2.7771557891707386e-07	9.70669867090332e-05	0.000367919945572	9.421999908771628e-09	1.353650863497279e-07	0.0	0.0	0.0	0.0	0.0	0.0	0.0	0.0	0.0	0.0	0.0
820.6918241800286	0.3195327204628029	673535.0702759429	0.1021011594463597	960.0984227428696	-2.2788576622533583	5.193192244810841	921788.981353346	761.2518723232571	-0.0084816010748909	7.193755679359101e-05	579504.4131156645	772.4506066011422	678.4589788494688	1.155135	18.647058	0.0424971618139816	0.0289997065259442	-0.0601178256	-0.0138176087	0.1220142402	0.0825307824	0.019044665	0.09595569	0.0609730845	-0.0426162795	0.025989482	0.1040559515	0.082519719	-0.095736688	-0.0914511366	-0.0394126056	-0.0146773235	0.0083413596	0.0736865226	0.0728859302	0.0110093852	0.0598525521	-0.0192142664	-0.0277800469	0.1433572736	0.0956994992	0.0917437092	-0.1723010593	-0.0184778224	-0.2513812935	0.1571028815	-0.0263741327	0.0533216736	-0.021984133	-0.0663148799	-0.1459268346	0.0440330667	0.0434028655	-0.1079495435	0.1378935812	-0.0205947675	0.1246076123	-0.1134009657	-0.0652575099	-0.0064833449	-0.0973527368	-0.0483499392	-0.0175090218	0.0144591505	0.0269968515	-0.09916151	0.023319836	-0.0439538408	-0.0867740465	-0.0281562343	-0.0663771854	-0.0546903004	-0.0069372382	-0.0446177894	-0.1207485319	0.1732262838	-0.0146917891	-0.2736199691	-0.1508660532	-0.0321424029	0.1095914374	-0.1371524453	-0.1088295648	0.1014988808	-0.0844816652	0.0188691379	0.06122587	-0.0873862219	-0.0279696673	0.0149705346	0.1703971385	-0.0188988499	0.1757840537	0.1793856956	-0.2416045277	-0.1577229247	0.0405700479	0.014064745	-0.0224673602	0.0893881914	0.005491351	0.1046201617	-0.0268463942	0.061306332	0.0097811856	-0.1520974892	0.039162434	-0.068893878	-0.039551657	0.0027325338	0.1109488906	0.0616009311	-0.0050684204	-0.006710008805399	0.0024485864085335	4.502421816853212e-05	5.995575400054986e-06	0.0135655616279564	0.0019919774601931	3.967974201917359e-06	0.0001840244622818	-0.0181209627284744	-0.009604390874017	9.224432406090294e-05	0.0003283692902067	-0.0002689983818889	-1.3973023816999993e-05	7.236012945884648e-08	1.95245394590449e-10	-2.801304914701319e-05	-0.0005550003155179	3.080253502249832e-07	7.847309225129765e-10	9.699618461918652e-05	-7.080208984668024e-08	9.408259830679316e-09	5.0129359266573815e-15	0.0	0.0	0.0	0.0	0.0	0.0	0.0	0.0	0.0	0.0	0.0
820.6798126362296	-0.0120115437989625	673515.3548686369	0.0001442771844343	964.0561221397088	3.957699396839189	15.66338451574128	929404.2066350532	761.1510015268101	-0.1008707964469977	0.0101749175758516	579350.8471252661	772.4254518725496	673.7285884741581	1.189079	19.195007	0.086256547335145	0.0470742740919807	0.1335564344	-0.0002188421	-0.0795745444	0.0177127097	0.0115885843	-0.1229620922	0.0445662495	0.0679988299	0.0873277422	0.0535119434	0.0334251889	0.0301913259	0.114191941	0.0620482636	-0.0303895533	-0.04675137	0.1417164398	-0.0074871177	0.0885797284	-0.0544656714	-0.1571279581	-0.0418894153	0.0008338663	0.0409634181	0.0480334737	-0.06719708	-0.0808493813	-0.0138766595	-0.0694075451	0.0608318914	0.1068354525	0.003938603	0.0199063123	-0.0025956978	0.0725701797	0.1049083103	-0.0495475869	0.1273246413	0.1019638062	-0.0391680343	0.118936363	0.0065476261	-0.1272329958	0.1030530006	0.0466836712	-0.024215375	0.173943935	0.0173561412	-0.084344328	-0.0885251882	0.0653408921	0.0127252516	-0.0948993506	0.0105115755	0.1270704034	0.0569819533	0.0020965442	-0.101453836	0.0945861678	-0.1255739677	-0.0596441017	0.0103696106	0.1304237332	0.0630757214	-0.1188712729	-0.0766525026	0.0099750712	0.0838030208	-0.1296530773	0.1092153475	-0.0557418691	-0.1123455888	-0.0471186196	-0.1518830576	-0.0200139531	0.2192591703	0.1283562288	-0.2521432033	-0.0338035687	0.0809683222	-0.0989316489	-0.1817497106	-0.0537002799	0.0990711019	-0.0363225275	0.0866030472	0.067317534	-0.0835466915	-0.0212283226	0.0500846289	-0.0132650854	-0.0198948312	-0.0693560053	0.1091829923	0.0555787436	-0.0151740128	0.0062583019407469	0.0129683107461458	3.916634318155641e-05	0.0001681770836086	0.0372700519851605	0.0237044903572041	0.0005619028630947	0.0013890567749765	-0.0510535749837828	-0.0329326122553084	0.0010845569499584	0.0026064675186247	-0.0002380132758404	3.098510604850001e-05	5.665031947627835e-08	9.600767968367915e-10	0.0002739881534767	0.0003020012026237	9.120472638616908e-08	7.506950824557172e-08	9.703255547670538e-05	3.6370857518859176e-08	9.415316822339909e-09	1.3228392766571553e-15	0.0	0.0	0.0	0.0	0.0	0.0	0.0	0.0	0.0	0.0	0.0
820.240128690062	-0.4396839461676336	672793.8687134894	0.1933219725175425	957.0939077873752	-6.962214352333604	48.472428687840015	916028.7483237088	760.9962547609115	-0.1547467658986079	0.0239465615560785	579115.2997601341	772.2753805782332	676.0989391981954	1.361266	21.974577	0.0821858615831565	0.0481056629764395	-0.0901317873	-0.0137174641	0.1186768135	0.0748956695	-0.0230049852	0.1153109198	0.0374318518	-0.1157821017	-0.1617130214	-0.0532267812	-0.0047151874	0.0246144375	-0.1661772785	-0.0802584418	0.0574460146	0.0349033042	-0.1118568191	0.0408996671	0.0432717998	0.0252111375	0.0077935214	-0.0481898295	0.0023304095	0.0124660513	-0.0847777575	0.0292162527	-0.0882836244	-0.1082556157	0.1290067393	-0.0303400855	0.0806686344	-0.0040225318	-0.0475052601	0.0486578819	-0.108432388	-0.0718919043	0.0247664999	-0.0087910384	0.0476228996	-0.2689753788	0.0079221187	0.0303217806	0.0806823533	-0.1391824604	-0.0587440708	0.0133230932	-0.1936133442	0.0385783778	-0.0410580938	-0.001071813	0.0372415074	-0.0050157484	0.0081122057	-0.0777394186	0.033975392	0.0226533601	-0.0925084968	0.0077374905	0.0483159189	0.1491458272	-0.0826263861	0.0389473397	0.121756128	-0.0081504598	0.0007358557	-0.0031446042	0.0180766625	-0.0409539529	-0.0978199704	-0.1576312341	-0.0615804175	-0.0791834555	0.0429338165	0.1007068091	-0.0478676564	0.1583628515	0.2157150768	-0.1958126295	-0.1721919293	0.033603418	0.0852808846	-0.0854504441	0.0515208861	0.0848189931	0.0301355112	-0.0945438736	-0.0265948078	0.0204625568	0.096615061	0.02841068	-0.1449770044	-0.0963448065	-0.0502059565	0.1073422654	0.0494042187	-0.0251860523	-0.0068321356779961	-0.013090437618743	4.667807792254723e-05	0.0001713595570502	0.0363395830982256	-0.0009304688869348	8.657723495538667e-07	0.0013205652997528	-0.0130873611819879	0.0379662138017949	0.0014414333904436	0.0001712790227078	-0.0004089978664101	-0.0001709845905697	1.67279254728014e-07	2.923573021228794e-08	4.402165541073089e-05	-0.0002299664980659	5.288459023272539e-08	1.937906145101132e-09	-0.0001059911814013	-0.000203023736878	1.1234130534843284e-08	4.1218637735909563e-08	0.0	0.0	0.0	0.0	0.0	0.0	0.0	0.0	0.0	0.0	0.0
820.5978512195289	0.3577225294669688	673380.8334261081	0.1279654080882463	960.666969142548	3.573061355172854	12.76676744782967	922881.0256015294	762.114791975934	1.1185372150225703	1.2511255013904476	580818.9561485213	772.4095769330258	671.6452930758697	1.466128	23.667341	0.0806796125782938	0.0489169621832979	0.1472524185	-0.0583055042	-0.1210028512	-0.0189571424	-0.0580831616	-0.1488994155	-0.0761987943	0.0521644475	0.12648704	-0.0347872435	-0.0180509588	0.0198468766	0.1363875348	0.0525050695	-0.0700573128	-0.135344341	0.0541085236	0.0454710118	-0.097089356	0.0638663503	-0.0923469402	0.08225519	-0.0680902773	-0.1411970002	-0.0862647821	-0.1569030555	-0.0028814472	-0.2556935854	-0.0631955278	0.1025925035	-0.046776304	0.1701858559	0.0766683776	-0.0433394752	-0.0712504673	-0.0263341582	0.0380646118	0.0006574238	-0.0019218477	0.0153719567	-0.0048288949	-0.0446870817	0.0012189679	0.1370328004	0.0669431225	0.0322830223	0.094523644	-0.1552384755	-0.1180477534	-0.012909809	-0.025185828	0.029348921	0.0734687077	-0.0300245313	0.1754539433	0.060785153	0.0992425588	-0.0068664826	0.2377756273	0.0050465269	-0.1002403551	-0.1182615688	-0.1172788037	0.0104472484	0.008629178	0.0802412301	-0.0392318883	-0.0468718894	-0.0752172502	0.0660425287	-0.0706386438	0.0815735259	-0.0983051844	-0.0888608164	-0.0261568367	0.1851470275	0.0580393974	-0.2407471955	-0.0679617835	0.0410902228	-0.1520358569	-0.1333668612	0.0106465603	0.0617953444	-0.0386694561	0.1371737414	0.0216879362	0.0754898453	-0.0904325498	0.1329801007	-0.0047861962	0.1435841556	-0.0147956062	0.1054279714	0.0430942802	-0.0350428114	-0.0121932823165735	-0.0053611466385774	0.0001486761336516	2.874189328032976e-05	0.012731887784426	-0.0236076953137996	0.0005573232780291	0.0001621009665552	-0.0306453865417495	-0.0175580253597616	0.000308284254534	0.0009391397162932	0.0001900041639861	0.0005990020303962	3.610158233205678e-08	3.588034324187702e-07	4.39819599056257e-05	-3.9695505105186164e-08	1.5757331255558605e-15	1.9344127971400667e-09	-0.0001900043608231	-8.401317942179999e-05	3.610165713179477e-08	7.0582143165595585e-09	0.0	0.0	0.0	0.0	0.0	0.0	0.0	0.0	0.0	0.0	0.0
822.0003829592213	1.4025317396923356	675684.6295851064	1.967095280844409	962.6876191439694	2.020650001421359	4.083026428244137	926767.4520530844	762.9551884284793	0.840396452545292	0.7062661974507113	582100.6195499364	774.011955624535	684.7642790977401	1.57996	25.504911	0.1388202493788701	0.0783383005748742	-0.1161151943	0.0356528444	0.1642430215	-0.121707456	0.0372765832	0.1404320835	-0.0191151921	0.0012210293	-0.0251983606	0.1593095872	0.0954943994	0.1219324305	-0.2225927215	0.0258812284	0.0025280517	-0.149934129	0.1031321995	0.1098271602	0.1411385541	-0.0741283007	0.1795454745	-0.0516090265	-0.0044193108	-0.0538647384	0.1083093897	0.032605109	-0.0204626593	-0.1614719275	0.0715681698	0.1852083844	-0.1053550118	0.0798533962	-0.0312196121	-0.0470781545	0.0491401284	-0.0247555812	-0.0251132374	-0.0715911882	-0.0380147619	-0.0501675346	0.0774663608	-0.141358993	0.0501902104	-0.2273328738	-0.0414662676	-0.0050869527	0.0608509716	0.0112749841	0.0001897225	-0.2260746768	-0.0367227787	-0.1717695542	0.0401943318	-0.0378275656	0.0082040609	-0.0240053825	0.0023749245	-0.0605588902	-0.0488716252	0.1134492121	-0.0397179263	-0.0201368467	-0.2099967401	-0.0516380518	0.0884455472	-0.0119392164	0.053416356	0.0135064323	-0.0448408925	0.0405542241	0.0579500638	-0.2125582318	0.0985262288	0.0588406882	-0.0033478368	-0.0073821876	0.0524765132	-0.2674281383	-0.1986332972	0.012533542	0.04207254	-0.0218850794	0.1059912311	0.0403019665	-0.021978315	-0.1416321253	-0.1428363581	-0.2045115442	0.0308647647	0.0744651207	0.1495630689	0.0078745507	-0.0382081616	0.1034414224	0.0366662233	-0.0446835199	-0.0235049803673348	-0.0113116980507613	0.0005524841020687	0.0001279545127915	0.0804065380648069	0.0676746502803808	0.0045798582905718	0.0064652113635672	-0.0130140831721661	0.0176313033695834	0.0003108628585102	0.000169366360812	-0.0001350135644598	-0.0003250177284459	1.8228662588140568e-08	1.056365238041328e-07	0.0002759930143287	0.000232011054423	5.382912937450675e-08	7.6172143958242e-08	9.70188098708162e-05	0.0002870231706939	9.412649468749583e-09	8.238230051518896e-08	0.0	1.0	0.0	0.0	0.0	0.0	0.0	0.0	0.0	0.0	0.0
822.9645353266989	0.9641523674775954	677270.6264054894	0.929589787712652	965.5889930463816	2.9013739024121605	8.417970521598368	932362.1034923252	762.7106143776818	-0.244574050797496	0.0598164663234961	581727.4812843809	773.2294399135716	683.5696095514779	1.662771	26.8417	0.1925372381408909	0.0948813440280409	0.1554771341	-0.1757824857	-0.0396901426	-0.1513248854	-0.0902522582	-0.1841710113	-0.2120474529	0.0130426757	-0.0171538014	-0.0413480062	-0.2070190173	-0.1092217244	0.1973965305	0.0634066599	-0.187586751	-0.165811248	-0.2104490477	-0.0176535892	-0.1089997852	0.0578153827	0.0829635541	-0.1230519047	0.0935102181	0.030450795	-0.1400066024	0.1423359876	0.0660456222	-0.117950142	-0.1103505237	-0.0002681275	0.0108699959	-0.1605825662	-0.1277990491	0.035787828	-0.2633679205	0.0445787673	-0.1102005459	-0.0039551635	0.024212332	-0.0477879847	-0.0837711507	-0.0200890105	0.0063027651	0.2314374444	-0.0346651984	-0.1061595498	-0.0566121767	-0.2477340369	0.1491088467	-0.0522369193	-0.1150433572	-0.0580978491	-0.0566429319	-0.0540257468	-0.1021937788	-0.0852960226	-0.1860106553	0.1022031789	0.1144048711	0.1213998676	0.0198629976	0.0101811226	0.1033646786	0.1462090065	0.026816801	0.2476924415	0.2117171702	-0.079648443	0.018576034	-0.1522774109	-0.1298529792	0.072966928	-0.1629233903	-0.0851604809	0.0750774251	0.0037854305	-0.1347280203	-0.1251200801	-0.111952121	0.0807139602	-0.1520760276	0.0957358428	0.0952645375	-0.2607281748	0.0307223238	-0.0535903402	0.0127247044	0.1929240115	-0.0128454084	-0.1032630402	-0.1682811828	-0.0984250578	-0.0553679399	0.1013839798	0.0301376669	-0.0540487397	-0.0279772787522603	-0.0044722983849255	0.0007827281263816	2.0001452843807243e-05	0.0239025225635316	-0.0565040155012753	0.0031927037677683	0.0005713305849001	0.0558362987891882	0.0688503819613543	0.0047403750962243	0.0031176922624754	0.0001901322594258	0.0003251458238856	3.615027607435971e-08	1.057198067902456e-07	0.0007599666169009	0.0004839736025722	2.342304479867138e-07	5.775492588037993e-07	-0.0003480726095381	-0.0004450914194089	1.2115454151066264e-07	1.9810637163144378e-07	0.0	0.0	1.0	0.0	0.0	0.0	0.0	0.0	0.0	0.0	0.0
820.9727430879848	-1.9917922387140836	673996.2448934102	3.96723632220166	963.4120221595242	-2.1769708868573616	4.739202242224527	928162.7244415036	762.5370365730106	-0.1735778046712539	0.0301292542744919	581462.7321455489	773.6295261452923	682.3535270151466	1.691613	27.307289	0.0652486917038623	0.0341583584138235	-0.0115933427	0.1967898446	0.2060707397	-0.0934407821	-0.0420901849	0.2526814571	0.0063772976	0.1360052351	-0.0414154707	0.1406225393	0.0493887715	0.0507742544	-0.1090316552	0.1335161342	0.0619219918	-0.0624488199	0.0850009929	0.0388691272	-0.0455023167	0.1232517624	0.0809602603	-0.041036498	-0.1632249474	0.1079059688	0.0554358234	0.0776995062	0.1337530552	0.0261817619	-0.2057378265	0.2455355648	-0.0731128331	0.1200889629	-0.0428365528	0.0617639198	0.0845451456	0.0132281856	-0.0738637119	-0.0520660866	-0.1920565932	0.1845296661	0.0925607722	0.1058089755	0.0461211879	-0.197152221	0.0892402412	0.0035625204	0.0765384154	-0.0216133297	0.052801207	0.0001065979	-0.1833365222	-0.1457810658	-0.0335734325	0.2107772644	-0.0309549986	0.0849038746	0.021693183	0.0081458543	-0.0487911085	-0.1847278342	0.1102572166	0.0012591409	-0.2483771972	0.1110370892	-0.0698675023	0.0010938077	0.0611346885	-0.0164648761	-0.1201741189	0.1126987727	-0.0849691076	-0.0079838192	0.2520692996	0.0652993742	0.0015960808	-0.0116246957	-0.0959706517	-0.0786361281	-0.0683409228	-0.0198597522	0.0806951759	0.1835603345	0.114131798	-0.3334585247	0.0513423143	0.182685117	0.023792285	0.1264570809	-0.0003198332	-0.058764355	0.0479897547	0.0389810105	0.0391383061	0.0992570537	0.0235265052	-0.063080731	-0.0301880939233569	-0.0022108151710966	0.0009113210147254	4.887703720750889e-06	0.0154023533450242	-0.0085001692185073	7.225287674326067e-05	0.0002372324885649	0.037408335826484	-0.0184279629627042	0.0003395898189547	0.001399383589307	0.0001899500875834	-1.821718424000027e-07	3.6081035772941326e-08	3.3186580163411425e-14	0.0010370051127139	0.000277038495813	7.675032816232961e-08	1.0753796037947684e-06	9.69016098375827e-05	0.0004449742193756	9.389921989115104e-09	1.9800205590899821e-07	0.0	0.0	0.0	1.0	0.0	0.0	0.0	0.0	0.0	0.0	0.0
821.4812246986801	0.5084816106952985	674831.4025324433	0.2585535484152851	959.7184924556784	-3.6935297038457975	13.642161673191223	921059.5847614	761.6353635325015	-0.9016730405090811	0.813014271980891	580088.4269832857	772.0146418700725	679.387073780792	1.708296	27.576601	0.0700879810239346	0.0376598867234947	0.0352233674	-0.2326939976	-0.0480153437	0.0825559898	0.0051105361	-0.1717070305	-0.0306486573	-0.1855282861	0.0738599786	0.0817556079	-0.1588055929	0.0729593733	0.1378014927	-0.1656520298	-0.1775010029	-0.0291113508	0.0726544738	-0.089875851	0.0324862575	-0.042764689	-0.1084404489	-0.0243672389	-0.0887953615	-0.1703648402	-0.0474605894	0.1499442247	0.0448186402	0.0571581158	0.0020405588	0.019779746	0.0746428227	-0.0898481539	0.0660808436	-0.0144189909	-0.0389578398	-0.0395357437	0.1797641837	0.2508111839	-0.0899042567	-0.0829806747	-0.0465021849	-0.0172129373	0.082965519	0.1875666769	-0.1827716912	-0.0529931411	0.1060417536	-0.0015081883	-0.0069122658	-0.0543712415	0.093499181	0.0634850192	-0.0622163312	0.213895989	0.1056399739	0.0440869969	0.0753437947	0.0722480492	-0.0392772978	0.1347183107	0.0792336046	-0.0760432876	0.2263292919	-0.0430394545	-0.061561412	0.1170111885	-0.0302149592	0.0279757226	-0.0169399651	-0.0242827359	-0.040846987	-0.1625801524	-0.2494844321	-0.039001296	0.0604600093	0.0395561456	-0.0261686675	-0.020564562	0.0419698927	-0.0185726419	0.0039532904	0.0757956387	-0.0467101872	-0.2802101621	0.0235655211	0.0669977423	-0.0808975666	0.0603416342	-0.0059752239	-0.0435481768	-0.0304890453	-0.0124465918	-0.0814981085	0.0970621018	0.016850859	-0.0717238087	-0.0397798061835743	-0.0095917122602174	0.0015824329800027	9.200094408280484e-05	0.045456634531277	0.0300542811862527	0.0009032598176223	0.00206630562291	0.0332739911068387	-0.0041343447196453	1.709280626085897e-05	0.0011071584841779	0.0001900950595616	1.4497197820001085e-07	3.613613166972825e-08	2.1016874463224412e-14	0.0008359783429798	-0.0002010267697341	4.041176214972687e-08	6.988597899312521e-07	-0.0002280795056065	-0.000324981115444	5.2020260877705475e-08	1.056127253952802e-07	0.0	0.0	0.0	0.0	1.0	0.0	0.0	0.0	0.0	0.0	0.0
820.8517677556569	-0.6294569430232286	673797.6246275868	0.3962160431201481	963.0300065654598	3.311514109781342	10.966125699280914	927426.7935454694	761.5700765707621	-0.0652869617393889	0.0042623873731604	579988.9815279965	773.1603672740224	680.1306024878916	1.593537	25.724073	0.0827380605900642	0.0576360573861476	0.0795527772	0.1763470694	0.0948844005	0.0162338637	0.0180944382	0.0628624148	-0.0292422381	0.1198302703	-0.2291193277	-0.1116096356	0.1157425809	0.0198840487	-0.0479652729	0.0375051981	0.1851240636	-0.0938436121	-0.090127221	0.1117889846	0.0116871927	0.0174633828	-0.0448676269	0.0925234866	0.0502873905	-0.0041014356	-0.0168705703	0.0432682915	-0.0873544495	0.1598698487	-0.1297086611	-0.0381773902	-0.1126568784	-0.1556583429	-0.0017524092	0.0056410363	0.0317382486	-0.078541946	-0.0396158688	0.1790129571	0.0941229667	0.0626837952	-0.0438620153	-0.081178401	0.0387639143	-0.08116696	0.1677379305	0.1457921671	-0.1484195736	-0.0223384346	-0.0516499077	-0.0385927842	0.0090250165	-0.0200606511	0.0317956041	0.0184598182	-0.0430937718	-0.0395434298	-0.0503007856	0.0064728292	-0.1075174569	-0.0674440336	0.0652760134	-0.0039409297	0.1483149253	0.0666895077	-0.1074100352	0.0924385397	-0.1154871917	-0.016537997	0.0682518609	-0.1094569095	-0.0980420522	0.0856438515	0.1950991483	-0.0243252385	-0.0201459146	0.0255472589	0.032720903	0.0092028375	-0.0346739234	-0.0621727019	0.0082016543	0.039441112	-0.085238402	-0.0871169286	-0.025222762	0.0415735854	-0.090096874	-0.0752565396	-0.054564983	-0.2631232707	0.0533508632	-0.0090073716	-0.0817150259	0.0948006283	0.0101290257	-0.0799246852	-0.0397720579242104	7.748259363900278e-06	0.0015818165915267	6.003552317026833e-11	-0.0103582123230268	-0.0558148468543037	0.0031152971293693	0.0001072925625289	0.0189295749179336	-0.0143444161889051	0.0002057622758005	0.0003583288065736	9.91450235740706e-05	-9.09500359875294e-05	9.829735699503016e-09	8.271909046132892e-09	0.0009049840263108	6.900568333099999e-05	4.7617843319782505e-09	8.189960878777067e-07	-0.0003195447720378	-9.14652664313e-05	1.0210886133668959e-07	8.365894963348696e-09	0.0	0.0	0.0	0.0	0.0	1.0	0.0	0.0	0.0	0.0	0.0
819.1842060226217	-1.6675617330351995	671062.7633969131	2.7807621334833588	956.9673728942872	-6.062633671172534	36.75552703083496	915786.5527841938	761.5264459998863	-0.0436305708758482	0.0019036267149524	579922.5279572178	772.4399182805212	679.966327258794	1.451363	23.428993	0.0449036737245382	0.0276767029696169	-0.0359814001	-0.1569720619	-0.0129020839	0.1036519105	0.0293964715	-0.0200185736	0.0893646265	-0.141409001	0.0463156167	0.040366791	0.0016201356	-0.1652353091	0.0222023619	-0.0532981524	-0.1248301526	0.0815747752	0.0668623191	0.1111304358	-0.0164429838	0.1134221551	0.0001883155	0.0029553839	-0.0008728113	-0.031040154	-0.0861645975	-0.1024146464	0.0675218457	-0.0301088349	0.1571269899	-0.1290185486	-0.0975735454	-0.0902856679	-0.0818247593	0.082942271	0.0810196365	-0.0459520588	0.1245509087	-0.0045405349	0.1097952096	-0.0701131122	0.1912396783	-0.0943419284	-0.1831716147	0.0480238659	-0.114120038	-0.0860835519	0.0189027382	0.0276479756	-0.1397743845	0.1144422419	-0.0735624186	-0.0206406189	0.0158649103	-0.0337078133	-0.0364076696	-0.0237859451	0.0219901665	0.0554912666	0.0785121036	0.1715626735	-0.0288069416	0.0172010727	0.0868265374	0.1430563522	0.0261607981	0.0012300334	-0.0683881953	0.2218849871	-0.0421732406	0.0793027613	-0.0055915539	0.0479105686	-0.1549221334	0.1390976235	-0.0095244764	0.0917373184	0.0001089498	0.0020825383	0.0178680842	-0.0958504745	-0.0520050729	0.0002315323	0.0199381314	-0.1216571383	0.0408062552	0.0831698147	-0.1548465227	-0.0115715627	-0.0612866983	-0.1317994776	-0.0831954257	-0.0529555579	0.1141381011	0.0924741833	0.0033794295	-0.0876327994	-0.0397077079222469	6.435000196350349e-05	0.0015767020684384	4.140922752702903e-09	0.0125254944701538	0.0228837067931806	0.0005236640365962	0.0001568880117218	0.0168228004320809	-0.0021067744858526	4.4384987342398965e-06	0.0002830066143776	0.0001900956714912	9.09506479171294e-05	3.6136364319690236e-08	8.272020356545634e-09	0.0005989697229713	-0.0003060143033394	9.36447538483595e-08	3.587647290363159e-07	-0.000319556669652	-1.1897614199992813e-08	1.0211646511907747e-07	1.4155322365187055e-16	0.0	0.0	0.0	0.0	0.0	0.0	0.0	0.0	0.0	0.0	0.0
818.4861248442669	-0.6980811783547551	669919.5365625848	0.4873173315731635	960.7673667489664	3.799993854679201	14.439953295599691	923073.933009743	761.4344495543164	-0.0919964455698618	0.0084633459974885	579782.4209680848	773.4809040167393	667.9569221804841	1.374386	22.186375	0.0503600004005008	0.0275103983937681	0.0091429957	0.1846842386	-0.0696233715	0.0803227723	0.0701272475	-0.0659479804	0.2149174286	0.1099238453	-0.0426402756	0.0265422696	0.0822706987	0.1131165951	-1.43884e-05	0.1663689183	0.0996725693	0.1079225993	0.0417415923	0.1154090731	0.0222217469	-0.0552360131	0.0699913346	0.0018742911	-0.0182304068	0.0119114106	-0.0333806032	-0.1463640613	0.0310493161	0.0353119299	-0.040762703	-0.0563271833	0.075733484	0.0509551972	0.0555209097	0.1535284286	-0.0144515501	0.0328832202	0.1249078818	0.0954420651	0.1061427608	0.0818597825	0.0136078691	-0.0310682073	-0.0817480293	-0.0275839068	0.1951438954	-0.0237877624	0.0397697373	0.171221437	-0.0458425181	-0.0154239552	-0.0394758633	0.0201736607	0.0314155063	-0.1155505957	0.0210848578	-0.0208867472	0.1239717849	0.1274680687	0.0162992792	-0.0889798914	-0.0305522823	0.1327171991	0.1272273994	0.065951001	0.0247942845	0.0821264133	-0.0591391328	-0.0553161461	-0.0293857686	0.1000824649	0.1010215501	0.0574620922	0.1081082823	-0.1045537274	0.0204781964	0.0478913813	-0.0570920586	0.0279464004	-0.1757466636	-0.1813218734	-0.0183720512	-0.012408832	0.0211313253	-0.0207491584	-0.1121074246	0.2448217454	-0.1113992251	-0.1789915689	-0.1168641218	0.0205017875	-0.1535262553	-0.0302839355	0.000251434	0.090084361	-0.0033794295	-0.0948006283	-0.0397808504580581	-7.314253581119923e-05	0.0015825160631663	5.349830544892561e-09	0.0331678761063329	0.0206423816361791	0.0004261079196136	0.001100108005405	0.0188349322649514	0.0020121318328704	4.048674512850792e-06	0.0003547546734253	0.0004731390977588	0.0002830434262675	2.238606058280113e-07	8.01135811533023e-08	0.0008684242984426	0.0002694545754713	7.26057682424185e-08	7.541607621255219e-07	-0.0003197055558259	-1.4888617389999378e-07	1.0221164242594767e-07	2.2167092778579193e-14	0.0	0.0	0.0	0.0	0.0	0.0	0.0	0.0	0.0	0.0	0.0
817.7840915003388	-0.7020333439280648	668770.8203110346	0.4928508159868205	956.0301733147608	-4.737193434205665	22.44100163308126	913993.6922882516	761.9653574696196	0.5309079153031462	0.2818632145315326	580591.2059838051	772.705943991413	671.2130317765053	1.507071	24.328274	0.0933526011389158	0.0565430237899696	-0.1536244637	-0.1166915132	-0.0700063486	0.0132685201	-0.1142210637	-0.0181276671	0.0493830502	-0.0875149223	0.0574970489	-0.0408759598	-0.1350224255	0.1136550645	-0.070304853	-0.0903246329	-0.0783464925	0.006558723	-0.0477140331	-0.0966342931	-0.1186590478	-0.0808024312	0.0681471993	0.1198336955	0.0734306509	-0.0081171049	-0.0625258282	0.0057938465	-0.0890552464	-0.0751522695	-0.0095097083	-0.06107955	-0.0134743532	-0.0035226314	0.0217776293	-0.0479742076	-0.0149670074	0.144346013	0.0452131065	-0.1071186311	0.1238664456	0.0463276993	-0.1471954145	0.0448179381	-0.0185185561	-0.0183256342	-0.1325619307	-0.0524388412	-0.0074662828	-0.0262651403	0.0630814286	-0.0192814161	0.0246255564	0.120909093	0.1201143662	-0.0571730577	-0.0115078028	-0.06044228	-0.1205148662	-0.0356648484	0.057139046	0.0836653014	0.0224717255	0.0419271111	-0.0056390398	-0.0878508726	0.0398309609	0.0178539185	0.0583016028	-0.1103731842	0.090499567	-0.1103831934	0.1463970399	-0.0579542416	-0.1141412561	0.0856914782	0.0560288669	0.0617265876	-0.1727041072	0.0463449892	-0.0461340642	-0.1420569884	-0.0467752693	0.0610034206	0.1149099583	-0.0787191381	-0.0702302847	0.0109302714	-0.149093723	0.0078660065	-0.0425606309	-0.073241074	-0.0373432825	0.1148748341	-0.0620781074	0.0876327994	-0.0101290257	-0.1013839798	-0.0398813010451135	-0.0001004505870553	0.0015905181730509	1.0090320439774349e-08	0.005356564465174	-0.0278113116411589	0.0007734690552016	2.8692782869564825e-05	0.0639786535040229	0.0451437212390715	0.0020379555673109	0.0040932681041878	0.0004181421599466	-5.49969378122e-05	1.7484286592480805e-07	3.024663168718993e-09	0.000641907095044	-0.0002265172033986	5.131004343552274e-08	4.120447186678268e-07	-0.0004441337680477	-0.0001244282122218	1.972548039202482e-07	1.5482379996713305e-08	0.0	0.0	0.0	0.0	0.0	0.0	1.0	0.0	0.0	0.0	0.0
817.8385220852239	0.0544305848850399	668859.8482065432	0.0029626885709275	959.0034257549128	2.973252440152009	8.840230072869879	919687.5706096584	761.9462487674454	-0.0191087021742077	0.0003651424987825	580562.0860107817	773.2876600048918	662.8096744614418	1.305649	21.076773	0.0801463876384641	0.0436089777750152	-0.0423954289	0.1170074238	-0.1228974937	0.0012162481	-0.0447833466	0.0183335578	0.0597311309	0.0708168643	-0.0171359094	-0.1243932835	0.1359040584	0.0555088871	0.023190208	0.0924929271	0.1146424462	-0.0178226508	-0.0342292939	0.0026033008	0.0925927448	-0.0243528107	-0.0123031149	0.0774471405	-0.0232044886	-0.1257231781	0.0300264599	-0.004265156	-0.1558988796	-0.0001027505	0.0039306033	-0.0250038579	0.1276487799	0.0785498742	0.2042301039	0.0105703242	-0.031603955	0.0149262432	-0.192281494	-0.0867601276	-0.038200687	-0.0029613676	-0.1673416862	0.0190344892	-0.0061784004	-0.0074282161	0.1483520014	0.0434040128	-0.0392298575	0.0657047485	0.0326291806	-0.0419214628	0.0036845088	0.0025618366	0.0097951357	-0.0710495363	0.2330504787	0.0318219474	0.0313258608	-0.0830185989	-0.0301178506	-0.002815293	-0.0299839842	0.0147768162	-0.0956477122	-0.1969167477	0.0004843138	0.0129330407	-0.0503663288	-0.0445939909	0.0752661581	0.0618901654	0.0791140476	0.1246366231	0.0624332972	-0.0293682224	-0.0188166693	0.0563505258	-0.1411525974	0.054880417	-0.1746407353	-0.0872653931	0.067877028	0.0317406464	-0.0238073183	0.0375303187	-0.1436122219	0.1396289172	-0.0272503049	-0.0720879646	-0.0778093807	-0.0356554672	0.0186647228	0.1162677126	-0.0018809443	0.0851211787	-0.016850859	-0.1073422654	-0.0473846986809718	-0.0075033976358583	0.0022453096690864	5.6300976081804005e-05	-0.0197337054590462	-0.0250902699242202	0.0006295216448702	0.0003894191311443	0.0303764327619973	-0.0336022207420256	0.0011291092387958	0.0009227276673441	0.0004161270601685	-2.0150997781000213e-06	1.731617302044784e-07	4.060627115698755e-12	0.0007944334059286	0.0001525263108846	2.3264275512065653e-08	6.311244364553157e-07	-0.0003196651919832	0.0001244685760645	1.0218583496565613e-07	1.5492426427524224e-08	0.0	0.0	0.0	0.0	0.0	0.0	0.0	0.0	0.0	0.0	0.0
818.7018887014783	0.8633666162544387	670272.7825633677	0.7454019140626391	955.570802479574	-3.432623275338756	11.782902550397369	913115.558551457	762.0031917323352	0.0569429648897994	0.0032425012504409	580648.8642102659	772.4146899687938	670.950690140387	1.23546	19.943731	0.0943947275714677	0.0658628197498073	-0.1620712625	-0.0495873883	-0.0881158705	-0.0382513145	-0.0845018473	0.0736669408	0.0344998801	-0.0553926088	0.1824501923	-0.0212289747	-0.0932780978	-0.0277617074	-0.0359508346	-0.0312892081	-0.0542063351	0.0637091232	0.1324871502	-0.1060230088	-0.1114512242	-0.072321388	0.044236955	-0.0470514645	-0.0548962906	0.0090384778	-0.1484030245	-0.0377039792	0.0957789677	-0.0729653041	0.0095993343	0.1047238813	-0.05491945	0.0013579832	-0.0947674358	-0.0588384606	0.0150097267	-0.0507796423	-0.2062286775	0.0842521341	-0.0039127959	-0.1769979361	0.0398502746	0.1099145265	-0.1176722785	-0.0246036369	-0.1212847059	-0.037806731	0.1365779847	-0.0093187539	0.0807467835	0.0804641807	-0.0380067713	0.0782853427	0.0347220887	-0.0850030436	-0.0899223758	0.0440961181	0.0072515051	0.0497650471	0.0298700329	0.0753627653	0.1018922021	-0.0316374771	-0.1162918882	0.0417415923	-0.0688590783	0.0725894403	0.1322590173	-0.0654614875	-0.0790155597	0.0300116593	0.1523351024	-0.1054822646	-0.0651291884	0.0446878244	0.0367158841	0.0030328681	-0.1901894132	-0.0237879667	-0.0070181323	-0.0425519119	-0.084498504	0.0783634504	0.0658605858	-0.0581698571	-0.1616929977	-0.1150315264	-0.0883664998	-0.0447405306	0.0461926028	0.0286681944	-0.0794823175	0.011224206	0.0838550726	0.0825512202	-0.0235265052	-0.1126387502	-0.03990693525337	0.0074777634276018	0.0015925634813166	5.5916945879179016e-05	0.0412860847650904	0.0610197902241366	0.0037234147989976	0.0017045407952302	0.0426953807012466	0.0123189479392493	0.0001517564783299	0.0018228955332243	0.0001901197461195	-0.000226007314049	3.614551786454313e-08	5.1079306003643316e-08	0.0007489699149354	-4.546349099320002e-05	2.066929013288779e-09	5.609559334783402e-07	-0.0003195714774158	9.371456740004313e-08	1.0212592917771717e-07	8.782420142977227e-15	0.0	0.0	0.0	0.0	0.0	0.0	0.0	0.0	0.0	0.0	0.0
819.5661042211701	0.8642155196918111	671688.5991882659	0.7468684644761872	958.8320941925048	3.261291712930756	10.636023636830826	919358.9848535844	761.2066231355918	-0.7965685967433274	0.6345215293176337	579435.523105491	772.538160764254	670.6731187916765	1.228591	19.832838	0.0702781653762368	0.0521391401448639	-0.0467220257	0.0691320876	-0.0863192713	-0.1538972704	-0.0207552165	0.0432855787	-0.0100248461	0.015575836	0.0180034348	-0.1669363559	0.1096247583	-0.0596540519	0.0654470592	0.026459886	0.1519595083	0.080725289	-0.0741847132	0.0329630908	-0.1724019988	-0.0024478191	0.0724146543	-0.1877292155	-0.072486795	0.0686381808	-0.0596333273	-0.0492774774	0.0079636586	0.0891970308	0.0457461579	-0.0358872439	-0.057591412	0.0469667188	-0.1835409186	-0.0257574473	0.13344528	0.0033524562	0.0154839298	-0.0223160271	0.0650963541	-0.0759444911	-0.0288713587	-0.1634240882	-0.0003901309	0.0162716972	0.0453819894	0.1108670785	-0.0708363555	0.0662450774	0.146645382	0.091633031	-0.1437504787	0.014241105	-0.0481305434	-0.1411367103	-0.0885902544	0.1071008225	-0.0078198592	0.1124396965	-0.0038811589	-0.0507239692	0.0309552005	-0.0663705845	-0.0108569345	0.1324716192	-0.008129035	-0.0928541347	0.0367379601	0.0058041694	-0.0451155589	-0.0136473719	0.0677971386	0.2021201328	0.0483948769	-0.0095591838	0.0028116189	-0.0481280433	-0.11025472	-0.0241202915	-0.1317332089	-0.059244279	0.0829751425	0.112167696	0.0432885425	0.0282817783	-0.1095318618	0.0170831707	0.0544155325	-0.070633274	-0.0115446654	-0.0120813225	0.0104794957	0.0570352628	0.0974304131	0.0799246852	-0.0301376669	-0.1172407796	-0.0398111973203612	9.573793300880068e-05	0.0015849314320807	9.165751816797607e-09	-0.0077557662538367	-0.0490418510189271	0.0024051031513626	6.015191018415216e-05	0.0428086610372275	0.0001132803359808	1.2832434519944729e-08	0.0018325814598002	0.0002611321228345	7.101237671500003e-05	6.81899855760524e-08	5.0427576467130785e-09	0.0005559377988832	-0.0001930321160521	3.726139782758999e-08	3.0906683622709733e-07	-0.000476072906415	-0.0001565014289992	2.2664541222242533e-07	2.449269727879164e-08	0.0	0.0	0.0	0.0	0.0	0.0	0.0	0.0	0.0	0.0	0.0
820.8806040750327	1.3144998538625714	673844.9661465905	1.7279098658047216	956.8379810803556	-1.9941131121491933	3.9764871040453422	915538.9220379308	762.5038645581631	1.2972414225712328	1.6828353084346357	581412.1434661335	772.542593176985	678.0705940169518	1.178826	19.029495	0.0650500735581331	0.0349132639866863	-0.1110514968	-0.0519236328	-0.0204321635	-0.07335323	-0.0059674395	0.0807943105	0.0022889062	-0.00258453	0.2272367621	0.0371804437	-0.1047166138	-0.0684103693	-0.0232469172	-0.0019360514	-0.0643643607	-0.0165634767	0.1768390102	-0.1541941618	-0.1655989466	0.0061951362	0.0201247988	-0.062669051	0.033248177	0.0439416158	0.0262613341	0.1218620695	0.0372299067	0.0028533032	0.1762787277	0.1144309894	-0.0863733066	0.0097507929	0.0436328745	-0.0567369897	-0.0073297844	-0.1534334456	-0.0360093711	-0.0708956646	0.0514162607	0.0571948322	-0.1021736541	0.2002252914	0.0120140075	-0.0479426203	-0.1111464108	-0.0538820876	0.2145793359	-0.0996144069	0.0676930547	0.1361770711	-0.01186034	0.0253986573	0.0188612387	-0.0241343999	-0.1420071075	0.0341469049	-0.0160545456	0.0155151281	-0.0650353553	0.080590046	0.0352952651	-0.0722761027	-0.1411064033	-0.131831381	-0.0692743774	0.0186406363	-0.0440857705	-0.2194319643	0.0090777773	0.102812601	0.1042978289	-0.0303903458	-0.0632376413	0.0771009349	0.0255889831	-0.0511596745	-0.0868958966	-0.0387414554	0.077814164	0.0528067083	-0.1343808153	0.1865680303	-0.011188578	-0.0284829752	-0.1031624677	-0.0304878109	0.0094532222	0.0094320063	0.0184542981	0.0969861243	0.0149047428	0.0322506642	0.1117781413	0.0772433738	-0.0366662233	-0.1211199807	-0.0398215350638651	-1.033774350389649e-05	0.0015857546548426	1.0686894075235407e-10	0.0176790794805015	0.0254348457343382	0.0006469313775295	0.0003125498512778	0.0261805963269665	-0.0166280647102609	0.0002764925360086	0.0006854236240355	0.0001901256396769	-7.100648315760003e-05	3.6147758862550415e-08	5.041920650410537e-09	0.0007879699036288	0.0002320321047455	5.3838897632673075e-08	6.208965690247803e-07	-0.0003195749869176	0.0001564979194974	1.021281722633842e-07	2.4491598807014693e-08	0.0	0.0	0.0	0.0	0.0	0.0	0.0	0.0	0.0	0.0	0.0
821.8041599139578	0.9235558389251536	675362.077251886	0.8529553876127445	963.2450178486029	6.407036768247281	41.05012014967256	927840.9644101552	762.3603550332925	-0.1435095248705238	0.0205949837285634	581193.3109264878	774.3018714988625	673.7460236520478	1.246481	20.121643	0.0577067447916335	0.0336427592214426	-0.0320061966	0.0295843821	-0.0721765518	-0.1922678382	0.0162709584	0.002202457	-0.0607472195	0.0462260883	-0.0267616916	-0.0703578358	0.0472857444	0.069146998	-0.0066506952	0.021479091	0.1011323547	-0.1018274277	-0.1575382253	-0.0361015141	-0.0040087032	-0.1321368434	0.2133478956	0.0446269538	-0.0495695139	0.0583730424	-0.1289001578	-0.0337460551	-0.0094138355	-0.0534535029	-0.0676616161	0.066467049	-0.0405051165	-0.02906117	0.0935425287	0.1214873583	0.0072930845	-0.0706287947	0.0309526686	0.0384211686	0.0397304999	0.1538828367	-0.1758192434	-0.0177451219	0.0272082196	-0.0172173722	0.0466288252	0.0746352679	-0.081402307	0.0374709836	0.2377113577	-0.1717211133	-0.0173972327	-0.0430753185	0.1052843967	-0.0123701877	0.0491125679	0.0260148996	-0.0703317196	0.152840867	0.0017298788	-0.0458313662	-0.0722447256	0.0289141484	-0.0233058171	0.0524994256	-0.0368356262	0.1299651903	-0.0250131228	-0.1435984406	0.0656926761	-0.1567091336	0.1069261701	0.0828125696	0.0329311713	-0.0745732519	0.0469935542	-0.1394513488	-0.0197581965	-0.0616696745	-0.1075108746	0.0564872315	0.1053747044	0.1292899987	-0.0137036423	0.0426890408	-0.102454325	-0.089982292	0.079356362	0.0141461912	0.0661391849	-0.0906918645	-0.0169568717	0.0708862805	0.0674379653	0.0745091236	-0.0430942802	-0.1242524367	-0.0397491326620809	7.240240178420232e-05	0.0015799935473877	5.242107784121063e-09	-0.0077972937590402	-0.0254763732395417	0.0006490455934404	6.079778996476725e-05	0.0443835209568419	0.0182029246298754	0.0003313464650809	0.0019698969325264	-1.3362325239344164e-05	-0.0002034879649162	1.7855173580201408e-10	4.1407351865754616e-08	0.000863001929936	7.503202630720007e-05	5.629804971764363e-09	7.447723310732607e-07	-0.0003189940877324	5.808991852000104e-07	1.0175722800822609e-07	3.37443863366036e-13	0.0	0.0	0.0	0.0	0.0	0.0	0.0	0.0	0.0	0.0	0.0
823.0834916646594	1.2793317507015445	677466.4342508875	1.6366897283530788	962.2602894404164	-0.98472840818647	0.9696900378894592	925944.864633954	764.1463631512223	1.7860081179297822	3.189824997311083	583919.6643172398	774.3156001471774	687.1471062939577	1.34889	21.774794	0.1408374847330711	0.0884992323064956	-0.042599624	-0.0435677589	0.0160868947	0.010710268	0.1531894307	0.0988588137	-0.0495971312	-0.017718239	0.0609070422	0.0827516023	-0.1598554878	-0.1935411708	-0.0864373575	0.1231510543	-0.2167986483	-0.0268652126	0.0656048322	-0.0677439549	0.0529659139	0.2514146648	0.0837536314	0.0456315436	0.0843332655	-0.0393962428	0.1317056919	-0.0240469681	-0.1672600991	0.1011999649	0.1142761999	-0.13837625	-0.1550800387	0.0670101367	0.154544566	0.0399740138	-0.0011234201	-0.0810189748	0.0418316549	0.0103677598	-0.0627543582	-0.0785109663	-0.0609404625	-0.1273656972	-0.100699641	-0.0374915199	-0.0480131191	-0.2361927393	0.0351936746	-0.1769809283	-0.0549836937	0.1233126327	-0.0886031228	-0.118319173	0.0294367229	-0.0805586728	0.1260761511	-0.0908679473	0.0960263014	-0.078271865	-0.0882721574	0.0320763653	-0.1627540678	-0.0520879223	0.1319882312	-0.1059909375	-0.0016490112	-0.0942503082	-0.3268292316	0.0303914831	-0.1260523971	0.0900805711	0.0742675779	0.0761835019	-0.0695925042	0.0935634875	-0.0405975495	0.0075921774	0.2132231353	0.0416464221	0.1214820133	0.1327174245	-0.2253122526	-0.0348349458	-0.1757632369	0.0626735278	-0.2873634854	0.0990340124	0.0047492996	0.0666080208	0.0083944104	-0.0565317798	0.2098941967	0.0483048498	0.0755408536	0.0717238087	-0.0494042187	-0.1266188352	-0.0396751134798307	7.401918225019566e-05	0.0015741146296374	5.47883934098768e-09	-0.0256270580455719	-0.0178297642865317	0.0003179004945132	0.0006567461040711	-0.0400577630581295	-0.0844412840149713	0.007130330446097	0.0016046243812212	-0.0001022721128824	-8.890978764305584e-05	1.0459585073430369e-08	7.904950338733284e-09	0.000610037816956	-0.00025296411298	6.399084245575819e-08	3.721461381164423e-07	-0.0007469685320957	-0.0004279744443633	5.579619879412048e-07	1.8316212502807534e-07	0.0	0.0	0.0	0.0	0.0	0.0	0.0	0.0	0.0	0.0	0.0
822.1779656294664	-0.90552603519302	675976.607166608	0.8199774004123906	966.613517134157	4.353227693740564	18.95059135354979	934341.6915064652	762.4501141721432	-1.696248979079087	2.8772605990268447	581330.1766011142	774.0866578769335	676.2432048219623	1.275811	20.595104	0.1588940433169398	0.0918358918814613	0.0473319072	0.0520520778	-0.054713659	-0.0704232368	0.0882550459	-0.0220861765	-0.027040359	0.0407342601	0.0150310706	0.1245917446	0.1221029915	0.1209944353	0.0190823674	-0.033755578	0.0612970174	-0.0743392282	0.1362693493	0.1102247457	0.0273363778	-0.0592970993	0.1014095999	0.0056523862	0.0845483557	-0.0325208752	-0.033286894	0.1315265301	-0.1869153623	0.095234138	0.1232539056	0.0883601937	-0.0020523693	-0.0368077182	0.0685745909	0.0004109951	-0.1555789946	-0.1118067079	0.0235407531	0.0351042425	-0.0836268551	-0.0035893107	-0.1649610455	-0.0485777228	-0.0243441587	-0.0152469054	0.0088557886	0.0930015819	0.1092685103	0.0905895509	-0.0417543053	-0.1645549565	-0.0714750236	-0.0447349872	0.089923577	-0.0332565151	0.013483324	-0.1245107307	-0.1544735377	0.0989724918	-0.1396317394	0.1919798445	-0.0884383503	0.0367922483	0.1213882379	-0.0729851324	-0.0716618828	-0.0244872852	-0.0969355225	-0.1527053456	-0.0806398234	0.061852356	0.0941210406	-0.034703077	-0.0004571041	-0.1269043512	0.0583036849	-0.0574474231	0.0724935875	-0.1161801978	0.1427609681	-0.0167638561	0.1343433557	0.0639150698	-0.0960506207	0.1413456727	-0.2605305171	0.0591636226	0.0578759146	-0.0056627982	0.012051649	-0.0302017325	0.0792792511	-0.2078550759	-0.0364052355	0.0688893378	-0.0555787436	-0.1282045865	-0.0395029843811443	0.0001721290986863	0.0015604857750169	2.9628426614592213e-08	0.0388680431550909	0.0644951012006628	0.0041596180788837	0.001510724778706	0.0233096291121768	0.0633673921703062	0.0040154263904653	0.0005433388093472	-2.3071273633013813e-05	7.920083924938619e-05	5.322836670493983e-10	6.272772937807112e-09	0.0011480068050266	0.0005379689880706	2.894106321257054e-07	1.3179196243873822e-06	-0.0007469871217214	-1.8589625700002506e-08	5.579897600176216e-07	3.4557418366619363e-16	0.0	0.0	0.0	0.0	0.0	0.0	0.0	0.0	0.0	0.0	0.0
822.2374039634865	0.0594383340201147	676074.3484766136	0.0035329155510867	961.256369473183	-5.357147660973965	28.699031061478824	924013.8078527644	763.0352841614024	0.5851699892591569	0.3424239163295617	582222.8448752721	773.503545376844	676.5936192753339	1.159847	18.723129	0.1102443211453313	0.0519863355664186	-0.0531775429	-0.0607113383	-0.0252473092	0.0935707223	0.1018433027	-0.0292014616	-0.0673325598	-0.0951017613	-0.1117071083	0.0047614731	-0.109570565	0.014991734	-0.0365781133	-0.0967899962	-0.1130503332	-0.0108469158	-0.0492120646	-0.012007521	0.0979939593	-0.0443333202	-0.0729858407	0.0920127462	-0.1333861534	0.0254361492	-0.1318565086	-0.0721130661	0.0305742388	0.0113736334	0.0185143111	-0.0192120347	0.105143162	-0.0029001444	0.0562524633	-0.1389640075	0.0946884452	0.2247163105	-0.0979032257	0.0258622548	-0.079725967	0.0789416949	-0.0596090548	0.014447463	-0.0792435462	0.011226429	-0.0815458218	-0.0629018357	-0.0808762321	-0.0521687491	-0.0822493231	-0.0436654742	0.1569009946	0.0094030277	0.037101849	-0.0126073046	0.0501001333	0.1359044057	0.0949791561	0.0718138553	0.0443271926	-0.0206516421	0.0462107229	-0.0705633999	0.025718815	-0.0973304201	-0.0130489568	-0.0778760548	0.1147678607	0.035285378	-0.0118696145	-0.0740023521	0.1040430506	-0.0299776656	-0.0809490775	-0.0044688331	0.0447504679	-0.02701062	0.1706566085	0.0935741966	-0.0043993631	-0.0142670476	-0.0137069921	0.1340078786	-0.0227827535	-0.0309495615	-0.1081872808	-0.0523912054	0.0119190338	0.0446047357	0.0120201621	0.0236086033	-0.063220253	0.0967730339	-0.1059446998	0.0660076536	-0.0616009311	-0.1289999139	-0.0399002270835211	-0.0003972427023768	0.0015920281213165	1.5780176459162418e-07	0.0055130783413801	-0.0333549648137108	0.0011125536777238	3.039403279819435e-05	0.0397229884700749	0.0164133593578981	0.0002693983654115	0.0015779158129937	0.0001900633931136	0.0002131346667466	3.6124093401854856e-08	4.542638616919012e-08	0.0007349835964942	-0.0004130232085324	1.7058817078639846e-07	5.40200887115549e-07	-0.0001715699115735	0.0005754172101478	2.943623455733861e-08	3.311049657343924e-07	0.0	0.0	0.0	0.0	0.0	0.0	0.0	0.0	0.0	0.0	0.0
823.8022826634502	1.5648786999637423	678650.2009215112	2.4488453456002124	966.9983715945727	5.74200212138976	32.9705883620445	935085.8506665552	762.392802879979	-0.6424812814234429	0.4127821969795092	581242.7858831905	773.1027193733188	681.1595214535491	1.127835	18.206366	0.0306712881511252	0.0317033468972195	0.096575295	0.056017965	-0.0029097971	-0.0788186508	0.029125756	0.008425238	-0.2006023221	0.0774024059	0.0352255558	-0.0137222356	0.0919880756	-0.0353101306	0.0202855366	-0.0716678178	0.1231283634	-0.1048696609	-0.007432292	0.021882001	-0.1410450173	0.0263075464	0.0367804703	0.0663857401	0.0778579002	0.1482906189	0.0104338771	0.0104255877	0.0596460108	0.0173052826	0.0021137086	-0.086882432	-0.1069362189	0.1574960769	-0.0517765744	0.0241034775	-0.0287408317	0.013242241	0.0224020443	0.0417345036	0.0638817304	0.038726545	0.1022383499	0.117967064	0.0415983825	0.0105801423	0.0168992616	0.2095839482	-0.033808524	-0.0925438289	-0.0369057728	0.0229779391	-0.0281120187	-0.0010433033	0.0893831012	-0.0313990041	-0.15884617	-0.046976032	0.0205421105	0.0201729883	0.0866411333	-0.0402302735	-0.0337061101	0.0467926614	0.0367885659	0.0315179056	0.0812431191	-0.1887325097	-0.0934308047	-0.1273345624	0.0824782481	-0.1065996924	0.0250004509	0.1628892135	0.0424177005	-0.0439500226	0.0784623391	-0.0613658232	0.0985178536	-0.0942728211	0.1305508146	-0.0344370203	0.0435332196	0.1290252877	-0.1274942604	0.0672208129	-0.0951915041	-0.0318402283	-0.036054332	-0.0049392118	0.0558068931	0.0140042732	-0.0239816425	-0.0620379477	-0.0312098223	0.063080731	-0.0674542747	-0.1289999139	-0.0395358604621236	0.0003643666213975	0.0015630842624805	1.327630347886297e-07	0.005466609735663	-4.646860571709977e-05	2.159331317291277e-09	2.9883822002045493e-05	0.0397945332725555	7.154480248059564e-05	5.118658761987443e-09	0.0015836048783805	0.0001902845074187	2.2111430510000923e-07	3.62081937635773e-08	4.889153591985994e-14	0.000734926619601	-5.6976893200028085e-08	3.246366358727406e-15	5.401171361981529e-07	-0.0007750699828058	-0.0006035000712323	6.007334782465832e-07	3.642123359773913e-07	0.0	0.0	0.0	0.0	0.0	0.0	0.0	0.0	0.0	0.0	0.0
824.8275310768952	1.025248413444956	680340.4560224065	1.0511343092713994	963.8474262446572	-3.15094534991556	9.92845659815449	929001.86107845	762.9471177777041	0.5543148977251349	0.3072650058400267	582088.3045253059	773.7678749447778	695.2279126408124	1.169439	18.877964	0.0305016237309927	0.0291022815310507	-0.0017326482	-0.0488691623	0.1193704995	0.0182437556	0.2270461725	0.0097754433	-0.0138410011	-0.0599273986	-0.0142059713	0.1889373205	-0.0413787079	-0.1779508914	-0.0580406459	0.000846209	-0.1336735553	0.0742336821	0.0172040901	0.0272822676	0.0078465638	0.0749028407	0.0088516531	0.0062715486	0.0901101103	0.1002041191	0.0984132357	-0.0273795786	0.0952406141	0.0659602056	-0.0026481527	-0.1577960907	0.020646754	0.0785087488	-0.1755466523	-0.0634688203	-0.1525051016	0.1126796082	0.0542901898	0.0670639323	-0.0921970383	0.0557604203	0.008742708	0.1062761412	0.091095095	-0.0380944773	-0.0414589139	-0.1470737641	-0.0008952441	-0.030219698	-0.0866094911	0.0710319474	0.0089699307	-0.0863641126	0.0478941829	-0.0109909369	-0.1197421263	-0.06245901	-0.0368322012	0.0088685408	-0.0307562424	-0.1115786708	-0.026304331	-0.0747444625	0.0944353955	0.1025133866	0.0342557543	-0.1890164174	0.0759075972	-0.0623936084	0.1228755649	0.0965116429	0.0115035169	0.0686122667	-0.0389088901	0.0890629016	0.0190655077	-0.0797857349	0.2351024309	0.0427456832	0.0513764431	0.105147269	-0.107114907	0.1427014306	-0.056236919	0.0133995261	0.0423468468	-0.0071826877	-0.0167819711	-0.0812208994	0.0444012204	0.0149358219	-0.0106229576	0.041721155	0.1522834935	0.0601105761	-0.0731227308	-0.1282045865	-0.0395279716575913	7.888804532299454e-06	0.0015624605433633	6.22332369488284e-11	0.0054379745671155	-2.8635168547499687e-05	8.199728777437152e-10	2.957156739259501e-05	0.0107300344027976	-0.0290644988697579	0.0008447450945501	0.0001151336382852	0.0001902746922374	-9.815181299991337e-09	3.6204458506037294e-08	9.633778395169964e-17	0.0007349289763469	2.356745899996515e-09	5.554251237150384e-18	5.401206002743022e-07	-0.0007470701369699	2.7999845835900036e-05	5.581137895522252e-07	7.839913668341685e-10	0.0	0.0	0.0	0.0	0.0	0.0	0.0	0.0	0.0	0.0	0.0
823.7523128510743	-1.0752182258208904	678567.8729274942	1.156094233137423	968.24769864017	4.400272395512843	19.362397154712333	937503.6059219856	762.7520095888685	-0.1951081888355474	0.0380672053506876	581790.6281318574	774.2684826274494	693.8250427554352	1.099486	17.748732	0.0509599948380435	0.0372250991929771	0.12652797	0.0295207451	0.0367935255	-0.0760272871	0.1511171246	-0.1167073732	0.0534196575	0.085045052	0.0015209951	0.1632587255	0.0566214279	0.0804426948	0.038772289	0.0804232229	-0.0175493092	0.0091336149	0.1447262148	0.1002870245	-0.058028757	-0.2056896649	-0.0528866236	-0.0116998561	0.0472107658	-0.09826487	0.1028021573	0.0204290482	0.0313307944	0.1115599194	-0.0939021167	-0.0660287695	0.1347056842	-0.0311644488	-0.0978271488	0.0070481714	-0.033503865	0.1034840011	0.1426159587	0.0583424889	0.0059404492	-0.0612356829	-0.0549086876	0.1033605397	-0.0254771914	0.0265813423	0.0622996253	-0.0122027224	0.1357262943	0.0883152728	-0.050341475	-0.157841873	-0.0566039481	0.1353361294	-0.0006532532	0.0146866672	-0.0173618123	-0.1307624723	0.0314394835	-0.0454861917	-0.0904257307	-0.0282431512	0.0493976049	0.0383417628	0.1795897882	0.1240141769	0.0047528856	-0.0620177698	0.0873901106	-0.0019444752	-0.0079045713	0.094211117	0.0292714595	-0.0376199989	0.0188448193	-0.1210520191	0.1142666052	-0.0747827845	0.1311714052	-0.0644631043	0.2337439601	0.0481996736	0.0789265304	0.0517135752	-0.0313444057	0.0776097432	0.0373442494	0.0240264557	-0.0634445263	-0.0207505664	-0.0240469272	-0.0408607964	-0.1029960309	-0.0660784025	-0.0371381298	0.0570992244	-0.0785907625	-0.1266188352	-0.0395687349734288	-4.076331583749426e-05	0.0015656847873974	1.6616479180673107e-09	0.0417587963536618	0.0363208217865463	0.00131920209525	0.0017437970729065	0.0182555189611974	0.0075254845583998	5.663291783871385e-05	0.0003332639725426	0.0002497443426283	5.94696503909e-05	6.237223667484173e-08	3.536639317615872e-09	0.0007349176489086	-1.1327438299954702e-08	1.2831085843928068e-16	5.401039506773443e-07	-0.0006650926112539	8.197752571600003e-05	4.423481815445314e-07	6.720314722517447e-09	0.0	0.0	0.0	0.0	0.0	0.0	0.0	0.0	0.0	0.0	0.0
822.3609492665634	-1.391363584510941	676277.5308786032	1.9358926243031347	962.8653769297142	-5.3823217104558125	28.969386994843983	927109.7340900006	762.8776964671735	0.1256868783049185	0.0157971913780354	581982.3797670609	773.8722384665912	685.5470010160195	1.119045	18.064468	0.0678625228602152	0.041883090153975	-0.0359785883	-0.0314334678	0.0375792681	0.0255003379	0.1523216898	-0.0446390184	0.0442986153	-0.1006784934	-0.2111707366	-0.0338386573	-0.1225723255	0.083975161	-0.0675918143	-0.002400278	-0.0838136646	0.0843738738	-0.1551560687	0.0579366804	0.0459488207	-0.0618075344	-0.0318847166	0.0372054386	-0.1323404028	0.0993450661	-0.0141849666	0.0430392508	0.1388515757	0.1249096208	0.0306236545	0.0318793269	0.0354572364	-0.1357073439	0.1076580818	-0.182529368	-0.0110066357	-0.1907102154	0.2302509959	0.0200439572	-0.0507950274	-0.0649583631	-0.0503603535	-0.0847987226	-0.0692883654	0.0132632803	-0.0387114344	-0.1147074224	-0.1720075999	0.062160478	0.0123075163	-0.057131507	0.0597612197	0.0311754109	-0.0261721503	0.1151663145	-0.1145614384	0.116574464	0.1417445502	0.0547108483	-0.0362844806	0.0381932433	0.1105407864	0.060962078	0.1222775226	-0.1411936445	-0.1349777646	-0.0048566629	0.0465313325	-0.0372092884	0.0396059801	-0.1186297861	0.0851172065	-0.0264153036	0.0020854118	-0.0252099407	0.0131754326	-0.0300473663	0.1753549509	0.1197699058	0.0123275327	0.1282361914	0.0877035823	-0.0088824589	0.0963299134	0.0108512096	0.00028605	-0.0585643531	0.0193261896	0.0467337746	0.0642461354	0.0101109914	0.0195954913	-0.0053860452	-0.0561511038	0.0540487397	-0.0838433825	-0.1242524367	-0.0397768111403991	-0.0002080761669703	0.0015821947044989	4.329569126105224e-08	0.0069278378855699	-0.0348309584680919	0.0012131956678059	4.799493776873762e-05	0.0404983617081455	0.022242842746948	0.0004947440534654	0.0016401173010437	0.0001901881772003	-5.955616542800002e-05	3.6171542746772715e-08	3.5469368404873047e-09	0.0007349515586889	3.390978030000987e-08	1.1498731999949376e-15	5.401537936192437e-07	-0.0005130697768981	0.0001520228343557	2.6324059596626613e-07	2.3110942165571e-08	0.0	0.0	0.0	0.0	0.0	0.0	0.0	0.0	0.0	0.0	0.0
822.3404117886902	-0.0205374778731766	676243.7528607926	0.0004217879973912	961.8898899130626	-0.9754870166516412	0.9515749196559192	925232.1603169636	762.4995744469758	-0.3781220201976794	0.1429762621583742	581405.6010318191	773.5923740261204	689.7301112280952	1.180361	19.054276	0.0275647953322055	0.0168174606125985	0.0429304547	0.0985862294	0.0098162157	-0.0871616343	0.0486286238	0.0321700387	-0.0225325311	0.068946719	0.0099295552	-0.1340485188	0.0657262588	-0.0289519186	0.0231257475	0.0071871555	0.0207810283	0.0554750808	0.0127592988	0.0050823029	-0.1725815628	0.0685319247	-0.0887980955	0.1691314272	-0.0216558424	0.0320481863	0.1118859372	0.0556436042	0.0648099017	0.1130240468	-0.13803159	0.0630362721	0.1632176926	0.1843892699	0.0561930273	-0.1347112832	0.0655212965	0.1279418723	0.009760506	-0.194262571	-0.031628822	-0.0271064198	-0.0480446335	-0.1537709546	-0.0406993587	0.0098389736	0.0517860616	0.0623359599	-0.0345724764	-0.0673349591	-0.0788131228	0.1130846679	-0.087878777	0.1279406415	0.1319066776	0.1750818919	-0.0881683777	-0.0074020305	0.1460385475	-0.1199465855	0.0097416285	-0.1681032465	0.1284518103	0.1265648268	-0.0837110875	-0.0618132407	0.0984234571	-0.0820203119	0.1628320434	0.1277837295	-0.1817824444	0.03106369	0.0196159991	0.1606515608	0.0996833596	-0.0212288543	0.0100627868	0.0145650763	0.05060794	-0.0033855572	0.2203552729	0.0599950497	-0.0198202395	-0.0231298952	0.1820491786	-0.1325078198	0.0647320475	-0.0479003617	0.0533956485	0.0863759905	-0.0158206452	-0.0688997347	0.0553870621	0.0798565897	-0.0665048464	0.0509612127	-0.0888661936	-0.1211199807	-0.0397011053280209	7.570581237819479e-05	0.0015761777642666	5.731370027842432e-09	0.0068050738712344	-0.0001227640143354	1.5071003215766808e-08	4.630903039295714e-05	0.0396618917860536	-0.0008364699220918	6.996819305644214e-07	0.0015730656600486	0.0003037059654645	0.0001135177882642	9.223731345872406e-08	1.2886288252395742e-08	0.0005518862071252	-0.0001830653515636	3.3512922943141076e-08	3.045783856150392e-07	-0.0007470837487382	-0.00023401397184	5.581341276287219e-07	5.47625390163791e-08	0.0	0.0	0.0	0.0	0.0	0.0	0.0	0.0	0.0	0.0	0.0
820.9380407442774	-1.4023710444128028	673939.2667410529	1.9666445462074555	963.0266441449728	1.1367542319102313	1.29221018376582	927420.317333128	762.1605068000445	-0.3390676469313121	0.1149668691955369	580888.6381257006	773.7426979567979	677.0471368500681	1.213458	19.588549	0.019650661893274	0.012328858626159	-0.0440641308	-0.0349700224	-0.0505877385	0.0816972713	0.1094653523	-0.0512733503	0.1329820728	-0.0751981734	-0.0474591357	0.065669978	0.0551050738	-0.0203105434	0.0205570654	-0.0864687714	-0.0499798654	0.1169978267	0.0134960242	0.0582706508	0.0570949546	-0.0692490929	0.0535036701	0.0924469764	-0.0297082627	0.1502725425	0.156371851	0.1213687688	0.2562690135	-0.1902207707	-0.011978353	0.0346953589	0.092466616	0.0557145237	-0.0835707457	0.0178255572	0.0518442935	0.0466936115	-0.084269782	0.0591964845	0.095977066	-0.0124545741	-0.0415473974	-0.0532900505	-0.0768009093	0.0592834384	-0.0446789428	-0.0536579182	-0.0311202716	0.1725553829	-0.0454686583	-0.0334912949	0.0432115822	-0.036117661	0.0710689059	0.1817102396	-0.1614461464	0.0586137373	0.1821728943	-0.1306525332	0.0960993587	-0.0139549438	-0.0944761033	0.058334093	-0.0126496167	0.0489319646	0.0963242808	0.0729333988	0.0920445238	-0.1370923232	0.0076740192	0.0901339746	0.05702449	-0.0033224143	-0.0654764358	0.0328170556	-0.0386808673	-0.0010815264	0.0641056441	0.1147110877	0.0722058535	0.1549982711	0.1390897995	-0.0642185805	0.1222679747	-0.0280052071	0.0486245592	0.038190673	0.0745417152	0.0666160797	0.0159159241	0.0484894933	0.0039091115	-0.0358104562	-0.0353266583	0.0478387595	-0.0936454286	-0.1172407796	-0.0397025399068979	-1.4345788769964951e-06	0.0015762916750588	2.058016554324525e-12	0.0069053558103746	0.0001002819391402	1.0056467317718838e-08	4.768393886787425e-05	0.0379379111449367	-0.0017239806411169	2.9721092509458463e-06	0.0014392851020411	0.0002702232202768	-3.34827451877e-05	7.302058877676397e-08	1.1210942253044476e-09	0.0007349176152806	0.0001830314081553	3.35004963713486e-08	5.401039012497239e-07	-0.0006070986073985	0.0001399851413396	3.685687191051981e-07	1.959583979589577e-08	0.0	0.0	0.0	0.0	0.0	0.0	0.0	0.0	0.0	0.0	0.0
820.9107975179057	-0.0272432263716382	673894.537481484	0.0007421933831363	963.048760557828	0.0221164128552118	0.0004891357175821	927462.9152119688	762.7221656831061	0.561658883061682	0.3154607009220961	581745.1020243276	774.2147742610275	673.6438376840919	1.158486	18.70116	0.0731747460365407	0.0386665948825549	-0.0033405234	0.1700833412	-0.0770135861	0.0186841588	0.039216686	-0.0328612954	0.0861829925	0.1354018588	-0.0519242273	-0.0977834454	-0.1082347842	-0.0155447982	-0.0316844341	0.0743214265	0.0570860457	0.0231694185	-0.0341192159	0.0054837586	-0.0323085479	-0.1849411052	-0.1498960799	0.2569413759	-0.0278336313	-0.0332224728	0.065957229	-0.0565736034	0.0444643873	-0.0214932478	-0.0327596119	0.0429756486	-0.09512534	-0.17192543	-0.0790379487	0.0396265142	-0.0282119802	-0.0264917466	-0.1420184624	0.0059254025	0.0822653481	0.0771989967	0.1228563899	-0.1506720375	-0.1582014189	-0.0178166107	0.1315281359	-0.0070493486	-0.0301707871	-0.0072642099	-0.0243062306	-0.0548152981	0.1293860047	0.1895759451	0.1848873747	0.0214778241	-0.1199653018	0.0693290108	0.0342534579	-0.0963112256	-0.0820200488	-0.066828393	0.0149862942	-0.1256400926	0.0597837081	0.0773820883	-0.0617687139	0.1578108776	-0.0576763294	0.1749593165	-0.02540385	-0.0758388394	0.1073796055	-0.0403007091	0.1342594666	-0.1541718871	-0.0205550629	0.0968581995	0.0742016905	0.1161781232	0.1350541675	0.0576579307	-0.0055757745	0.0023727942	0.1132008413	0.01457698	0.130955948	-0.1165600172	0.0792675812	-0.0426187227	0.0085124486	0.0064002635	-0.0924987918	0.0724208127	-0.0273113581	0.0446835199	-0.098167988	-0.1126387502	-0.039814085931269	-0.000111546024371	0.0015851614385424	1.2442515552997912e-08	0.0226676605110043	0.0157623047006297	0.0002484502494754	0.0005138228330421	0.0633521364953964	0.0254142253504596	0.0006458828501639	0.0040134931985313	5.163990883359416e-05	-0.0002185833114432	2.666680184341916e-09	4.777866404147752e-08	0.000868992016572	0.0001340744012914	1.7975945081647373e-08	7.551471248658712e-07	-0.0003220229209115	0.000285075686487	1.0369876159237417e-07	8.126814702603435e-08	0.0	0.0	0.0	0.0	0.0	0.0	0.0	0.0	0.0	0.0	0.0
820.7377825616041	-0.1730149563015857	673610.507724139	0.0299341751040396	958.8744440993216	-4.174316458506382	17.424917895757265	919440.1995467832	762.8104388148378	0.0882731317316256	0.0077921457857089	581879.7655648853	773.6641492738828	680.3290953742134	1.297301	20.942019	0.1172653837275897	0.0689255634506649	-0.1175609769	-0.0993837365	-0.0133422776	0.0298604013	-0.0488920897	0.1116044309	0.0535498868	-0.1379984911	0.0085478402	-0.1251275238	0.0469441744	-0.0880896473	-0.0756890559	-0.1041649809	0.0233550327	0.0778623246	-0.0269000378	0.117924325	-0.1155276928	0.0439107596	-0.0112965901	-0.0688695058	-0.0434705833	-0.0456557871	-0.0043094717	0.0452234718	-0.1023491426	-0.1418562652	-0.0636457279	-0.1657214445	-0.0592196395	0.0562404728	-0.1030207093	-0.0804705433	-0.2597278522	-0.0734754954	-0.0580100732	-0.1719402818	0.0446445282	0.0446138098	0.1952421056	0.0131135703	-0.2044246199	-0.0502213329	-0.1246421428	0.050406533	-0.0958626406	0.0331137676	-0.0750547677	0.0873958711	-0.1323835062	0.0372518427	0.0086469187	-0.0958803583	-0.0152892929	0.0426663026	-0.1035844256	-0.1202452529	0.1309710123	0.0807266217	0.118916458	-0.0097140518	0.0656976812	0.0494389693	0.1323394071	-0.0710679359	-0.0071124909	0.0676033732	-0.0019265375	-0.0320237613	0.0376114693	0.1033716248	-0.0507762152	0.1930238537	-0.015618577	0.0177096057	-0.0419517716	0.0267025696	0.0814114662	0.0248493036	0.0583717252	-0.0419116709	0.0441208085	0.2041479044	0.2026424255	-0.0255843747	-0.0233881158	-0.0767667005	-0.0500633831	-0.0078218504	-0.1190040123	-0.0360591322	-0.0042542103	0.0414976565	-0.1024214758	-0.1073422654	-0.0397952169336264	1.886899764259875e-05	0.0015836592907943	3.5603907203639716e-10	-0.0263697389926562	-0.0490373995036605	0.0024046665500816	0.0006953631345408	0.057841018532315	-0.0055111179630813	3.0372421202998427e-05	0.0033455834248556	0.0007146899731055	0.0006630500642719	5.107817576575403e-07	4.396353877309785e-07	0.0005947721239218	-0.0002742198926502	7.51965495250872e-08	3.5375387939444905e-07	-0.0006387129092535	-0.000316689988342	4.079541804470697e-07	1.0029254871605612e-07	0.0	0.0	0.0	0.0	0.0	0.0	0.0	0.0	0.0	0.0	0.0
819.6124636919996	-1.125318869604598	671764.5906392693	1.2663425582881709	962.544416715021	3.669972615699408	13.46869899998355	926491.75414926	762.4592400284978	-0.3511987863399781	0.1233405875266736	581344.0927048344	774.2266578255119	668.5194696908045	1.236272	19.956837	0.0500709510477701	0.0280993879468514	-0.0102553323	0.0767021151	-0.1565446447	0.0481097563	-0.0037682093	-0.0977429966	0.1712592495	0.0597225358	-0.0185549255	-0.0026162257	0.006216287	-0.0756506497	0.1126543888	0.1786473878	0.032564025	0.1388541974	-0.0274884924	0.021545327	-0.0686739896	-0.0547712183	-0.0842234208	-0.0021573026	0.096110451	0.029156445	-0.0760788637	-0.0850487603	-0.1640633953	-0.1717304401	-0.0597103788	-0.0670722627	-0.0833982044	-0.1205515232	0.1925410554	-0.0318994609	0.0702463274	-0.1068569599	0.0217751687	0.0937521824	-0.3027009991	-0.0444169654	0.1184793242	0.0092203101	0.115633431	0.0674628164	0.1687897631	-0.0751085886	-0.000701133	0.1021787482	0.0445843871	0.0507517303	-0.0597002276	0.0740166362	-0.0394030694	-0.0704266084	-0.0028678698	0.0227290853	-0.1161530289	-0.0512030468	0.1329791876	-0.0669589855	-0.044787097	-0.0408798138	-0.0192909654	-0.0466693048	-0.2434037875	0.0738897474	-0.1941865818	0.1696959965	0.0584397109	0.0944976245	0.0174448082	0.0605423796	0.011671788	-0.0675330267	0.0002573546	0.0513186988	-0.116393325	0.1262333586	-0.0865861523	0.1552607094	0.0481280825	-0.0213304832	0.0225399995	0.1135593001	0.1507182313	0.047358708	0.0101313322	-0.0055592969	-0.0870161396	0.0914382818	-0.0803493845	-0.0927517927	-0.0462679097	0.0382833527	-0.1063942335	-0.1013839798	-0.0397365206869722	5.869624665420098e-05	0.0015789910763061	3.4452493712907994e-09	-0.0047169721358244	0.0216527668568318	0.0004688423125563	2.2249826130143803e-05	0.0720992581473041	0.0142582396149891	0.0002032973969184	0.0051983030253915	0.0007146745810987	-1.5392006799978472e-08	5.107597568686023e-07	2.3691387333058354e-16	0.0007223268938332	0.0001275547699113	1.6270219327150177e-08	5.21756141554719e-07	-0.0004842581045858	0.0001544548046677	2.3450591185703163e-07	2.385628668493737e-08	0.0	0.0	0.0	0.0	0.0	0.0	0.0	0.0	0.0	0.0	0.0
819.6568685552849	0.0444048632853082	671837.3821698555	0.0019717918833869	958.4760623566092	-4.0683543584118524	16.551507185608717	918676.3621106306	762.6183560565837	0.1591160280859185	0.0253179103938388	581586.7569944463	773.7346358107123	676.6933645537405	1.226821	19.804276	0.0495019108237936	0.0299154553343848	-0.1608789701	-0.0186298338	-0.0279883923	-0.0048357988	-0.0953232227	0.0928701369	0.1082752024	-0.0102210624	0.0721989511	-0.0736728572	-0.064432421	0.0340420149	-0.0688454212	0.0219817307	-0.0243043194	0.1454062315	0.0423789817	-0.0804991106	-0.0310819431	-0.0923441703	-0.0338649636	-0.1377996132	-0.0957928179	-0.0392263016	-0.0268727103	0.0930944168	0.1192621807	-0.1500791427	-0.0864120806	-0.078448662	-0.0269003722	-0.1589437018	0.0621381916	-0.0125149933	0.0618042741	0.1163993314	-0.106304726	-0.0441929685	0.0009148477	-0.0697383074	-0.0360560255	0.0518088445	0.2095410853	-0.0680938833	-0.0494571217	-0.0749406436	0.0468532145	0.074248575	0.0837431682	0.0455007741	-0.0206115941	0.1225464377	-0.1367586355	0.0060031419	0.0061965822	0.0941602987	-0.0163159384	-0.1220850591	0.0546481969	-0.0188215755	0.0373271683	-0.0882345762	-0.0384458513	-0.0442283113	0.0876270293	0.1744384198	0.1986457388	0.0871378796	0.0729620982	0.0322715832	0.0917660304	-0.1184858199	0.0014611511	0.0891111958	0.0194512893	0.0239805116	-0.1745106523	0.0527934967	0.0524283058	0.1042693785	-0.0092960662	-0.0270457121	0.0599941112	0.156200947	0.1303412912	-0.0348358158	-0.0821139196	-0.0723213119	-0.0223451814	0.159030039	-0.0872317667	-0.0660154848	-0.0986046098	0.0350428114	-0.1100753719	-0.0948006283	-0.0397967698016969	-6.024911472470029e-05	0.0015837828866492	3.6299558251100974e-09	0.0137204372642258	0.0184374094000502	0.000339938065385	0.0001882503987215	0.0759927672713161	0.0038935091240119	1.515941329876468e-05	0.0057749006775524	0.0007140427779862	-6.318031124999662e-07	5.098570887942497e-07	3.991751729646449e-13	0.000877965262271	0.0001556383684378	2.42233017299804e-08	7.708230017545859e-07	-9.831341243596498e-05	0.0003859446921498	9.665527064804157e-09	1.489533053986309e-07	0.0	0.0	0.0	0.0	0.0	0.0	0.0	0.0	0.0	0.0	0.0
820.4298878046106	0.7730192493257846	673105.200803086	0.5975587598281995	959.1592260648126	0.6831637082034376	0.4667126522062716	919986.4209452504	761.6033751002298	-1.014980956353952	1.030186341761183	580039.7009640613	772.8285571367313	674.0729201653991	1.182437	19.08779	0.0353395210133208	0.0236037069033166	-0.0237014001	0.0445841188	-0.1206463698	-0.1058250989	-0.0193960258	0.0162895214	0.0251025353	0.0211310008	0.0124714733	-0.2422728101	0.060412114	-0.0504886393	0.0264333173	-0.0043256112	0.1253146969	0.1554061049	-0.1463526985	-0.078006942	-0.2003139819	-0.0432134049	0.0531932397	-0.1838912982	-0.0156498009	0.1440396944	0.0136361609	0.0226971736	-0.0860850852	0.0919955442	0.0858296637	-0.0812671972	0.0675582447	-0.0542642753	0.0397025505	0.1354885233	-0.0014915946	-0.0241059521	0.0763790842	-0.0478807455	-0.0191950872	-0.0985523273	-0.0501646761	-0.0828923287	0.0692698212	0.0187779761	0.0211408537	0.0731829373	-0.1138099391	0.0751503174	0.1995553297	0.1316858018	-0.106246498	0.1467919585	-0.0861161901	-0.092068151	-0.1207629554	0.0903622745	-0.0909349259	0.0954902851	-0.0348950394	-0.0645345508	-0.0189742107	0.0965581903	0.0480475585	-0.0643234	0.0837337966	0.0451763937	-0.0912404218	0.103487314	0.0411207258	-0.1217547049	0.0548448182	0.1276638876	0.0320444859	-0.0484486337	0.0358913748	0.0308454051	-0.1038059815	0.0249909676	-0.037687796	0.0692900284	0.0456954871	-0.0314323968	0.0546598757	0.1014778751	0.1801472192	0.0188714828	0.0199235011	0.0030159307	0.0021602936	0.1802154045	0.0416979355	-0.0536159299	0.0201674598	0.0317782535	-0.1134548014	-0.0876327994	-0.0417872271896015	-0.0019904573879045	0.0017461723561953	3.961920613063997e-06	-0.004334480016837	-0.0180549172810627	0.000325980038026	1.8787717016359275e-05	0.0910868384757037	0.0150940712043876	0.0002278309855231	0.0082968121434989	0.0007140432086269	4.3064069996621985e-10	5.098577037861986e-07	1.8545141246739584e-19	0.0008819649158273	3.999653556299981e-06	1.5997228570423084e-11	7.778621127502564e-07	-9.831483103828203e-05	-1.4186023170503943e-09	9.665806002085944e-09	2.012432533940748e-18	0.0	0.0	0.0	0.0	0.0	0.0	0.0	0.0	0.0	0.0	0.0
821.4720830422584	1.0421952376477748	674816.3832177871	1.0861709133757018	961.0233424722333	1.8641164074206245	3.4749299804147755	923565.8647765032	762.3072634206235	0.7038883203937303	0.4954587675867067	581112.3638638399	772.8538530370691	680.0542030642731	1.147802	18.528688	0.0562117998456066	0.0243455804850469	-0.112687435	-0.007435907	0.0109430585	-0.0163979854	-0.0065327285	0.1241737826	0.0378471062	0.0234987847	0.13493382	-0.0456550422	-0.0534199453	-0.06562832	-0.0017887321	-0.0033877277	0.0067659042	0.099068238	0.0454055715	-0.2337472336	0.0049707229	0.1000274538	0.0946226641	-0.0616909249	-0.085070925	-0.0271324046	0.0892870246	-0.1453362972	-0.0251544719	0.010976257	0.0680050393	0.1868871441	-0.0224245139	-0.0150547373	-0.0016256539	-0.033773766	-0.0032697262	0.1030337639	-0.0095056028	0.0249180759	0.2017616023	0.0337451011	-0.0270383951	-0.1239126091	0.1115155276	-0.0426597532	-0.0374370592	-0.0222381268	0.0888505939	0.0134697579	0.1005640397	0.2103303793	0.0514774198	-0.0316600523	-0.0377727393	-0.0296823525	0.066158594	0.0272295969	0.0290111799	-0.0022033541	-0.1052308344	-0.107964754	-0.1287545456	0.0135602879	-0.1109168679	-0.0622493797	0.152261555	0.020713467	0.0971177763	-0.1035946865	-0.0376188199	0.1029793936	0.0462240391	-0.0081704048	0.013975755	0.1396647525	-0.0235760009	0.0101064124	-0.0818321505	0.0183817337	0.0024285645	0.0720912416	-0.0916891862	0.0182323736	-0.0296332917	0.1007346697	0.2119629321	0.0063779316	0.0102214729	0.0353128226	-0.0747307201	0.1026452792	0.1115714233	0.129051141	-0.0772488434	0.0284919163	-0.1165232592	-0.0799246852	-0.0399071229730765	0.0018801042165249	0.0015925784639882	3.5347918649950834e-06	-0.0205895257477948	-0.0162550457309578	0.0002642265117155	0.0004239285705191	0.0727409736171722	-0.0183458648585315	0.0003365707574075	0.0052912492427741	0.0005439972610417	-0.0001700459475851	2.959330200208715e-07	2.8915624290148563e-08	0.000764002209503	-0.0001179627063243	1.3915200083353056e-08	5.836993761254659e-07	8.292215844064648e-06	0.0001066070468823	6.87608436045568e-11	1.1365062444974865e-08	0.0	0.0	0.0	0.0	0.0	0.0	0.0	0.0	0.0	0.0	0.0
820.6342640646232	-0.8378189776352656	673440.5953568857	0.7019406392858016	962.1187377825177	1.0953953102844023	1.1998908857930624	925672.465592225	762.9278381601616	0.6205747395381422	0.3851130073528331	582058.8862397377	774.4744773138137	673.0374264206549	1.154374	18.634769	0.0817808667554227	0.0418955702351072	0.0102556135	0.0131756523	-0.1154025461	-0.0051547406	-0.0320579561	-0.0235326924	0.0455360155	-0.0086811849	0.0026739545	-0.037181086	0.0609607458	0.0663709997	0.0910948813	0.0325569484	0.0513293533	-0.0202457108	0.0271115873	-0.0251018372	0.0557191726	-0.0544224262	0.0834633296	0.0280832703	-0.1603962374	0.1087482608	0.0995459442	-0.0110073857	-0.1722134052	0.0329022274	0.0191357824	-0.0159365768	-0.0363888153	-0.0641659968	-0.1350307619	0.0224564994	0.0022486328	-0.0192757603	-0.0233769744	0.0253481632	0.1936851074	0.0580966393	0.1084576575	0.0831690399	0.0375014119	0.055864483	0.0356561285	0.0101689292	0.0555132002	0.087940487	0.1056262894	-0.0658017398	-0.0175092802	-0.0499158789	0.0397588283	-0.0767455492	0.079018449	0.1693978642	-0.0558228849	-0.12390303	-0.147918531	-0.0231078652	-0.0229523313	0.0701917047	-0.0077677592	0.0779179716	-0.0016029012	-0.0423802462	-0.0216803624	-0.0057761441	0.0414912113	0.0202462875	-0.0500955953	-0.0606763903	0.002404712	-0.0944014275	0.074842482	0.0363859291	-0.1340653955	0.009868602	-0.0823688329	0.0760139484	0.1425874293	-0.004139838	-0.0853526837	0.0324203119	0.1724922434	0.0312258936	-0.1232843538	0.0014778604	0.0465574021	0.0084619416	0.0746422982	-0.0829708935	0.0717541939	0.0251860523	-0.1192723348	-0.0717238087	-0.0343142696798395	0.0055928532932369	0.0011774691036607	3.128000795967194e-05	0.0131886217857584	0.0337781475335531	0.0011409632507984	0.0001739397446077	0.0957454316050387	0.0230044579878665	0.0005292050873155	0.0091671876732351	0.000575049585892	3.1052324850299926e-05	3.306820262345606e-07	9.642468786085542e-10	0.0010144739141724	0.0002504717046694	6.273607483999515e-08	1.02915732253627e-06	-9.829191345155657e-05	-0.0001065841292956	9.661300249968286e-09	1.13601766177057e-08	0.0	0.0	0.0	0.0	0.0	0.0	0.0	0.0	0.0	0.0	0.0
821.6463597079489	1.0120956433257788	675102.7404213242	1.0243375912390222	965.575497901603	3.4567601190852884	11.949190520898537	932336.0421479284	763.6572304565599	0.7293922963982595	0.5320131220451265	583172.3656285835	774.6904510106796	673.4639459089799	1.132539	18.282291	0.0503170927851965	0.0368515255394413	-0.0772101968	-0.0193564439	0.0177983836	0.1156154226	-0.0984240002	0.0428554697	-0.0118355071	0.0059697955	-0.0583510578	0.0104333815	-0.1232157969	0.0292691714	-0.1375598218	0.0333359373	-0.0638280728	-0.0309486449	-0.1955114218	-0.0726136472	0.0903396935	-0.0148556408	-0.0796273771	-0.0384203983	0.0835778916	-0.0960831745	0.1297072828	-0.0715846392	-0.0514955962	-0.0841856047	-0.0350169471	0.0494729979	-0.1484098868	0.0308329743	0.0612450122	-0.0322829715	0.115766272	-0.0189930611	0.0750529404	-0.1969357376	0.0723812571	-0.0678097005	-0.1147286006	0.053635761	-0.0066628644	-0.0805289261	-0.0177902932	-0.0900951158	-0.1355954434	-0.0859382291	0.0452362186	-0.070878564	0.0770916986	0.0637021232	-0.1669219369	-0.0375092732	0.0784189058	-0.0942648886	-0.022719813	-0.1360946775	-0.0363319677	-0.0211962066	-0.027410874	-0.0177903233	-0.1590905673	-0.0510227059	-0.0027726425	0.093359953	-0.0399819067	-0.0696214083	0.0443543391	-0.137166692	-0.0374956256	-0.0858837676	0.0210482478	0.094742231	-0.0651723058	0.0654626062	-0.0288344104	0.1147200944	-0.0730181449	0.0021231784	-0.0330084839	-0.0792736474	-0.1528639621	0.0830333818	0.0411459149	-0.017374407	-0.0345663176	0.250157383	-0.0937630386	-0.0101878191	0.0071958769	0.1572939226	-0.087590033	0.0218629269	-0.1216944932	-0.063080731	-0.0395937889852291	-0.0052795193053895	0.0015676681262068	2.7873324095981476e-05	-0.0230231554480013	-0.0362117772337597	0.0013112928104274	0.0005300656867828	0.0894456970070791	-0.0062997345979596	3.96866560047292e-05	0.0080005327130822	0.0005350498989989	-3.99996868931e-05	2.8627839441873306e-07	1.5999749515460354e-09	0.0010249779823949	1.050406822250007e-05	1.1033544922293579e-10	1.05057986439432e-06	-9.82744356054031e-05	1.7477846153471084e-08	9.65786469356052e-09	3.05475106164404e-16	0.0	0.0	0.0	0.0	0.0	0.0	0.0	0.0	0.0	0.0	0.0
822.2017055687228	0.5553458607738548	676015.6446401167	0.3084090250786537	967.091459248164	1.5159613465610846	2.298138804267297	935265.8905507432	762.2233069389439	-1.4339235176159946	2.0561366543722275	580984.3696409395	773.0799395522791	680.1288671166005	1.23216	19.890463	0.040740777471393	0.0216234397222027	0.1396792325	-0.0165686873	0.0047921779	0.0256887745	-0.112474764	0.0079812439	-0.1167474446	-0.0165111594	0.0206441743	-0.0086714458	0.1159117569	-0.0222833234	0.0913592376	-0.0941581641	0.1106104476	0.0050955802	0.0064085614	0.0733166769	-0.115340171	0.0997692139	-0.1054689057	-0.0602137267	0.035380953	-0.0406963058	-0.1974408837	0.1116915001	-0.0260466276	0.0317594106	-0.0875231516	-0.0543069753	-0.0581821942	0.134951237	0.007249167	0.0243174006	0.1367689329	0.0351877655	0.0188341373	-0.0083896869	-0.0095485292	0.0354423971	-0.0918787687	0.2527727236	0.104655795	0.0708020053	-0.0142986599	0.1699077028	-0.0156221157	-0.0147578199	-0.0779083597	0.0813384821	-0.1120518192	0.0590110815	-0.0836770547	0.0810094138	0.0416023812	-0.0096263312	-0.1234629848	0.0229654303	0.1823350322	0.0882470917	0.1977935822	0.0698286095	-0.1224268862	0.0266149005	-0.0036619564	-0.0814397986	-0.1076942782	-0.0943965958	0.011644324	0.0142477659	-0.1354713096	0.1177373423	0.0160852353	-0.0073493892	0.0845270841	0.1127660808	-0.0852501842	-0.0208891014	0.1623217321	-0.0131370157	0.1442414951	-0.1262719977	-0.1148264009	-0.0594216565	0.0886042999	-0.0771084941	-0.1904857771	0.1610894154	0.0124175414	0.0253264165	0.0196939313	-0.0887642282	0.0605737232	0.0185248178	-0.1237830955	-0.0540487397	-0.0397894433444605	-0.0001956543592314	0.001583199801662	3.8280628286251685e-08	-0.0053933811909701	0.0176297742570312	0.0003108089403538	2.908856067111005e-05	0.0809096360074335	-0.0085360609996456	7.286433738967064e-05	0.0065463691988553	0.0005351196115978	6.971259890002896e-08	2.863529987165804e-07	4.8598464453963175e-15	0.0009039293523711	-0.0001210486300238	1.4652770830638833e-08	8.170882740780363e-07	-0.0002647418500924	-0.0001664674144869	7.00882471903468e-08	2.7711400085985624e-08	0.0	0.0	0.0	0.0	0.0	0.0	0.0	0.0	0.0	0.0	0.0
822.3855016912768	0.1837961225539857	676317.9133920129	0.0337810146658797	963.7575751004154	-3.3338841477486767	11.11478351060992	928828.6635634328	761.8300422742528	-0.3932646646910598	0.1546570964945717	580385.0133115898	772.5619343628376	679.0292008371064	1.214156	19.599821	0.0514191738340766	0.0258632479308524	-0.037210012	-0.0542235382	0.1358012727	0.0818044854	-0.0770792412	0.0368872648	0.0212510195	-0.0464348433	0.0400218604	0.1232934773	0.062474863	0.0290855596	-0.0579763375	-0.1438130512	0.1206105609	0.0493086377	0.041907778	-0.1785720464	0.2610070483	0.0699172897	-0.1207363932	-0.1084211418	-0.0061615704	-0.1580707557	-0.0494967998	0.0005717849	-0.0743565461	0.1126001517	0.1450306912	-0.0727133902	-0.1522639597	0.0453440776	-0.0161750666	-0.038482818	-0.1272079368	0.0122678428	-0.0819479531	-0.127538496	-0.1129236408	0.1929212842	0.2181569075	-0.0828218536	0.0129151678	-0.0839084555	-0.0540170719	0.0631662214	0.0379780328	0.0954549442	-0.0162476478	0.097506672	0.2845387604	-0.1430490328	-0.1163565119	0.0064510939	0.0562467827	-0.0341787982	-0.1557403755	0.1067405422	-0.0719996233	-0.0068472242	0.0587896828	-0.2718130385	-0.0379468348	-0.0283364162	0.1237783742	-0.231953497	-0.0661248612	0.0746141289	0.0736014344	0.0212296905	-0.1377865536	-0.1590723237	0.0017314121	0.1102645695	-0.3847075775	-0.0688415643	0.0464858976	0.0086936015	-0.0044204272	-0.0532636576	0.1163391285	0.0526027331	-0.0244996957	0.0987321923	-0.0979092674	-0.1386321394	-0.1702514191	0.1534975612	-0.1390913728	-0.1906409914	0.0596312222	0.0921795644	0.0908766061	0.0151740128	-0.1255324169	-0.0446835199	-0.0396433829316293	0.0001460604128312	0.0015715978102637	2.1333644196421504e-08	0.0082348002312357	0.0136281814222058	0.0001857273288765	6.781193484835952e-05	0.0727540268215989	-0.0081556091858346	6.65139611920698e-05	0.0052931484187579	0.0001702074701922	-0.0003649121414056	2.897058290922865e-08	1.3316087094522062e-07	0.0009619635245639	5.803417219280005e-05	3.3679651421035664e-09	9.253738225914012e-07	-0.0004315819927581	-0.0001668401426657	1.862630164730527e-07	2.7835633204711142e-08	0.0	0.0	0.0	0.0	0.0	0.0	0.0	0.0	0.0	0.0	0.0
824.1288774529777	1.7433757617009178	679188.4066519052	3.0393590464862554	970.8477523228894	7.09017722247404	50.27061304608969	942545.3581904063	762.1068827170109	0.2768404427580435	0.0766406307464695	580806.9006846398	772.7513012589116	684.5531300824098	1.240934	20.032093	0.1234186984327796	0.0682611149124395	0.1615890896	-0.1058486367	-0.0249938705	-0.0708066555	-0.0956496641	-0.1669803087	-0.1811194519	-0.0017119173	0.0623129921	0.0058979957	-0.0060771775	-0.1572545998	0.2453368994	-0.1509585177	-0.0393933688	-0.0937574282	-0.0851211	-0.1649129874	0.1123143469	0.18634756	0.070584357	0.0018384589	0.3353050504	-0.0296864299	0.0826644916	0.0140289863	0.0431781403	0.0845221399	-0.0758535747	0.1114484404	-0.0972639103	-0.064247119	-0.2679626788	0.0697655993	-0.0251231571	0.0394307897	0.0654261565	-0.0078822604	-0.2690547907	0.1376201388	-0.0414196592	-0.1655266599	-0.0552345771	0.2516546426	-0.0608620849	0.0840747783	-0.0310344637	-0.142660197	0.0627522149	0.1045680585	0.148637088	-0.2066129142	-0.0224810292	0.1337141376	-0.1220000165	-0.3416933748	-0.1323866909	0.0459947823	-0.1967625025	-0.061728506	-0.1097308937	-0.1174015123	-0.0825238568	0.1982395572	0.0140895061	-0.0617041546	0.0275630518	0.1168032786	-0.0829130201	-0.0507839011	-0.2615376286	-0.0280113114	-0.1744708181	-0.1246664946	-0.6869428412	-0.2712595742	-0.0592677442	-0.0826853488	0.1061296371	-0.1246417862	-0.0993837374	0.1129828184	0.1605720791	0.0365986167	0.0197524439	0.0554761185	0.0113138373	-0.1533218753	-0.0146296118	0.1132330156	-0.0186455056	-0.0339405267	-0.0625721491	0.0118128082	-0.1269376627	-0.0350428114	-0.0509185032025101	-0.0112751202708808	0.002592693968384	0.0001271283371228	0.0054388387101482	-0.0027959615210874	7.817400827401921e-06	2.958096651500654e-05	0.0946098299635735	0.0218558031419746	0.0004776761309807	0.0089510199257362	-0.0008430575293757	-0.0010132649995679	7.107459978370593e-07	1.0267059593493365e-06	0.0011689598126998	0.0002069962881359	4.284746330204053e-08	1.3664670437071515e-06	9.799298951483366e-05	0.0005295749822729	9.602625994054298e-09	2.80449661849378e-07	0.0	0.0	0.0	0.0	0.0	0.0	0.0	0.0	0.0	0.0	0.0
824.451035821576	0.322158368598366	679719.5104672697	0.1037860144579606	968.5654007637336	-2.282351559155813	5.209128639580973	938118.935556612	764.7160482843111	2.609165567300238	6.807744957585172	584790.6345035728	775.5829241686251	681.0088883525193	1.320659	21.319073	0.2040770636605394	0.1367227657321254	0.1474285313	0.1247441211	0.0787875825	0.0545137953	0.0057504198	0.0232741143	-0.0776298673	0.1956412687	-0.126436265	0.091384722	-0.0193414951	-0.0242398513	0.0870945498	0.1837065533	-0.049024227	-0.1961148024	0.0937035398	0.0234626188	0.1459694498	0.1470196578	0.0935695467	0.0363747272	0.1142441384	0.131140197	-0.0156039588	0.0600502729	0.0050602565	0.0229830346	0.0216855443	0.0905148945	0.1818861073	0.0558335751	0.1179395824	0.0651507985	-0.1246732651	-0.1197796673	0.0410745215	0.1099101189	0.1977868663	-0.1536214717	0.1725028406	0.0238371687	0.1742412354	0.0134840628	0.2135996493	-0.0536210853	0.0741193156	-0.1306795246	-0.0120238466	-0.0630125217	-0.0381824973	-0.2613386378	0.0931917026	0.1625030627	0.0582658782	-0.0897992172	-0.0359588738	0.0440543944	-0.0003890087	-0.0322870079	-0.1112391588	0.2635124195	0.0718675522	-0.1619160775	-0.0024486955	0.0939334494	0.0701029182	0.0209406014	-0.0865902283	0.092967979	-0.1552293246	0.0300196553	0.0824397434	-0.1245641553	0.0235317067	-0.1184494858	-0.0003012254	0.0976779814	-0.0322240473	0.0520072558	-0.0601634197	-0.2496809283	-0.2664467607	-0.1941546781	-0.0341150279	-0.0297271047	-0.1338235006	-0.1766302116	0.1461324766	0.2172794877	0.0625790873	-0.1019798067	-0.1740280215	0.0084435077	-0.1279949812	-0.0251860523	-0.0533581709597967	-0.0024396677572865	0.0028470944081748	5.9519787659438e-06	-0.0062782304513291	-0.0117170691614773	0.0001372897097348	3.941617759999599e-05	0.0482445589872497	-0.0463652709763238	0.0021497383527079	0.0023275374718742	0.0012857047405133	0.002128762269889	1.653036679778372e-06	4.531628801702967e-06	0.0009512264115212	-0.0002177334011786	4.7407833988801176e-08	9.048316859754994e-07	-0.0004266124547266	-0.0005246054442414	1.8199818652785534e-07	2.752108721277519e-07	0.0	0.0	0.0	0.0	0.0	0.0	0.0	0.0	0.0	0.0	0.0
823.3645504923164	-1.0864853292596308	677929.1830074143	1.1804503706964085	966.8501534919216	-1.715247271812018	2.9420732034585706	934799.2193073524	763.8314635637895	-0.884584720521616	0.7824901277803055	583438.5047300006	774.6350572467287	695.0408053157305	1.571046	25.361017	0.1215114108454094	0.0653373603991336	-0.0880062116	0.0755114375	0.1365072705	-0.1427689271	-0.0401295349	0.0839491004	-0.0673334976	0.046661428	-0.0962153711	0.0544610878	-0.1749814238	0.146316389	-0.1611598589	0.0943660449	0.0352491961	-0.0524564718	-0.1067020947	-0.0506538596	0.06343761	-0.0323166152	0.0612484384	-0.0399907987	0.0533256735	-0.1073632867	0.0200706538	0.0898988612	0.1113976632	0.073276835	-0.06308119	0.0023912877	-0.0300601733	0.1263284057	0.0437937978	-0.0591992197	0.1393315404	-0.0690635428	-0.0174354012	0.1283471904	0.0148576816	-0.0551787004	0.1013705148	-0.0280770729	0.0136952665	-0.167422433	0.0391940051	-0.0129025829	-0.0494402285	-0.0200623935	0.1655227056	-0.1027808247	0.0223934336	0.0104831502	-0.1017494165	0.2076909166	0.0588400917	-0.1706139542	0.1209992301	0.0403662918	0.087025229	-0.1307953299	0.0920080834	-0.1256809969	0.0255098875	0.0190341482	0.0312115065	-0.0306022133	-0.049505157	-0.0347334544	-0.0035263494	-0.1420525074	0.045978202	-0.0896705472	0.1647408751	-0.0154036346	-0.0768368141	-0.2164775029	0.0123181826	-0.0123037526	-0.0033475957	-0.0871362176	-0.057001008	-0.1572503533	-0.0689223541	-0.1553686012	0.090688488	0.1170102202	0.2099213923	0.1044481817	0.0643493456	-0.0692152548	-0.1582383579	-0.1638091851	-0.1406685431	0.0050684204	-0.1287014744	-0.0151740128	-0.0397191761039437	0.0136389948558529	0.001577612950376	0.0001860221806779	0.0179474987085939	0.024225729159923	0.0005868859533299	0.0003221127098949	0.0987361549455982	0.0504915959583485	0.0025494012624211	0.0097488282934411	0.0009722202039487	-0.0003134845365645	9.45212124966052e-07	9.827255466512197e-08	0.0012313305144433	0.000280104102922	7.845830847379433e-08	1.5161748357992017e-06	-0.0003570992767876	6.951317793900001e-05	1.2751989348222698e-07	4.832081907179078e-09	0.0	0.0	0.0	0.0	0.0	0.0	0.0	1.0	0.0	0.0	0.0
822.0364012474474	-1.328149244868996	675743.8449758544	1.7639804166460842	961.4991302490234	-5.351023242898123	28.63344974603594	924480.5774696284	762.852778504857	-0.9786850589324558	0.9578244445776244	581944.3616725805	773.2612691327329	685.6382980500808	1.465516	23.657467	0.1116042826353096	0.0627073086820287	-0.0127813618	-0.1511949042	-0.016861151	0.0809975901	0.0953760421	0.0365104219	-0.0266723502	-0.2027720325	-0.0286191379	0.0114101769	0.0901822794	-0.129378265	-0.0326861722	-0.1690347557	-0.1192570442	0.1534849977	0.0326605107	0.1846980482	-0.0355674166	0.0547960015	0.0242004547	0.1347241978	0.0097474218	-0.0342236129	-0.0318325041	0.0049462191	-0.033987737	0.0655608162	0.0598592214	0.0728851888	-0.064958297	0.0246311232	0.0538171674	-0.0325385716	0.1364828552	0.1907773541	-0.030832374	-0.0029951306	-0.1349384473	-0.136872333	0.1702821465	0.04334276	0.1664477683	0.0372307213	-0.1761877431	-0.0318281813	-0.0788643894	0.08188392	-0.1620617745	0.061756404	-0.101248026	0.0346486472	0.0841495533	0.0564461551	0.0059700789	-0.0075083578	0.0403133619	0.0272796194	-0.0447713863	0.0999447579	-0.0667491394	-0.0430033034	-0.1701537989	-0.0471687921	0.0065016106	-0.1164909035	-0.0602395043	0.2012791493	-0.13807533	0.0573890684	0.0125132466	0.107599672	-0.1379063148	0.1193940688	0.0218598256	-0.029906728	0.0563849265	0.1047072321	0.0013351609	-0.183489727	0.033019048	-0.1664053764	-0.094920089	-0.2052695851	0.0990901018	0.0294174564	0.193261447	-0.0789526379	0.087000849	-0.0103631769	-0.0619384779	0.0557178067	-0.0339564057	0.0016898595	-0.1290552057	-0.0050684204	-0.0538483819065334	-0.0141292058025896	0.0028996482339518	0.0001996344566119	-0.0310249779468279	-0.0489724766554218	0.0023983034697658	0.0009625492566011	0.0825914233221851	-0.0161447316234131	0.000260652359192	0.0068213432063843	0.0014051840195818	0.0004329638156331	1.9745421288880643e-06	1.8745766564757298e-07	0.0010177528141008	-0.0002135777003424	4.561543408359067e-08	1.0358207906100976e-06	-0.0003577151318897	-6.158551021000019e-07	1.2796011558286548e-07	3.792775067826037e-13	0.0	0.0	0.0	0.0	0.0	0.0	0.0	0.0	0.0	0.0	0.0
822.8454471368491	0.8090458894016592	677074.6298738411	0.6545552511577218	967.2029097570132	5.703779507989793	32.53310067576429	935481.468642433	761.7238182882661	-1.12896021659094	1.2745511706450623	580223.1753476554	773.1947444594387	679.7337125450674	1.311818	21.176355	0.1063971403931133	0.0719887946539148	0.1045332578	0.0986627689	-0.0266711594	0.0090684836	0.067679855	-0.1675920221	0.0581089769	0.1378006679	-0.0539079473	0.0651308639	0.0088269732	0.1423489421	0.1334149646	0.0815864289	0.1112657966	0.0758290802	0.0282033388	-0.0950927207	0.1684625025	-0.0242463658	-0.0219554833	-0.0227082151	0.024041769	-0.1470520686	-0.0071444252	-0.006912613	0.0591091553	0.0482048586	0.0913849859	-0.1500080333	0.2159681268	0.0205095863	0.0092457104	0.0626320396	0.0610911349	-0.0124394622	0.02980327	-0.0190337751	-0.014824122	0.1968557105	0.2125361855	0.0300539105	0.0468718493	0.07450877	0.1506111636	0.0491734323	0.0933008196	0.1184025312	0.0207420016	0.0208645626	0.1753140454	-0.021802206	-0.089909306	0.0044631154	0.159112912	-0.1150850424	0.1440785553	0.1039131156	0.0463082447	0.013949259	0.0005206465	0.0725083374	-0.0273667143	-0.0230007391	0.0643164639	-0.1451420974	-0.0610088425	0.1643130618	0.1723956891	0.0772873533	-0.0185519926	-0.1014842481	0.0342257686	-0.1702330095	-0.0460390709	-0.0744741846	-0.0026044811	0.0262540727	-0.1578870282	-0.0390084221	-0.0086366237	-0.1196092003	-0.1684728016	-0.0354102111	-0.0274052231	-0.0118516533	-0.0797576799	-0.0551411068	0.0343266193	-0.0809439221	0.0463867501	0.0709017925	0.013702183	-0.0016898595	-0.1290552057	0.0050684204	-0.0397392830700198	0.0141090988365135	0.0015792106189191	0.0001990666699785	0.0326842372059701	0.063709215152798	0.0040588640953855	0.0010682593617361	0.0809479501752434	-0.0016434731469417	2.701003984718459e-06	0.0065525706375736	0.0009456686292104	-0.0004595153903714	8.942891562726771e-07	2.111543939881801e-07	0.0009393317791115	-7.842103498930005e-05	6.149858728793022e-09	8.823441912487758e-07	-0.0003569444921132	7.706397764999876e-07	1.274093704499503e-07	5.938856651239508e-13	0.0	0.0	0.0	0.0	0.0	0.0	0.0	0.0	0.0	0.0	0.0
822.6557877249966	-0.1896594118525172	676762.5450774346	0.0359706925042427	963.4377531025508	-3.76515665446243	14.17640463264272	928212.3041032916	762.1223514466941	0.3985331584279947	0.1588286783665931	580830.4785746383	773.1239168495486	691.0456371731228	1.364227	22.022381	0.053545846474377	0.0290851166625644	-0.011455535	-0.1096934362	0.1514783101	0.0686143792	-0.1035299658	0.0281625526	-0.0434572456	-0.0932172895	-0.0757237391	-0.0492084375	-0.0583417301	0.0623686365	-0.0302958309	-0.1225615862	0.0812993588	0.0320595089	-0.0710486164	-0.0913774759	0.0868515453	0.1039083205	0.0501578044	0.0394573962	0.1095438206	-0.0387718694	-0.000323945	-0.024839513	-0.0036566093	-0.1721459685	-0.1495580583	0.0185432705	0.0611714655	0.0169958082	0.0587912934	0.0271104801	0.0141560701	0.0440725948	-0.1095722255	0.0552412276	-0.0037147618	-0.1930505559	-0.0458729999	-0.0250921006	-0.042792648	-0.0229687881	-0.085990308	0.0672532309	-0.1117320639	-0.0059888929	0.0210020395	0.1225848678	0.1084435903	-0.0557947381	0.0005213874	-0.0594652956	0.1062608046	-0.1591010664	0.0180367452	-0.1087469732	0.1161196148	0.017581218	-0.0238754607	0.0378718355	0.0572278183	0.0442427776	-0.0410669214	0.1387379511	0.0556453059	0.013397011	-0.1435469312	-0.1327185001	-0.0981963358	-0.0086987037	-0.0080001025	0.1298172431	0.0681217094	-0.0274009332	0.018845059	0.0624602522	-0.0410943385	-0.0468816442	-0.0477600449	-0.1943747095	-0.0020956375	-0.0084482304	-0.0605371194	-0.0867570923	-0.0045773257	0.1093521143	0.094810081	-0.0205773064	-0.084832547	-0.0084886067	0.2251583828	-0.0050684204	-0.1287014744	0.0151740128	-0.0458164682013944	-0.0060771851313745	0.0020991487584493	3.693217912100049e-05	0.0107291224066017	-0.0219551147993684	0.0004820270658534	0.0001151140676158	0.0986583233397624	0.017710373164519	0.0003136573176265	0.0097334647642131	0.0010531767679833	0.0001075081387729	1.10918130461975e-06	1.1557999902413134e-08	0.0009878114484085	4.847966929699991e-05	2.350278335146476e-09	9.757714576068984e-07	-0.0003570201516256	-7.565951239997537e-08	1.274633886667664e-07	5.724361816602027e-15	0.0	0.0	0.0	0.0	0.0	0.0	0.0	0.0	0.0	0.0	0.0
822.2411211957892	-0.4146665292073521	676080.4613853085	0.1719483304448718	962.6339671513806	-0.8037859511701981	0.6460718552985801	926664.1547136052	761.7430853347672	-0.3792661119268814	0.1438427836561337	580252.5280553305	772.588091462523	670.5899918488782	1.2816	20.688555	0.0141905626886524	0.010444175994327	0.1579982299	0.0019333924	0.0269183299	0.1332994652	-0.2530583124	-0.0834705473	-0.0085795658	0.0527598002	0.0553995688	-0.0632367561	0.1164425378	0.0551122006	0.1500829817	-0.0546980477	0.1742416665	-0.0444573493	0.0372123592	-0.0426209008	0.1191181804	0.0061811572	-0.1586637047	0.0254783311	-0.0114522778	-0.1929073797	-0.0693641716	-0.0786438965	0.121680547	-0.0785017118	0.0532975705	0.0576327628	-0.0467531096	-0.062876682	0.0225487455	-0.0656053338	-0.0375613994	-0.0514132913	0.0535019999	-0.0561254771	-0.0295029907	-0.1140320552	-0.0584512081	0.0480186313	0.0728434526	0.0878733559	0.0838194681	0.172598819	0.0656955202	0.0251746967	-0.0580445174	0.0476568362	0.1856268728	-0.0145209195	-0.0804264695	0.0020741544	0.1258480586	-0.0043268382	0.0542967319	-0.0222925569	0.0589678463	0.1423755861	0.0241990196	-0.1765899271	-0.0512180867	-0.0212700399	-0.0794829183	0.1390024297	0.0505392084	-0.0629116673	0.0330708439	0.0836501399	-0.1890252728	-0.0369706287	0.0027424773	-0.0520951302	0.0535643286	0.005342767	-0.0791627058	0.0385329137	-0.0735872684	-0.0166220188	0.0488668826	-0.1725282134	0.0041789122	0.2028492603	-0.2595080144	0.0450002145	0.2210740466	0.1738498479	0.0749381573	-0.0230061282	-0.118918348	0.2068014492	0.0706000454	-0.0084435077	-0.1279949812	0.0251860523	-0.0471662668309704	-0.001349798629576	0.0022246567267702	1.821956340405252e-06	0.000731729762549	-0.0099973926440526	9.9947859679359e-05	5.35428445400016e-07	0.0986997692265561	4.14458867936951e-05	1.7177615321157895e-09	0.0097416444453754	0.0010531877232237	1.0955240399958613e-08	1.109204380349121e-06	1.2001729222088535e-16	0.0010438098340583	5.59983856498001e-05	3.1358191953837372e-09	1.089538969676816e-06	-0.0003570493213	-2.9169674400041354e-08	1.2748421784079068e-07	8.508699046044277e-16	0.0	0.0	0.0	0.0	0.0	0.0	0.0	0.0	0.0	0.0	0.0
823.6986112564451	1.457490060655914	678479.4021857963	2.12427727691078	963.8809497780996	1.2469826267190456	1.5549656713391309	929066.4853451316	763.7199188528709	1.976833518103717	3.90787075829832	583268.1144526358	774.2604600675813	686.7706161576089	1.413224	22.813335	0.0564011655191949	0.0315103742590742	-0.0883421127	-0.0522156563	0.0695407862	-0.0297044981	-0.0180680508	0.0921735714	-0.0558902871	-0.0665010157	0.0843182258	0.0986132299	-0.004223358	0.1552145094	-0.0328087355	-0.0825241697	-0.0124971103	-0.1604541588	0.1270202034	-0.0279354111	0.1481067287	-0.0781099482	0.1293330216	0.0384464475	-0.0185074253	0.0723164771	-0.1162100141	-0.078621172	-0.0061125845	0.12408652	-0.115142115	-0.0772840516	-0.0793015057	-0.0677460182	0.0378561425	0.1729777656	0.0261620619	-0.0323340314	0.045145062	-0.2076898822	-0.0804533256	-0.1148706583	-0.080275606	0.1245858896	-0.0889070848	-0.0560278431	-0.1100608162	0.0317022116	0.1109423734	-0.0365494139	-0.0161435821	-0.0782518241	0.0997223533	-0.1519334342	0.0938069399	-0.1507675137	-0.0544485501	0.0153335209	0.0360350434	-0.0453970367	-0.0505138926	0.08496322	0.2084250154	0.2310548953	-0.1442428096	0.0356785889	0.0490868061	0.1057415923	-0.0368169921	0.0694343281	-0.0046209878	0.0472053214	0.019097416	-0.1505584095	0.0080449849	0.0705853388	0.0726130177	-0.0803471194	-0.0806141894	-0.0337995933	-0.0387658866	-0.0585310608	0.011050701	-0.0786391322	-0.0736164246	-0.0953320689	0.0107389854	-0.192771558	-0.0079621484	-0.1287769652	-0.0498682664	0.0714650102	0.1852731622	-0.0208569034	0.1127071988	-0.0118128082	-0.1269376627	0.0350428114	-0.0397806632658301	0.0073856035651403	0.0015825011698693	5.454714002141311e-05	0.0251088426382892	0.0243771128757402	0.0005942436321565	0.0006304539786343	0.1155325317347006	0.0168327625081445	0.0002833418936555	0.0133477658890296	0.0010532148136235	2.7090399799941864e-08	1.1092614436359838e-06	7.338897613206901e-16	0.0011998136633624	0.0001560038293041	2.4337194757542785e-08	1.4395528267911029e-06	-0.0003571321329995	-8.281169949997608e-08	1.2754336042077256e-07	6.857777574074338e-15	0.0	0.0	0.0	0.0	0.0	0.0	0.0	0.0	0.0	0.0	0.0
824.8683695359454	1.169758279500229	680407.8270608889	1.368334432459336	969.0833563608666	5.202406582766912	27.0650342524165	939122.5515756424	764.5955865571634	0.8756677042924821	0.7667939283408658	584606.4109826927	775.3609576103015	684.2005657003383	1.24293	20.064308	0.0465468855135922	0.025475305819071	0.115990113	-0.0417662249	0.0055770172	-0.0986565284	-0.1111675962	-0.1163770611	-0.1824277941	0.0734103884	-0.0628654575	-0.0379349271	-0.0480082742	0.015398765	0.0818904796	0.055896801	-0.0411300151	-0.2216226121	-0.1541359806	0.0050678348	0.132252435	-0.004811012	0.0675645841	-0.1179538394	-0.2145133	-0.1067352322	0.0075945983	0.104193619	0.0657707821	-0.0140790213	0.2307217555	-0.020976908	0.032958726	0.0851152659	-0.0970859249	-0.0355444547	0.0584650319	0.0614111512	0.0053422735	-0.0410624658	-0.0117488942	0.0439699121	-0.0984004125	0.1523038878	0.0856770288	0.0928624463	0.0469948737	0.0015083074	-0.0599818833	-0.1373499905	0.1354788305	-0.1701264834	-0.0109062287	-0.1170515112	-0.1323911866	0.0268000697	0.104397971	0.1232046892	0.1069103755	0.0846375261	-0.0293308515	0.1862637025	0.0056331864	-0.0673422388	-0.0624184973	0.043965661	0.1723863951	-0.1050059007	0.0466256812	-0.0232139294	0.0783175078	-0.1624284887	-0.1136602494	0.0358959893	-0.0146544908	-0.0741016585	0.0702129391	-0.0853152465	-0.0311652324	-0.0358970549	-0.0939147243	0.0309776697	-0.0478311323	-0.031317326	-0.028304963	-0.0665934008	-0.1068672882	-0.0302696179	0.0914398775	0.053876316	0.0085446961	0.0320585198	-0.0631045233	-0.0626561816	0.1624609435	-0.0151740128	-0.1255324169	0.0446835199	-0.0357217450835491	0.004058918182281	0.001276043071814	1.6474816810451333e-05	0.0116586712729258	-0.0134501713653633	0.0001809071097576	0.0001359246158501	0.1293346656962484	0.0138021339615478	0.0001904989018925	0.0167274557507603	0.0010531631295291	-5.16840943998783e-08	1.109152577399528e-06	2.671245613935531e-15	0.0008953127273017	-0.0003045009360607	9.272082006184257e-08	8.015848796684082e-07	-0.0003569715130666	1.6061993290001624e-07	1.2742866114105778e-07	2.5798762844805712e-14	0.0	0.0	0.0	0.0	0.0	0.0	0.0	0.0	0.0	0.0	0.0
824.6543372660398	-0.2140322699056014	680054.7759716912	0.0458098125609442	969.4072984669308	0.3239421060642371	0.1049384880813334	939750.5103209532	764.6166220571066	0.0210354999431956	0.0004424922578601	584638.5787260202	775.0817511422293	694.8019904859138	1.193609	19.268135	0.0703305112126008	0.0384416821186994	-0.0186790169	-0.0087147331	0.1550230446	-0.0493075468	-0.050306782	0.1210043571	-0.0504298743	0.0807776605	-0.0044641661	0.12666278	-0.1164731364	-0.0449523268	-0.0877878713	0.1400926274	-0.1029020629	-0.0669271218	0.0570466937	0.0135037891	0.0106272779	0.0353104377	0.0089934136	-0.0725244103	-0.0984734681	-0.0177369322	0.0523496833	0.0348426757	-0.0100099688	-0.0328682869	-0.0510065563	0.0006025855	0.1858290268	-0.0539911325	-0.1420354547	0.1170928081	0.1814133442	-0.2112225041	-0.0570557986	-0.0410663247	0.0030153784	0.0421700872	-0.0697714393	0.0043974005	-0.1224666307	-0.0987321883	0.0060201307	-0.1187405923	0.0762192755	-0.0769015123	0.0500322118	-0.0511885403	-0.106813091	-0.0434097905	-0.1220884001	0.0943559115	0.1202699696	0.0622486333	0.0790142833	-0.0615702684	-0.0612352429	0.0631081289	0.0203168964	0.1410486081	-0.0225009193	0.1383915656	-0.1654272634	0.0256395712	0.0157870319	-0.0027503515	0.1475379102	0.074404485	-0.0938972758	-0.0690937372	0.0734169987	0.1248904796	0.0984261003	-0.0563313082	-0.0737116998	-0.0105779202	0.0034822992	0.1029072013	-0.1312748035	-0.0534320853	-0.0320942134	-0.129258676	-0.0234259798	-0.0364191364	0.0877615006	-0.0579453115	-0.2180164135	-0.0162218515	0.1002025973	-0.0779766444	-0.0999512871	-0.0185248178	-0.1237830955	0.0540487397	-0.0397045277743473	-0.0039827826907982	0.0015764495257839	1.5862557962121755e-05	-0.0092605318578051	-0.0209192031307309	0.0004376130596247	8.575745028942318e-05	0.1216795490493467	-0.0076551166469017	5.860081087767156e-05	0.0148059126568523	0.0014837436967112	0.000430580567182	2.2014953575302176e-06	1.853996248348589e-07	0.0008120570549785	-8.32556723232e-05	6.931506973988051e-09	6.594366605403545e-07	-0.0005986034484447	-0.000241631935378	3.5832608848988654e-07	5.838599219456628e-08	0.0	0.0	0.0	0.0	0.0	0.0	0.0	0.0	0.0	0.0	0.0
822.9306378997337	-1.7236993663060505	677214.8347940627	2.971139505403879	965.5094200029764	-3.8978784639543846	15.193456519759392	932208.440114484	762.7054802290113	-1.9111418280953103	3.6524630870954846	581719.6495713667	774.0771908463139	686.2509024571891	1.191119	19.227942	0.075481078998163	0.0500385608989836	0.0718608196	-0.0394604787	-0.0250089832	-0.0433905203	-0.0141258086	-0.066781121	0.0777565478	-0.0564723453	-0.0183440515	0.0318010692	0.0647970008	0.0996804469	0.0623836184	0.0824406164	0.0357052748	0.0913795772	0.0609203759	0.0087129089	0.0334124021	-0.1052400163	0.0143201765	-0.0975661992	-0.0279064235	-0.2185831382	-0.0218498097	-0.0442809565	-0.0203105145	0.0809361819	-0.0512573888	0.0609374744	-0.0398087116	-0.0570142628	-0.1025380496	0.020507818	0.0847764013	0.0439652412	0.0297505033	0.0467197977	-0.0562161432	0.0614907728	-0.0800006129	0.0828765576	-0.0964596557	0.0469230262	0.0234230673	-0.030419662	0.0843951662	0.1595426194	0.0762707713	-0.070019966	-0.0505985222	0.0245460537	-0.0859299734	-0.0771751998	0.0739903066	-0.0311913993	0.0489708989	-0.002635406	-0.0831788938	0.1254085155	0.1354734577	-0.1016083327	-0.0163759179	0.0517353865	-0.0875851991	-0.0444011255	-0.0342350029	0.0287419601	-0.0063739083	0.0900381025	-0.035415183	-0.1162946099	-0.0398271719	-0.1093158105	0.0715384244	-0.0777060121	-0.0797753089	-0.0378205128	-0.0817097473	0.0086669269	0.0605142704	-0.0601056488	0.0036435552	0.0190628894	0.0135214846	-0.0507140695	0.2346400406	-0.0172601891	-0.1337706092	-0.1064924039	-0.0424380866	-0.0417841999	0.121506603	-0.0218629269	-0.1216944932	0.063080731	-0.0396099961989193	9.453157542799878e-05	0.0015689517988784	8.936218752899423e-09	0.0302050008820629	0.039465532739868	0.0015575282744415	0.0009123420782854	0.1208986412354846	-0.0007809078138621	6.098170137508843e-07	0.0146164814525864	0.0009783238491693	-0.0005054198475419	9.571175538534354e-07	2.554492222892774e-07	0.0008471280286246	3.507097364610005e-05	1.2299731924854443e-09	7.176258968814011e-07	-0.0007609147646368	-0.0001623113161921	5.789912790422767e-07	2.634496336401187e-08	0.0	0.0	0.0	0.0	0.0	0.0	0.0	0.0	0.0	0.0	0.0
823.2632094528551	0.3325715531213973	677762.3120386156	0.1106038379455783	964.181748455518	-1.327671547458408	1.7627117379306037	929646.4440547398	762.9518500763236	0.2463698473122804	0.0606981016646763	582095.5255348849	773.7283696045369	683.7837573427142	1.149958	18.563484	0.1037557077924571	0.0469287490552098	-0.0754502506	-0.0112058361	0.0493217963	0.0148785827	-0.0032896495	0.0449718543	0.0041037765	-0.0442451266	-0.0288200772	-0.0793982393	-0.1124649731	0.0657251137	-0.0664622298	-0.0319796296	0.021975878	0.0027065525	-0.0893391936	-0.139610376	0.0277467552	-0.0239246411	-0.0624761829	0.0765638461	0.0815231478	0.0906227164	0.0181592999	-0.1857909514	-0.0108526188	0.0730067372	0.0350440512	0.1112924672	0.0396315862	-0.0029149041	0.0514000377	-0.0322305473	-0.0459330859	-0.1119392457	-0.0651109258	-0.0381340697	-0.0164668023	-0.0703366923	0.1094829202	0.1240874458	-0.0045701413	-0.0639748126	-0.0582918009	-0.0187020664	-0.0566027096	-0.0632339971	0.0520027326	0.0562317864	0.1702936371	0.0655695885	0.0273313509	-0.1824335473	-0.0002042419	0.0024465173	0.0226163148	-0.0426360579	-0.0810929009	-0.0216779386	-0.0344920469	0.0705509752	-0.0670190402	-0.0793050792	-0.2186485577	-0.0132362406	-0.0104989237	0.0007632483	-0.1015995204	-0.1486819271	-0.0003137505	-0.1006806812	0.0333628597	0.0495976039	0.0809346585	-0.0200091611	-0.0084697781	0.0237069652	-0.0942065353	-0.0133282442	-0.0779269962	0.0131284838	-0.0483710913	-0.0529793174	0.1081069328	-0.0647126524	0.0396325795	-0.1245074123	-0.1671873026	0.0200762872	0.1949037056	-0.0037939673	0.1848853734	-0.0251860523	-0.1192723348	0.0717238087	-0.0420474911397548	-0.0024374949408354	0.0017679915111477	5.9413815865986485e-06	0.0063282732169369	-0.023876727665126	0.0005700981239945	4.004704190820089e-05	0.1504392404753503	0.0295405992398656	0.0008726470034503	0.0226319650748002	0.0013851145064838	0.0004067906573144	1.9185421960718607e-06	1.654786388783629e-07	0.0007557922402505	-9.133578837410006e-05	8.342226237918392e-09	5.712219104228694e-07	-0.0003010234913928	0.0004598912732439	9.061514237031116e-08	2.1149998320598745e-07	0.0	0.0	0.0	0.0	0.0	0.0	0.0	0.0	0.0	0.0	0.0
825.2232541612839	1.960044708428768	680993.419208539	3.841775259039614	965.5828394693872	1.401091013869177	1.9630560291449584	932350.2198777643	762.7499988995048	-0.2018511768187636	0.0407438975831197	581787.5608211946	772.8495392851777	681.8212766936331	1.244539	20.090284	0.0530151236248601	0.0262423918625509	0.116873097	-0.0712185859	0.0090612914	-0.0939026197	-0.1548000962	-0.0257617031	-0.161617287	-0.0125937802	0.1171040588	-0.0651500392	0.1245278279	-0.0037074922	0.1376094836	-0.1239461977	0.0885240607	-0.1276497545	0.0320204521	0.0501162273	-0.0639631535	0.0518718733	0.0117090703	-0.0706106454	-0.0366070901	0.111504528	0.1059076638	-0.1753594912	0.0454688148	-0.0267981353	-0.0323517037	-0.1152376159	0.0031138094	-0.0312467282	0.1266659355	-0.1704453065	-0.1055548751	-0.1437284522	0.0100286282	-0.0231744217	-0.048556337	0.161075206	0.0199392934	0.062100061	-0.047439971	0.1031785962	-0.0557062658	0.2085958138	0.0419583088	-0.0674742349	-0.0144954214	0.0562592354	-0.0332575734	-0.1050884947	-0.0498297103	-0.138770068	-0.1093487313	0.0972912225	0.0556202898	-0.1016960773	0.0741046956	-0.0823905235	-0.0149881994	0.0166375079	0.0536856863	-0.1492726542	-0.0408042202	-0.0281770329	0.0216120721	-0.0914009518	0.216030449	-0.0071029805	-0.1751974604	0.0950053196	-0.0350241816	-0.00075469	0.0999426569	-0.0695920572	-0.0802856577	-0.1141159714	-0.0425968897	0.0308447706	0.0131268735	0.0663982748	0.0301212252	0.0802581653	0.0460419548	-0.0935648792	0.2101406332	-0.0937714354	0.0556381446	-0.019610596	-0.0286112187	0.0562716944	0.1394320529	-0.0284919163	-0.1165232592	0.0799246852	-0.0396520873887027	0.0023954037510521	0.0015722880342813	5.73795913055447e-06	0.0022338841386471	-0.0040943890782897	1.6764021924418794e-05	4.990238344899096e-06	0.136898885760587	-0.0135403547147632	0.0001833412058016	0.0187413049224902	0.0013113217993189	-7.379270716490003e-05	1.719564861368957e-06	5.4453636307246885e-09	0.0009900732746428	0.0002342810343923	5.488760307592607e-08	9.802450891619173e-07	-0.0006526492714507	-0.0003516257800578	4.2595107152512956e-07	1.2364068920132665e-07	0.0	0.0	0.0	0.0	0.0	0.0	0.0	0.0	0.0	0.0	0.0
825.3176113070515	0.0943571457676171	681149.1595335773	0.0089032709574113	968.9229307305322	3.340091261145062	11.156209632777612	938811.6456954436	764.3170703988466	1.5670714993417505	2.455713084049202	584180.5841030753	775.061779706906	693.111133937643	1.310664	21.157732	0.0581272283182412	0.0322449551208586	0.0358792479	-0.0024384958	0.1880429671	0.1607707347	-0.0219494517	0.0563766669	-0.0081138541	0.0197064169	0.0282658968	0.1969458738	-0.0438345259	-0.0471113752	-0.0963278274	0.0131088554	-0.0829483052	-0.1097419781	0.0405025636	-0.0456750545	0.1420164459	0.0269550072	-0.126780848	-0.1142881438	0.0583566582	0.0464191341	0.0506413334	-0.0102412759	-0.018925105	-0.03131509	-0.0865669222	-0.1152759601	0.1129049196	-0.0281442903	0.0678819539	-0.0698743801	0.0454320269	0.0600250949	0.0873492422	0.0867223621	0.0557881187	0.0649839542	-0.0443922948	-0.0425482938	0.049736306	-0.0884610579	-0.0181139176	-0.0893768431	0.0528865299	-0.0913676191	-0.079941354	-0.0643561023	0.1178911258	-0.1045765143	-0.1320298828	-0.0112533918	0.0148373338	0.0085812658	-0.0485436781	-0.057221077	0.0265555916	-0.1831646552	0.0141190702	0.0176896292	0.1592834055	0.0305219621	0.005519586	0.0718163368	-0.0740765816	0.0307449196	-0.0457762598	0.0836139391	-0.1609822253	-0.1530699472	0.0244228707	0.0938383413	0.1531066406	-0.0212197756	0.1032340041	0.1138584816	-0.0320722722	0.0272604031	-0.1688607714	0.1198558735	0.1583757472	0.1283290088	-0.0374361622	0.1335863851	0.1264683121	-0.0704485951	0.1447665001	-0.1071236003	-0.0477670699	0.1094165684	0.0191046795	-0.0317782535	-0.1134548014	0.0876327994	-0.039709006434208	-5.691904550530341e-05	0.0015768051919919	3.2397777412348e-09	0.0292575391229235	0.0270236549842764	0.0007302779287092	0.0008560035955293	0.1280185802100675	-0.0088803055505194	7.885982667058737e-05	0.0163887568790014	0.001512777201874	0.0002014554025551	2.288494862509729e-06	4.0584279218637416e-08	0.0010851174656623	9.50441910195e-05	9.033398246551202e-09	1.1774799142853727e-06	-0.0005058218902665	0.0001468273811841	2.558557846727752e-07	2.155827986541036e-08	0.0	0.0	0.0	0.0	0.0	0.0	0.0	0.0	0.0	0.0	0.0
824.2216506566831	-1.0959606503683972	679341.3294112274	1.20112974715592	973.1936484558942	4.270717725361919	18.239029889720484	947105.8773948944	763.8412345219584	-0.4758358768881408	0.2264197817339058	583453.4315560295	775.0171662215348	688.8318384507689	1.211537	19.557547	0.0497654955984356	0.0308246997925368	0.1564158197	-0.0230126849	0.0345176393	-0.0035147327	-0.0145257556	-0.0819425434	-0.0744738068	0.0131626471	0.0314523532	0.0987466186	-0.013295812	0.1372377466	0.0006954684	-0.0355695777	-0.0425572063	-0.1439423369	0.0414945795	0.1161247926	-0.0384489414	-0.1751153501	-0.205650924	-0.1103658657	0.0534685969	0.0472753269	0.0059872488	0.2607825227	-0.0223904564	-0.0799976036	0.0346117176	0.0085281536	-0.1219134387	-0.1290343744	-0.0663206604	0.0204477632	-0.0527830559	0.0846663208	-0.0294229443	-0.0449206842	-0.002809328	-0.1425384536	0.0353119081	0.0182968993	-0.0712430305	0.0306619001	-0.0322647661	0.029715652	0.0765614072	-0.0562937644	-0.0846451364	-0.2221279612	0.0117051237	0.1025438973	-0.1627003035	0.033753696	-0.1303240567	0.0731429405	-0.2344556873	-0.1219702778	-0.0096484237	0.172815673	0.0562999192	-0.0654941189	0.0668414861	0.0282750736	-0.0246511925	0.0648871811	-0.0382447936	0.0672363023	-0.1212773897	-0.0345057079	-0.0905386387	-0.1664465381	-0.0141362111	-0.1112429069	0.1670590076	0.0267910017	-0.0299241554	-0.0128332801	0.1491194543	-0.07024504	-0.0356867261	0.0926655456	0.1710110065	-0.0013086781	0.0594481977	0.0271852091	-0.034126902	-0.2166957626	0.0132434445	-0.1542698013	0.0554176404	-0.004536372	-0.0112435808	-0.0350428114	-0.1100753719	0.0948006283	-0.0306000536649264	0.0091089527692816	0.0009363632842963	8.297302055300294e-05	0.0371388258736118	0.0078812867506883	6.211468084657496e-05	0.0013792923872704	0.1549415087303032	0.0269229285202357	0.0007248440801057	0.0240068711276226	0.0014467560928708	-6.60211090032e-05	2.093103192258783e-06	4.358786834012416e-09	0.0010551503555193	-2.9967110143000077e-05	8.980276903226977e-10	1.113342272752505e-06	-0.0004847635582481	2.1058332018399984e-05	2.349957074053591e-07	4.4345334739717e-10	0.0	0.0	0.0	0.0	0.0	0.0	0.0	0.0	0.0	0.0	0.0
824.1237521708202	-0.0978984858628564	679179.9588921116	0.0095841135342399	969.8850648174548	-3.3085836384393588	10.946725692548624	940677.0389559586	764.1636501529181	0.3224156309596537	0.1039518390871116	583946.0842150314	774.8994472349956	685.5339704725477	1.169197	18.874058	0.0630300976025855	0.0338418626964279	0.0415683115	-0.0574194464	0.1943974916	0.1602821735	-0.0789152634	0.0550918006	-0.067361835	-0.1280437072	-0.2193288055	0.0445908821	-0.0427687322	-0.0350714296	-0.1069119121	-0.0487795562	-0.0352690041	-0.0606426694	-0.1663601326	0.1607115702	0.1046781285	0.1217643925	-0.0806703779	-0.1213332981	-0.0165523543	0.0231489007	-0.1017672986	-0.0189942356	-0.2317943503	-0.0412455156	-0.1148780451	0.0139522271	-0.0658174076	0.0607533955	0.010101355	0.0165120469	0.1829418386	-0.0283587845	-0.0777140625	0.048424412	0.1279118612	0.0203677712	-0.0738201108	0.0135398678	-0.0665149701	-0.0786440014	-0.0440034039	-0.0377144634	-0.2310150112	-0.0649007539	-0.1306680196	-0.0675875295	-0.0189405558	-0.1018794106	-0.1158798617	-0.0448155614	0.1247810172	0.0724283742	-0.1466342863	-0.0450894895	0.0945157491	-0.0669498216	0.0689561123	0.1132675463	-0.0397532628	0.0828533774	-0.0223260732	0.0296545077	-0.063538562	-0.0072483279	-0.1235500992	-0.1370060656	-0.1511228274	-0.0468429044	0.0051838742	0.1234591057	0.1334586321	0.0368141026	0.0747077255	0.0854513472	-0.0870946709	-0.0529128835	-0.001625247	0.0747934793	0.1435781608	0.1253780018	-0.0625632598	0.1581220077	-0.0072263299	0.0235907919	0.0945792846	0.0345889618	-0.0748059679	0.0566859451	-0.0872633464	-0.0382833527	-0.1063942335	0.1013839798	-0.0396737816433159	-0.0090737279783894	0.0015740089498815	8.233253942580837e-05	0.0056547158173572	-0.0314841100562546	0.0009912491860343	3.197581097506971e-05	0.1491667429544918	-0.0057747657758114	3.3347919765482667e-05	0.0222507172036514	0.0014781697810695	3.141368819869995e-05	2.184985901667053e-06	9.868198062451403e-10	0.001164784115285	0.0001096337597657	1.201956128036323e-08	1.35672203522026e-06	-0.0002918611303699	0.0001929024278782	8.518291942079579e-08	3.721134668130416e-08	0.0	0.0	0.0	0.0	0.0	0.0	0.0	0.0	0.0	0.0	0.0
823.323216663829	-0.8005355069911957	677861.1190976744	0.6408570979536508	965.8852973833476	-3.999767434107184	15.99813952694437	932934.407701318	762.991702604889	-1.1719475480290384	1.3734610553312754	582156.3382439074	773.3421916472606	687.6537450925268	1.173511	18.943701	0.055578808178213	0.0276979170181049	0.2206915441	-0.0593020001	0.0760134256	0.0061402692	-0.0924292947	-0.1274511133	-0.0701554802	0.0245948313	0.0667435349	-0.0104975749	0.1266767371	-0.1030829006	0.1065707469	-0.0412447501	0.0348028299	-0.0618865229	0.0412026641	0.1272985061	-0.0737886982	0.1063310438	-0.1027717043	-0.1531528769	0.0538434384	0.1300168141	0.1749818722	-0.0209919844	0.0333706474	-0.0158940785	0.0607328713	-0.0379652437	0.1549619258	0.0825099849	-0.0557308229	0.1239253253	-0.0416087721	0.1112088565	-0.0541009751	0.0473635976	0.0574196706	0.0136749019	-0.0030254801	0.056356985	-0.0531569642	0.1053897057	0.0302197533	0.1199327735	0.0458593354	-0.0645904861	-0.1515963642	0.0325627596	-0.1118875932	0.0261897905	-0.1813241699	0.0123048659	-0.0778590841	0.0154674719	-0.0040157575	-0.0026240768	0.0362538239	-0.0287949327	-0.1312709819	0.1339983665	0.1001348793	-0.0533788512	0.149892808	-0.0809402515	0.0859373517	-0.0924275755	0.133545154	0.0356462243	-0.186496488	0.0716247523	-0.0437684163	-0.0233811817	0.1375254545	0.0281754447	-0.0543936801	-0.0491532649	0.0724837361	-0.0463808971	-0.0794191145	0.0444868911	0.2137619464	0.1672234599	0.0012665562	0.1302679606	-0.1378022645	-0.0515703316	0.1496447587	-0.0250556263	0.1229042615	-0.0559533959	-0.2050017504	-0.0414976565	-0.1024214758	0.1073422654	-0.0376372980321946	0.0020364836111212	0.0014165662031642	4.147265498365642e-06	0.0158007949304703	0.0101460791131131	0.0001029429213695	0.0002496651204347	0.1277567248905882	-0.0214100180639036	0.0004583888734966	0.0163217807547694	0.0016222461779101	0.0001440763968406	2.631682661743928e-06	2.075800812657006e-08	0.0010441220055144	-0.0001206621097706	1.4559344734292338e-08	1.0901907623994126e-06	-0.0004668471715602	-0.0001749860411903	2.1794628159375882e-07	3.0620114611453373e-08	0.0	0.0	0.0	0.0	0.0	0.0	0.0	0.0	0.0	0.0	0.0
821.258566628126	-2.064650035703039	674465.6332600841	4.26277976992856	959.8054762539798	-6.079821129367815	36.96422496510733	921226.552247129	762.9358247077084	-0.0558778971806077	0.0031223393933265	582071.0726224312	773.9186390188587	685.0206934533938	1.32386	21.370754	0.0412982823081024	0.0232019220446381	-0.0664748468	0.0275698155	0.0753836211	0.0756015073	0.2000504886	0.0572477597	0.1722312422	-0.0654942656	0.0034937517	0.0355870736	0.1224615526	-0.0798877334	-0.1155072985	-0.0065024409	-0.0047220933	0.1360715376	0.0559202751	0.087481172	-0.0023655304	0.0664885085	0.0396419292	0.1114888968	0.0077639368	0.0045515879	0.0710114763	-0.0457911081	0.0466669382	0.1148887226	0.0271273279	0.1618885532	-0.0450125081	-0.2733169312	0.0749928126	0.0920965813	-0.1779918203	0.1225343282	0.0098891288	-0.0248197281	0.073142517	0.055459513	-0.1189250541	-0.0037247287	-0.0269009908	-0.1066580284	-0.0161326033	-0.0743506215	-0.0327127232	0.1181347043	-0.1422472634	0.0825367157	-0.0261323887	-0.0081688865	0.0790238657	-0.0708144061	-0.0342752918	-0.0683950065	-0.079223195	0.0833493224	-0.216846658	-0.0722127936	-0.0480789506	-0.0757602504	0.0974852338	-0.1009845069	-0.0341455714	0.2165966734	0.1262732322	-0.0175919999	0.1069146375	0.1258308242	0.0615934592	0.0343084625	-0.0054401095	0.1072870805	0.0119855173	0.007706398	0.1151373254	0.0247558469	-0.1059113686	-0.2064127798	-0.0282749606	0.0731438051	0.050737021	0.0211502669	0.0948027631	0.030769166	-0.1470685275	-0.0030148291	0.0384319336	-0.0838539291	0.0684092536	-0.1081357006	-0.0973184573	-0.0446835199	-0.098167988	0.1126387502	-0.0398097785275552	-0.0021724804953605	0.0015848184664129	4.719671502722226e-06	0.010691277761623	-0.0051095171688473	2.6107165698745343e-05	0.0001143034201761	0.1276776164555286	-7.910843505959386e-05	6.258144497577979e-09	0.016301573743765	0.001438706879047	-0.0001835392988631	2.069877483817159e-06	3.3686674227158346e-08	0.0006870654235033	-0.000357056582011	1.2748940275744933e-07	4.72058896173769e-07	-0.0006049948148627	-0.0001381476433024	3.660187260107527e-07	1.9084771350034762e-08	0.0	0.0	0.0	0.0	0.0	0.0	0.0	0.0	0.0	0.0	0.0
822.8990713680406	1.6405047399146042	677162.8816583836	2.691255801682283	966.3023526439928	6.496876390012972	42.20940282710798	933740.2367253152	762.3401487564743	-0.5956759512341705	0.3548298388787338	581162.5024060433	773.4930929945502	674.5584123823378	1.22192	19.725157	0.0503581667389185	0.0293488923896409	0.104617059	0.0238027039	-0.1267416253	0.0183313484	0.0498289743	-0.1595195732	0.0272926501	0.0752429487	0.1714346087	0.0343680375	0.0297774354	0.0440498075	0.1474281714	-0.0004227696	-0.0190213321	0.0927827253	0.0791603449	-0.0189796247	-0.0358583149	-0.1483897554	-0.0784492414	-0.0615815972	-0.0767475335	0.0744024365	-0.112219313	-0.1576353899	-0.0437286842	0.0809632882	0.1581929962	-0.0495182293	0.0753086145	0.0493403613	0.046215048	-0.042770895	-0.0541454908	-0.0844205497	-0.0301666002	-0.0256563633	0.1385803085	-0.0503100686	-0.011034277	-0.089289927	0.1445377477	0.1321583006	0.0315130347	0.0195083317	0.1483666554	0.0548257208	-0.0534545704	0.0273375954	0.0785206366	0.1288610721	-0.0091924535	-0.2008130367	-0.0265868843	0.1032738586	0.0638559147	0.164663334	-0.0246345015	-0.0719761403	-0.0298198754	0.0469246074	-0.0700111546	-0.0266324248	0.0353089095	-0.0080180575	0.015944356	-0.0216926065	-0.0096284069	0.0870724213	0.0582248548	-0.054565439	-0.0771198569	-0.1611611214	0.0744702445	0.0243863184	-0.0339214444	-0.0630383697	-0.0332676038	-0.1575177105	-0.0836847251	0.0706669449	-0.1152424785	0.0540666113	0.0348449831	0.0844878854	-0.0475525439	0.2051016576	0.0170319101	0.1196384966	0.0813090171	0.0693489703	-0.1021495014	-0.0478387595	-0.0936454286	0.1172407796	-0.0398306950385745	-2.091651101929909e-05	0.0015864842672559	4.3750043322046015e-10	0.0257763452397199	0.0150850674780969	0.0002275592608187	0.0006644199739172	0.132368282519991	0.0046906660644623	2.2002348128299083e-05	0.0175213622172921	0.0014380987533222	-6.081257247999607e-07	2.068128024306866e-06	3.6981689716347753e-13	0.0009078456189175	0.0002207801954142	4.874389468713237e-08	8.241836677876987e-07	-0.0002151528022949	0.0003898420125677	4.629072833534833e-08	1.5197679476291268e-07	0.0	0.0	0.0	0.0	0.0	0.0	0.0	0.0	0.0	0.0	0.0
822.7799297260021	-0.1191416420384712	676966.812759925	0.0141947308676232	962.5331149427858	-3.769237701206976	14.207152848200046	926469.997361462	763.6351419097011	1.2949931532268693	1.6770072669044698	583138.6299594494	774.4109634147895	694.3188180249147	1.405205	22.683878	0.0488476507252119	0.0273450199580681	-0.082881358	-0.0122953864	0.1501322378	-0.0293093978	0.1202327913	0.1108851422	-0.0037594251	-0.1155903858	-0.1588115434	-0.0161028891	0.0607772808	0.1434955453	-0.1809281085	0.0049697307	0.0076569503	0.0192572482	-0.0933240601	0.1273468795	0.0484743737	-0.0966859099	0.0912075469	0.0792185373	-0.0007760077	0.0630338224	0.1324730977	0.0529341007	0.0295106933	0.1421171256	-0.1325912969	-0.1281445729	0.0388880881	0.0329957567	-0.0230596439	-0.0645612797	-0.1030257189	0.0625572289	0.0800049842	-0.0338840587	-0.0033053506	-0.0269922106	0.1259363986	0.0049662231	-0.0165217237	-0.1525928562	-0.0398868249	-0.0124883476	-0.1551385679	0.0471702336	-0.0623892539	-0.1044765147	-0.0075739852	-0.016048167	0.0769389141	-0.0608998193	-0.0986791635	-0.0136370099	0.0692639353	-0.0879421039	-0.0425774896	-0.0655400036	0.1060605683	0.0534897813	0.1010072705	-0.0759945019	0.1113586427	-0.0633372135	0.0337538814	0.0546416266	0.0660712266	-0.1296752068	0.1246851827	-0.0148332421	0.036440482	0.0781258146	0.023916848	-0.0244695636	0.1396787575	-0.0287682844	-0.089895516	-0.2086324203	0.0161179609	0.0167917324	0.0176756781	0.0987006627	0.0487092238	0.0854040676	-0.1488842508	0.1288868527	0.0400508808	-0.0332673714	0.2413730749	-0.0851423784	0.0995920378	-0.0509612127	-0.0888661936	0.1211199807	-0.0397556888299988	7.50062085756939e-05	0.0015805147943476	5.625931324900497e-09	0.0207357302245583	-0.0050406150151615	2.540779973107257e-05	0.0004299705079456	0.1278904409462313	-0.0044778415737596	2.0051065159690647e-05	0.0163559648854214	0.0013438761516305	-9.422260169170008e-05	1.8060031109212023e-06	8.877898669552763e-09	0.0011720714098111	0.0002642257908935	6.981526857334842e-08	1.3737513896965796e-06	-0.0006417881682639	-0.000426635365969	4.1189205292353204e-07	1.8201773549550252e-07	0.0	0.0	0.0	0.0	0.0	0.0	0.0	0.0	0.0	0.0	0.0
821.9597968446775	-0.8201328813246391	675617.9076289436	0.6726179430298546	962.8292821858028	0.2961672430169528	0.0877150358362628	927040.226634428	763.2202798576196	-0.4148620520815029	0.1721105222572756	582505.1955859432	773.6072700416648	684.7501820573904	1.411667	22.788198	0.0455146869258656	0.0250378381662554	0.1270850491	-0.0687232642	-0.116171458	-0.0635853283	0.0276149871	-0.1684344812	0.016243427	0.0071769169	0.1036026973	-0.1343175181	0.0446966864	-0.1500015785	0.1321248494	0.123152557	-0.0887948753	0.0456070729	-0.0446768093	0.0826959418	-0.1810609866	0.0366328099	-0.0246789648	-0.013776627	0.1232373175	-0.0496487124	0.0407408602	-0.0199694722	0.0868965442	0.0205795204	0.1270636663	0.1165295684	0.0763449496	0.0281468648	0.2720948545	0.0714625951	-0.0536560078	-0.0024227009	-0.0965703405	-0.0969501489	-0.0227892905	-0.0209305408	0.0539255328	0.0606901301	-0.0535993471	0.1768843695	0.0744811195	-0.046252388	-0.0027279548	-0.0683649139	-0.0349383512	0.0526840851	-0.204561589	0.1348538855	-0.0366072386	-0.0326241227	-0.0205148315	-0.1490187834	0.0759443856	0.081471699	0.0100931644	-0.0194289324	-0.1163291276	-0.0339141088	-0.0264785912	-0.3060420766	-0.0118152008	0.0163930551	0.0161837287	0.0132991659	-0.0007270621	0.0133743329	0.0261040896	0.1872054119	-0.1202066556	-0.0941483321	-0.0022476561	0.0456081847	-0.0371714141	-0.0718072542	-0.0590394051	-0.1283180759	-0.1551328024	0.017461517	-0.0045906281	0.0470909192	0.1042304936	-0.0406725098	-0.1368704499	0.2680940815	-0.007579204	-0.0121558248	0.0649659034	-0.155321621	0.0540673156	-0.0540487397	-0.0838433825	0.1242524367	-0.0437640100078908	-0.0040083211778919	0.0019152885719707	1.606663866513747e-05	0.0102592925739486	-0.0104764376506097	0.0001097557458471	0.0001052530841178	0.1277364896586874	-0.0001539512875439	2.3700998936430318e-08	0.0163166107903239	0.0014387048823931	9.48287307626001e-05	2.069871738621744e-06	8.992488178045697e-09	0.0007621197239846	-0.0004099516858264	1.6806038471198935e-07	5.80826473686363e-07	-0.0005290490486566	0.0001127391196073	2.798928958844535e-07	1.27101090898291e-08	0.0	0.0	0.0	0.0	0.0	0.0	0.0	0.0	0.0	0.0	0.0
821.6882682169436	-0.2715286277339146	675171.6101253598	0.0737277956790627	961.0292623337	-1.8000198521027642	3.2400714679640568	923577.2430616556	762.8516255245129	-0.3686543331067469	0.1359060173183802	581942.6025653917	773.7643173832596	688.6176393720839	1.508424	24.350115	0.0597294120602077	0.031279817498064	-0.14737031	0.1286547784	0.1174272799	-0.1304372274	0.0670141655	0.1901013179	0.1312617067	0.0580717259	0.0870990548	0.0220395097	0.1253191812	0.0331497056	-0.161285984	0.0594483863	0.1314877468	0.0779854606	0.149734478	-0.0629243871	-0.0562325857	0.0767504497	0.0903546515	-0.1243065517	0.0803986827	0.0547561508	0.0031023904	0.1364634916	0.0479629716	-0.013490036	-0.0197921282	0.0257517821	0.0376013316	-0.0379938994	0.0170985083	-0.0943075826	-0.0550176272	0.0792184909	-0.0285152337	0.2448560078	-0.0417946094	0.0226144995	-0.0808782108	0.0291802798	-0.1060929338	-0.2039620517	0.0258738502	0.0479421702	0.0803961338	0.0976589812	0.0768259194	0.0764956007	-0.089903961	-0.0095303035	-0.0582270575	0.104004583	-0.0190189208	-0.0895906479	-0.0199215649	0.0480818311	0.0106157229	-0.019728381	0.0008047735	-0.0761839198	0.1634819224	-0.0702530272	-0.0873471631	0.0219465819	0.0476684418	-0.0498277756	-0.0891277199	0.0923048215	0.1700485494	0.0514459739	0.1529849264	0.1066638232	-0.0479362045	-0.0469698246	0.0064856054	-0.106201319	0.0185914726	-0.0611541796	-0.0189865034	-0.1103784755	0.0692613631	-0.01398388	-0.1063338098	0.0222001655	0.0022474603	0.0056974267	0.1036300417	0.0292121976	0.0491420004	-0.1012021809	-0.0261391826	-0.0570992244	-0.0785907625	0.1266188352	-0.0565557339772908	-0.0127917239694	0.00319855104571	0.0001636282021093	0.0207798433627317	0.0105205507887831	0.0001106819888993	0.0004318018901796	0.1018460700037877	-0.0258904196548996	0.0006703138299068	0.0103726219752164	0.0013742443059156	-6.446057647749998e-05	1.8885474123414492e-06	4.155165919811623e-09	0.00089512730604	0.0001330075820553	1.769101688422395e-08	8.012528940184278e-07	-0.0005421152430662	-1.3066194409600018e-05	2.938889367647251e-07	1.7072543634946276e-10	0.0	0.0	0.0	0.0	0.0	0.0	0.0	0.0	1.0	0.0	0.0
821.2427566220225	-0.4455115949210722	674439.6653041386	0.1984805812091175	963.8298802049192	2.800617871219174	7.843460460592218	928968.0379758287	763.5497074629827	0.6980819384698407	0.4873183928178104	583008.1557668064	774.8592598045266	686.5932968293778	1.437215	23.200615	0.0668242815295375	0.0331295662725955	-0.0023238593	-0.1250449213	-0.1550707559	-0.1015284577	0.1150451032	-0.1568764016	0.0971044344	-0.0740948396	-0.0407620859	-0.0859535064	-0.1163283391	0.0792125092	0.0631706168	0.0467947171	-0.1656091713	0.0960590338	-0.05839311	0.0368611037	-0.0380001446	-0.0640258866	0.1453781199	0.1017804354	-0.0040355057	-0.0451954208	-0.1653931204	-0.1017861036	-0.0073501973	-0.067869011	-0.0222616343	0.0400329849	0.1563757891	0.076454768	-0.1273324255	-0.0399909041	0.1611209249	-0.1132063133	-0.0816715544	-0.1200506847	-0.1028156932	0.0674798891	-0.007276117	-0.1036849601	-0.0101338857	0.149814484	-0.0207693011	-0.1642283657	-0.0413259582	0.0991949383	0.0759020289	-0.0717503683	-0.0479248336	0.0116243985	0.205676047	0.0370522243	0.0749441931	-0.0875667856	0.0522961474	0.0593818184	0.1958316747	0.0111023707	0.076388026	0.0220128745	-0.1086246056	0.1025024684	-0.1391661792	-0.1465819872	0.1628083132	0.0544193927	0.1025237794	-0.0075962049	0.2243659451	0.0439120018	-0.16999628	-0.1539556511	-0.0397951717	0.0472258905	0.0369334897	0.0235881519	0.0216715617	0.0454030295	-0.0125624054	-0.2851444101	0.209672588	-0.0694594781	-0.099215193	-0.0532889242	-0.0685387515	-0.0322800806	-0.0169122368	-0.2369461839	0.0190149418	0.0618128671	0.0140053398	-0.0601105761	-0.0731227308	0.1282045865	-0.0396308454047868	0.016924888572504	0.0015706039074981	0.0002864518531916	0.041869577472795	0.0210897341100633	0.0004447768848331	0.0017530615177503	0.1198859550671329	0.0180398850633451	0.0003254374530987	0.0143726422223586	0.0012982983264859	-7.594597942970011e-05	1.6855785445560885e-06	5.7677917915364325e-09	0.000935584725876	4.045741983599999e-05	1.636802819786365e-09	8.7531877929247e-07	-0.000641107319473	-9.899207640679994e-05	4.110185950818552e-07	9.79943119132972e-09	0.0	0.0	0.0	0.0	0.0	0.0	0.0	0.0	0.0	0.0	0.0
819.8073277571518	-1.435428864870687	672084.0546443221	2.060456026103949	964.7273569498976	0.8974767449784622	0.8054645077771356	930698.8732475352	762.788564864541	-0.7611425984417792	0.5793380551627035	581846.394688106	774.0774848854148	677.5379692732686	1.411774	22.789923	0.0898702433610027	0.0595114509060603	-0.208729971	0.1769435412	-0.0311324225	-0.0568737986	0.0252453163	0.1750342196	0.0585787081	0.0869367168	-0.0883986114	-0.0847825789	-0.0750919902	0.053865348	-0.1503074609	0.0747181167	0.1392400296	0.0262363691	-0.0176997628	-0.0580266721	-0.1256596099	0.084594792	0.1225318705	0.2265732329	-0.0247500934	-0.1100556145	-0.0869803842	0.0225543715	0.0262990875	-0.0349352978	0.1281560377	-0.0544944088	0.1994268235	-0.0123721618	0.0090732111	0.2171172825	0.0016804049	0.0772149101	-0.0084346167	0.1289086321	-0.1166190564	-0.0367201065	-0.0225395502	0.0592047835	-0.1271268682	-0.1918733467	0.0837921508	0.0373655439	-0.0769910796	-0.0127520279	0.0801551243	0.1083260937	-0.0536958321	0.0853212516	0.2359371778	0.0786904918	0.0967634862	-0.0899257406	0.1941576168	0.0885567683	0.0409119815	0.1864022586	-0.0729735819	0.0671613376	0.0566026068	0.0997694744	0.0717274362	0.0003123056	-0.028323605	-0.0277788478	0.004846012	-0.0604564173	0.228997153	0.1324249993	0.1834676083	0.0922958914	-0.1176275493	0.0379742285	0.0132820613	-0.0251667693	0.0371372121	-0.066869383	-0.0410583251	-0.136213333	0.1131932808	-0.0475719116	-0.1570438177	0.0581901105	0.0765368924	-0.1027591437	-0.0938668572	0.0588353513	-0.0724998294	-0.0203924937	-0.0698952891	-0.063080731	-0.0674542747	0.1289999139	-0.0398059492331981	-0.0001751038284113	0.0015845135943559	3.066135072429425e-08	-0.0125853144003968	-0.0544548918731918	0.002965335248921	0.0001583901385568	0.1354960180739226	0.0156100630067896	0.0002436740670759	0.0183591709138887	0.0013832014745277	8.490314804180006e-05	1.913246319135604e-06	7.2085445474078184e-09	0.0006280569229886	-0.0003075278028873	9.457334954875153e-08	3.9445549851390826e-07	-0.00064093457735	1.727421229999861e-07	4.107971324428231e-07	2.9839841058542326e-14	0.0	0.0	0.0	0.0	0.0	0.0	0.0	0.0	0.0	0.0	0.0
819.46573107421	-0.3415966829418266	671524.0844049895	0.1166882937968588	964.4965857936912	-0.2307711562064014	0.0532553265368393	930253.6640076872	761.9331079237008	-0.8554569408400994	0.7318065776315013	580542.0609502699	773.227783650269	665.2934006854741	1.462444	23.607872	0.0712445338165231	0.0344573371160121	-0.077909082	-0.1009530223	-0.2944205109	-0.0011823298	0.0689200841	-0.1276957026	0.0241077874	-0.1222627252	0.0855170254	0.0207880336	0.0326998546	-0.1228435997	0.1738401704	-0.1370202886	-0.0769760681	0.0812462325	0.0519365884	0.0214136411	-0.0942181676	0.050222102	0.1342301585	0.2833499003	-0.1255214716	-0.065053301	0.0100089318	0.1203566505	-0.0220840969	-0.1458596371	0.1707788252	-0.0748268666	-0.0413420633	-0.115116372	-0.1408824819	-0.0325153705	0.0946923845	-0.2012720441	0.0236983956	-0.0170192309	0.0865195945	0.1401251219	-0.04205332	0.0549889524	0.0800321961	0.2010289107	-0.0995023304	-0.0312490654	0.0077454884	0.0692765333	0.011471555	0.0973787293	-0.1011369457	-0.0084464855	0.2979995533	0.1674370292	0.0483110225	0.076021526	-0.0110787135	-0.0588478099	-0.0927391442	0.1375507322	-0.0289724697	-0.1025167596	-0.0447439078	0.1339514392	-0.1234454068	0.0388560538	-0.0506920129	-0.0603213693	0.2036954604	0.0527480468	0.1453072318	0.2018905149	-0.2043591584	-0.0039049086	-0.0764998212	0.1452634703	-0.0578982965	0.0216128429	0.0271068877	0.018461582	0.0790056662	-0.0359579011	0.1375729077	-0.1663134108	-0.1411217532	-0.0733832856	0.1240747832	-0.058194441	0.061731541	0.0941141475	0.0619765189	-0.0014201302	-0.0506539612	-0.0660076536	-0.0616009311	0.1289999139	-0.0399487771169191	-0.0001428278837209	0.0015959047931372	2.039980436821873e-08	-0.0300037376450745	-0.0174184232446777	0.0003034014683307	0.0009002242726744	0.156213573535112	0.0207175554611894	0.0004292171042874	0.0244026805566098	0.001157631793578	-0.0002255696809496	1.3401113695026174e-06	5.088168096374943e-08	0.0007568058693365	0.0001287489463478	1.6576291185694413e-08	5.727551238621755e-07	-0.0003359386601089	0.0003049959172411	1.1285478335576304e-07	9.302250953373992e-08	0.0	0.0	0.0	0.0	0.0	0.0	0.0	0.0	0.0	0.0	0.0
820.9699782525618	1.5042471783517612	673991.7051920118	2.262759573579236	963.0492379698036	-1.4473478238876396	2.0948157233122857	927463.8347542194	763.3054716451488	1.3723637214479822	1.883382183946555	582635.243043423	774.3345888577975	655.4514265811805	1.463917	23.631659	0.0962947775646062	0.0565370719405493	-0.0954894413	0.28241472	-0.1282596432	0.0437030798	0.0288417598	0.0797659362	0.0920267261	0.1716988337	0.0121524873	0.0355048579	0.0003963384	0.0519740497	-0.0740582985	0.0692843572	0.1129590055	-0.0914511445	0.130059989	0.0229100356	0.0467129996	-0.0763311965	-0.0089520193	0.2036554218	-0.0013865416	0.1499945074	-0.2034967721	0.0957612637	0.0339736068	-0.0201682789	-0.1215183189	-0.0859572818	-0.0760539958	-0.0356088874	-0.0018738154	0.0351070331	-0.0284226304	0.0564438741	0.0332627644	-0.1264812946	0.050411498	-0.0326275434	-0.0097331929	0.0173834914	0.1614488032	-0.1413455694	0.1409851376	0.0472310164	0.0868996444	0.0085847422	-0.0417379269	-0.0470077821	0.1104374413	-0.0574882275	0.2289211182	0.0394230397	-0.1039522664	0.0993521737	-0.1633816722	0.0691308342	0.1032008335	0.033544536	0.0045520523	0.032543939	-0.0478052085	-0.0060402712	0.0701756357	0.1149855285	-0.0287513367	0.1172547868	0.0649633429	0.1288243907	0.128102791	-0.0334221704	0.2101498387	-0.0941128406	-0.0867183257	0.0822678931	0.0418297709	0.0275699918	0.0093791093	-0.1355947819	0.1160169549	0.1456473844	0.0037882261	-0.05338102	0.004924707	-0.1987750076	0.0611397567	0.1921187905	0.0034095196	0.1866414047	-0.0307214314	0.1842127526	-0.0978287568	-0.0688893378	-0.0555787436	0.1282045865	-0.0452611426450317	-0.0053123655281126	0.0020485710335339	2.822122750427908e-05	0.0201414617714164	0.0501451994164909	0.0025145410245196	0.0004056784822894	0.1353512168133193	-0.0208623567217927	0.0004352379279873	0.0183199518928461	0.00106374505896	-9.388673461800015e-05	1.1315535504618135e-06	8.814718937230792e-09	0.0007561592696816	-6.465996548999341e-07	4.180911137167138e-13	5.717768411254108e-07	-0.0006409024438002	-0.0003049637836913	4.107559424690685e-07	9.300290936331403e-08	0.0	0.0	0.0	0.0	0.0	0.0	0.0	0.0	0.0	0.0	0.0
824.3044297147305	3.334451462168772	679477.7928473271	11.118566553559464	963.9526677327614	0.903429762957785	0.8161853365979596	929204.7456291076	763.7380300831364	0.432558437987609	0.1871068022742802	583295.7785952698	774.2247407794436	678.8454153793027	1.689951	27.280468	0.0923965890564302	0.0601158914755646	0.0001754009	-0.1677777859	-0.0645993441	0.1096523785	0.0285676518	-0.0823256623	-0.1383222957	-0.1974750037	0.061948507	0.0297039922	-0.0772220617	-0.0021339839	-0.0355035376	-0.21235167	-0.2090099996	-0.0669621391	-0.0676162538	0.0297257045	-0.0918579683	-0.092468185	-0.1025366986	-0.0761177575	0.0609080814	0.0153161909	-0.0366605077	0.0036566948	0.1547068097	0.1152032646	-0.0696755511	0.0477304771	-0.2095939081	0.0799454795	0.2001336966	0.1418472672	0.0913990884	-0.0360713927	0.0333201516	0.1954156125	0.2080587192	0.1863641098	0.0071788365	0.0158312682	-0.1120321059	0.0791653672	-0.2213842922	-0.0264260427	-0.0439754277	-0.1056958643	-0.0762237077	-0.1509267741	0.0260090605	0.090829049	-0.0615035278	0.0884985908	-0.120071615	0.0177191674	0.0240973793	0.1984720343	0.0289880873	-0.2845563602	0.019301106	-0.058425666	-0.085429804	-0.0070661924	0.0627851745	0.14485907	-0.3100682007	-0.178896908	-0.048279864	-0.19100461	0.0172233577	-0.0491846747	-0.1926037439	-0.0061708196	0.0090057499	0.1240969466	0.098022169	0.0093131646	0.1260986724	-0.0376008185	0.0860272147	0.1702920412	-0.0187383857	-0.0645322831	-0.0728856493	0.119109354	0.0376347093	-0.0549679678	-0.0619892033	0.347625686	-0.0371040414	-0.1134982787	0.1917105324	-0.0717238087	-0.0494042187	0.1266188352	-0.034534494171865	0.0107266484731666	0.0011926312877065	0.0001150609874668	-0.0019372335516436	-0.0220786953230599	0.0004874687871685	3.752873833613677e-06	0.1885378753240729	0.0531866585107536	0.0028288206435395	0.0355465304317156	0.0009357424424847	-0.0001280026164752	8.75613918667232e-07	1.638466982452273e-08	0.0007562000597007	4.079001909992278e-08	1.6638256581720654e-15	5.718385302913421e-07	-0.0006408541153056	4.832849460000791e-08	4.106939971041233e-07	2.335643390302994e-15	0.0	0.0	0.0	0.0	0.0	0.0	0.0	0.0	0.0	1.0	0.0
823.6286428163036	-0.6757868984269635	678364.1412674262	0.456687932085535	970.5833244846292	6.630656751867832	43.96560896109047	942031.989767635	763.419781307903	-0.3182487752334282	0.1012822829375771	582809.7624922064	774.4337537576864	682.9791513231065	1.482412	23.930208	0.1028268004770974	0.0659893527553333	0.133908171	0.1708470425	0.0786830598	0.05829501	0.0327778697	0.0030582752	-0.0745145889	0.1668463404	-0.0917555387	0.0356504115	0.1360972291	-0.0515820037	-0.0287731644	0.0845421813	0.0677526387	-0.0855652787	0.0092729478	0.1737291987	-0.0786035861	0.1128826014	-0.161345336	0.0768133044	0.0839149535	0.020656768	-0.1686461701	-0.0496780824	0.0434005751	-0.0991392545	0.0491820248	0.1463234123	-0.0052227963	-0.0743517222	-0.0417592557	-0.1728541677	0.0255935039	-0.0691495168	0.1958453254	-0.1443241166	0.0134997676	0.0717913871	0.0266863195	-0.1412440737	-0.0712937869	-0.0377304864	0.1661296517	0.0415762254	-0.0545049283	-0.112827504	-0.1708904462	-0.0011834768	-0.0776144971	0.013586492	-0.0130437865	0.0513984722	-0.0742652131	-0.0009600527	-0.1197518735	-0.0167782641	0.1006289133	0.1017615457	0.0165589599	-0.039016777	-0.1696725031	-0.0467735133	-0.1972263098	0.0523241897	0.0110316523	-0.0684154588	-0.0116390953	0.0396301592	-0.0931816048	0.1086422092	0.1508744316	-0.0328831046	0.0112162325	0.1051057078	0.07809017	0.0463377567	0.1061536121	-0.020888252	0.0220806939	0.0664293523	-0.0238757115	-0.0284213197	-0.087616531	-0.0366884893	-0.1384233844	-0.0855602485	-0.1362610951	0.0232097372	-0.0544209301	0.0382047137	-0.0197694769	-0.0745091236	-0.0430942802	0.1242524367	-0.0397703865444327	-0.0052358923725676	0.0015816836458935	2.74145689371126e-05	-0.0199671067774005	-0.0180298732257569	0.0003250763285368	0.0003986853530601	0.1441961567056751	-0.0443417186183978	0.0019661880100331	0.0207925316086876	0.0015817241071194	0.0006459816646347	2.501851151042663e-06	4.172923110442181e-07	0.0006979934276503	-5.8206632050399965e-05	3.3880120146506483e-09	4.871948250430146e-07	-0.000641052143828	-1.980285224000185e-07	4.109478511064748e-07	3.921529568393462e-14	0.0	0.0	0.0	0.0	0.0	0.0	0.0	0.0	0.0	0.0	0.0
822.2932697117294	-1.3353731045741597	676166.221413207	1.7832213284200296	964.2122025947048	-6.371121889924439	40.59119413627435	929705.171632532	763.4641793048663	0.0443979969633119	0.0019711821343542	582877.5530816531	774.7899695316078	687.0268689165212	1.362	21.986435	0.0789787340422216	0.0557583539583545	0.0034090422	-0.1475043029	0.0414959681	0.1086150974	0.0696196323	-0.1286021721	0.0679819447	-0.1895178157	-0.0159433302	0.1328784128	0.0527799551	0.0952876588	-0.0269296135	-0.0726593709	-0.163716028	0.1031128327	0.1068130351	0.0790960671	0.1251727374	-0.0327105235	-0.0357680508	0.0154453649	-0.0135104111	-0.041005066	-0.1015582339	0.1960029991	-0.1383930127	0.0038070441	0.0464495436	0.174238101	0.0524309288	0.1641148547	-0.0330441144	-0.0825380289	-0.0003330563	-0.0232390098	-0.0691261872	0.0437846102	-0.0061147441	-0.099750803	-0.0322780415	-0.0900329952	0.0434466354	0.0471633625	-0.1067411564	-0.0956027296	0.0307363247	0.1463312393	-0.15105734	-0.104524955	0.0122123204	0.0399313358	0.0296950357	0.1795440972	0.1195602408	-0.0075063633	-0.0310398972	0.0540589623	0.0237757391	0.0278181893	0.0475647417	0.0301408138	-0.0268294907	-0.1208102994	-0.014259401	-0.0816911682	0.1064541516	-0.102899733	-0.11082781	0.1031770899	0.0020425234	-0.0987595742	-0.1393971818	0.0254438713	0.0075172241	0.0683059082	0.0739254284	0.0533601739	0.0887992929	-0.0003563119	0.1717594366	-0.0591120804	0.0337641089	-0.0664223282	-0.0576100344	-0.0854617995	-0.1097811357	-0.0573886737	-0.0035040232	-0.0023773051	-0.1170143522	0.0595986197	-0.004416778	-0.0772433738	-0.0366662233	0.1211199807	-0.0397467903636936	2.3596180739098027e-05	0.0015798073442154	5.567797454721808e-10	0.0257762172820861	0.0457433240594866	0.0020924516960112	0.0006644133773733	0.1408230732027391	-0.0033730835029359	1.1377692317778978e-05	0.019831137946264	0.0010662517706391	-0.0005154723364802	1.1368928383910162e-06	2.657117296764595e-07	0.0007791587995109	8.116537186060005e-05	6.587817589269487e-09	6.070884348552669e-07	-0.0006409152461877	1.368976402999541e-07	4.107723527958402e-07	1.874096391969561e-14	0.0	0.0	0.0	0.0	0.0	0.0	0.0	0.0	0.0	0.0	0.0
821.3383606188157	-0.954909092913681	674596.7026240038	0.911851375729229	967.6407656212376	3.4285630265328564	11.75504442690814	936328.6512920548	762.9489373195188	-0.5152419853475294	0.2654743034648637	582091.080956983	773.9590684380723	673.9711873988913	1.41374	22.821661	0.0827501104192259	0.04228343120538	0.0398524137	0.1799030647	-0.051055689	0.1002562107	-0.0069534722	-0.0581124838	-0.0083899774	0.1689363439	-0.1599097592	-0.1098494381	-0.0500217024	-0.0334391769	-0.0387048686	0.0564912498	0.1051620772	-0.0698019336	-0.1617162264	-0.0867179654	0.0111438859	-0.0432033359	-0.1209895572	0.1423653406	-0.1168090702	0.0229389623	0.0717353744	0.0309796055	0.006084217	0.0801931995	0.0536199462	0.0764264508	0.0281948362	0.1296162025	-0.1539570671	-0.0496170453	-0.1185248998	0.126425741	0.0230677367	0.0207480755	-0.0707823806	-0.1704856854	-0.0291492504	-0.0744944999	-0.0532705781	-0.0396442232	0.1585620368	0.0315591014	-0.1432169271	-0.11873285	-0.0099773083	-0.0111878382	0.1732891831	0.131161683	0.0887415419	0.0078617112	-0.0304166621	0.0699145072	-0.0081090791	-0.0458637821	-0.1404743041	0.0569301733	0.0106941812	-0.0532113497	-0.0373567596	0.1443799106	0.0934880169	-0.1267258048	0.1313309671	-0.0598900624	-0.2377189616	-0.1609948114	-0.0075142566	-0.0016079455	0.1547559795	-0.1268972113	-0.0292693097	0.1516616426	0.0815081	0.0965325346	0.0828207382	-0.013642974	-0.0105999751	0.0982244412	-0.0045721884	-0.0672303691	0.0010916902	-0.0302886434	-0.0822514938	-0.1202048638	-0.138493898	0.0524445683	-0.073547853	0.1104937622	0.0403519917	-0.0799246852	-0.0301376669	0.1172407796	-0.0396746858255312	7.210453816239998e-05	0.0015740806953546	5.199064423612994e-09	-0.0019146226661774	-0.0276908399482635	0.0007667826170403	3.665779953840256e-06	0.1674740283786491	0.02665095517591	0.0007102734117883	0.0280475501813725	0.0014433110086197	0.0003770592379805	2.083146667602816e-06	1.4217366894651072e-07	0.0009680399536939	0.0001888811541829	3.567609040550219e-08	9.37101351947688e-07	-0.0006416990691619	-7.838229741999325e-07	4.117776953632489e-07	6.143784548836282e-13	0.0	0.0	0.0	0.0	0.0	0.0	0.0	0.0	0.0	0.0	0.0
821.4440554227726	0.1056948039569078	674770.3361894111	0.0111713915834891	960.2387918184882	-7.401973802749467	54.789216176589406	922058.53731303	762.3766355898113	-0.572301729707533	0.3275292698262341	581218.1344932399	773.1605924808936	673.8972470832593	1.374731	22.191944	0.0691892934383308	0.049531076424384	-0.0872639655	-0.1295600796	-0.055282859	0.140386172	-0.022241745	0.0790807965	-0.0106715203	-0.1901372329	0.0665432806	-0.0306310317	0.1646806461	-0.1147216823	0.0140321951	-0.205509329	-0.0667481532	0.09414144	0.0300339073	0.0281144084	0.0471217862	0.1229783905	0.0591822372	0.0927526161	-0.1350078942	-0.0856720915	0.1729269586	-0.1999768732	-0.111946711	-0.0615320169	-0.1761521572	0.0165684874	0.0261639243	-0.0091977263	-0.0994084909	0.1926535767	-0.0701531399	-0.0114078898	0.0373453802	-0.0558565886	0.1356408163	-0.1663307946	-0.0105196209	-0.0183364278	0.0539077338	0.0084579486	-0.1819409435	0.0498505309	-0.0344261608	0.069670948	-0.1680383001	0.0969743427	-0.0174363086	-0.0162543984	0.0782170819	-0.1274164505	0.2223715485	0.0158872011	0.0468767517	-0.0951180296	-0.1937101089	-0.0450229907	-0.1107154079	0.1370840342	-0.0297341606	0.1748676347	0.1169736187	0.1260491862	0.0409928854	-0.0444864143	0.096737018	0.0500679965	-0.0208176496	0.0576460638	-0.1367352875	0.188021213	0.0012833861	0.1102905891	0.0146153153	-0.0067565335	0.0390089099	-0.0594691014	0.1472967339	0.0963508471	-0.1405852563	-0.0027103594	0.0194347402	-0.0454380769	0.0222583	-0.0708887764	-0.0538997496	-0.0782012105	-0.0874879898	0.0990213112	-0.091314137	-0.0825512202	-0.0235265052	0.1126387502	-0.0397394043326642	-6.471850713300059e-05	0.0015792202567149	4.1884851655242494e-09	-0.0470017285872188	-0.0450871059210414	0.0020328471203352	0.0022091624901865	0.1687320339745355	0.0012580055958864	1.582578079281502e-06	0.0284704992891838	0.0016572333666889	0.0002139223580692	2.7464224316670264e-06	4.576277528188702e-08	0.0007269692527627	-0.0002410707009311	5.8115082847460045e-08	5.284842944623584e-07	-0.0006411028598769	5.962092849999805e-07	4.110128769423401e-07	3.554655115201881e-13	0.0	0.0	0.0	0.0	0.0	0.0	0.0	0.0	0.0	0.0	0.0
821.5658463276325	0.1217909048598357	674970.439852039	0.0148330245065775	966.59449099188	6.355699173391827	40.39491198265355	934304.9100158516	762.9316763064402	0.5550407166289233	0.3080701971159487	582064.7427117549	774.1231003226815	662.2694276578499	1.368963	22.098833	0.0965769647912236	0.0681662312075403	0.0626001088	0.1625518222	-0.1315852597	0.1728492252	-0.0106311601	-0.1358596299	0.1281441142	0.1716756886	0.0006531898	0.0240450631	-0.0505541634	-0.0558442391	0.1129944569	0.1776760395	-0.0066645329	0.0351501906	0.0079980314	-0.0479568452	0.0451628344	-0.0375400051	-0.1832257595	-0.0531651185	0.0198193352	0.0913769753	-0.0038269761	-0.1053286873	0.0046255934	0.0423978535	-0.0569302309	-0.0760746399	-0.1326691434	0.0445634268	-0.0201666659	0.0689079977	-0.1141459869	-0.04698882	-0.1928280705	-0.0123723385	-0.0166721639	-0.0859389158	-0.1250865618	-0.071351767	-0.0895163038	0.0725793734	0.2158592556	-0.0820982226	0.0710113612	-0.0139537504	-0.0655288735	0.0503437308	0.1006013036	0.0498709389	-0.082059498	-0.1963437643	-0.0590690033	0.0755165327	-0.0066542792	0.0612033451	-0.0148107804	-0.0142823726	0.0106537852	0.044303387	0.0329164269	0.0732220119	-0.0463530863	-0.0142839494	-0.0513377865	-0.0164409544	-0.1019229889	0.0980448234	-0.062393273	-0.0442729918	0.0427863978	-0.1479754756	0.006515019	0.0970257702	-0.014041919	0.0729770131	-0.103935048	0.0952092367	-0.0410268056	0.2003190647	-0.0887273417	0.0014182059	-0.0577480256	-0.0323198014	0.0195179761	-0.0517967637	-0.0611910302	0.0704254976	-0.2565433373	0.0022195138	-0.0153244026	-0.0851211787	-0.016850859	0.1073422654	-0.0397217471791293	1.7657153534897385e-05	0.0015778171989626	3.1177507095493917e-10	0.0159810749492947	0.0629828035365135	0.003966833541319	0.0002553947565349	0.1776793212984557	0.0089472873239201	8.0053950456783e-05	0.0315699412170798	0.0014038083375838	-0.0002534250291051	1.9706778486697923e-06	6.422424537692083e-08	0.000965553383105	0.0002385841303423	5.6922387251191604e-08	9.32293335625511e-07	-0.0006416780359746	-5.751760977000617e-07	4.117507018522202e-07	3.30827543365471e-13	0.0	0.0	0.0	0.0	0.0	0.0	0.0	0.0	0.0	0.0	0.0
823.6466734295561	2.08082710192366	678393.8426515739	4.329841428100018	962.012008640864	-4.582482351015983	20.99914449737297	925467.1047692298	764.0106364553084	1.078960148868191	1.1641550028456689	583712.2526168454	774.3279276697627	685.7429605387678	1.559561	25.175615	0.0421313727132731	0.029249351025951	-0.1512436216	-0.0446164633	-0.012206694	-0.1357459251	-0.0115668339	0.0970366253	-0.0619837333	-0.0705621169	0.1133032511	0.0213054867	-0.0295398779	0.1353271456	-0.1174171418	-0.0897850436	-0.0757578009	-0.0697539905	0.1029209517	0.0063321784	-0.1522697333	-0.2314077767	0.0829039565	-0.1325102388	0.1689500341	0.010523318	-0.066328557	-0.149124678	0.0140973229	0.0257971214	0.0602673734	-0.0851903545	0.0277033699	-0.0102604988	0.0668915305	-0.0325362022	-0.0611598881	-0.0037675702	0.0070758852	0.0159056746	-0.1213523063	-0.0001538887	-0.0003806751	-0.0237710696	0.0891422298	-0.0918731634	-0.1550554508	0.0590915412	0.1307481154	-0.0205297165	0.0385839782	-0.1557584186	-0.0624261407	0.1049440856	0.0289570663	-0.1432474746	-0.164043112	-0.0876313253	0.0677267254	0.0532326875	0.1025115935	-0.0185397089	-0.0974297075	-0.0123260177	0.0360725301	-0.097413045	-0.042560437	-0.0398420487	-0.0110966411	0.08632469	0.0224276352	-0.0589355813	0.1617556472	-0.0919913024	-0.0297870626	0.0724753648	0.0072580756	-0.0643902454	-0.0510996533	-0.17393067	0.0805752228	0.0263001125	0.0405817613	0.0896202433	-0.1454593304	0.0155602301	0.0769385661	0.1400920119	0.1835555738	-0.0026676733	-0.0232216112	0.0077597719	-0.0091322251	0.0581017034	-0.0974721612	-0.0876327994	-0.0101290257	0.1013839798	-0.0397066713294265	1.5075849702804456e-05	0.0015766197480631	2.2728124426154917e-10	-0.0039905745275063	-0.019971649476801	0.0003988667828242	1.592468505958213e-05	0.1778901404063901	0.0002108191079343	4.4444696270249714e-08	0.0316449020538051	0.0017527800243066	0.0003489716867227	3.072237813608245e-06	1.2178123813415606e-07	0.000875938854274	-8.961452883100005e-05	8.030763777602141e-09	7.672688764268478e-07	-0.0006417683859975	-9.035002289999473e-08	4.118666612658362e-07	8.163126638029571e-15	0.0	0.0	0.0	0.0	0.0	0.0	0.0	0.0	0.0	0.0	1.0
823.4887701613749	-0.1579032681812577	678133.7545818937	0.0249334421023222	966.6041698717092	4.5921612308452495	21.08794477007816	934323.6212133762	763.5416894666696	-0.4689469886387769	0.2199112781533772	582995.911553616	774.6506172012497	683.4013054895883	1.267563	20.461958	0.0309285534592735	0.0153618936476741	0.0251182522	0.0479286909	-0.0760283148	-0.0682211362	0.1206214653	0.0345729491	-0.0468493271	0.0675313866	-0.1434048819	-0.0537191605	-0.0185764703	-0.1470187009	0.0533172276	0.1363185879	0.0103861846	-0.0249622444	-0.1202201906	0.0845907992	-0.0645702979	0.0698255394	0.0880515578	-0.0626055658	0.005148122	0.0016758493	0.0448672799	-0.0262544246	-0.0655396223	0.0348883699	0.0668351354	0.059139015	-0.0195317456	0.0646884076	-0.0575146805	-0.2594514124	-0.0786390198	-0.0559454915	0.0367570289	0.0853023225	-0.0771542526	0.0508896467	0.0587934873	0.006016607	-0.0286857975	0.0409297222	0.1025088911	-0.05828773	-0.1327667318	-0.0586640925	0.0765114184	-0.0042834293	-0.1376375784	-0.0704242444	-0.0194177206	-0.0818411051	-0.026690431	0.0153909138	0.037782905	-0.0298215226	-0.0034274841	-0.0051620559	0.0380385956	-0.1496350983	0.0647298535	-0.0772007953	-0.1145722928	-0.2251579616	0.0492399616	-0.0767601164	-0.0620597126	-0.0561686257	0.0108744426	0.1636761853	0.0258399118	-0.0689609589	-0.0143851862	-0.0129395743	0.0654090738	-0.041672196	-0.0932491398	0.1113669207	-0.0240426651	0.142949129	-0.0656164538	0.0082661657	0.0954052035	0.0191692517	-0.016745883	-0.03270179	0.0475406333	-0.081289467	0.0166068672	-0.115123025	-0.0052537313	-0.090084361	-0.0033794295	0.0948006283	-0.0396647076570388	4.19636723877001e-05	0.0015732890335183	1.760949800262224e-09	-0.0083036767540676	-0.0043131022265612	1.860285081676804e-05	6.895104763604262e-05	0.1657214415603505	-0.0121686988460395	0.0001480772316056	0.0274635961928406	0.0015318044223205	-0.000220975601986	2.346424788240641e-06	4.883021667311921e-08	0.0009430139073911	6.707505311710001e-05	4.499062750661788e-09	8.892752295330301e-07	-0.000641723266815	4.51191825000816e-08	4.118087511717157e-07	2.0357406294756703e-15	0.0	0.0	0.0	0.0	0.0	0.0	0.0	0.0	0.0	0.0	0.0
822.8496659041617	-0.6391042572131482	677081.5726785905	0.4084542515879699	964.5132162538292	-2.090953617880018	4.3720870321255365	930285.744328306	762.9539601911949	-0.5877292754746577	0.3454257012499661	582098.7453714275	773.5337540623033	686.2499072990032	1.120196	18.083042	0.0538054243125848	0.030363482441349	-0.0975614642	-0.0354086238	0.0336972123	-0.102160742	-0.0266021169	0.1015926331	0.0186411028	-0.0095908877	0.1474340698	0.0790257616	-0.0587366833	-0.0613878491	-0.0495872428	-0.0487521448	0.0266385933	0.0090726343	0.1478432395	-0.1092414626	-0.1355414491	0.143118244	0.1269616504	-0.1084796298	-0.0852592972	-0.0321967403	-0.0458980603	0.0191597979	0.032663618	0.0790721472	-0.0630981725	0.0365323171	-0.0308288439	-0.0357443561	-0.0476098136	-0.0928301273	0.0472742237	0.0538176724	0.1258293035	-0.0393097284	0.0185423497	-0.0168052695	-0.0267008721	-0.0901594877	0.0082925162	-0.0775870832	-0.0946577152	0.0403025957	0.1540607496	-0.0188213977	0.062926468	0.121606183	-0.1265412355	-0.0303733165	-0.0159120498	0.0368153355	0.0601060775	0.0042369394	0.0232003062	0.1411825463	-0.0507821367	-0.0025022816	0.0831453758	-0.0071587541	0.0604619533	0.0334071162	0.0170368214	-0.050061634	-0.0122485976	-0.0480141862	-0.0705447817	0.0556235414	0.0382319078	0.0709333665	0.0051124267	0.1514063146	-0.0111782967	-0.016523957	-0.0584611593	-0.1745258194	0.0666978036	0.0675932582	-0.0428810883	0.0861731438	-0.0778916109	-0.0306284396	-0.0686719407	-0.0420134776	-0.031558546	0.0068423488	0.0153121372	-0.0451349515	-0.0978722324	-0.0719874291	-0.0019985086	-0.0924741833	0.0033794295	0.0876327994	-0.0395206738458711	0.0001440338111676	0.0015618836612317	2.0745738759491872e-08	-0.0080333363878111	0.0002703403662564	7.308391362769854e-08	6.453449351972989e-05	0.1592534537412149	-0.0064679878191356	4.1834866428486506e-05	0.0253616625285052	0.0017527304166029	0.0002209259942823	3.0720639132849754e-06	4.880829494966703e-08	0.0005016962974377	-0.0004413176099534	1.9476123285498135e-07	2.516991748626971e-07	-0.0009179409088997	-0.0002762176420847	8.426155122316073e-07	7.629618579883146e-08	0.0	0.0	0.0	0.0	0.0	0.0	0.0	0.0	0.0	0.0	0.0
823.9488700645861	1.0992041604243925	678891.7404807082	1.2082497862942931	965.6995657306828	1.186349476853593	1.4074250812307936	932575.6512524294	762.9363133275724	-0.0176468636225308	0.0003114117957122	582071.8181938677	774.0840393737122	680.8299799639769	1.215547	19.622274	0.0662404289298937	0.0335997963878201	-0.0107647666	0.0341790604	-0.0990931545	-0.0817664359	0.2113745481	-0.0798852067	0.078604768	0.0671965727	-0.0294348707	0.013613173	-0.0233505616	-0.0318725012	0.1137654447	0.0964863674	-0.0150911632	0.0346356222	0.0802554733	-0.0965546958	-0.0084854418	-0.0864455061	0.1903776518	0.1298496197	0.0867983544	0.1271262481	-0.1673026183	-0.0012197768	-0.0527846408	0.0178098101	-0.0885262292	-0.0116966073	-0.0500774355	0.040837892	-0.0034456287	-0.0639577499	0.0022518033	0.1815690725	0.0593590991	-3.72691e-05	0.0082248138	0.0448426302	-0.0617341591	-0.2013345086	0.0901396479	0.0780559425	0.089735767	-0.0934769132	0.0763715805	0.0761881448	0.1055474146	0.0274506544	0.0318931396	-0.1070014204	0.2297506797	-0.0502947662	-0.133928272	-0.0527384237	-0.1291392715	0.0577314075	0.047825711	-0.0472530976	0.0512604698	0.0738754573	0.0361661795	-0.0296138027	0.0486425884	-0.0284339252	0.0545617342	-0.0437956671	-0.0674770184	0.1401538963	0.1559004488	0.0756229867	-0.0530166117	-0.1070500891	-0.0729148526	-0.0420956596	0.0961247837	-0.0323393832	-0.1515106142	0.0200132849	-0.0156058693	0.1587397545	-0.0583971479	0.0042370192	0.151814488	-0.0559636745	0.0399931256	0.1584182751	0.1472121707	-0.0452055792	0.0552419317	-0.0619881892	-0.112588028	-0.0948006283	0.0101290257	0.0799246852	-0.0396596049455979	-0.0001389310997267	0.0015728842644408	1.9301850471297524e-08	0.0087240900461011	0.0167574264339122	0.0002808113406879	7.61097471324803e-05	0.1521483856739252	-0.0071050680672897	5.04819922408201e-05	0.0231491312631814	0.0013352527231808	-0.0004174776934221	1.7828998347617424e-06	1.742876245050369e-07	0.0007110332871982	0.0002093369897605	4.3821975281987726e-08	5.05568335503878e-07	-0.000699975525503	0.0002179653833967	4.899657363032009e-07	4.750890835927042e-08	0.0	0.0	0.0	0.0	0.0	0.0	0.0	0.0	0.0	0.0	0.0
824.8494508974123	0.9005808328262219	680376.6166457627	0.8110458364539714	964.9966911681712	-0.7028745625116244	0.4940326506259074	931218.6139655188	764.1287783385976	1.192465011025206	1.4219728025193443	583892.7898852377	773.988651904431	688.707426776308	1.301465	21.009232	0.0305965234137731	0.0213369931945887	-0.0587032618	-0.0402798444	0.0872372339	-0.1276368021	-0.05869407	0.0673903189	-0.0781515344	0.0392344955	0.0959244046	0.0145614496	-0.1217280635	0.1675222172	-0.1078158286	-0.0202808362	-0.0427179079	-0.1097068168	0.0679883185	-0.0612199915	-0.0043851567	-0.1103444454	0.0234248221	-0.0556838341	-0.0001868948	-0.1542116996	0.1082604125	0.0257598113	0.1209872491	-0.084157803	-0.0504813541	-0.0176368098	0.0291389712	-0.1416242675	0.0648782203	0.0086097941	0.0873189741	-0.0717764042	-0.0780553046	0.0394671395	-0.0763048253	0.0692262253	0.0848256957	-0.103631095	-0.0778928137	-0.1009101133	-0.0826729307	0.030271454	0.1211222457	-0.0700871746	0.0634618126	-0.0987231762	0.0253765154	0.0386981188	-0.0650782824	0.0579665151	-0.0435661654	-0.0653701281	0.1801642763	-0.0579434416	0.0553917905	-0.0062992779	0.0032822209	-0.1153393217	0.0051818255	0.0195726913	-0.023867686	0.0901379898	0.0388695617	0.1891069544	0.0403563507	-0.0071102593	0.0789606442	-0.1279079184	0.0218966812	0.0311823738	0.0106426663	-0.0648377283	0.0380302937	-0.1380963154	0.113752436	0.1480882375	0.0035480837	0.0060342583	-0.0441584634	0.0139500318	0.0093292274	0.1008061491	-0.0226516933	0.1036144908	0.0762471214	-0.0400590185	0.008810095	0.0256039171	0.0146124515	-0.0970621018	0.016850859	0.0717238087	-0.0397811456249428	-0.0001215406793449	0.0015825395472329	1.4772136735620552e-08	0.0293623600059476	0.0206382699598465	0.0004259381869355	0.0008621481851188	0.1491592928587835	-0.0029890928151417	8.93467585753175e-06	0.0222484946461323	0.0013702155034276	3.496278024680004e-05	1.8774905258333515e-06	1.222396002586031e-09	0.0006680612121403	-4.297207505790006e-05	1.8465992347817966e-09	4.463057831663669e-07	-0.0006409579816189	5.901754388409994e-05	4.108271342009742e-07	3.483070486111662e-09	0.0	0.0	0.0	0.0	0.0	0.0	0.0	0.0	0.0	0.0	0.0
824.978495929269	0.1290450318566627	680589.5187457189	0.016652620246887	965.8899796107044	0.8932884425331622	0.7979642415633226	932943.4527123668	763.9663907499486	-0.1623875886490395	0.0263697289472496	583644.6461955031	774.7456281054151	688.6267601706764	1.080306	17.439108	0.0370781955285399	0.0190523694895022	0.065477494	-0.0272451616	-0.0084468095	-0.1172244508	0.0666898984	-0.0093601997	-0.0987201016	0.0518591323	-0.1234339	-0.0925585924	-0.0431498	-0.0467882411	0.0233791518	0.0709023394	-0.0375724878	-0.077974981	-0.171152855	0.0110591165	-0.0146615541	-0.0776156944	0.0067859246	-0.0450353091	-0.1871927348	-0.0045545426	0.081173707	0.0130054233	0.1517739018	-0.0585885475	0.0154119269	-0.110717975	-0.166707802	0.0721297056	0.0493460408	-0.0142536041	-0.0423107837	-0.0765827624	0.0343650809	-0.034093946	0.1797248254	0.0628124146	-0.0343126828	-0.0855068988	0.0509340585	0.0596316609	0.020067364	-0.0417481919	-0.1266675751	-0.0886137239	0.137322591	-0.0943597722	-0.0136276714	-0.0372096119	-0.0615251777	-0.0112049011	-0.1323572065	0.1566548913	0.1217818824	-0.0737237228	0.0285605353	0.0308147496	0.0127450251	-0.0235736268	0.0154836507	0.0599695826	0.141349676	0.022776528	-0.0963802405	-0.0677152568	0.0648173969	-0.1391372672	0.0022283853	0.0169132825	-0.0175958428	-0.126711589	-0.0070654036	-0.0508581106	0.0971712157	-0.0342531756	-0.0340760009	0.2192928928	0.0275464953	0.0327322412	0.0290473849	0.0187365579	0.0117150531	0.0214475842	-0.0718402492	0.0395513193	-0.0835499944	-0.1350657312	0.0595101682	0.0191326308	0.1006164296	-0.0992570537	0.0235265052	0.063080731	-0.039603841834463	0.0001773037904798	0.0015684642880491	3.1436634118506e-08	0.0187480173247962	-0.0106143426811514	0.0001126642705529	0.0003514881536108	0.1561421357097572	0.0069828428509737	4.876009428139486e-05	0.0243803665440042	0.0012347939774958	-0.0001354215259318	1.5247161668598985e-06	1.8338989685697175e-08	0.0009186046120326	0.0002505433998923	6.277199522959299e-08	8.438344332475635e-07	-0.0006410671799135	-1.0919829460001414e-07	4.109671291622479e-07	1.192426754355147e-14	0.0	0.0	0.0	0.0	0.0	0.0	0.0	0.0	0.0	0.0	0.0
824.097786759284	-0.8807091699850389	679137.1621415502	0.7756486420957361	967.81285983569	1.9228802249856471	3.697468359640853	936661.731663337	763.4469259106005	-0.5194648393480747	0.2698437193189211	582851.2086823459	773.9259534283872	691.6581492029055	1.115315	18.004253	0.0601640744698201	0.0379485840659195	-0.025513343	-0.0056189171	0.1027401997	-0.1025077602	-0.0544452433	0.1598880086	-0.0706959342	-0.0047053324	0.0303966619	0.0005698568	-0.0496961394	-0.0657669424	-0.0610413205	-0.0405257605	0.0335670967	-0.0777325765	-0.0038557816	-0.0375468242	-0.1486481061	0.1263328899	-0.0021999215	-0.0161938072	-0.0859713371	-0.0678414579	-0.0089787828	0.096700932	0.0636499392	-0.0342872308	-0.0606134767	-0.1072674474	-0.0337749675	0.0988917431	0.0730845827	-0.0168609421	0.0392428351	0.0750238838	0.026682171	0.0855127372	-0.1027652414	-0.1009843371	0.020710529	0.0083524419	-0.037787073	-0.0656377414	-0.0599477387	0.0653069152	0.0120424678	-0.0988892715	0.0547624435	0.0736828009	-0.1165475405	0.0087521035	-0.02022079	0.1210115728	0.0746000621	0.0481554454	0.07522503	-0.0174625051	0.0772955592	-0.0043855613	0.0859021395	-0.0178368678	0.1247977999	0.0696263247	0.048614773	0.0097263437	-0.0995312721	-0.0157560095	-0.1195292057	-0.0248025833	-0.0285343927	0.0707734946	0.0687128154	0.1165006528	-0.0431032946	-0.0119434399	0.0048662249	-0.0973061686	0.1365507311	0.1301817537	-0.0722582794	-0.0295632206	-0.0381745391	-0.0487432393	-0.0267679961	0.0742384821	-0.0011376822	-0.0211234613	0.0567653619	-0.0762456101	-0.1167918112	-0.0325575665	0.1109370742	-0.1013839798	0.0301376669	0.0540487397	-0.0395865044267651	1.733740769790243e-05	0.0015670913327302	3.0058570568328643e-10	-0.0075354129815821	-0.0262834303063783	0.0006908187086702	5.678244880299604e-05	0.1563159181327762	0.0001737824230189	3.0200330550351933e-08	0.0244346662616927	0.0016477906927512	0.0004129967152553	2.71521416711748e-06	1.705662868117499e-07	0.0007708798136947	-0.0001477247983379	2.1822616043973232e-08	5.942556871619753e-07	-0.0007541361529747	-0.0001130689730612	5.687213372234802e-07	1.278459266911437e-08	0.0	0.0	0.0	0.0	0.0	0.0	0.0	0.0	0.0	0.0	0.0
822.6218689437769	-1.4759178155070458	676706.7392645525	2.17833339813109	966.5315660450556	-1.281293790634436	1.6417137779183617	934183.2681615076	762.6665922421523	-0.7803336684481792	0.6089206341137928	581660.3309222574	774.6926193377037	679.0318718149205	1.126883	18.19099	0.0131387911015124	0.0083175433371335	-0.0065668505	0.0013432739	-0.0518695812	0.0112434348	0.0682652948	-0.0729418187	0.1052468393	-0.0141868108	-0.0741828035	0.0627863346	0.0487739358	-0.0161648221	0.0500661832	0.0802840034	0.0560318798	0.0707820776	0.0003575923	0.0723016291	0.0935893804	-0.0092907752	0.0147891764	0.0530587241	-0.0210437419	0.121743618	-0.0759679731	0.1586143453	-0.0613394147	-0.0444062971	0.0083684282	-0.0261014652	-0.1722262508	0.0122629834	0.1523681429	0.0197006672	0.0526771078	0.146891637	-0.0471912073	-0.1257310317	-0.0750618992	0.035079015	0.0782605582	0.0345477267	-0.014173343	0.039975067	0.0801401927	-0.0588425521	-0.0207856272	0.1469004999	0.0219542018	-0.0150256785	-0.0252965535	-0.0958701408	0.0330810058	0.0633289968	-0.0277590296	0.0622302331	-0.1675460708	-0.0627693079	0.136059593	-0.0160057062	0.0568151937	-0.0192593162	0.035467952	-0.0899060354	0.087464968	0.0318566843	-0.1110787095	0.0791498129	-0.0700564228	0.0722537137	-0.0254024258	0.018824461	-0.0127045632	-0.0150075942	-0.0551645289	-0.0058116539	0.0271662174	0.0518728679	-0.075120386	0.191832538	0.1129848616	-0.0221615231	-0.0127761813	-0.018630183	-0.0248489197	-0.0282191968	-0.0466953452	-0.0627885419	0.0578564807	-0.1497855898	-0.0781819218	-0.0196921703	0.0248637636	-0.1034414224	0.0366662233	0.0446835199	-0.0395645930756245	2.1911351140595225e-05	0.0015653570252397	4.801073088064637e-10	-0.0077862546131228	-0.0002508416315406	6.292152411400024e-08	6.062576090037609e-05	0.1561446938000301	-0.0001712243327461	2.9317772124349246e-08	0.0243811654019051	0.001518780221129	-0.0001290104716222	2.3066933600926543e-06	1.6643701788182472e-08	0.0006978885782931	-7.299123540160002e-05	5.327720445451788e-09	4.870484677119643e-07	-0.0008060307216726	-5.18945686979e-05	6.496855242800525e-07	2.693046260341062e-09	0.0	0.0	0.0	0.0	0.0	0.0	0.0	0.0	0.0	0.0	0.0
820.9610720971863	-1.6607968465906424	673977.0818989614	2.758246165645422	960.880415563714	-5.651150481341574	31.935501762767103	923291.1730138958	762.6995817864322	0.0329895442798715	0.0010883100317936	581710.6520571986	773.3407174554063	682.7990375788524	1.177793	19.012819	0.0652308852133202	0.0298291306254123	-0.1179932731	0.0114915228	-0.0136836933	-0.0417706026	-0.0966924696	0.0856433033	0.1287156161	-0.0058789841	0.0460184813	-0.0042860981	-0.1409544583	0.0845535164	-0.0400692161	0.0292585456	-0.0181303802	0.0983929375	0.0121768842	-0.0926270356	-0.0520259779	-0.0963651063	-0.0347775482	-0.1588619223	0.1680047617	0.1272006058	0.0244998267	-0.0524917602	0.0392286416	-0.1242034643	-0.0382226985	0.1028149932	0.028035243	0.0206512147	-0.0444366356	0.0957765222	-0.1612967006	-0.0343630196	-0.0590626015	-0.0016147351	-0.0279518932	0.030704489	0.0783756679	-0.0712873381	0.0628049077	-0.0540372066	-0.016130267	-0.0337832298	0.0795649279	0.0519758689	0.0875516681	0.0405004535	0.0140345076	0.0895885488	-0.0597950454	0.0046124478	-0.1162153522	-0.0615046061	-0.0884101568	0.037999149	0.1169692544	-0.1333019019	-0.2822550242	-0.0039787238	0.0260831936	0.0535115762	-0.0011248001	0.0532486786	0.1361676971	0.0487624646	-0.0962870583	-0.002691481	0.0653383149	-0.1362527497	0.0463211419	0.0251147013	-0.0299515536	0.0161020182	-0.1091671151	-0.0251027243	0.1018280222	0.1138323783	-0.0406794912	-0.0848263945	-0.0046248127	-0.0189307092	-0.0179053732	0.0932883116	-0.05220374	-0.0235967813	-0.0818839058	-0.1381849078	-0.0934998922	0.0190963202	-0.0389380429	-0.1054279714	0.0430942802	0.0350428114	-0.0396716829146015	-0.0001070898389769	0.0015738424252766	1.1468233612119082e-08	0.007007904950143	0.0147941595632658	0.0002188671571833	4.911073179023877e-05	0.1762706967593175	0.0201260029592874	0.0004050559951172	0.0310713585360152	0.0016070014319436	8.822121081460002e-05	2.582453602268781e-06	7.7829820375941e-09	0.0008660740296042	0.0001681854513111	2.828634603271842e-08	7.500842247548568e-07	-0.0011536967165827	-0.00034766599491	1.3310161138537026e-06	1.208716440168296e-07	0.0	0.0	0.0	0.0	0.0	0.0	0.0	0.0	0.0	0.0	0.0
819.7206100561897	-1.24046204099659	671941.8785508918	1.538746075153426	957.8753100617292	-3.005105501984758	9.030659078059063	917525.109625854	761.9006696428571	-0.7989121435750803	0.6382606131517298	580492.630402234	773.7103480104998	671.8937310729364	1.194319	19.279593	0.076746669422573	0.0384154988677242	-0.0699535032	0.0123405247	-0.1383591182	-0.0040799615	-0.0720538082	0.0522839904	0.0861386211	-0.0558218173	-0.0772503769	-0.2442003856	0.0051598359	0.0179416939	0.0637764102	0.0518155117	0.0685310775	0.1790839996	-0.205281163	0.0316346254	-0.0024008368	-0.0568453975	0.0462413416	-0.0909307047	0.0021497013	0.0126065016	0.0331573695	0.0956005925	-0.0456327239	-0.056221875	-0.0136326357	0.1227060481	-0.0281859439	0.077550432	-0.0917993089	0.0942904145	-0.0422324912	0.0116395909	0.1186136902	-0.0132828346	-0.0920316011	0.0775901008	0.0265323307	-0.0410910374	0.0300583149	0.05754547	0.0398722084	-0.0165290365	-0.1813015289	0.1512188709	0.1389097589	0.0204517729	-0.0733796893	0.0555301452	-0.0740084787	0.0064143682	0.0142344703	0.0101730385	-0.0432001403	0.0349932161	0.0111540745	0.0118819823	-0.0684783681	0.033118169	-0.0348248114	0.0626506995	0.0978039993	-0.0813506008	0.0161101307	0.1141118202	-0.1023476068	-0.1074590983	0.0176440323	0.0653936235	0.0053509034	-0.021922551	-0.0434313665	0.0489405648	-0.1029603548	0.0546208309	-0.0952015909	0.1334997338	0.1340437585	-0.0432461049	0.009581195	0.0122097278	-0.0615836261	0.0200404132	0.0273997323	0.0270607087	-0.1598579911	-0.1234279336	0.0422395558	-0.0838516623	-0.047930459	-0.1073422654	0.0494042187	0.0251860523	-0.0442188166842214	-0.0045471337696199	0.0019553037489527	2.067642551881772e-05	-0.0148630286758617	-0.0218709336260047	0.0004783377376731	0.0002209096214194	0.202868824448771	0.0265981276894534	0.0007074603965844	0.0411557599332262	0.0018588724808449	0.0002518710489013	3.455406900042473e-06	6.343902527464105e-08	0.0006439291109714	-0.0002221449186328	4.934836487437333e-08	4.1464469995641763e-07	-0.0011531031973669	5.935192157998162e-07	1.329646983777768e-06	3.522650595236288e-13	0.0	0.0	0.0	0.0	0.0	0.0	0.0	0.0	0.0	0.0	0.0
820.1562496126577	0.4356395564680042	672656.2737787	0.1897818231596394	962.3603613082676	4.485051246538319	20.115684684074928	926137.4650173791	762.9560123184352	1.0553426755781177	1.1137481628963797	582101.8767328482	773.4630552159124	667.9370211052172	1.060979	17.127117	0.0189909326602682	0.0109720778305653	-0.1463474785	0.054461649	-0.065595671	0.0701708025	-0.1562567494	0.1353464661	0.0930605618	0.0376333201	0.1313337278	-0.0916160198	-0.0719014513	-0.1178531268	-0.0753516144	0.0165690566	0.0064390384	0.0476244259	0.0093962905	-0.1911589466	-0.1057062822	0.137776298	-0.0220899075	-0.0558732247	-0.1301540648	-0.0629467237	-0.0824412471	0.0507205225	-0.0384098351	-0.0371676211	-0.0782290649	-0.047265979	0.1414964836	0.0040718704	0.0129411745	-0.0036637789	0.0222925114	-0.1278953766	0.0771171178	0.1234597271	0.0110915484	0.1046839588	-0.0821705759	-0.0335778233	-0.0919257246	-0.084068347	-0.0358582266	-0.0318863163	0.0365778257	-0.0576432153	0.1068608376	0.1928232203	-0.0203124876	0.0599406014	-0.0603142026	0.0511355198	0.1434936727	0.0386724342	0.0327165541	0.1013964472	0.0280074554	0.0115993119	0.0452796124	0.0862350345	0.1443115407	0.0809648591	-0.0952631885	-0.0033836901	-0.0001185838	-0.1412757791	0.0277339694	-0.0097642578	0.0149589507	0.0397638733	0.0525027204	0.1305773267	-0.0386632769	0.0734969889	-0.1552060282	0.0463208962	0.0167451908	0.0754350162	-0.1011492533	0.0269064868	-0.0318640111	0.0350893268	-0.1017926338	-0.1456702906	0.0566855378	0.0227944817	-0.1302766392	0.0283442573	0.0864367562	-0.1577779826	-0.0259158615	-0.1091829923	0.0555787436	0.0151740128	-0.0505857198196224	-0.0063669031354009	0.0025589150496693	4.053745553557904e-05	-0.0148780300803252	-1.5001404463499748e-05	2.2504213587751016e-10	0.000221355779071	0.1956927577390672	-0.0071760667097038	5.149593342211919e-05	0.0382956554315212	0.0018589352046026	6.272375769993123e-08	3.45564009491091e-06	3.934269779999681e-15	0.0007519285426009	0.0001079994316294	1.1663877232295034e-08	5.653965331779135e-07	-0.0011537002701937	-5.970728267998965e-07	1.3310243134450163e-06	3.564959605028192e-13	0.0	0.0	0.0	0.0	0.0	0.0	0.0	0.0	0.0	0.0	0.0
821.3115544234186	1.1553048107608674	674552.669429412	1.3347292057672038	960.4143545856216	-1.9460067226459612	3.786942164583276	922395.732494116	762.9509430566542	-0.0050692617810454	2.569741500476857e-05	582094.141511038	774.3267233712332	665.1339042509445	1.131028	18.257914	0.0588919385487124	0.0288948957381587	-0.0623316744	0.0074146691	-0.1578413129	0.0065774192	-0.0479150286	-0.0544835672	0.0995835628	-0.0369258052	0.0590480885	-0.0671926329	0.075741649	-0.0441294232	0.1048008028	0.0146546139	0.0067108484	0.0903004091	0.0511482435	0.0205898582	0.0558127413	0.0396377165	0.0970354114	-0.0497512111	-0.16167443	0.0344773547	0.0281890096	-0.0382924231	-0.1618500726	0.0628790275	-0.1239316835	-0.0992290208	-0.0841510493	0.0572040582	-0.0680327835	-0.2366747129	-0.0551264635	-0.0774204258	0.0389152977	0.109241341	0.008430029	-0.1094437684	0.0412223712	0.1458593096	0.0462025225	0.0810874484	0.0073837763	-0.0337964525	0.0197762119	0.124178773	0.0555534117	0.0462182592	-0.0546534739	-0.1025187585	0.0402321246	-0.040982208	0.0910949204	0.1437904841	-0.1098683918	-0.0646432404	-0.0557870437	-0.0658248378	0.0948103	-0.04960445	0.1324185164	0.0145585167	-0.0348723702	-0.1199132524	0.0742648733	-0.0998961066	0.04498075	0.0965253636	-0.0065444558	0.0408065285	-0.0509400699	-0.0167158039	-0.0605198942	0.0324327919	-0.1081960873	0.012109437	-0.1087004766	0.1412275116	0.1136462643	0.0841386839	-0.0204521776	0.0285077844	-0.0516842115	-0.1789112049	0.0375254867	-0.007021106	-0.0234675475	-0.0658781375	0.0686591285	-0.0630979206	-0.0764845112	-0.1109488906	0.0616009311	0.0050684204	-0.0477067491763847	0.0028789706432377	0.0022759339169784	8.288471964624501e-06	-0.0030350183839402	0.011843011696385	0.0001402569260407	9.211336590854984e-06	0.1856001752892524	-0.0100925824498147	0.0001018602205063	0.0344474250674012	0.001609186080737	-0.0002497491238655	2.5894798424377067e-06	6.237462487163478e-08	0.0003210725351554	-0.0004308560074454	1.8563689915187678e-07	1.0308757283111558e-07	-0.0011527579263193	9.423438743999622e-07	1.3288508366919728e-06	8.880119776191317e-13	0.0	0.0	0.0	0.0	0.0	0.0	0.0	0.0	0.0	0.0	0.0
823.3602885131504	2.048734089731852	677922.1647004583	4.197311370429399	962.902857950289	2.488503364667394	6.192648995960944	927181.9138488343	764.2273401268312	1.2763970701770404	1.6291894807565326	584043.4273973313	774.4405294844519	675.1946860573509	1.217233	19.649488	0.0677550860417832	0.032785611642323	-0.0783797067	0.0852996788	0.0262568729	-0.0317738264	-0.1213471527	0.0971258057	0.0267470239	0.0885727031	0.0703573019	0.0167688354	-0.155215074	0.0327581247	-0.0633094548	0.0707890573	-0.0298672156	-0.1111171476	0.1672283984	-0.1386376157	-0.0095247657	-0.0651797712	-0.0579113912	0.1255849471	-0.1072801211	0.1289530254	0.2485202483	-0.0028766888	-0.0882116513	-0.1022873477	0.0421137742	-0.1579336547	-0.0007378329	-0.0986320416	-0.0545007463	-0.0686620918	0.0299731068	-0.0481348463	0.0384342204	0.1065757641	-0.1056643767	-0.022083337	-0.0793279386	-0.0871935571	0.1642239673	-0.0873534517	0.0183354712	-0.0457131057	0.1690757575	-0.0904697979	0.0551798749	-0.0343543327	0.0699889354	-0.0188677066	0.0221216869	0.0804059042	-0.0775421712	0.1643595922	0.0599490634	-0.2118139927	-0.063551054	-0.0032027784	-0.2157267495	-0.0713030615	0.2012823865	0.0390033694	-0.0851984903	-0.0883608862	0.0406658686	-0.0088281884	0.0967069143	0.0496364455	0.015004432	-0.1207898746	0.0980859653	0.0027103323	-0.0284561278	0.0030659769	-0.070999217	-0.0185974621	0.0532703006	0.0938821819	-0.0308044963	0.0233092951	0.0125168008	-0.0171425289	0.0107038097	0.076518139	0.0430649338	0.1160804001	0.0208429401	0.0965979341	0.0351987089	0.0983264718	-0.1166855318	-0.1126387502	0.0674542747	-0.0050684204	-0.039445691678182	0.0082610574982026	0.0015559625919701	6.8245070988611e-05	0.0135504846014526	0.0165855029853928	0.0002750789092784	0.0001836156329342	0.1715394948780897	-0.0140606804111627	0.0001977027336248	0.0294257983030301	0.0016943026038999	8.511652316290003e-05	2.8706613135819816e-06	7.244822515340498e-09	0.0006231842037951	0.0003021116686396	9.127146032826388e-08	3.8835855185973273e-07	-0.0009630292151814	0.0001897287111379	9.274252692929032e-07	3.599698383004869e-08	0.0	0.0	0.0	0.0	0.0	0.0	0.0	0.0	0.0	0.0	0.0
823.4220830971865	0.0617945840360789	678023.9269321099	0.003818570616192	961.5468355466242	-1.3560224036648378	1.8387967592409644	924572.3169497268	763.8194613939515	-0.4078787328796807	0.1663650607355339	583420.1696041463	774.9976426288758	684.3966095587219	1.058498	17.087078	0.0448310476502959	0.0220005621271318	-0.0111695037	-0.0767562231	-0.0597782073	-0.0906807535	0.0556009503	-0.0237634685	-0.0182742129	-0.0565768249	-0.0530651552	-0.0744713443	0.0160846365	0.0277406077	0.083194848	-0.0034923899	-0.0628402885	-0.0572516409	-0.1303666735	0.0773633574	0.0202520991	-0.1650715844	0.1080151422	0.0043980263	0.0012900041	0.0004639731	0.1868435756	-0.0120858797	-0.1795074961	-0.1297222925	0.0262502081	-0.1001069242	-0.0779941113	-0.056415238	-0.0514429267	-0.0082822823	0.0613361455	0.1022100297	0.0033755991	0.0120942843	-0.0770579488	0.0250165563	-0.0609781932	-0.0130630924	0.0578861343	0.0841223322	-0.0473773358	-0.047339085	-0.066432162	0.0023848005	0.1077032041	-0.1781780038	-0.0738850676	-0.0373461681	0.0126894216	-0.0827633226	-0.0460431433	0.0415038795	-0.0807015134	-0.2298567578	-0.0873097538	0.0850464476	-0.1112951946	0.056011127	-0.0766468102	0.082269819	0.0843660824	-0.0411922945	-0.0690729077	0.1207231347	0.037921066	-0.0598122607	0.0285887734	-0.0477137091	-0.0755713099	-0.0708643091	-0.0128597245	-0.0378378715	0.012357901	-0.0307630662	-0.0426998339	0.1754343687	0.1217174432	0.0251650927	-0.0249819084	-0.0187598445	0.0533162189	0.1088984694	-0.0625968577	0.028381317	-0.0698408644	-0.0202304368	0.1626731425	0.1618526648	0.0060863075	-0.1142514127	0.0731227308	-0.0151740128	-0.0398534503782173	-0.0004077587000353	0.001588297507049	1.6626715745447913e-07	0.0023072974356352	-0.0112431871658174	0.0001264092576456	5.32362145648877e-06	0.1712374809472265	-0.0003020139308632	9.121241443544761e-08	0.0293222748811517	0.0015311402407451	-0.0001631623631548	2.3443904368289623e-06	2.6621956750258898e-08	0.0004239892148971	-0.0001991949888979	3.9678643602074344e-08	1.7976685434905928e-07	-0.0006678248101626	0.0002952044050188	4.4598997706871286e-07	8.714564074250374e-08	0.0	0.0	0.0	0.0	0.0	0.0	0.0	0.0	0.0	0.0	0.0
822.9721424097273	-0.4499406874591614	677283.1471824566	0.2024466222312227	968.7243081706844	7.177472624060215	51.51611326913383	938426.785240771	763.019811579986	-0.7996498139655159	0.6394398249750842	582199.2328635574	773.8205777961256	685.1731076250172	1.080081	17.43549	0.0389819261607682	0.0255291344429782	-0.0779220294	0.0750723867	0.0339519866	-0.0486400072	0.0125175307	0.1263835026	-0.0356774533	0.0854272607	-0.0530560303	-0.0406301486	-0.1352632544	-0.1729335297	-0.0978071524	0.0422295806	0.0726984189	-0.0585848361	-0.078997862	-0.1298334438	-0.0674227842	0.0243399748	-0.086141963	0.141703725	0.0800978526	-0.0015707385	0.0796925682	-0.0004640469	-0.0714727305	-0.0015422089	0.2686799519	0.1206769088	-0.0331627423	0.0886839538	-0.0517761646	0.0538520167	-0.0379709131	0.0610735598	0.1106228969	0.039449908	0.0382199521	-0.0020818	-0.1502477485	0.2122844849	-0.1203984723	-0.1053978707	0.0395232424	-0.0067013977	-0.061561436	-0.1202724808	0.0781457115	0.0793289622	0.0480541515	0.1151363755	0.026374315	0.0415599716	0.0172423133	-0.0170236503	0.0053125103	-0.099291537	-0.0313364961	0.1916467717	-0.1368142416	0.0388063428	-0.0148175775	0.0040987653	0.0287609018	-0.0694303912	-0.0936677607	-0.2031002197	-0.0510639717	-0.1101723815	0.0315159078	0.0470202102	0.1221397575	0.0742967299	-0.0664216656	-0.0236492143	0.0248696676	-0.0375972818	0.0204584819	0.1038597234	-0.1586725877	-0.0384320065	-0.1166075796	-0.0367398063	0.0473646097	0.1204118117	-0.0616321614	0.0098750427	-0.0141663485	0.091075702	-0.0510871854	0.0006680977	0.020771027	-0.1157857731	0.0785907625	-0.0251860523	-0.0397945132603325	5.893711788480111e-05	0.0015836032856267	3.473583864566942e-09	-0.0130488409740934	-0.0153561384097286	0.0002358109868587	0.0001702722507671	0.1714514290225963	0.0002139480753698	4.5773778954447226e-08	0.0293955925138903	0.0018586878558442	0.0003275476150991	3.454720545462709e-06	1.0728744015710817e-07	0.0005203396705735	9.635045567640004e-05	9.283410309049926e-09	2.7075337277253853e-07	-0.0007109847905428	-4.315998038019995e-05	5.054993723831891e-07	1.862783906419245e-09	0.0	0.0	0.0	0.0	0.0	0.0	0.0	0.0	0.0	0.0	0.0
822.527407516072	-0.4447348936553226	676551.3361151104	0.1977891256346111	963.8404537880256	-4.883854382658797	23.852033631015534	928988.4203583072	762.1818584807207	-0.8379530992652917	0.7021653965683078	580921.1853971254	773.6005328670963	676.8950643211904	1.230513	19.863863	0.0186902018278395	0.0121191398903794	0.0152262336	-0.1182368781	-0.0474050099	-0.0277873887	0.0505697554	-0.0310106647	-0.0035823642	-0.1277661781	0.0435319681	-0.0061170049	0.1536107957	-0.1488934298	0.0933127026	-0.0948036019	-0.0198960661	0.1201406361	-0.0260257751	0.0425096518	-0.0402882783	0.1031141881	0.0103679508	0.0428277405	0.007405505	-0.0037264348	0.1376570351	0.1403636433	-0.1535303354	-0.0339584001	-0.0218033841	0.0533017662	-0.0722106246	0.0108286058	0.1199894291	0.1093479161	0.0678500756	-0.030418324	0.0771198275	0.1021854472	-0.0011500209	0.0761507732	0.0375319343	0.1422068713	-0.0188818045	0.1044240414	-0.0750815724	0.0316971363	-0.0524137343	0.0900423187	0.011739364	0.0673151845	-0.111360365	-0.0076609291	0.0478348971	0.1729963959	0.081403488	0.0022749284	-0.1449839	-0.0720171515	-0.1122948535	-0.0989685917	-0.0813010713	-0.0296984369	0.0104218476	-0.0148825755	0.0008572065	0.006415547	-0.1801718624	-0.0129825973	0.0020128852	0.0435016392	-0.0657161502	0.0875730277	-0.1289882086	0.0556585642	-0.0326558013	-0.0253165882	-0.0359048583	-0.0249014092	-0.0331858412	0.1181416458	0.1488950417	-0.0458231328	-0.0672793681	-0.0710936346	-0.0052053072	-0.0116819897	-0.079613156	-0.06535825	0.2190595381	0.0718973005	-0.0486702705	0.0193398337	-0.0037416566	-0.1172407796	0.0838433825	-0.0350428114	-0.0432009307382372	-0.0034064174779046	0.0018663204166499	1.1603680033774596e-05	-0.0155449741165654	-0.0024961331424719	6.230680664947136e-06	0.0002416462202846	0.1714352966153285	-1.613240726780485e-05	2.6025456425432265e-10	0.0293900609255856	0.0018581232646684	-5.645911757999264e-07	3.4526220667019527e-06	3.187631957911434e-13	0.000321288392157	-0.0001990512784165	3.962141143924301e-08	1.0322623093483023e-07	-0.0007667992969544	-5.58145064116e-05	5.87981161809762e-07	3.115259125970537e-09	0.0	0.0	0.0	0.0	0.0	0.0	0.0	0.0	0.0	0.0	0.0
822.642918627336	0.115511111264027	676741.3715677018	0.0133428168254504	965.2597924323932	1.419338644367599	2.014522187395254	931726.4668866268	763.3254756001593	1.1436171194385452	1.3078601158729155	582665.7817002094	773.984069391048	675.7534265537455	1.261056	20.356915	0.0898054670070889	0.0567844927373923	0.0594902311	0.1659157702	0.0271522636	0.0242497328	0.0064506315	0.0463387392	0.0725742777	0.1668927463	0.0233510162	0.0100251002	-0.0498864677	-0.0428946964	-0.0303814303	0.124689122	0.0446823299	0.0309952106	0.0275191729	-0.0243855694	0.0408034823	0.0912749086	-0.0838466526	0.0636808628	-0.0116440152	-0.0803795966	-0.1889102093	0.0198549662	-0.0824050513	-0.0307208152	0.0389176117	-0.0133349459	-0.139626063	-0.1358074314	-0.2110147219	0.089379856	0.0069881449	0.0299247046	-0.1627972274	0.2240356618	0.082097731	-0.030553718	0.1279484104	0.0584592915	-0.0399241579	-0.0618211755	0.138914225	-0.0427368158	0.0445270521	-0.0163671866	-0.0263904545	0.0900875991	0.0865830063	-0.0072079053	0.1011181367	0.0197654606	0.056858378	0.0616497244	-0.1592734698	0.099955727	0.0751765083	0.0671921955	-0.0031575051	-0.1830975667	-0.0015757493	0.1342621602	0.0261324689	0.0426371798	-0.0150400892	0.1185053695	0.0601422099	0.087278488	-0.0298897784	-0.0688501882	0.1677097533	-0.1079633847	-0.0432399736	0.0481085421	0.0181199783	0.0566039897	0.0356550079	0.0041229508	-0.0632326225	0.0070575747	0.0051798907	-0.0389852498	0.1076295717	-0.071935085	-0.1638301186	0.0337876233	0.1390363665	-0.0214685776	-0.1224731801	0.1971751719	0.1388237503	-0.1186154352	0.0888661936	-0.0446835199	-0.0397493340593655	0.0034515966788716	0.001580009558163	1.1913519633598125e-05	0.0365946343624585	0.0521396084790239	0.0027185387723459	0.001339167264122	0.1624735754705852	-0.0089617211447433	8.031244587613929e-05	0.0263976627261959	0.0017421468240532	-0.0001159764406151	3.0350755565586515e-06	1.3450534777771008e-08	0.0005090073926756	0.0001877190005185	3.523842315570213e-08	2.590885257984124e-07	-0.0005654439239992	0.0002013553729552	3.1972683118761304e-07	4.054398621792769e-08	0.0	0.0	0.0	0.0	0.0	0.0	0.0	0.0	0.0	0.0	0.0
821.796327873068	-0.8465907542680497	675349.204505659	0.7167159052121453	957.1325683332468	-8.12722409914636	66.05177155774537	916102.7533641972	762.5743238049638	-0.7511517951954829	0.5642290194253967	581519.5993265978	773.5870943453723	680.8999760252057	1.396911	22.549994	0.0697389313246942	0.0441377788080217	-0.0675946941	-0.1594829403	0.034149042	0.1131475304	-0.0236702417	0.0128572976	0.0014136932	-0.2452616068	-0.016620038	-0.0782060784	0.0966633764	0.1443771943	-0.081994211	-0.1807534878	-0.031776064	0.1418600829	-0.0719805618	0.0709751957	0.02153274	-0.1100817892	0.0167294052	-0.0350666	0.0274742535	-0.0480890525	-0.0423521231	-0.1278503488	0.014925458	-0.027270389	-0.0317558468	0.2017517766	0.079404443	-0.0483875328	-0.0297812098	0.0538366578	-0.1069194571	0.0214434771	0.0003801418	-0.0184524626	0.013905288	0.1482485244	-0.0185002175	0.1177174936	0.1847172142	-0.0130867766	-0.1780699901	0.060168515	-0.1000312495	0.1676179839	-0.0341709518	-0.0852136854	0.0246623208	0.0856648488	-0.0007834845	-0.0263432707	0.0268470793	-0.0637338444	0.0093147706	0.1448397413	-0.0050321334	-0.0884550727	-0.170540004	-0.0739554515	-0.138980456	0.0143694678	-0.0864543645	0.0820747008	0.106928623	-0.0041197724	0.026166812	-0.0977272508	0.0044677271	-0.1208403008	-0.1301634598	0.090219861	0.0215360881	0.0216023725	0.0172275847	0.0111145519	0.0310121581	-0.0877624218	0.1859129285	-0.0674163112	-0.1294114972	0.0146636633	0.033919486	0.1509124402	-0.108562826	-0.04005411	-0.0074196029	0.005431649	-0.1019295339	0.0791058499	0.0400663208	-0.1199087977	0.0936454286	-0.0540487397	-0.0397985334337107	-4.919937434520044e-05	0.0015839232634741	2.4205784359591673e-09	0.0026981403216126	-0.0338964940408459	0.0011489723082611	7.279961195111745e-06	0.1909405238029933	0.0284669483324081	0.0008103671473599	0.0364582836301614	0.0018001682261113	5.802140205810004e-05	3.2406056423007046e-06	3.366483096787695e-09	0.0005559546427136	4.694725003800005e-05	2.204044286130496e-09	3.0908556475480665e-07	-0.000607001063445	-4.155713944580008e-05	3.68450291023361e-07	1.7269958389176724e-09	0.0	0.0	0.0	0.0	0.0	0.0	0.0	0.0	0.0	0.0	0.0
821.3774336545105	-0.4188942185575115	674660.8885168697	0.1754723663409082	965.7014958107308	8.568927477483953	73.4265181143795	932579.3790110828	762.9410876143161	0.3667638093522782	0.1345156918505943	582079.1031701155	773.9214270176032	666.7747526072493	1.437461	23.204576	0.0604376220350019	0.0300393423183065	0.1128393977	0.1064566698	-0.1070173039	0.1236716037	-0.0755182613	-0.097375803	0.0234638123	0.1593888509	-0.0177607108	-0.1322245202	-0.0537013596	-0.1159288658	0.0456438419	0.108325835	0.0550431789	-0.001972897	-0.0834860231	-0.0929854906	-0.0077296454	0.0150836081	-0.1018268582	0.0067251616	-0.0926217584	-0.1304429306	0.0956893328	-0.1852896778	0.1221850726	-0.0018408063	-0.0103781935	0.0105112365	-0.1745437418	-0.0316418934	0.067583482	0.0523657609	-0.1226517852	0.1834736216	0.0190756199	0.0663375736	0.0063864008	-0.0918515048	-0.094574623	0.0896042146	0.0183831306	0.0443572584	0.1740507641	-0.0212762065	-0.0668489358	-0.1174867195	-0.0459921894	0.0804401294	0.0773830469	0.148753665	-0.0622394606	-0.1437602383	0.0525127667	0.0085762283	0.0914304047	-0.0596785486	-0.1230137806	0.0137831736	-0.0174861186	-0.1350784255	-0.0351396665	0.0514205515	0.1265236031	0.1242552672	0.0864413185	-0.102954509	-0.0079152402	-0.063965338	-0.0687990386	0.1035985051	0.0443561311	-0.0848834886	-0.0275254799	0.1189660024	-0.029348209	0.0786261393	-0.0508168038	-0.0367443119	-0.1568073896	-0.0221372401	-0.1550814467	0.1026490851	-0.0314537966	0.0224252185	-0.1110885564	-0.0406118153	-0.0763041097	0.0247120383	-0.1079097011	0.0470243109	0.0409391214	-0.1211199807	0.098167988	-0.063080731	-0.034570516787042	0.0052280166466687	0.0011951206309231	2.7332158057845107e-05	-0.0127977512639034	-0.015495891585516	0.00024012265603	0.0001637824374127	0.1966011536830905	0.0056606298800971	3.2042730639449125e-05	0.0386520136295221	0.0020962472299333	0.000296079003822	4.394252449003034e-06	8.766277650422794e-08	0.0005110080784267	-4.49465642869e-05	2.0201936411964348e-09	2.611292562173484e-07	-0.0009470371737905	-0.0003400361103454	8.968794085410977e-07	1.15624556338897e-07	0.0	0.0	0.0	0.0	0.0	0.0	0.0	0.0	0.0	0.0	0.0
822.9515534426604	1.5741197881499147	677249.2593136879	2.4778531074451324	961.5611677823	-4.140328028430758	17.14231618300933	924599.8793868604	763.0553306971112	0.1142430827951557	0.0130514819665408	582253.4377052778	773.9634687123281	678.7752827653982	1.456451	23.511127	0.030645998118206	0.0165007556661447	-0.1299235798	0.0070142541	0.1065181534	-0.0753491433	-0.1076762019	0.1666013142	0.0304113702	-0.0460951778	0.1585893761	0.0394845136	0.1131716936	-0.0249525609	-0.0981276021	-0.0862960862	0.0806075601	0.0180397866	0.1141212208	0.0347272351	-0.0659435715	0.0635853947	0.0590970113	-0.1146302946	-0.0278924838	0.0196186843	0.0618103995	-0.1901578265	0.0570115699	-0.0261449007	0.0709314546	-0.1132180924	-0.0385983213	0.0376160042	0.0873022305	0.1574043092	0.150918071	-0.0108110262	-0.117723183	-0.0860648463	-0.098377741	0.0301893771	-0.0159840162	-0.0476946302	0.0768491719	-0.1353691365	-0.1196258685	0.1160961259	0.1191977952	0.0510840461	0.0366676064	0.0523140122	-0.1450495763	-0.0303306268	-0.0984927235	-0.0774823633	-0.0078840595	0.0499204942	0.0860435344	0.0170308775	0.039969998	-0.0641935974	-0.0576333621	0.0466254521	-0.1110434741	0.0713791421	-0.0120692949	0.0315493472	-0.104140297	0.1493468939	0.0550356427	0.0613507004	-0.0118436022	6.09158e-05	0.0588476576	0.1955924437	-0.0025040593	-0.0509126434	-0.1253631967	-0.1519014044	-0.0250170255	-0.0148885528	0.112566625	-0.0225101007	-0.0829377965	0.0133936429	-0.0509595171	0.02377583	0.0017245412	-0.1136763232	0.1056566589	0.0299750888	-0.0810238101	0.0143150129	0.0040741548	-0.1222481541	0.1024214758	-0.0717238087	-0.0394368212832745	-0.0048663044962325	0.0015552628729289	2.3680919450052655e-05	-0.0126286256490146	0.0001691256148888	2.8603473611514847e-08	0.0001594821857829	0.1838911749465808	-0.0127099787365096	0.0001615435594825	0.0338159642232339	0.0020727014138525	-2.354581608079997e-05	4.296091150986153e-06	5.544054549108586e-10	0.0003854063896295	-0.0001256016887971	1.5775784228708672e-08	1.48538085167246e-07	-0.001055901454324	-0.0001088642805335	1.1149278812435382e-06	1.1851431576076597e-08	0.0	0.0	0.0	0.0	0.0	0.0	0.0	0.0	0.0	0.0	0.0
823.8251115364462	0.8735580937858458	678687.8143980381	0.7631037432187606	966.6092213669868	5.048053584686841	25.482844993869666	934333.3868316924	763.5277905510467	0.4724598539354474	0.2232183135807043	582974.686943763	774.6288213485326	683.159177741619	1.428525	23.060333	0.0546723713542565	0.0329338410584728	0.0280705005	-0.0561446845	-0.1425754305	-0.073458281	0.230102933	-0.1335350647	0.0412443805	0.0002367629	-0.0497556655	0.0431319289	-0.1250994827	-0.0419627534	0.1143619684	0.1037232559	-0.1516652309	0.0679951043	0.0343374068	-0.0797363027	0.0209402397	-0.056762319	0.1123062561	0.1431154463	0.0400262099	-0.0903344837	0.006574252	0.1334549351	0.0538052724	0.152278496	0.0480483764	-0.0597387873	-0.1311965622	0.1339920225	0.1555715749	-0.0818205947	-0.0815863196	0.0228875332	-0.2155671157	0.0268786117	0.1018243492	0.1361311961	0.0353179128	-0.0845137318	-0.0128598008	0.1254282391	0.0350135007	-0.1823878616	0.0355486562	0.0185440686	0.0695639692	-0.0037699198	0.0391779404	-0.0580460712	0.1695443224	-0.0163214479	-0.0860339023	-0.0235970351	0.0642190603	-0.0743866184	-0.0090017605	-0.0995313742	0.1969787117	-0.1720784878	-0.0625331174	-0.1796400292	0.1608992372	-0.0136690265	-0.1925035029	-0.0593294375	-0.0523380269	0.0772475927	0.1627762558	0.0120797127	-0.1078334346	-0.1268708345	-0.01102851	-0.04836199	0.0466540396	0.062834282	-0.1303819893	0.0163525308	-0.1438968754	-0.0245823045	0.0798422481	-0.0017438822	0.1921349232	-0.016828351	0.0485502259	-0.2212116039	0.1330588662	-0.0669304865	0.0893393032	0.1476883739	0.1655491844	-0.1232925447	0.1063942335	-0.0799246852	-0.0393393574559013	9.746382737319675e-05	0.0015475850450431	9.499197646232295e-09	0.0166604592502324	0.029289084899247	0.0008578504942352	0.0002775709024286	0.1766004395537095	-0.0072907353928713	5.31548225688664e-05	0.0311877152505634	0.0018746886698959	-0.0001980127439566	3.514457609036059e-06	3.9209046769222084e-08	0.0003204204327333	-6.498595689620002e-05	4.223174593714766e-09	1.0266925371299525e-07	-0.0011528044981665	-9.69030438424999e-05	1.3289582109929157e-06	9.39019990594146e-09	0.0	0.0	0.0	0.0	0.0	0.0	0.0	0.0	0.0	0.0	0.0
823.4877515830264	-0.3373599534198774	678132.0770072681	0.1138117381714618	967.7229259961272	1.1137046291403294	1.2403380009685987	936487.661498506	762.7974760820068	-0.730314469039854	0.5333592236889638	581859.9895170798	774.0839817759755	694.8349953429868	1.388122	22.408115	0.0194392926773069	0.0122313133597349	-0.0445674003	0.0106045163	0.0918404045	-0.1949046845	0.0140381146	0.102193712	-0.109808659	0.0143392831	-0.0549330268	-0.0537418979	-0.0182954514	0.0663406914	-0.1205670595	-0.0344877155	0.0909854248	-0.0109628923	-0.0270985663	-0.0122398143	-0.1430593744	-0.0441879979	0.03025152	0.0448047813	0.1539323499	-0.1609184394	0.0878403187	0.0724637878	0.0207213701	0.0269253792	0.0115718834	-0.0309893686	0.0034646828	0.0261281751	0.0853268302	-0.1093367894	0.0018032777	-0.180280543	-0.0508179701	-0.0459971891	0.1025911021	-0.1524447053	0.0892304543	-0.0923993009	-0.0064997912	-0.1146165235	-0.0091605967	0.0994840296	-0.0420916873	-0.0283215766	0.0466034033	-0.0336591073	-0.024345347	0.135339245	0.0915814109	0.0529409406	-0.0320907691	-0.12369181	0.0639106064	-0.1105553533	-0.0088150982	0.0284700092	0.0294075482	-0.1124832938	0.0310674777	-0.1060313928	0.0025119143	0.0532848567	-0.0804117994	0.0183932507	-0.0426197125	-0.122693032	0.0900077977	0.0276404098	0.0930421583	0.0360946895	-0.0118904785	-0.0946371968	-0.0051655161	-0.1144262738	0.0719357075	-0.0645914456	-0.0242795524	-0.1439499092	0.1425888073	-0.0256964539	0.1372205597	0.1696084997	0.0129754045	-0.0472043884	0.0607732584	0.0234639247	0.0291829679	0.0683312116	0.159573834	-0.1242524367	0.1100753719	-0.0876327994	-0.0392889519393406	5.040551656070036e-05	0.0015436217444918	2.540716099751038e-09	0.0188726288183573	0.0022121695681249	4.893694198137912e-06	0.0003561761185154	0.1717839781382082	-0.0048164614155012	2.319830056701273e-05	0.0295097351449883	0.0020556968417492	0.0001810081718532	4.225889505177636e-06	3.276395827767375e-08	0.0003202479521531	-1.7248058020003605e-07	2.9749550546141075e-14	1.025587508582542e-07	-0.0012188289692754	-6.602447110890019e-05	1.4855440563449342e-06	4.359230785209995e-09	0.0	0.0	0.0	0.0	0.0	0.0	0.0	0.0	0.0	0.0	0.0
822.5545873156441	-0.9331642673822672	676596.0491140096	0.8707955499190833	967.748469679323	0.0255436831957922	0.0006524797512069	936537.1005666716	763.0420425563183	0.2445664743114548	0.0598127603571355	582233.1587085183	774.1358887249734	677.0148838081745	1.431432	23.107252	0.0562670303210554	0.0356885953377144	0.0716655936	-0.0660319712	-0.0052013273	0.0208299323	-0.019959183	-0.0427629107	-0.0531414058	0.0251414776	-0.0790742294	0.0215747022	0.0077390493	-0.1297175455	0.1496567566	0.0689148234	-0.0099231299	0.039647557	-0.0588328785	0.0022622766	0.107195224	0.1313198494	0.0857428701	-0.0795057054	-0.0719975698	0.1058108955	0.1028487032	0.0883933169	0.0193819093	-0.0831904942	-0.1105136231	0.0500299064	0.1445713797	-0.2096420271	0.1789328552	-0.0900257945	0.0841335746	0.0476461172	-0.0227500041	-0.1561684759	0.0430996138	-0.0076790607	0.1353372801	0.133486226	-0.1821521912	0.115596817	0.0624500472	-0.055664641	-0.0568438577	0.0040802849	0.0461583452	0.1004282572	-0.0575151969	-0.1505140194	-0.0754109216	0.0768695716	0.1063118853	0.0475564251	-0.0643059777	-0.1090677748	-0.0483960654	-0.0104011707	0.0524165149	0.1050337234	-0.0455653495	-0.2271174939	-0.0140816712	0.115118298	0.14092387	0.0418401946	0.0247937951	0.0297310778	-0.1362310295	0.0713058457	-0.0592840827	0.0065458988	0.0172804042	0.0106415157	-0.052660824	0.1097516534	-0.1043160825	0.1020582172	-0.0463081656	-0.0004326269	0.1818648552	-0.0016821601	-0.1105118628	0.0439286975	-0.0942848796	0.0238383327	0.2341516232	0.0120737952	0.0842200905	-0.0296024773	-0.1803366311	-0.1251271724	0.1134548014	-0.0948006283	-0.039407522559685	-0.0001185706203443	0.001552952834292	1.4058992008855664e-08	-0.0112033285587926	-0.0300759573771499	0.0009045632121521	0.0001255145707962	0.1906071072095443	0.018823129071336	0.0003543101880361	0.0363310693187907	0.0020402230147696	-1.547382697960004e-05	4.162509949995555e-06	2.394393213945981e-10	0.0003838244281453	6.35764759922e-05	4.041968299586783e-09	1.4732119164106654e-07	-0.0011528918072027	6.593716207270017e-05	1.3291595191151077e-06	4.347709342201529e-09	0.0	0.0	0.0	0.0	0.0	0.0	0.0	0.0	0.0	0.0	0.0
822.6884589439557	0.1338716283115673	676816.3004795806	0.0179216128667904	964.4901679313348	-3.2583017479881846	10.61653028094286	930241.2840362143	762.539073504952	-0.5029690513663354	0.2529778666323513	581465.8386217905	773.1399630033053	674.8952954224866	1.26615	20.43915	0.084911039709283	0.0528784681775242	-0.0408342077	0.0937140955	0.1186877962	-0.07956752	-0.1350917288	0.1066089413	-0.0422774545	0.0924096306	0.061445337	0.0747526781	-0.0571025043	0.1668338462	-0.0667508347	-0.0669870457	0.1700945431	-0.0474715777	0.0970681265	-0.1182154972	0.0926674529	0.0468562058	-0.0649564423	-0.1337778188	-0.1395885094	0.1141707062	-0.1808220677	0.0254051593	0.0079698245	-0.0108221625	0.0798329981	0.0370858341	0.0417409252	0.0475842208	-0.012576464	0.0585248284	-0.0313060376	0.0209363071	0.0079936832	-0.1142834253	6.46794e-05	0.0649575212	-0.0283440023	-0.1252660859	-0.0252516664	-0.1198741485	-0.0191279232	0.1201210675	0.1147207443	0.0204461284	0.0746546856	0.0532226892	0.1230436916	-0.0833904767	-0.0916952644	0.0800914738	0.0308543423	0.159101905	-0.0731496821	0.1563546286	0.1140667147	0.0678662217	0.0046889363	0.0838114573	-0.0480912038	-0.0315252644	0.0774526817	-0.0551161251	0.0511668075	0.0451578261	-0.0326343231	0.0194642828	-0.0301138176	-0.088146906	0.137451744	0.0382943147	0.0086259096	-0.0388703019	-0.0908424507	-0.0448562658	-0.0072517747	-0.0350605843	0.0507428969	0.0080694346	0.109596239	-0.0857907466	-0.0509621933	0.0802577266	-0.0432570833	0.1785038313	0.1487784433	0.0894512117	0.0015303848	0.0468761467	0.0576380188	-0.1259161521	0.1165232592	-0.1013839798	-0.0397303906693196	-0.0003228681096345	0.0015785039427367	1.0424381621901817e-07	0.0334382518527007	0.0446415804114933	0.0019928707016358	0.0011181166869646	0.1954214577711894	0.0048143505616451	2.317797133041263e-05	0.0381895461574167	0.0019567535088207	-8.346950594890004e-05	3.828884294282121e-06	6.967158423353459e-09	0.0006362312438619	0.0002524068157166	6.370920062019369e-08	4.047901956660604e-07	-0.000786123316338	0.0003667684908646	6.179898684902552e-07	1.345191258911695e-07	0.0	0.0	0.0	0.0	0.0	0.0	0.0	0.0	0.0	0.0	0.0
824.6874319849348	1.9989730409791944	680109.3604739065	3.995893218561609	965.0803283273356	0.5901603960007833	0.3482892930078013	931380.0401243978	763.3318592341366	0.7927857291846294	0.6285092123988045	582675.5273218437	773.3370956868042	680.6994015240911	1.299267	20.973753	0.0688299206694247	0.0366626005434314	0.0826834121	-0.127892842	0.0258031039	0.0192246237	0.0368117582	-0.0898088273	-0.189378455	-0.1039922166	0.016056699	0.0255641855	-0.0284413706	-0.0239963471	0.0838372744	-0.1674736482	-0.1294795465	-0.1455025976	-0.1151819007	-0.0512553641	0.0822154209	-0.0278725017	0.0066827819	0.0261133107	-0.0743007727	0.1976568672	-0.0819865228	-0.0781932912	0.1659814184	0.1791325785	0.1165002591	-0.0368120272	0.0160080334	0.0325781958	0.0092685355	0.1600415605	0.1248140424	-0.0698670471	-0.1169455282	0.0514311339	-0.102373561	-0.157556879	0.0245125787	-0.0571968816	-0.0255013722	0.1436137422	-0.139418246	0.0373411324	-0.0334544457	-0.1035363781	0.0521276938	-0.087052532	0.1567791847	-0.1282946827	-0.0061329219	0.0023839503	-0.119346704	0.0857930776	0.1650474745	0.2158703709	-0.0987943481	-0.0390908679	-0.0368254411	0.2011488889	-0.0117474191	0.0574186875	-0.1303676876	0.000273205	-0.0762159421	0.072920214	0.0049137515	-0.1398325192	-0.041363211	-0.0524898731	-0.136095123	-0.070075621	0.0369736761	-0.0417184255	0.053092435	0.0535984224	-0.0266960746	-0.0262415767	0.0370852135	-0.0293940697	0.0191917584	-0.0884989231	-0.0701958061	0.0709089405	0.0123378566	0.0078261347	-0.0971448563	0.2443913441	0.1493795597	-0.0245837616	0.0498085858	-0.1266188352	0.1192723348	-0.1073422654	-0.0393379456728979	0.0003924449964216	0.0015474739697638	1.5401307521642332e-07	0.0107365574230442	-0.0227016944296565	0.0005153669299774	0.0001152736652983	0.202129848567111	0.0067083907959215	4.500250707080546e-05	0.0408564756817632	0.0020546828698812	9.792936106050016e-05	4.221721695783244e-06	9.590159757717804e-09	0.0003203168914569	-0.0003159143524049	9.980187805547052e-08	1.0260291095261147e-07	-0.001152827411821	-0.000366704095483	1.3290110414459057e-06	1.3447189364400518e-07	0.0	0.0	0.0	0.0	0.0	0.0	0.0	0.0	0.0	0.0	0.0
825.393900433012	0.706468448077203	681275.090872021	0.4990976681286116	969.0125237817632	3.9321954544276414	15.462161091821413	938985.2712459022	764.5820254935636	1.2501662594270329	1.5629156762097791	584585.6737078404	774.8472040476817	683.1196348864622	1.281015	20.679111	0.0573836449996636	0.0332563581216077	0.153740043	0.0980348361	0.1353402041	-0.038842507	-0.0382485339	0.0496614816	-0.1448873215	0.1177642379	-0.0066357734	0.0121349386	0.0998122879	-0.0630881395	-0.0406246987	0.0596737406	0.0121183101	-0.1855799059	-0.0057157598	0.1960352191	-0.1527243449	0.0931549925	-0.0928287938	0.0186140206	-0.0134506255	-0.0302406123	0.0204732566	0.0175361896	1.59423e-05	0.1993106825	0.1938538175	-0.0235644637	0.0981464234	-0.3070878748	-0.0468301294	-0.0351750114	0.0825674919	0.0938293807	-0.1108483848	-0.1073223483	-0.062974589	0.0446901074	0.0898423437	0.0553187256	0.1327799942	-0.0639012631	0.0944331345	0.0931938115	-0.0256797621	-0.2053710066	-0.1640492443	-0.0433283043	-0.1251993279	-0.0041854722	-0.0086249901	-0.0001694514	-0.0990389818	-0.0080731294	0.0158099371	0.13797491	-0.1757670246	0.1547419005	0.0500908966	-0.0618709934	-0.0134899519	-0.1599541036	-0.100667936	-0.0911308167	0.091892095	0.217418499	0.2667277783	-0.011318947	-0.1267938214	0.0888900608	0.1157471761	-0.0008193493	0.0489550276	-0.0502216348	0.0490376293	-0.0161776853	0.0680024091	-0.126183573	-0.018407441	0.0234820605	-0.0194230842	0.0037795493	0.0084595037	-0.1289497677	0.0437598546	-0.0518886015	-0.0358218742	0.0189403025	0.0810335245	-0.0859756145	0.0193139077	-0.1272347401	0.1216944932	-0.1126387502	-0.03944997225868	-0.000112026585782	0.0015563003112106	1.2549955921993676e-08	-0.0137464240501543	-0.0244829814731985	0.0005994163818169	0.0001889641741666	0.195431628693413	-0.006698219873698	4.486614947640296e-05	0.03819352149376	0.0023652280685411	0.0003105451986598	5.594303816214662e-06	9.64383204107167e-08	0.0004277601548738	0.0001074432634168	1.1544054853673358e-08	1.8297875009765735e-07	-0.0010490075325581	0.0001038198792628	1.100416803363633e-06	1.0778567330163114e-08	0.0	0.0	0.0	0.0	0.0	0.0	0.0	0.0	0.0	0.0	0.0
824.7328774478731	-0.6610229851389704	680184.3191434485	0.4369513868820355	967.071659166519	-1.9408646152442088	3.766955454707051	935227.593963084	764.8753464020241	0.2933209084604868	0.0860371553400853	585034.2955336163	775.8452924511809	691.8589984855266	1.165719	18.817913	0.0354154390875513	0.0253660135566817	0.0212842884	-0.1025383773	0.1228984919	0.1221310681	0.1020859725	-0.0468500999	0.010390894	-0.1218334624	-0.0495538207	0.2009031828	-0.0116974173	-0.1120841916	-0.0723375745	0.0472438902	-0.2215548768	0.0096554481	0.0226792297	0.1317228107	0.0395701709	0.0841790695	0.0184741268	-0.1736567802	0.1019131617	-0.1210344131	-0.043118838	0.0144693287	-0.1435195441	0.165443383	-0.0737443961	-0.0509830535	0.0936319397	-0.03716506	-0.0579799849	-0.0075699657	0.0022354577	0.1487704443	-0.0783828761	-0.1208326285	0.138849684	0.0139811579	-0.1238834441	-0.0925676213	0.0783095531	-0.0365631051	-0.0509448846	-0.2015451926	-0.0097155166	-0.0314624073	-0.1953611838	-0.0615765318	-0.1429671143	-0.0313181558	-0.1170580628	-0.0670877067	0.0601446022	-0.1402729809	-0.1434962952	0.0415010695	-0.0961843356	-0.1214383991	0.1374935829	0.0245562326	0.023339972	-0.0015010715	0.148667392	0.006745269	0.0946210461	0.0273915277	0.0586755836	0.0866956749	-0.0791806286	-0.0341331141	-0.0756019382	0.0982119776	0.0535056649	-0.0586859778	0.1184441113	0.0557253212	-0.0328512858	-0.0794869167	-0.0536040241	0.0653018178	-0.0444778927	-0.0411339572	0.0001290577	-0.1596116272	0.0446074037	-0.0158240591	-0.0362858184	-0.0755074121	0.0019868	-0.1585047787	-0.0180494773	-0.1277634447	0.1237830955	-0.1172407796	-0.0393484517374815	0.0001015205211985	0.0015483006541369	1.0306416224415452e-08	0.0108957540253555	0.0246421780755098	0.0006072369403051	0.000118717455781	0.1955265703581261	9.494166471310515e-05	9.01391969849568e-09	0.0382306397160112	0.0023651879619842	-4.0106556899784796e-08	5.594114095514974e-06	1.6085359063556749e-15	0.0003201371400933	-0.0001076230147805	1.1582713310443724e-08	1.0248778846711721e-07	-0.0011528803877433	-0.0001038728551851	1.3291331884431416e-06	1.0789570044325502e-08	0.0	0.0	0.0	0.0	0.0	0.0	0.0	0.0	0.0	0.0	0.0
823.3407325961767	-1.3921448516963435	677889.961952009	1.9380672881046348	967.722041195386	0.6503820288670568	0.422996783473229	936485.9490153644	762.8722867714383	-2.003059630585767	4.01224788368239	581974.1259238836	774.0077528342223	687.9623149679164	1.056075	17.047955	0.0359474661471947	0.0176678741897661	0.1051492049	0.0514041481	0.043723428	0.0161983279	0.0039128269	-0.1232543187	0.0819002767	0.0597961602	0.0088801462	0.1033017919	0.1257433944	0.1329481756	0.037759446	0.0708407578	0.0380853683	0.0629267993	0.0704185681	0.0709922554	0.014687839	-0.0330369425	-0.0744141945	-0.0449401316	0.1550386663	-0.0239065708	-0.0196205984	-0.0897560883	0.0225798884	-0.011561247	-0.1170689707	0.0935137316	-0.0613118779	0.0376222164	-0.0336404959	-0.0566440347	0.1492583909	-0.0109412751	0.1602482824	0.0199794441	0.0802284606	-0.0190537066	0.0439351341	0.0473091023	0.0348640107	0.0255508761	0.0762184373	-0.0036418027	0.0723462271	0.103403406	-0.0631833591	-0.0540579635	-0.0328918571	0.0817656653	-0.1371028719	0.0426930313	-0.005505862	-0.1789286914	-0.0590604189	-0.0321767793	0.0474246103	-0.0401240674	0.0203261426	0.034176696	-0.0814678686	0.0450093945	-0.0761150018	-0.0969494507	0.084224958	-0.0446886752	-0.0030519278	0.0670969001	-0.0552148245	-0.0909436787	0.0530487896	-0.0967041024	0.0806626807	-0.0440541257	0.0001736104	0.0328612523	0.1368877866	-0.1033809932	-0.0054907153	-0.0151711419	0.0396411242	-0.0011401857	0.0116047239	-0.0600548188	0.0833240797	0.017546207	-0.1194155703	-0.115606807	0.0682634754	-0.0463524136	-0.0398446462	-0.1282045865	0.1255324169	-0.1211199807	-0.039505380932951	-0.0001569291954695	0.0015606751226575	2.46267723907051e-08	0.0167957171889128	0.0058999631635573	3.4809565331333075e-05	0.0002820961158899	0.1818341527731632	-0.0136924175849628	0.000187482299321	0.033063659114734	0.0022717457884625	-9.344217352170004e-05	5.160828927397106e-06	8.731439792459503e-09	0.0004567978881833	0.00013666074809	1.867616006851845e-08	2.0866431064872266e-07	-0.0010590201852909	9.386020245239998e-05	1.121523752853572e-06	8.809737604405511e-09	0.0	0.0	0.0	0.0	0.0	0.0	0.0	0.0	0.0	0.0	0.0
821.973401830492	-1.3673307656847555	675640.2733167914	1.86959342278806	958.3360503993622	-9.385990796023862	88.09682322304464	918407.9854950488	761.4436106265169	-1.4286761449213827	2.041115527067424	579796.3721639467	772.1004024966733	678.1084780221033	1.05315	17.000744	0.0617473095583927	0.0420411011030946	-0.0078460229	-0.0854106799	0.0496573699	0.1620764692	-0.0209775495	-0.0696018004	0.0357807705	-0.1588481566	-0.0839168966	-0.0747519786	-0.0116235542	0.1598812046	0.0309434047	-0.1856258294	0.0562025289	0.102183874	-0.0863534546	-0.0510367586	0.1383457192	-0.0906632547	-0.091227731	0.0281613836	0.041480167	0.0816429537	0.0958415245	0.0789348392	0.0562325014	-0.0361921568	0.0022224935	0.0657046586	0.1051056313	0.0104219467	0.0027305437	-0.0713281339	0.0540334776	-0.0736024519	0.1123710046	-0.0226747308	-0.026851828	-0.0534989053	0.0784549772	0.0801654109	-0.0418216829	0.0718258112	-0.0951092788	0.0617840881	-0.1160271451	0.1306747568	-0.0089292913	0.0120344011	0.2100218027	0.0586620505	-0.0982558015	0.0757655717	-0.0517379469	-0.0149967614	0.0400506005	-0.1226797253	-0.0294191143	0.0773751187	-0.0414883826	0.1593024516	0.0392582908	-0.049186471	-0.0810039997	-0.0080401419	0.0584958539	-0.0289273677	-0.0897044813	-0.1012093439	-0.0475598952	-0.1027030753	-0.0726324069	0.0014105152	0.057945652	0.0006912654	0.0396841149	0.1238512403	-0.0016853696	-0.0622683383	0.0636216706	-0.0317118577	0.1023052701	0.021494582	-0.0439821642	0.0855281079	0.1080805609	0.0653641268	-0.1690713702	0.0605202003	0.1301779071	-0.0378674234	-0.1016373617	-0.1285578634	0.1269376627	-0.1242524367	-0.0417913027589378	-0.0022859218259867	0.0017465129862892	5.225438594522808e-06	0.0067259444102063	-0.0100697727787065	0.0001014003238147	4.523832820918537e-05	0.2202297476521977	0.0383955948790344	0.0014742217061149	0.0485011417509506	0.0021507655855871	-0.0001209802028754	4.625792604145821e-06	1.4636209487772992e-08	0.0004617609237291	4.9630355458e-06	2.4631721828874305e-11	2.1322315068315173e-07	-0.001152997348363	-9.397716307209996e-05	1.329402885332109e-06	8.831707179080068e-09	0.0	0.0	0.0	0.0	0.0	0.0	0.0	0.0	0.0	0.0	0.0
823.5113443106833	1.5379424801913046	678170.9342083888	2.365267072376981	965.7219377543828	7.3858873550206	54.55133202105319	932618.86106008	762.5751545095245	1.1315438830075664	1.280391559171841	581520.8662752252	773.3003219213241	670.3524585165159	1.141946	18.434147	0.0566837998434321	0.0277994147740438	0.1243473075	0.0637490597	0.0246320443	0.0995614744	-0.1833059085	-0.0322993418	-0.1104718719	0.0538579916	0.0317749322	-0.1108268946	0.1014300742	0.1147987418	0.0750359675	-0.1004508428	0.1273953949	-0.1207604805	0.0323300648	-0.0262224165	0.0419500966	0.1006833727	-0.1321558573	0.066993225	0.0339162153	0.168766037	-0.0341663392	0.0594230603	-0.0252867241	-0.0627067183	-0.0670314365	0.0933720053	0.1168327285	-0.021511051	0.0138573897	-0.0616459075	0.0162536331	-0.0879075493	-0.0608999555	-0.0769217495	0.0071698538	-0.0118993398	-0.1286586119	-0.0961457693	0.0159859195	0.0340285762	0.0480461783	0.1973995621	-0.0267594991	-0.1161309269	-0.115538464	0.0929333525	0.1236290467	-0.0631817595	0.0030488465	0.0884195998	-0.0055753293	0.0462865188	-0.0166875453	-0.0300166117	0.0100003115	-0.030168452	0.0352908836	0.106180536	-0.0443310722	-0.0458480196	-0.1817638566	-0.0085824811	0.0466422849	-0.021023904	-0.0463464934	-0.0316859281	-0.1660988071	0.0818316814	0.0719050579	-0.0169452391	0.071281901	0.0591797893	-0.0397295018	0.0738898072	0.1044519817	-0.1176297138	-0.0564601867	-0.0187439196	0.101651095	0.0966822978	-0.1046244761	-0.12687514	0.0499436566	-0.0188399029	-0.0209572175	0.0612549803	0.1412743212	-0.0196372817	-0.0598840859	-0.1288230331	0.1279949812	-0.1266188352	-0.0394664174211101	0.0023248853378276	0.0015575981040573	5.405091834046196e-06	-0.0047387756699777	-0.011464720080184	0.0001314398065169	2.24559948503726e-05	0.2028833196376922	-0.0173464280145054	0.0003008985648624	0.0411616413872099	0.0023651642973473	0.0002143987117602	5.594002153446347e-06	4.5966807604433326e-08	0.000320320898312	-0.0001414400254171	2.0005280789989897e-08	1.0260547789540665e-07	-0.000997880757322	0.0001551165910409	9.957660058335284e-07	2.4061156816180797e-08	0.0	0.0	0.0	0.0	0.0	0.0	0.0	0.0	0.0	0.0	0.0
823.9606831039755	0.4493387932922132	678911.20730117	0.2019053511573023	966.3879148404892	0.6659770861064089	0.4435254792187832	933905.6019497486	763.4582048857923	0.8830503762677608	0.779777967026634	582868.4306074363	774.3340158427591	685.5482628562233	1.237448	19.975813	0.064184141644685	0.0366371450876287	-0.0269943127	-0.0643372856	0.1067628211	0.0874256706	0.0627796895	0.0466389069	-0.0042065443	-0.0737722441	-0.0107720131	0.1737301186	0.1047617118	0.0123948175	-0.0983446966	-0.0921542859	0.0218363912	-0.0457608033	0.1300640269	0.1016202721	0.122180717	0.0414385545	0.0630001104	0.0773024212	0.0867775282	-0.0951071638	-0.1253303674	-0.0288410925	0.127396782	-0.014378273	-0.1227261172	-0.1666710168	0.0403897967	0.0701552776	-0.0760383061	0.0694974269	-0.2119895574	-0.1390226484	0.1191356848	-0.0352508675	-0.0132215271	0.0343209835	-0.0107509395	0.0858060762	-0.0773524469	-0.0915566613	-0.0816182188	0.0346261467	0.0259359153	0.049732877	-0.1785945026	-0.0128995433	0.0538604541	-0.1474045586	0.086484117	-0.1382336592	0.0500787459	-0.1180394033	0.0724888007	0.0189935024	0.1670989049	0.0481384549	0.1676313646	-0.0158510513	0.117193314	0.0966827698	0.0327441634	0.1169728742	-0.0701836011	-0.0870670834	0.1241104191	0.1120883271	0.0134621928	-0.0048990257	-0.0533152599	0.1257737605	0.0313257004	-0.0506103188	0.089403513	0.0107069599	-0.0381086302	-0.2237217084	-0.0112823361	-0.0361945891	0.0355759531	0.1216431071	0.0524258533	-0.1648648578	0.1065911512	0.0796352751	-0.0071295918	-0.0209558637	-0.1716424955	-0.0711519629	-0.0612715758	-0.1289999139	0.1287014744	-0.1282045865	-0.03970721947843	-0.0002408020573198	0.0015766632787082	5.7985630809495016e-08	0.0221970291246691	0.0269358047946468	0.0007255375799353	0.0004927081019614	0.1841709922886139	-0.0187123273490783	0.000350151194819	0.0339189544005726	0.0022611232229569	-0.0001040410743903	5.112678229395e-06	1.082454516030868e-08	0.0003211674892562	8.465909441999716e-07	7.167162268013995e-13	1.0314855615513133e-07	-0.0007368642737838	0.0002610164835382	5.429689579789271e-07	6.812960467864745e-08	0.0	0.0	0.0	0.0	0.0	0.0	0.0	0.0	0.0	0.0	0.0
822.7796804154202	-1.1810026885552816	676966.402504501	1.3947673503748037	969.6261137870893	3.2381989466000505	10.485932417761676	940174.8005378534	763.912525277528	0.4543203917356777	0.2064070183468596	583562.3462758898	775.4752401275076	681.9641265637947	1.178314	19.021238	0.056283253424159	0.0250207493917451	0.0856002449	-0.0139339837	-0.1562319658	-0.0346307061	0.1147947947	-0.1887665273	0.0861748876	0.0619471754	-0.0186580383	0.0568490401	-0.0709594034	0.0998533328	0.0695088699	0.1562246777	-0.0575719459	0.0004917702	-0.0164350037	0.0393123962	0.0571469989	-0.1794381372	0.0570198262	-0.0130878712	0.042835602	-0.1570435005	-0.1238477362	-0.0730481129	0.0336256961	-0.0415634237	-0.0019334536	0.024475185	0.1059595892	0.1591016921	-0.0778079061	0.0028343847	-0.013180441	0.005940506	0.1031125261	0.0371490184	-0.0520418529	-0.059620481	0.0139000109	0.066607769	-0.1376756638	0.0935496964	0.1090396313	-0.0938090344	0.0544148596	0.0491995564	0.0185791022	-0.147080438	0.0079130305	0.0809066858	0.0093848873	-0.1923245931	0.1137345155	-0.1546560033	0.1069568892	0.0370879872	0.123487952	0.0256032442	0.071139784	-0.0136563148	-0.0806150758	0.0616927747	0.0429551815	0.0044479786	-0.0391237607	-0.0659708958	-0.1116047886	0.0567892482	0.1429978639	-0.0121190647	-0.11113395	-0.1845137388	-0.010764126	-0.0238239742	0.0123495165	-0.0268235145	-0.0589388561	-0.1962688498	-0.1272816866	-0.0945112879	-0.085075151	0.121982989	0.1083020005	-0.0162360787	0.1155094023	0.037625098	-0.1036948139	-0.0563994906	-0.1306783277	-0.057357362	0.0335401867	-0.1290883846	0.1290552057	-0.1289999139	-0.0232308378530206	0.0164763816254094	0.0005396718273533	0.0002714711514661	0.0273942067784958	0.0051971776538266	2.7010655565435583e-05	0.0007504425650229	0.18601360154274	0.0018426092541261	3.395208863391158e-06	0.0346010599589012	0.0020770033910677	-0.0001841198318892	4.313943086506725e-06	3.390011249490737e-08	-1.919158004737298e-06	-0.0003230866472609	1.0438498163831332e-07	3.683167447147247e-12	-0.0008849994924496	-0.0001481352186657	7.832241016360496e-07	2.1944043009164372e-08	0.0	0.0	0.0	0.0	0.0	0.0	0.0	0.0	0.0	0.0	0.0
