
Sun Mar 15 12:26:04 CET 2026
cd /out/sourcedata/freesurfer/sub-v2s10x30154_ses-1
setenv SUBJECTS_DIR /out/sourcedata/freesurfer
/opt/freesurfer/bin/recon-all -autorecon-hemi lh -noparcstats -noparcstats2 -noparcstats3 -nohyporelabel -nobalabels -lh-only -openmp 16 -subjid sub-v2s10x30154_ses-1 -sd /out/sourcedata/freesurfer

subjid sub-v2s10x30154_ses-1
setenv SUBJECTS_DIR /out/sourcedata/freesurfer
FREESURFER_HOME /opt/freesurfer
Actual FREESURFER_HOME /opt/freesurfer
build-stamp.txt: freesurfer-linux-ubuntu22_x86_64-7.3.2-20220804-6354275
Linux dna078 5.14.0-427.37.1.el9_4.x86_64 #1 SMP PREEMPT_DYNAMIC Fri Sep 13 12:41:50 EDT 2024 x86_64 x86_64 x86_64 GNU/Linux
cputime      unlimited
filesize     unlimited
datasize     unlimited
stacksize    8192 kbytes
coredumpsize 0 kbytes
memoryuse    67108864 kbytes
vmemoryuse   unlimited
descriptors  1024 
memorylocked unlimited
maxproc      2061970 
maxlocks     unlimited
maxsignal    2062029 
maxmessage   819200 
maxnice      0 
maxrtprio    0 
maxrttime    unlimited

               total        used        free      shared  buff/cache   available
Mem:           503Gi        57Gi       384Gi       9.2Gi        61Gi       433Gi
Swap:             0B          0B          0B

########################################
program versions used
7.3.2 (freesurfer-linux-ubuntu22_x86_64-7.3.2-20220804-6354275)
7.3.2

ProgramName: lta_convert  ProgramArguments: lta_convert -all-info  ProgramVersion: 7.3.2  TimeStamp: 2026/03/15-11:26:04-GMT  BuildTime: Aug  4 2022 06:17:15  BuildStamp: freesurfer-linux-ubuntu22_x86_64-7.3.2-20220804-6354275  User: oesteban  Machine: dna078  Platform: Linux  PlatformVersion: 5.14.0-427.37.1.el9_4.x86_64  CompilerName: GCC  CompilerVersion: 8.4.0
ProgramName: mri_and  ProgramArguments: mri_and -all-info  ProgramVersion: 7.3.2  TimeStamp: 2026/03/15-11:26:04-GMT  BuildTime: Aug  4 2022 06:17:15  BuildStamp: freesurfer-linux-ubuntu22_x86_64-7.3.2-20220804-6354275  User: oesteban  Machine: dna078  Platform: Linux  PlatformVersion: 5.14.0-427.37.1.el9_4.x86_64  CompilerName: GCC  CompilerVersion: 8.4.0
ProgramName: mri_annotation2label  ProgramArguments: mri_annotation2label -all-info  ProgramVersion: 7.3.2  TimeStamp: 2026/03/15-11:26:04-GMT  BuildTime: Aug  4 2022 06:17:15  BuildStamp: freesurfer-linux-ubuntu22_x86_64-7.3.2-20220804-6354275  User: oesteban  Machine: dna078  Platform: Linux  PlatformVersion: 5.14.0-427.37.1.el9_4.x86_64  CompilerName: GCC  CompilerVersion: 8.4.0
ProgramName: mri_aparc2aseg  ProgramArguments: mri_aparc2aseg -all-info  ProgramVersion: 7.3.2  TimeStamp: 2026/03/15-11:26:04-GMT  BuildTime: Aug  4 2022 06:17:15  BuildStamp: freesurfer-linux-ubuntu22_x86_64-7.3.2-20220804-6354275  User: oesteban  Machine: dna078  Platform: Linux  PlatformVersion: 5.14.0-427.37.1.el9_4.x86_64  CompilerName: GCC  CompilerVersion: 8.4.0
ProgramName: mri_surf2volseg  ProgramArguments: mri_surf2volseg -all-info  ProgramVersion: 7.3.2  TimeStamp: 2026/03/15-11:26:04-GMT  BuildTime: Aug  4 2022 06:17:15  BuildStamp: freesurfer-linux-ubuntu22_x86_64-7.3.2-20220804-6354275  User: oesteban  Machine: dna078  Platform: Linux  PlatformVersion: 5.14.0-427.37.1.el9_4.x86_64  CompilerName: GCC  CompilerVersion: 8.4.0
ProgramName: mri_binarize  ProgramArguments: mri_binarize -all-info  ProgramVersion: 7.3.2  TimeStamp: 2026/03/15-11:26:04-GMT  BuildTime: Aug  4 2022 06:17:15  BuildStamp: freesurfer-linux-ubuntu22_x86_64-7.3.2-20220804-6354275  User: oesteban  Machine: dna078  Platform: Linux  PlatformVersion: 5.14.0-427.37.1.el9_4.x86_64  CompilerName: GCC  CompilerVersion: 8.4.0
ProgramName: mri_ca_label  ProgramArguments: mri_ca_label -all-info  ProgramVersion: 7.3.2  TimeStamp: 2026/03/15-11:26:04-GMT  BuildTime: Aug  4 2022 06:17:15  BuildStamp: freesurfer-linux-ubuntu22_x86_64-7.3.2-20220804-6354275  User: oesteban  Machine: dna078  Platform: Linux  PlatformVersion: 5.14.0-427.37.1.el9_4.x86_64  CompilerName: GCC  CompilerVersion: 8.4.0
ProgramName: mri_ca_normalize  ProgramArguments: mri_ca_normalize -all-info  ProgramVersion: 7.3.2  TimeStamp: 2026/03/15-11:26:04-GMT  BuildTime: Aug  4 2022 06:17:15  BuildStamp: freesurfer-linux-ubuntu22_x86_64-7.3.2-20220804-6354275  User: oesteban  Machine: dna078  Platform: Linux  PlatformVersion: 5.14.0-427.37.1.el9_4.x86_64  CompilerName: GCC  CompilerVersion: 8.4.0
ProgramName: mri_ca_register  ProgramArguments: mri_ca_register -all-info  ProgramVersion: 7.3.2  TimeStamp: 2026/03/15-11:26:04-GMT  BuildTime: Aug  4 2022 06:17:15  BuildStamp: freesurfer-linux-ubuntu22_x86_64-7.3.2-20220804-6354275  User: oesteban  Machine: dna078  Platform: Linux  PlatformVersion: 5.14.0-427.37.1.el9_4.x86_64  CompilerName: GCC  CompilerVersion: 8.4.0
ProgramName: mri_cc  ProgramArguments: mri_cc -all-info  ProgramVersion: 7.3.2  TimeStamp: 2026/03/15-11:26:04-GMT  BuildTime: Aug  4 2022 06:17:15  BuildStamp: freesurfer-linux-ubuntu22_x86_64-7.3.2-20220804-6354275  User: oesteban  Machine: dna078  Platform: Linux  PlatformVersion: 5.14.0-427.37.1.el9_4.x86_64  CompilerName: GCC  CompilerVersion: 8.4.0
ProgramName: mri_compute_overlap  ProgramArguments: mri_compute_overlap -all-info  ProgramVersion: 7.3.2  TimeStamp: 2026/03/15-11:26:04-GMT  BuildTime: Aug  4 2022 06:17:15  BuildStamp: freesurfer-linux-ubuntu22_x86_64-7.3.2-20220804-6354275  User: oesteban  Machine: dna078  Platform: Linux  PlatformVersion: 5.14.0-427.37.1.el9_4.x86_64  CompilerName: GCC  CompilerVersion: 8.4.0
ProgramName: mri_compute_seg_overlap  ProgramArguments: mri_compute_seg_overlap -all-info  ProgramVersion: 7.3.2  TimeStamp: 2026/03/15-11:26:04-GMT  BuildTime: Aug  4 2022 06:17:15  BuildStamp: freesurfer-linux-ubuntu22_x86_64-7.3.2-20220804-6354275  User: oesteban  Machine: dna078  Platform: Linux  PlatformVersion: 5.14.0-427.37.1.el9_4.x86_64  CompilerName: GCC  CompilerVersion: 8.4.0
ProgramName: mri_concat  ProgramArguments: mri_concat -all-info  ProgramVersion: 7.3.2  TimeStamp: 2026/03/15-11:26:04-GMT  BuildTime: Aug  4 2022 06:17:15  BuildStamp: freesurfer-linux-ubuntu22_x86_64-7.3.2-20220804-6354275  User: oesteban  Machine: dna078  Platform: Linux  PlatformVersion: 5.14.0-427.37.1.el9_4.x86_64  CompilerName: GCC  CompilerVersion: 8.4.0
ProgramName: mri_concatenate_lta  ProgramArguments: mri_concatenate_lta -all-info  ProgramVersion: 7.3.2  TimeStamp: 2026/03/15-11:26:04-GMT  BuildTime: Aug  4 2022 06:17:15  BuildStamp: freesurfer-linux-ubuntu22_x86_64-7.3.2-20220804-6354275  User: oesteban  Machine: dna078  Platform: Linux  PlatformVersion: 5.14.0-427.37.1.el9_4.x86_64  CompilerName: GCC  CompilerVersion: 8.4.0
mri_convert -all-info 
ProgramName: mri_convert  ProgramArguments: mri_convert -all-info  ProgramVersion: 7.3.2  TimeStamp: 2026/03/15-11:26:04-GMT  BuildTime: Aug  4 2022 06:17:15  BuildStamp: freesurfer-linux-ubuntu22_x86_64-7.3.2-20220804-6354275  User: oesteban  Machine: dna078  Platform: Linux  PlatformVersion: 5.14.0-427.37.1.el9_4.x86_64  CompilerName: GCC  CompilerVersion: 8.4.0
ProgramName: mri_diff  ProgramArguments: mri_diff -all-info  ProgramVersion: 7.3.2  TimeStamp: 2026/03/15-11:26:04-GMT  BuildTime: Aug  4 2022 06:17:15  BuildStamp: freesurfer-linux-ubuntu22_x86_64-7.3.2-20220804-6354275  User: oesteban  Machine: dna078  Platform: Linux  PlatformVersion: 5.14.0-427.37.1.el9_4.x86_64  CompilerName: GCC  CompilerVersion: 8.4.0
ProgramName: mri_edit_wm_with_aseg  ProgramArguments: mri_edit_wm_with_aseg -all-info  ProgramVersion: 7.3.2  TimeStamp: 2026/03/15-11:26:04-GMT  BuildTime: Aug  4 2022 06:17:15  BuildStamp: freesurfer-linux-ubuntu22_x86_64-7.3.2-20220804-6354275  User: oesteban  Machine: dna078  Platform: Linux  PlatformVersion: 5.14.0-427.37.1.el9_4.x86_64  CompilerName: GCC  CompilerVersion: 8.4.0
ProgramName: mri_em_register  ProgramArguments: mri_em_register -all-info  ProgramVersion: 7.3.2  TimeStamp: 2026/03/15-11:26:04-GMT  BuildTime: Aug  4 2022 06:17:15  BuildStamp: freesurfer-linux-ubuntu22_x86_64-7.3.2-20220804-6354275  User: oesteban  Machine: dna078  Platform: Linux  PlatformVersion: 5.14.0-427.37.1.el9_4.x86_64  CompilerName: GCC  CompilerVersion: 8.4.0
ProgramName: mri_fill  ProgramArguments: mri_fill -all-info  ProgramVersion: 7.3.2  TimeStamp: 2026/03/15-11:26:04-GMT  BuildTime: Aug  4 2022 06:17:15  BuildStamp: freesurfer-linux-ubuntu22_x86_64-7.3.2-20220804-6354275  User: oesteban  Machine: dna078  Platform: Linux  PlatformVersion: 5.14.0-427.37.1.el9_4.x86_64  CompilerName: GCC  CompilerVersion: 8.4.0
ProgramName: mri_fuse_segmentations  ProgramArguments: mri_fuse_segmentations -all-info  ProgramVersion: 7.3.2  TimeStamp: 2026/03/15-11:26:04-GMT  BuildTime: Aug  4 2022 06:17:15  BuildStamp: freesurfer-linux-ubuntu22_x86_64-7.3.2-20220804-6354275  User: oesteban  Machine: dna078  Platform: Linux  PlatformVersion: 5.14.0-427.37.1.el9_4.x86_64  CompilerName: GCC  CompilerVersion: 8.4.0
ProgramName: mri_fwhm  ProgramArguments: mri_fwhm -all-info  ProgramVersion: 7.3.2  TimeStamp: 2026/03/15-11:26:04-GMT  BuildTime: Aug  4 2022 06:17:15  BuildStamp: freesurfer-linux-ubuntu22_x86_64-7.3.2-20220804-6354275  User: oesteban  Machine: dna078  Platform: Linux  PlatformVersion: 5.14.0-427.37.1.el9_4.x86_64  CompilerName: GCC  CompilerVersion: 8.4.0
ProgramName: mri_gcut  ProgramArguments: mri_gcut -all-info  ProgramVersion: 7.3.2  TimeStamp: 2026/03/15-11:26:04-GMT  BuildTime: Aug  4 2022 06:17:15  BuildStamp: freesurfer-linux-ubuntu22_x86_64-7.3.2-20220804-6354275  User: oesteban  Machine: dna078  Platform: Linux  PlatformVersion: 5.14.0-427.37.1.el9_4.x86_64  CompilerName: GCC  CompilerVersion: 8.4.0
ProgramName: mri_info  ProgramArguments: mri_info -all-info  ProgramVersion: 7.3.2  TimeStamp: 2026/03/15-11:26:04-GMT  BuildTime: Aug  4 2022 06:17:15  BuildStamp: freesurfer-linux-ubuntu22_x86_64-7.3.2-20220804-6354275  User: oesteban  Machine: dna078  Platform: Linux  PlatformVersion: 5.14.0-427.37.1.el9_4.x86_64  CompilerName: GCC  CompilerVersion: 8.4.0
ProgramName: mri_label2label  ProgramArguments: mri_label2label -all-info  ProgramVersion: 7.3.2  TimeStamp: 2026/03/15-11:26:04-GMT  BuildTime: Aug  4 2022 06:17:15  BuildStamp: freesurfer-linux-ubuntu22_x86_64-7.3.2-20220804-6354275  User: oesteban  Machine: dna078  Platform: Linux  PlatformVersion: 5.14.0-427.37.1.el9_4.x86_64  CompilerName: GCC  CompilerVersion: 8.4.0
ProgramName: mri_label2vol  ProgramArguments: mri_label2vol -all-info  ProgramVersion: 7.3.2  TimeStamp: 2026/03/15-11:26:04-GMT  BuildTime: Aug  4 2022 06:17:15  BuildStamp: freesurfer-linux-ubuntu22_x86_64-7.3.2-20220804-6354275  User: oesteban  Machine: dna078  Platform: Linux  PlatformVersion: 5.14.0-427.37.1.el9_4.x86_64  CompilerName: GCC  CompilerVersion: 8.4.0
ProgramName: mri_log_likelihood  ProgramArguments: mri_log_likelihood -all-info  ProgramVersion: 7.3.2  TimeStamp: 2026/03/15-11:26:04-GMT  BuildTime: Aug  4 2022 06:17:15  BuildStamp: freesurfer-linux-ubuntu22_x86_64-7.3.2-20220804-6354275  User: oesteban  Machine: dna078  Platform: Linux  PlatformVersion: 5.14.0-427.37.1.el9_4.x86_64  CompilerName: GCC  CompilerVersion: 8.4.0
ProgramName: mri_mask  ProgramArguments: mri_mask -all-info  ProgramVersion: 7.3.2  TimeStamp: 2026/03/15-11:26:04-GMT  BuildTime: Aug  4 2022 06:17:15  BuildStamp: freesurfer-linux-ubuntu22_x86_64-7.3.2-20220804-6354275  User: oesteban  Machine: dna078  Platform: Linux  PlatformVersion: 5.14.0-427.37.1.el9_4.x86_64  CompilerName: GCC  CompilerVersion: 8.4.0
ProgramName: mri_matrix_multiply  ProgramArguments: mri_matrix_multiply -all-info  ProgramVersion: 7.3.2  TimeStamp: 2026/03/15-11:26:04-GMT  BuildTime: Aug  4 2022 06:17:15  BuildStamp: freesurfer-linux-ubuntu22_x86_64-7.3.2-20220804-6354275  User: oesteban  Machine: dna078  Platform: Linux  PlatformVersion: 5.14.0-427.37.1.el9_4.x86_64  CompilerName: GCC  CompilerVersion: 8.4.0
ProgramName: mri_normalize  ProgramArguments: mri_normalize -all-info  ProgramVersion: 7.3.2  TimeStamp: 2026/03/15-11:26:04-GMT  BuildTime: Aug  4 2022 06:17:15  BuildStamp: freesurfer-linux-ubuntu22_x86_64-7.3.2-20220804-6354275  User: oesteban  Machine: dna078  Platform: Linux  PlatformVersion: 5.14.0-427.37.1.el9_4.x86_64  CompilerName: GCC  CompilerVersion: 8.4.0
ProgramName: mri_normalize_tp2  ProgramArguments: mri_normalize_tp2 -all-info  ProgramVersion: 7.3.2  TimeStamp: 2026/03/15-11:26:04-GMT  BuildTime: Aug  4 2022 06:17:15  BuildStamp: freesurfer-linux-ubuntu22_x86_64-7.3.2-20220804-6354275  User: oesteban  Machine: dna078  Platform: Linux  PlatformVersion: 5.14.0-427.37.1.el9_4.x86_64  CompilerName: GCC  CompilerVersion: 8.4.0
ProgramName: mri_or  ProgramArguments: mri_or -all-info  ProgramVersion: 7.3.2  TimeStamp: 2026/03/15-11:26:04-GMT  BuildTime: Aug  4 2022 06:17:15  BuildStamp: freesurfer-linux-ubuntu22_x86_64-7.3.2-20220804-6354275  User: oesteban  Machine: dna078  Platform: Linux  PlatformVersion: 5.14.0-427.37.1.el9_4.x86_64  CompilerName: GCC  CompilerVersion: 8.4.0
ProgramName: mri_relabel_hypointensities  ProgramArguments: mri_relabel_hypointensities -all-info  ProgramVersion: 7.3.2  TimeStamp: 2026/03/15-11:26:04-GMT  BuildTime: Aug  4 2022 06:17:15  BuildStamp: freesurfer-linux-ubuntu22_x86_64-7.3.2-20220804-6354275  User: oesteban  Machine: dna078  Platform: Linux  PlatformVersion: 5.14.0-427.37.1.el9_4.x86_64  CompilerName: GCC  CompilerVersion: 8.4.0
ProgramName: mri_relabel_nonwm_hypos  ProgramArguments: mri_relabel_nonwm_hypos -all-info  ProgramVersion: 7.3.2  TimeStamp: 2026/03/15-11:26:04-GMT  BuildTime: Aug  4 2022 06:17:15  BuildStamp: freesurfer-linux-ubuntu22_x86_64-7.3.2-20220804-6354275  User: oesteban  Machine: dna078  Platform: Linux  PlatformVersion: 5.14.0-427.37.1.el9_4.x86_64  CompilerName: GCC  CompilerVersion: 8.4.0
ProgramName: mri_remove_neck  ProgramArguments: mri_remove_neck -all-info  ProgramVersion: 7.3.2  TimeStamp: 2026/03/15-11:26:04-GMT  BuildTime: Aug  4 2022 06:17:15  BuildStamp: freesurfer-linux-ubuntu22_x86_64-7.3.2-20220804-6354275  User: oesteban  Machine: dna078  Platform: Linux  PlatformVersion: 5.14.0-427.37.1.el9_4.x86_64  CompilerName: GCC  CompilerVersion: 8.4.0
7.3.2

ProgramName: mri_robust_register  ProgramArguments: mri_robust_register -all-info  ProgramVersion: 7.3.2  TimeStamp: 2026/03/15-11:26:04-GMT  BuildTime: Aug  4 2022 06:17:15  BuildStamp: freesurfer-linux-ubuntu22_x86_64-7.3.2-20220804-6354275  User: oesteban  Machine: dna078  Platform: Linux  PlatformVersion: 5.14.0-427.37.1.el9_4.x86_64  CompilerName: GCC  CompilerVersion: 8.4.0
7.3.2

ProgramName: mri_robust_template  ProgramArguments: mri_robust_template -all-info  ProgramVersion: 7.3.2  TimeStamp: 2026/03/15-11:26:04-GMT  BuildTime: Aug  4 2022 06:17:15  BuildStamp: freesurfer-linux-ubuntu22_x86_64-7.3.2-20220804-6354275  User: oesteban  Machine: dna078  Platform: Linux  PlatformVersion: 5.14.0-427.37.1.el9_4.x86_64  CompilerName: GCC  CompilerVersion: 8.4.0
ProgramName: mris_anatomical_stats  ProgramArguments: mris_anatomical_stats -all-info  ProgramVersion: 7.3.2  TimeStamp: 2026/03/15-11:26:04-GMT  BuildTime: Aug  4 2022 06:17:15  BuildStamp: freesurfer-linux-ubuntu22_x86_64-7.3.2-20220804-6354275  User: oesteban  Machine: dna078  Platform: Linux  PlatformVersion: 5.14.0-427.37.1.el9_4.x86_64  CompilerName: GCC  CompilerVersion: 8.4.0
ProgramName: mris_ca_label  ProgramArguments: mris_ca_label -all-info  ProgramVersion: 7.3.2  TimeStamp: 2026/03/15-11:26:05-GMT  BuildTime: Aug  4 2022 06:17:15  BuildStamp: freesurfer-linux-ubuntu22_x86_64-7.3.2-20220804-6354275  User: oesteban  Machine: dna078  Platform: Linux  PlatformVersion: 5.14.0-427.37.1.el9_4.x86_64  CompilerName: GCC  CompilerVersion: 8.4.0
ProgramName: mris_calc  ProgramArguments: mris_calc -all-info  ProgramVersion: 7.3.2  TimeStamp: 2026/03/15-11:26:05-GMT  BuildTime: Aug  4 2022 06:17:15  BuildStamp: freesurfer-linux-ubuntu22_x86_64-7.3.2-20220804-6354275  User: oesteban  Machine: dna078  Platform: Linux  PlatformVersion: 5.14.0-427.37.1.el9_4.x86_64  CompilerName: GCC  CompilerVersion: 8.4.0
ProgramName: mris_convert  ProgramArguments: mris_convert -all-info  ProgramVersion: 7.3.2  TimeStamp: 2026/03/15-11:26:05-GMT  BuildTime: Aug  4 2022 06:17:15  BuildStamp: freesurfer-linux-ubuntu22_x86_64-7.3.2-20220804-6354275  User: oesteban  Machine: dna078  Platform: Linux  PlatformVersion: 5.14.0-427.37.1.el9_4.x86_64  CompilerName: GCC  CompilerVersion: 8.4.0
ProgramName: mris_curvature  ProgramArguments: mris_curvature -all-info  ProgramVersion: 7.3.2  TimeStamp: 2026/03/15-11:26:05-GMT  BuildTime: Aug  4 2022 06:17:15  BuildStamp: freesurfer-linux-ubuntu22_x86_64-7.3.2-20220804-6354275  User: oesteban  Machine: dna078  Platform: Linux  PlatformVersion: 5.14.0-427.37.1.el9_4.x86_64  CompilerName: GCC  CompilerVersion: 8.4.0
ProgramName: mris_curvature_stats  ProgramArguments: mris_curvature_stats -all-info  ProgramVersion: 7.3.2  TimeStamp: 2026/03/15-11:26:05-GMT  BuildTime: Aug  4 2022 06:17:15  BuildStamp: freesurfer-linux-ubuntu22_x86_64-7.3.2-20220804-6354275  User: oesteban  Machine: dna078  Platform: Linux  PlatformVersion: 5.14.0-427.37.1.el9_4.x86_64  CompilerName: GCC  CompilerVersion: 8.4.0
ProgramName: mris_diff  ProgramArguments: mris_diff -all-info  ProgramVersion: 7.3.2  TimeStamp: 2026/03/15-11:26:05-GMT  BuildTime: Aug  4 2022 06:17:15  BuildStamp: freesurfer-linux-ubuntu22_x86_64-7.3.2-20220804-6354275  User: oesteban  Machine: dna078  Platform: Linux  PlatformVersion: 5.14.0-427.37.1.el9_4.x86_64  CompilerName: GCC  CompilerVersion: 8.4.0
ProgramName: mris_divide_parcellation  ProgramArguments: mris_divide_parcellation -all-info  ProgramVersion: 7.3.2  TimeStamp: 2026/03/15-11:26:05-GMT  BuildTime: Aug  4 2022 06:17:15  BuildStamp: freesurfer-linux-ubuntu22_x86_64-7.3.2-20220804-6354275  User: oesteban  Machine: dna078  Platform: Linux  PlatformVersion: 5.14.0-427.37.1.el9_4.x86_64  CompilerName: GCC  CompilerVersion: 8.4.0
ProgramName: mri_segment  ProgramArguments: mri_segment -all-info  ProgramVersion: 7.3.2  TimeStamp: 2026/03/15-11:26:05-GMT  BuildTime: Aug  4 2022 06:17:15  BuildStamp: freesurfer-linux-ubuntu22_x86_64-7.3.2-20220804-6354275  User: oesteban  Machine: dna078  Platform: Linux  PlatformVersion: 5.14.0-427.37.1.el9_4.x86_64  CompilerName: GCC  CompilerVersion: 8.4.0
ProgramName: mri_segstats  ProgramArguments: mri_segstats -all-info  ProgramVersion: 7.3.2  TimeStamp: 2026/03/15-11:26:05-GMT  BuildTime: Aug  4 2022 06:17:15  BuildStamp: freesurfer-linux-ubuntu22_x86_64-7.3.2-20220804-6354275  User: oesteban  Machine: dna078  Platform: Linux  PlatformVersion: 5.14.0-427.37.1.el9_4.x86_64  CompilerName: GCC  CompilerVersion: 8.4.0
ProgramName: mris_euler_number  ProgramArguments: mris_euler_number -all-info  ProgramVersion: 7.3.2  TimeStamp: 2026/03/15-11:26:05-GMT  BuildTime: Aug  4 2022 06:17:15  BuildStamp: freesurfer-linux-ubuntu22_x86_64-7.3.2-20220804-6354275  User: oesteban  Machine: dna078  Platform: Linux  PlatformVersion: 5.14.0-427.37.1.el9_4.x86_64  CompilerName: GCC  CompilerVersion: 8.4.0
ProgramName: mris_fix_topology  ProgramArguments: mris_fix_topology -all-info  ProgramVersion: 7.3.2  TimeStamp: 2026/03/15-11:26:05-GMT  BuildTime: Aug  4 2022 06:17:15  BuildStamp: freesurfer-linux-ubuntu22_x86_64-7.3.2-20220804-6354275  User: oesteban  Machine: dna078  Platform: Linux  PlatformVersion: 5.14.0-427.37.1.el9_4.x86_64  CompilerName: GCC  CompilerVersion: 8.4.0
ProgramName: mris_topo_fixer  ProgramArguments: mris_topo_fixer -all-info  ProgramVersion: 7.3.2  TimeStamp: 2026/03/15-11:26:05-GMT  BuildTime: Aug  4 2022 06:17:15  BuildStamp: freesurfer-linux-ubuntu22_x86_64-7.3.2-20220804-6354275  User: oesteban  Machine: dna078  Platform: Linux  PlatformVersion: 5.14.0-427.37.1.el9_4.x86_64  CompilerName: GCC  CompilerVersion: 8.4.0
ProgramName: mris_jacobian  ProgramArguments: mris_jacobian -all-info  ProgramVersion: 7.3.2  TimeStamp: 2026/03/15-11:26:05-GMT  BuildTime: Aug  4 2022 06:17:15  BuildStamp: freesurfer-linux-ubuntu22_x86_64-7.3.2-20220804-6354275  User: oesteban  Machine: dna078  Platform: Linux  PlatformVersion: 5.14.0-427.37.1.el9_4.x86_64  CompilerName: GCC  CompilerVersion: 8.4.0
ProgramName: mris_label2annot  ProgramArguments: mris_label2annot -all-info  ProgramVersion: 7.3.2  TimeStamp: 2026/03/15-11:26:05-GMT  BuildTime: Aug  4 2022 06:17:15  BuildStamp: freesurfer-linux-ubuntu22_x86_64-7.3.2-20220804-6354275  User: oesteban  Machine: dna078  Platform: Linux  PlatformVersion: 5.14.0-427.37.1.el9_4.x86_64  CompilerName: GCC  CompilerVersion: 8.4.0
ProgramName: mris_left_right_register  ProgramArguments: mris_left_right_register -all-info  ProgramVersion: 7.3.2  TimeStamp: 2026/03/15-11:26:05-GMT  BuildTime: Aug  4 2022 06:17:15  BuildStamp: freesurfer-linux-ubuntu22_x86_64-7.3.2-20220804-6354275  User: oesteban  Machine: dna078  Platform: Linux  PlatformVersion: 5.14.0-427.37.1.el9_4.x86_64  CompilerName: GCC  CompilerVersion: 8.4.0
ProgramName: mris_place_surface  ProgramArguments: mris_place_surface -all-info  ProgramVersion: 7.3.2  TimeStamp: 2026/03/15-11:26:05-GMT  BuildTime: Aug  4 2022 06:17:15  BuildStamp: freesurfer-linux-ubuntu22_x86_64-7.3.2-20220804-6354275  User: oesteban  Machine: dna078  Platform: Linux  PlatformVersion: 5.14.0-427.37.1.el9_4.x86_64  CompilerName: GCC  CompilerVersion: 8.4.0
ProgramName: mrisp_paint  ProgramArguments: mrisp_paint -all-info  ProgramVersion: 7.3.2  TimeStamp: 2026/03/15-11:26:05-GMT  BuildTime: Aug  4 2022 06:17:15  BuildStamp: freesurfer-linux-ubuntu22_x86_64-7.3.2-20220804-6354275  User: oesteban  Machine: dna078  Platform: Linux  PlatformVersion: 5.14.0-427.37.1.el9_4.x86_64  CompilerName: GCC  CompilerVersion: 8.4.0
ProgramName: mris_register  ProgramArguments: mris_register -all-info  ProgramVersion: 7.3.2  TimeStamp: 2026/03/15-11:26:05-GMT  BuildTime: Aug  4 2022 06:17:15  BuildStamp: freesurfer-linux-ubuntu22_x86_64-7.3.2-20220804-6354275  User: oesteban  Machine: dna078  Platform: Linux  PlatformVersion: 5.14.0-427.37.1.el9_4.x86_64  CompilerName: GCC  CompilerVersion: 8.4.0
ProgramName: mris_smooth  ProgramArguments: mris_smooth -all-info  ProgramVersion: 7.3.2  TimeStamp: 2026/03/15-11:26:05-GMT  BuildTime: Aug  4 2022 06:17:15  BuildStamp: freesurfer-linux-ubuntu22_x86_64-7.3.2-20220804-6354275  User: oesteban  Machine: dna078  Platform: Linux  PlatformVersion: 5.14.0-427.37.1.el9_4.x86_64  CompilerName: GCC  CompilerVersion: 8.4.0
ProgramName: mris_sphere  ProgramArguments: mris_sphere -all-info  ProgramVersion: 7.3.2  TimeStamp: 2026/03/15-11:26:05-GMT  BuildTime: Aug  4 2022 06:17:15  BuildStamp: freesurfer-linux-ubuntu22_x86_64-7.3.2-20220804-6354275  User: oesteban  Machine: dna078  Platform: Linux  PlatformVersion: 5.14.0-427.37.1.el9_4.x86_64  CompilerName: GCC  CompilerVersion: 8.4.0
ProgramName: mris_surface_stats  ProgramArguments: mris_surface_stats -all-info  ProgramVersion: 7.3.2  TimeStamp: 2026/03/15-11:26:05-GMT  BuildTime: Aug  4 2022 06:17:15  BuildStamp: freesurfer-linux-ubuntu22_x86_64-7.3.2-20220804-6354275  User: oesteban  Machine: dna078  Platform: Linux  PlatformVersion: 5.14.0-427.37.1.el9_4.x86_64  CompilerName: GCC  CompilerVersion: 8.4.0
ProgramName: mri_stats2seg  ProgramArguments: mri_stats2seg -all-info  ProgramVersion: 7.3.2  TimeStamp: 2026/03/15-11:26:05-GMT  BuildTime: Aug  4 2022 06:17:15  BuildStamp: freesurfer-linux-ubuntu22_x86_64-7.3.2-20220804-6354275  User: oesteban  Machine: dna078  Platform: Linux  PlatformVersion: 5.14.0-427.37.1.el9_4.x86_64  CompilerName: GCC  CompilerVersion: 8.4.0
ProgramName: mris_thickness  ProgramArguments: mris_thickness -all-info  ProgramVersion: 7.3.2  TimeStamp: 2026/03/15-11:26:05-GMT  BuildTime: Aug  4 2022 06:17:15  BuildStamp: freesurfer-linux-ubuntu22_x86_64-7.3.2-20220804-6354275  User: oesteban  Machine: dna078  Platform: Linux  PlatformVersion: 5.14.0-427.37.1.el9_4.x86_64  CompilerName: GCC  CompilerVersion: 8.4.0
ProgramName: mris_thickness_diff  ProgramArguments: mris_thickness_diff -all-info  ProgramVersion: 7.3.2  TimeStamp: 2026/03/15-11:26:05-GMT  BuildTime: Aug  4 2022 06:17:15  BuildStamp: freesurfer-linux-ubuntu22_x86_64-7.3.2-20220804-6354275  User: oesteban  Machine: dna078  Platform: Linux  PlatformVersion: 5.14.0-427.37.1.el9_4.x86_64  CompilerName: GCC  CompilerVersion: 8.4.0
ProgramName: mris_topo_fixer  ProgramArguments: mris_topo_fixer -all-info  ProgramVersion: 7.3.2  TimeStamp: 2026/03/15-11:26:05-GMT  BuildTime: Aug  4 2022 06:17:15  BuildStamp: freesurfer-linux-ubuntu22_x86_64-7.3.2-20220804-6354275  User: oesteban  Machine: dna078  Platform: Linux  PlatformVersion: 5.14.0-427.37.1.el9_4.x86_64  CompilerName: GCC  CompilerVersion: 8.4.0
ProgramName: mri_surf2surf  ProgramArguments: mri_surf2surf -all-info  ProgramVersion: 7.3.2  TimeStamp: 2026/03/15-11:26:05-GMT  BuildTime: Aug  4 2022 06:17:15  BuildStamp: freesurfer-linux-ubuntu22_x86_64-7.3.2-20220804-6354275  User: oesteban  Machine: dna078  Platform: Linux  PlatformVersion: 5.14.0-427.37.1.el9_4.x86_64  CompilerName: GCC  CompilerVersion: 8.4.0
ProgramName: mri_surf2vol  ProgramArguments: mri_surf2vol -all-info  ProgramVersion: 7.3.2  TimeStamp: 2026/03/15-11:26:05-GMT  BuildTime: Aug  4 2022 06:17:15  BuildStamp: freesurfer-linux-ubuntu22_x86_64-7.3.2-20220804-6354275  User: oesteban  Machine: dna078  Platform: Linux  PlatformVersion: 5.14.0-427.37.1.el9_4.x86_64  CompilerName: GCC  CompilerVersion: 8.4.0
ProgramName: mri_surfcluster  ProgramArguments: mri_surfcluster -all-info  ProgramVersion: 7.3.2  TimeStamp: 2026/03/15-11:26:05-GMT  BuildTime: Aug  4 2022 06:17:15  BuildStamp: freesurfer-linux-ubuntu22_x86_64-7.3.2-20220804-6354275  User: oesteban  Machine: dna078  Platform: Linux  PlatformVersion: 5.14.0-427.37.1.el9_4.x86_64  CompilerName: GCC  CompilerVersion: 8.4.0
ProgramName: mris_volmask  ProgramArguments: mris_volmask -all-info  ProgramVersion: 7.3.2  TimeStamp: 2026/03/15-11:26:05-GMT  BuildTime: Aug  4 2022 06:17:15  BuildStamp: freesurfer-linux-ubuntu22_x86_64-7.3.2-20220804-6354275  User: oesteban  Machine: dna078  Platform: Linux  PlatformVersion: 5.14.0-427.37.1.el9_4.x86_64  CompilerName: GCC  CompilerVersion: 8.4.0
ProgramName: mri_tessellate  ProgramArguments: mri_tessellate -all-info  ProgramVersion: 7.3.2  TimeStamp: 2026/03/15-11:26:05-GMT  BuildTime: Aug  4 2022 06:17:15  BuildStamp: freesurfer-linux-ubuntu22_x86_64-7.3.2-20220804-6354275  User: oesteban  Machine: dna078  Platform: Linux  PlatformVersion: 5.14.0-427.37.1.el9_4.x86_64  CompilerName: GCC  CompilerVersion: 8.4.0
ProgramName: mri_vol2surf  ProgramArguments: mri_vol2surf -all-info  ProgramVersion: 7.3.2  TimeStamp: 2026/03/15-11:26:05-GMT  BuildTime: Aug  4 2022 06:17:15  BuildStamp: freesurfer-linux-ubuntu22_x86_64-7.3.2-20220804-6354275  User: oesteban  Machine: dna078  Platform: Linux  PlatformVersion: 5.14.0-427.37.1.el9_4.x86_64  CompilerName: GCC  CompilerVersion: 8.4.0
ProgramName: mri_vol2vol  ProgramArguments: mri_vol2vol -all-info  ProgramVersion: 7.3.2  TimeStamp: 2026/03/15-11:26:05-GMT  BuildTime: Aug  4 2022 06:17:15  BuildStamp: freesurfer-linux-ubuntu22_x86_64-7.3.2-20220804-6354275  User: oesteban  Machine: dna078  Platform: Linux  PlatformVersion: 5.14.0-427.37.1.el9_4.x86_64  CompilerName: GCC  CompilerVersion: 8.4.0
ProgramName: mri_voldiff  ProgramArguments: mri_voldiff -all-info  ProgramVersion: 7.3.2  TimeStamp: 2026/03/15-11:26:05-GMT  BuildTime: Aug  4 2022 06:17:15  BuildStamp: freesurfer-linux-ubuntu22_x86_64-7.3.2-20220804-6354275  User: oesteban  Machine: dna078  Platform: Linux  PlatformVersion: 5.14.0-427.37.1.el9_4.x86_64  CompilerName: GCC  CompilerVersion: 8.4.0
ProgramName: mri_watershed  ProgramArguments: mri_watershed -all-info  ProgramVersion: 7.3.2  TimeStamp: 2026/03/15-11:26:05-GMT  BuildTime: Aug  4 2022 06:17:15  BuildStamp: freesurfer-linux-ubuntu22_x86_64-7.3.2-20220804-6354275  User: oesteban  Machine: dna078  Platform: Linux  PlatformVersion: 5.14.0-427.37.1.el9_4.x86_64  CompilerName: GCC  CompilerVersion: 8.4.0
ProgramName: tkregister2  ProgramArguments: tkregister2_cmdl -all-info  ProgramVersion: 7.3.2  TimeStamp: 2026/03/15-11:26:05-GMT  BuildTime: Aug  4 2022 06:17:15  BuildStamp: freesurfer-linux-ubuntu22_x86_64-7.3.2-20220804-6354275  User: oesteban  Machine: dna078  Platform: Linux  PlatformVersion: 5.14.0-427.37.1.el9_4.x86_64  CompilerName: GCC  CompilerVersion: 8.4.0
mri_motion_correct.fsl 7.3.2
mri_convert -all-info 
ProgramName: mri_convert  ProgramArguments: mri_convert -all-info  ProgramVersion: 7.3.2  TimeStamp: 2026/03/15-11:26:05-GMT  BuildTime: Aug  4 2022 06:17:15  BuildStamp: freesurfer-linux-ubuntu22_x86_64-7.3.2-20220804-6354275  User: oesteban  Machine: dna078  Platform: Linux  PlatformVersion: 5.14.0-427.37.1.el9_4.x86_64  CompilerName: GCC  CompilerVersion: 8.4.0
Program nu_correct, built from:
Package MNI N3, version 1.12.0, compiled by nicks@terrier (x86_64-unknown-linux-gnu) on 2015-06-19 at 01:25:34
#######################################
GCADIR /opt/freesurfer/average
GCA RB_all_2020-01-02.gca
GCASkull RB_all_withskull_2020_01_02.gca
AvgCurvTif folding.atlas.acfb40.noaparc.i12.2016-08-02.tif
GCSDIR /opt/freesurfer/average
GCS DKaparc.atlas.acfb40.noaparc.i12.2016-08-02.gcs
#######################################
#--------------------------------------------
#@# Tessellate lh Sun Mar 15 12:26:05 CET 2026
/out/sourcedata/freesurfer/sub-v2s10x30154_ses-1/scripts

 mri_pretess ../mri/filled.mgz 255 ../mri/norm.mgz ../mri/filled-pretess255.mgz 


Iteration Number : 1
pass   1 (xy+):   1 found -   1 modified     |    TOTAL:   1
pass   2 (xy+):   0 found -   1 modified     |    TOTAL:   1
pass   1 (xy-):   1 found -   1 modified     |    TOTAL:   2
pass   2 (xy-):   0 found -   1 modified     |    TOTAL:   2
pass   1 (yz+):   7 found -   7 modified     |    TOTAL:   9
pass   2 (yz+):   0 found -   7 modified     |    TOTAL:   9
pass   1 (yz-):   5 found -   5 modified     |    TOTAL:  14
pass   2 (yz-):   0 found -   5 modified     |    TOTAL:  14
pass   1 (xz+):   1 found -   1 modified     |    TOTAL:  15
pass   2 (xz+):   0 found -   1 modified     |    TOTAL:  15
pass   1 (xz-):   2 found -   2 modified     |    TOTAL:  17
pass   2 (xz-):   0 found -   2 modified     |    TOTAL:  17
Iteration Number : 1
pass   1 (+++):   0 found -   0 modified     |    TOTAL:   0
pass   1 (+++):   0 found -   0 modified     |    TOTAL:   0
pass   1 (+++):   0 found -   0 modified     |    TOTAL:   0
pass   1 (+++):   0 found -   0 modified     |    TOTAL:   0
Iteration Number : 1
pass   1 (++):   2 found -   2 modified     |    TOTAL:   2
pass   2 (++):   0 found -   2 modified     |    TOTAL:   2
pass   1 (+-):   1 found -   1 modified     |    TOTAL:   3
pass   2 (+-):   0 found -   1 modified     |    TOTAL:   3
pass   1 (--):   0 found -   0 modified     |    TOTAL:   3
pass   1 (-+):   0 found -   0 modified     |    TOTAL:   3
Iteration Number : 2
pass   1 (xy+):   0 found -   0 modified     |    TOTAL:   0
pass   1 (xy-):   0 found -   0 modified     |    TOTAL:   0
pass   1 (yz+):   0 found -   0 modified     |    TOTAL:   0
pass   1 (yz-):   0 found -   0 modified     |    TOTAL:   0
pass   1 (xz+):   0 found -   0 modified     |    TOTAL:   0
pass   1 (xz-):   0 found -   0 modified     |    TOTAL:   0
Iteration Number : 2
pass   1 (+++):   0 found -   0 modified     |    TOTAL:   0
pass   1 (+++):   0 found -   0 modified     |    TOTAL:   0
pass   1 (+++):   0 found -   0 modified     |    TOTAL:   0
pass   1 (+++):   0 found -   0 modified     |    TOTAL:   0
Iteration Number : 2
pass   1 (++):   0 found -   0 modified     |    TOTAL:   0
pass   1 (+-):   0 found -   0 modified     |    TOTAL:   0
pass   1 (--):   0 found -   0 modified     |    TOTAL:   0
pass   1 (-+):   0 found -   0 modified     |    TOTAL:   0

Total Number of Modified Voxels = 20 (out of 254982: 0.007844)
Ambiguous edge configurations... 

mri_pretess done


 mri_tessellate ../mri/filled-pretess255.mgz 255 ../surf/lh.orig.nofix 

7.3.2
  7.3.2
slice 40: 581 vertices, 657 faces
slice 50: 5089 vertices, 5263 faces
slice 60: 11953 vertices, 12229 faces
slice 70: 21175 vertices, 21526 faces
slice 80: 30607 vertices, 30938 faces
slice 90: 40672 vertices, 41042 faces
slice 100: 51619 vertices, 51983 faces
slice 110: 62850 vertices, 63270 faces
slice 120: 73967 vertices, 74348 faces
slice 130: 84232 vertices, 84578 faces
slice 140: 94381 vertices, 94751 faces
slice 150: 103761 vertices, 104080 faces
slice 160: 111860 vertices, 112178 faces
slice 170: 119016 vertices, 119260 faces
slice 180: 124900 vertices, 125106 faces
slice 190: 129616 vertices, 129794 faces
slice 200: 132047 vertices, 132095 faces
slice 210: 132156 vertices, 132178 faces
slice 220: 132156 vertices, 132178 faces
slice 230: 132156 vertices, 132178 faces
slice 240: 132156 vertices, 132178 faces
slice 250: 132156 vertices, 132178 faces
using the conformed surface RAS to save vertex points...
writing ../surf/lh.orig.nofix
using vox2ras matrix:
-1.00000   0.00000   0.00000   128.00000;
 0.00000   0.00000   1.00000  -128.00000;
 0.00000  -1.00000   0.00000   128.00000;
 0.00000   0.00000   0.00000   1.00000;

 rm -f ../mri/filled-pretess255.mgz 


 mris_extract_main_component ../surf/lh.orig.nofix ../surf/lh.orig.nofix 


counting number of connected components...
   132156 voxel in cpt #1: X=-22 [v=132156,e=396534,f=264356] located at (-25.923697, -14.663421, 31.895941)
For the whole surface: X=-22 [v=132156,e=396534,f=264356]
One single component has been found
nothing to do
done

#--------------------------------------------
#@# Smooth1 lh Sun Mar 15 12:26:07 CET 2026
/out/sourcedata/freesurfer/sub-v2s10x30154_ses-1/scripts

 mris_smooth -nw -seed 1234 ../surf/lh.orig.nofix ../surf/lh.smoothwm.nofix 

setting seed for random number generator to 1234
smoothing surface tessellation for 10 iterations...
smoothing complete - recomputing first and second fundamental forms...
#--------------------------------------------
#@# Inflation1 lh Sun Mar 15 12:26:09 CET 2026
/out/sourcedata/freesurfer/sub-v2s10x30154_ses-1/scripts

 mris_inflate -no-save-sulc ../surf/lh.smoothwm.nofix ../surf/lh.inflated.nofix 

Not saving sulc
Reading ../surf/lh.smoothwm.nofix
avg radius = 46.5 mm, total surface area = 72065 mm^2
step 000: RMS=0.145 (target=0.015)   step 005: RMS=0.110 (target=0.015)   step 010: RMS=0.082 (target=0.015)   step 015: RMS=0.068 (target=0.015)   step 020: RMS=0.058 (target=0.015)   step 025: RMS=0.051 (target=0.015)   step 030: RMS=0.046 (target=0.015)   step 035: RMS=0.042 (target=0.015)   step 040: RMS=0.039 (target=0.015)   step 045: RMS=0.036 (target=0.015)   step 050: RMS=0.035 (target=0.015)   step 055: RMS=0.034 (target=0.015)   step 060: RMS=0.034 (target=0.015)   writing inflated surface to ../surf/lh.inflated.nofix
inflation took 0.1 minutes

inflation complete.
Not saving sulc
mris_inflate utimesec    35.922561
mris_inflate stimesec    1.392442
mris_inflate ru_maxrss   211468
mris_inflate ru_ixrss    0
mris_inflate ru_idrss    0
mris_inflate ru_isrss    0
mris_inflate ru_minflt   516237
mris_inflate ru_majflt   58
mris_inflate ru_nswap    0
mris_inflate ru_inblock  1672
mris_inflate ru_oublock  9304
mris_inflate ru_msgsnd   0
mris_inflate ru_msgrcv   0
mris_inflate ru_nsignals 0
mris_inflate ru_nvcsw    4631
mris_inflate ru_nivcsw   271
#--------------------------------------------
#@# QSphere lh Sun Mar 15 12:26:16 CET 2026
/out/sourcedata/freesurfer/sub-v2s10x30154_ses-1/scripts

 mris_sphere -q -p 6 -a 128 -seed 1234 ../surf/lh.inflated.nofix ../surf/lh.qsphere.nofix 

doing quick spherical unfolding.
limitting unfolding to 6 passes
using n_averages = 128
setting seed for random number genererator to 1234
version: 7.3.2
available threads: 16
scaling brain by 0.306...
inflating...
projecting onto sphere...
surface projected - minimizing metric distortion...
vertex spacing 1.01 +- 0.58 (0.00-->7.76) (max @ vno 56094 --> 57112)
face area 0.03 +- 0.03 (-0.36-->0.81)
Entering MRISinflateToSphere()
inflating to sphere (rms error < 2.00)
000: dt: 0.0000, rms radial error=177.187, avgs=0
005/300: dt: 0.9000, rms radial error=176.928, avgs=0
010/300: dt: 0.9000, rms radial error=176.370, avgs=0
015/300: dt: 0.9000, rms radial error=175.636, avgs=0
020/300: dt: 0.9000, rms radial error=174.802, avgs=0
025/300: dt: 0.9000, rms radial error=173.909, avgs=0
030/300: dt: 0.9000, rms radial error=172.984, avgs=0
035/300: dt: 0.9000, rms radial error=172.043, avgs=0
040/300: dt: 0.9000, rms radial error=171.093, avgs=0
045/300: dt: 0.9000, rms radial error=170.142, avgs=0
050/300: dt: 0.9000, rms radial error=169.191, avgs=0
055/300: dt: 0.9000, rms radial error=168.242, avgs=0
060/300: dt: 0.9000, rms radial error=167.298, avgs=0
065/300: dt: 0.9000, rms radial error=166.357, avgs=0
070/300: dt: 0.9000, rms radial error=165.422, avgs=0
075/300: dt: 0.9000, rms radial error=164.492, avgs=0
080/300: dt: 0.9000, rms radial error=163.566, avgs=0
085/300: dt: 0.9000, rms radial error=162.646, avgs=0
090/300: dt: 0.9000, rms radial error=161.731, avgs=0
095/300: dt: 0.9000, rms radial error=160.820, avgs=0
100/300: dt: 0.9000, rms radial error=159.914, avgs=0
105/300: dt: 0.9000, rms radial error=159.014, avgs=0
110/300: dt: 0.9000, rms radial error=158.118, avgs=0
115/300: dt: 0.9000, rms radial error=157.226, avgs=0
120/300: dt: 0.9000, rms radial error=156.340, avgs=0
125/300: dt: 0.9000, rms radial error=155.460, avgs=0
130/300: dt: 0.9000, rms radial error=154.586, avgs=0
135/300: dt: 0.9000, rms radial error=153.717, avgs=0
140/300: dt: 0.9000, rms radial error=152.855, avgs=0
145/300: dt: 0.9000, rms radial error=151.999, avgs=0
150/300: dt: 0.9000, rms radial error=151.147, avgs=0
155/300: dt: 0.9000, rms radial error=150.300, avgs=0
160/300: dt: 0.9000, rms radial error=149.457, avgs=0
165/300: dt: 0.9000, rms radial error=148.619, avgs=0
170/300: dt: 0.9000, rms radial error=147.786, avgs=0
175/300: dt: 0.9000, rms radial error=146.957, avgs=0
180/300: dt: 0.9000, rms radial error=146.132, avgs=0
185/300: dt: 0.9000, rms radial error=145.312, avgs=0
190/300: dt: 0.9000, rms radial error=144.497, avgs=0
195/300: dt: 0.9000, rms radial error=143.685, avgs=0
200/300: dt: 0.9000, rms radial error=142.879, avgs=0
205/300: dt: 0.9000, rms radial error=142.076, avgs=0
210/300: dt: 0.9000, rms radial error=141.278, avgs=0
215/300: dt: 0.9000, rms radial error=140.485, avgs=0
220/300: dt: 0.9000, rms radial error=139.695, avgs=0
225/300: dt: 0.9000, rms radial error=138.910, avgs=0
230/300: dt: 0.9000, rms radial error=138.130, avgs=0
235/300: dt: 0.9000, rms radial error=137.353, avgs=0
240/300: dt: 0.9000, rms radial error=136.581, avgs=0
245/300: dt: 0.9000, rms radial error=135.814, avgs=0
250/300: dt: 0.9000, rms radial error=135.050, avgs=0
255/300: dt: 0.9000, rms radial error=134.291, avgs=0
260/300: dt: 0.9000, rms radial error=133.536, avgs=0
265/300: dt: 0.9000, rms radial error=132.785, avgs=0
270/300: dt: 0.9000, rms radial error=132.038, avgs=0
275/300: dt: 0.9000, rms radial error=131.295, avgs=0
280/300: dt: 0.9000, rms radial error=130.557, avgs=0
285/300: dt: 0.9000, rms radial error=129.822, avgs=0
290/300: dt: 0.9000, rms radial error=129.092, avgs=0
295/300: dt: 0.9000, rms radial error=128.366, avgs=0
300/300: dt: 0.9000, rms radial error=127.643, avgs=0

spherical inflation complete.
epoch 1 (K=10.0), pass 1, starting sse = 15459.47
taking momentum steps...
taking momentum steps...
taking momentum steps...
taking momentum steps...
pass 1 complete, delta sse/iter = 0.00/13 = 0.00030
epoch 2 (K=40.0), pass 1, starting sse = 2530.74
taking momentum steps...
taking momentum steps...
taking momentum steps...
taking momentum steps...
pass 1 complete, delta sse/iter = 0.00/13 = 0.00011
epoch 3 (K=160.0), pass 1, starting sse = 238.90
taking momentum steps...
taking momentum steps...
taking momentum steps...
taking momentum steps...
pass 1 complete, delta sse/iter = 0.15/16 = 0.00947
epoch 4 (K=640.0), pass 1, starting sse = 11.31
taking momentum steps...
taking momentum steps...
taking momentum steps...
taking momentum steps...
pass 1 complete, delta sse/iter = 0.16/25 = 0.00649
final distance error %100000.00
writing spherical brain to ../surf/lh.qsphere.nofix
spherical transformation took 0.0108 hours
FSRUNTIME@ mris_sphere  0.0108 hours 16 threads
#VMPC# mris_sphere VmPeak  2435168
mris_sphere done
#@# Fix Topology lh Sun Mar 15 12:26:55 CET 2026

 mris_fix_topology -mgz -sphere qsphere.nofix -inflated inflated.nofix -orig orig.nofix -out orig.premesh -ga -seed 1234 sub-v2s10x30154_ses-1 lh 

reading spherical homeomorphism from 'qsphere.nofix'
reading inflated coordinates from 'inflated.nofix'
reading original coordinates from 'orig.nofix'
using genetic algorithm with optimized parameters
setting seed for random number genererator to 1234

*************************************************************
Topology Correction Parameters
retessellation mode:           genetic search
number of patches/generation : 10
number of generations :        10
surface mri loglikelihood coefficient :         1.0
volume mri loglikelihood coefficient :          10.0
normal dot loglikelihood coefficient :          1.0
quadratic curvature loglikelihood coefficient : 1.0
volume resolution :                             2
eliminate vertices during search :              1
initial patch selection :                       1
select all defect vertices :                    0
ordering dependant retessellation:              0
use precomputed edge table :                    0
smooth retessellated patch :                    2
match retessellated patch :                     1
verbose mode :                                  0

*************************************************************
INFO: assuming .mgz format
writing corrected surface to 'orig.premesh'
7.3.2
  7.3.2
before topology correction, eno=-22 (nv=132156, nf=264356, ne=396534, g=12)
using quasi-homeomorphic spherical map to tessellate cortical surface...

Correction of the Topology
Finding true center and radius of Spherical Surface...done
Surface centered at (0,0,0) with radius 100.0 in 8 iterations
marking ambiguous vertices...
4387 ambiguous faces found in tessellation
segmenting defects...
12 defects found, arbitrating ambiguous regions...
analyzing neighboring defects...
      -merging segment 9 into 5
11 defects to be corrected 
0 vertices coincident
reading input surface /out/sourcedata/freesurfer/sub-v2s10x30154_ses-1/surf/lh.qsphere.nofix...
reading brain volume from brain...
reading wm segmentation from wm...
Reading original properties of orig.nofix
Reading vertex positions of inflated.nofix
Computing Initial Surface Statistics
      -face       loglikelihood: -9.1267  (-4.5634)
      -vertex     loglikelihood: -5.8635  (-2.9317)
      -normal dot loglikelihood: -3.6297  (-3.6297)
      -quad curv  loglikelihood: -6.0693  (-3.0346)
      Total Loglikelihood : -24.6892
CORRECTING DEFECT 0 (vertices=380, convex hull=185, v0=46789)
After retessellation of defect 0 (v0=46789), euler #=-8 (129738,388647,258901) : difference with theory (-8) = 0 
CORRECTING DEFECT 1 (vertices=9, convex hull=22, v0=57893)
After retessellation of defect 1 (v0=57893), euler #=-7 (129741,388661,258913) : difference with theory (-7) = 0 
CORRECTING DEFECT 2 (vertices=85, convex hull=49, v0=73961)
After retessellation of defect 2 (v0=73961), euler #=-6 (129754,388722,258962) : difference with theory (-6) = 0 
CORRECTING DEFECT 3 (vertices=542, convex hull=236, v0=78886)
After retessellation of defect 3 (v0=78886), euler #=-6 (129768,388890,259116) : difference with theory (-5) = 1 
CORRECTING DEFECT 4 (vertices=27, convex hull=30, v0=84992)
After retessellation of defect 4 (v0=84992), euler #=-5 (129775,388926,259146) : difference with theory (-4) = 1 
CORRECTING DEFECT 5 (vertices=408, convex hull=292, v0=91956)
After retessellation of defect 5 (v0=91956), euler #=-3 (129826,389222,259393) : difference with theory (-3) = 0 
CORRECTING DEFECT 6 (vertices=93, convex hull=84, v0=94084)
After retessellation of defect 6 (v0=94084), euler #=-2 (129861,389366,259503) : difference with theory (-2) = 0 
CORRECTING DEFECT 7 (vertices=10, convex hull=21, v0=97028)
After retessellation of defect 7 (v0=97028), euler #=-1 (129862,389374,259511) : difference with theory (-1) = 0 
CORRECTING DEFECT 8 (vertices=8, convex hull=26, v0=97048)
After retessellation of defect 8 (v0=97048), euler #=0 (129864,389387,259523) : difference with theory (0) = 0 
CORRECTING DEFECT 9 (vertices=795, convex hull=295, v0=99757)
After retessellation of defect 9 (v0=99757), euler #=1 (129908,389669,259762) : difference with theory (1) = 0 
CORRECTING DEFECT 10 (vertices=152, convex hull=111, v0=122814)
After retessellation of defect 10 (v0=122814), euler #=2 (129930,389784,259856) : difference with theory (2) = 0 
computing original vertex metric properties...
storing new metric properties...
computing tessellation statistics...
vertex spacing 0.89 +- 0.23 (0.04-->10.79) (max @ vno 100364 --> 102017)
face area -nan +- -nan (1000.00-->-1.00)
performing soap bubble on retessellated vertices for 0 iterations...
vertex spacing 0.89 +- 0.23 (0.04-->10.79) (max @ vno 100364 --> 102017)
face area -nan +- -nan (1000.00-->-1.00)
tessellation finished, orienting corrected surface...
43 mutations (34.7%), 81 crossovers (65.3%), 376 vertices were eliminated
building final representation...
2226 vertices and 0 faces have been removed from triangulation
after topology correction, eno=2 (nv=129930, nf=259856, ne=389784, g=0)
writing corrected surface to /out/sourcedata/freesurfer/sub-v2s10x30154_ses-1/surf/lh.orig.premesh...

0.000 % of the vertices (0 vertices) exhibit an orientation change
removing intersecting faces
000: 250 intersecting
001: 53 intersecting
002: 12 intersecting
terminating search with 0 intersecting
topology fixing took 2.6 minutes
FSRUNTIME@ mris_fix_topology lh  0.0435 hours 16 threads
#VMPC# mris_fix_topology VmPeak  1847856

 mris_euler_number ../surf/lh.orig.premesh 

euler # = v-e+f = 2g-2: 129930 - 389784 + 259856 = 2 --> 0 holes
      F =2V-4:          259856 = 259860-4 (0)
      2E=3F:            779568 = 779568 (0)

total defect index = 0
Sun Mar 15 12:29:32 CET 2026

setenv SUBJECTS_DIR /out/sourcedata/freesurfer
cd /out/sourcedata/freesurfer/sub-v2s10x30154_ses-1/scripts
/opt/freesurfer/bin/defect2seg --s sub-v2s10x30154_ses-1 --lh-only --cortex

freesurfer-linux-ubuntu22_x86_64-7.3.2-20220804-6354275
defect2seg 7.3.2
Linux dna078 5.14.0-427.37.1.el9_4.x86_64 #1 SMP PREEMPT_DYNAMIC Fri Sep 13 12:41:50 EDT 2024 x86_64 x86_64 x86_64 GNU/Linux
pid 3873942
mri_label2label --label-cortex /out/sourcedata/freesurfer/sub-v2s10x30154_ses-1/surf/lh.orig.nofix /out/sourcedata/freesurfer/sub-v2s10x30154_ses-1/mri/aseg.presurf.mgz 0 /out/sourcedata/freesurfer/sub-v2s10x30154_ses-1/label/lh.nofix.cortex.label

 Generating cortex label... RemoveHipAmgy=0
 NucAccIsMedialWall=0
 mris->useRealRAS=0
12 non-cortical segments detected
only using segment with 7718 vertices
erasing segment 0 (vno[0] = 36149)
erasing segment 2 (vno[0] = 73964)
erasing segment 3 (vno[0] = 89823)
erasing segment 4 (vno[0] = 90931)
erasing segment 5 (vno[0] = 92951)
erasing segment 6 (vno[0] = 92953)
erasing segment 7 (vno[0] = 94109)
erasing segment 8 (vno[0] = 94906)
erasing segment 9 (vno[0] = 95024)
erasing segment 10 (vno[0] = 95932)
erasing segment 11 (vno[0] = 108213)
mri_label2vol --defects /out/sourcedata/freesurfer/sub-v2s10x30154_ses-1/surf/lh.orig.nofix /out/sourcedata/freesurfer/sub-v2s10x30154_ses-1/surf/lh.defect_labels /out/sourcedata/freesurfer/sub-v2s10x30154_ses-1/mri/orig.mgz 1000 0 /out/sourcedata/freesurfer/sub-v2s10x30154_ses-1/mri/lh.surface.defects.mgz /out/sourcedata/freesurfer/sub-v2s10x30154_ses-1/label/lh.nofix.cortex.label
mri_label2vol supposed to be reproducible but seed not set
Contraining to label /out/sourcedata/freesurfer/sub-v2s10x30154_ses-1/label/lh.nofix.cortex.label
Changing input type 0 to MRI_INT
Converting defects to volume: offset=1000, merge=0
Writing to /out/sourcedata/freesurfer/sub-v2s10x30154_ses-1/mri/lh.surface.defects.mgz
mris_defects_pointset -s /out/sourcedata/freesurfer/sub-v2s10x30154_ses-1/surf/lh.orig.nofix -d /out/sourcedata/freesurfer/sub-v2s10x30154_ses-1/surf/lh.defect_labels -o /out/sourcedata/freesurfer/sub-v2s10x30154_ses-1/surf/lh.defects.pointset --label /out/sourcedata/freesurfer/sub-v2s10x30154_ses-1/label/lh.nofix.cortex.label
Reading in surface /out/sourcedata/freesurfer/sub-v2s10x30154_ses-1/surf/lh.orig.nofix
Reading in defect segmentation /out/sourcedata/freesurfer/sub-v2s10x30154_ses-1/surf/lh.defect_labels
Reading in label /out/sourcedata/freesurfer/sub-v2s10x30154_ses-1/label/lh.nofix.cortex.label
#VMPC# mris_defects_pointset 2214748
mris_defects_pointset done
 
Started at Sun Mar 15 12:29:32 CET 2026 
Ended   at Sun Mar 15 12:29:41 CET 2026
Defect2seg-Run-Time-Sec 9
Defect2seg-Run-Time-Min 0.18
Defect2seg-Run-Time-Hours 0.00
 
tkmeditfv sub-v2s10x30154_ses-1 brain.finalsurfs.mgz -defect
defect2seg Done

 mris_remesh --remesh --iters 3 --input /out/sourcedata/freesurfer/sub-v2s10x30154_ses-1/surf/lh.orig.premesh --output /out/sourcedata/freesurfer/sub-v2s10x30154_ses-1/surf/lh.orig 

iters = 3
standard remeshing without target
   adjusted l: 0.713258
remeshing to edge length 0.713258 with 3 iterations

avg qual before   : 0.889937  after: 0.971279

Removing intersections
Remeshed surface quality stats nv0 = 129930  nv = 135582  1.0435
Area    271160  0.30453  0.03387 0.072689   0.5112
Corner  813480 60.00000  8.78943 15.831929 147.3627
Edge    406740  0.84659  0.08256 0.470149   1.2549
Hinge   406740  9.20122  9.90353 0.000000 137.1729
mris_remesh done
/out/sourcedata/freesurfer/sub-v2s10x30154_ses-1/scripts

 mris_remove_intersection ../surf/lh.orig ../surf/lh.orig 

intersection removal took 0.00 hours
writing corrected surface to ../surf/lh.orig

 rm -f ../surf/lh.inflated 

#--------------------------------------------
#@# AutoDetGWStats lh Sun Mar 15 12:30:06 CET 2026
cd /out/sourcedata/freesurfer/sub-v2s10x30154_ses-1/mri
mris_autodet_gwstats --o ../surf/autodet.gw.stats.lh.dat --i brain.finalsurfs.mgz --wm wm.mgz --surf ../surf/lh.orig.premesh
7.3.2

cd /out/sourcedata/freesurfer/sub-v2s10x30154_ses-1/mri
setenv SUBJECTS_DIR /out/sourcedata/freesurfer
mris_autodet_gwstats --o ../surf/autodet.gw.stats.lh.dat --i brain.finalsurfs.mgz --wm wm.mgz --surf ../surf/lh.orig.premesh 

border white:    242037 voxels (1.44%)
border gray      271014 voxels (1.62%)
Reading in intensity volume brain.finalsurfs.mgz
Reading in wm volume wm.mgz
Reading in surf ../surf/lh.orig.premesh
Auto detecting stats
MRIclipBrightWM(): nthresh=16876, wmmin=5, clip=110 
Binarizing thresholding at 5
computing class statistics... low=30, hi=110.000000
CCS WM (100.0): 99.9 +- 7.2 [70.0 --> 110.0]
CCS GM (78.0) : 77.5 +- 8.7 [30.0 --> 110.0]
white_mean = 99.8767 +/- 7.23509, gray_mean = 77.5429 +/- 8.7493
using class modes intead of means, discounting robust sigmas....
MRIScomputeClassModes(): min=0 max=139 nbins=140
intensity peaks found at WM=104+-5.2,    GM=74+-5.2
white_mode = 104, gray_mode = 74
std_scale = 1
Applying sanity checks, max_scale_down = 0.2
setting MIN_GRAY_AT_WHITE_BORDER to 65.3 (was 70.000000)
setting MAX_BORDER_WHITE to 111.2 (was 105.000000)
setting MIN_BORDER_WHITE to 74.0 (was 85.000000)
setting MAX_CSF to 56.5 (was 40.000000)
setting MAX_GRAY to 96.8 (was 95.000000)
setting MAX_GRAY_AT_CSF_BORDER to 65.3 (was 75.000000)
setting MIN_GRAY_AT_CSF_BORDER to 47.8 (was 40.000000)
When placing the white surface
  white_border_hi   = 111.235;
  white_border_low  = 74;
  white_outside_low = 65.2507;
  white_inside_hi   = 120;
  white_outside_hi  = 111.235;
When placing the pial surface
  pial_border_hi   = 65.2507;
  pial_border_low  = 47.7521;
  pial_outside_low = 10;
  pial_inside_hi   = 96.7649;
  pial_outside_hi  = 60.876;
#VMPC# mris_autodet_gwstats VmPeak  2115496
mris_autodet_gwstats done
#--------------------------------------------
#@# WhitePreAparc lh Sun Mar 15 12:30:08 CET 2026
cd /out/sourcedata/freesurfer/sub-v2s10x30154_ses-1/mri
mris_place_surface --adgws-in ../surf/autodet.gw.stats.lh.dat --wm wm.mgz --threads 16 --invol brain.finalsurfs.mgz --lh --i ../surf/lh.orig --o ../surf/lh.white.preaparc --white --seg aseg.presurf.mgz --nsmooth 5
7.3.2
7.3.2

cd /out/sourcedata/freesurfer/sub-v2s10x30154_ses-1/mri
setenv SUBJECTS_DIR /out/sourcedata/freesurfer
mris_place_surface --adgws-in ../surf/autodet.gw.stats.lh.dat --wm wm.mgz --threads 16 --invol brain.finalsurfs.mgz --lh --i ../surf/lh.orig --o ../surf/lh.white.preaparc --white --seg aseg.presurf.mgz --nsmooth 5 

Reading in input surface ../surf/lh.orig
Smoothing surface before ripping with 5 iterations
Area    271160  0.27069  0.06329 0.004462   0.7837
Corner  813480 60.00000  9.49196 12.615968 153.1573
Edge    406740  0.79456  0.11392 0.086840   1.3817
Hinge   406740  6.22465  6.31169 0.000007 136.7017
Not reading in aparc
Reading in input volume brain.finalsurfs.mgz
Reading in wm volume wm.mgz
MRIclipBrightWM(): nthresh=16876, wmmin=5, clip=110 
MRIfindBrightNonWM(): 20 bright non-wm voxels segmented.
Masking bright non-wm for white surface
MRImask(): AllowDiffGeom = 1
MRImask(): AllowDiffGeom = 1
Reading in seg volume aseg.presurf.mgz
Ripping frozen voxels
INFO: rip surface needed but not specified, so using input surface
Freezing midline and others
Entering: MRISripMidline(): inhibiting deformation at non-cortical midline structures...
  which=1, fix_mtl=0, using annot = 0
#FML0# MRISripMidline(): nripped=0
removing 2 vertices from ripped group in thread:0
removing 3 vertices from ripped group in thread:0
removing 3 vertices from ripped group in thread:0
#FML# MRISripMidline(): nmarked=6196, nmarked2=5, nripped=6196
Ripping segs (eg, WMSA, BG, frozen)
Starting MRISripSegs() d = (-2 2 0.5) segnos: 247 
MRISripSegs(): -2 2 0.5 ripped 0
vertex 67791: xyz = (-7.54239,-3.55598,74.4509) oxyz = (-7.54239,-3.55598,74.4509) wxzy = (-7.54239,-3.55598,74.4509) pxyz = (0,0,0) 
CBVO Creating mask 135582
n_averages 4
Iteration 0 =========================================
n_averages=4, current_sigma=2
Freezing midline and others
Ripping frozen voxels
INFO: rip surface needed but not specified, so using input surface
Freezing midline and others
Entering: MRISripMidline(): inhibiting deformation at non-cortical midline structures...
  which=1, fix_mtl=0, using annot = 0
#FML0# MRISripMidline(): nripped=6196
removing 2 vertices from ripped group in thread:0
removing 3 vertices from ripped group in thread:0
removing 3 vertices from ripped group in thread:0
#FML# MRISripMidline(): nmarked=6196, nmarked2=5, nripped=6196
Ripping segs (eg, WMSA, BG, frozen)
Starting MRISripSegs() d = (-2 2 0.5) segnos: 247 247 
MRISripSegs(): -2 2 0.5 ripped 0
Computing target border values 
Entering MRIScomputeBorderValues_new(): 
  inside_hi   = 120.0000000;
  border_hi   = 111.2350920;
  border_low  =  74.0000000;
  outside_low =  65.2507020;
  outside_hi  = 111.2350920;
  sigma = 2;
  max_thickness = 10;
  step_size=0.5;
  STEP_SIZE=0.1;
  which = 1
  thresh = 0
  flags = 0
  CBVfindFirstPeakD1=0
  CBVfindFirstPeakD2=0
  nvertices=135582
  Gdiag_no=-1
  vno start=0, stop=135582
Replacing 255s with 0s
#SI# sigma=2 had to be increased for 64 vertices, nripped=6196
mean border=84.5, 28 (28) missing vertices, mean dist 0.2 [0.6 (%38.9)->0.8 (%61.1))]
%74 local maxima, %21 large gradients and % 0 min vals, 0 gradients ignored
nFirstPeakD1 0
MRIScomputeBorderValues_new() finished in 0.0118 min


Finding expansion regions
mean absolute distance = 0.69 +- 0.88
4254 vertices more than 2 sigmas from mean.
Averaging target values for 5 iterations...
Positioning Surface: tspring = 0.3, nspring = 0.3, spring = 0, niters = 100 l_repulse = 5, l_surf_repulse = 0, checktol = 0
Positioning pial surface
Entering MRISpositionSurface()
  max_mm = 0.3
  MAX_REDUCTIONS = 2, REDUCTION_PCT = 0.5
  parms->check_tol = 0, niterations = 100
tol=1.0e-04, sigma=2.0, host=dna07, nav=4, nbrs=2, l_repulse=5.000, l_tspring=0.300, l_nspring=0.300, l_intensity=0.200, l_curv=1.000
mom=0.00, dt=0.50
complete_dist_mat 0
rms 0
smooth_averages 0
remove_neg 0
ico_order 0
which_surface 0
target_radius 0.000000
nfields 0
scale 0.000000
desired_rms_height 0.000000
momentum 0.000000
nbhd_size 0
max_nbrs 0
niterations 100
nsurfaces 0
SURFACES 3
flags 0 (0)
use curv 0
no sulc 0
no rigid align 0
mris->nsize 2
mris->hemisphere 0
randomSeed 0

000: dt: 0.0000, sse=2045864.2, rms=8.559
001: dt: 0.5000, sse=1088235.1, rms=6.031 (29.538%)
002: dt: 0.5000, sse=683162.4, rms=4.553 (24.503%)
003: dt: 0.5000, sse=494244.2, rms=3.662 (19.575%)
004: dt: 0.5000, sse=396052.2, rms=3.095 (15.476%)
005: dt: 0.5000, sse=351029.4, rms=2.767 (10.608%)
006: dt: 0.5000, sse=321488.9, rms=2.570 (7.093%)
007: dt: 0.5000, sse=311511.1, rms=2.479 (3.557%)
008: dt: 0.5000, sse=303927.8, rms=2.414 (2.642%)
rms = 2.3920/2.4136, sse=302854.3/303927.8, time step reduction 1 of 3 to 0.250  0 0 1
009: dt: 0.5000, sse=302854.2, rms=2.392 (0.893%)
010: dt: 0.2500, sse=201599.7, rms=1.295 (45.868%)
011: dt: 0.2500, sse=189309.0, rms=1.113 (14.006%)
rms = 1.0661/1.1135, sse=187490.2/189309.0, time step reduction 2 of 3 to 0.125  0 0 1
012: dt: 0.2500, sse=187490.2, rms=1.066 (4.255%)
rms = 1.0325/1.0661, sse=184694.6/187490.2, time step reduction 3 of 3 to 0.062  0 0 1
013: dt: 0.1250, sse=184694.6, rms=1.032 (3.156%)
  maximum number of reductions reached, breaking from loop
positioning took 0.9 minutes
Iteration 1 =========================================
n_averages=2, current_sigma=1
Freezing midline and others
Ripping frozen voxels
INFO: rip surface needed but not specified, so using input surface
Freezing midline and others
Entering: MRISripMidline(): inhibiting deformation at non-cortical midline structures...
  which=1, fix_mtl=0, using annot = 0
#FML0# MRISripMidline(): nripped=6196
#FML# MRISripMidline(): nmarked=6477, nmarked2=65, nripped=6477
Ripping segs (eg, WMSA, BG, frozen)
Starting MRISripSegs() d = (-2 2 0.5) segnos: 247 247 247 
MRISripSegs(): -2 2 0.5 ripped 0
Computing target border values 
Entering MRIScomputeBorderValues_new(): 
  inside_hi   = 120.0000000;
  border_hi   = 111.2350920;
  border_low  =  74.0000000;
  outside_low =  65.2507020;
  outside_hi  = 111.2350920;
  sigma = 1;
  max_thickness = 10;
  step_size=0.5;
  STEP_SIZE=0.1;
  which = 1
  thresh = 0
  flags = 0
  CBVfindFirstPeakD1=0
  CBVfindFirstPeakD2=0
  nvertices=135582
  Gdiag_no=-1
  vno start=0, stop=135582
Replacing 255s with 0s
#SI# sigma=1 had to be increased for 138 vertices, nripped=6477
mean border=87.3, 85 (3) missing vertices, mean dist -0.2 [0.4 (%78.4)->0.3 (%21.6))]
%83 local maxima, %12 large gradients and % 0 min vals, 0 gradients ignored
nFirstPeakD1 0
MRIScomputeBorderValues_new() finished in 0.0080 min


Finding expansion regions
mean absolute distance = 0.34 +- 0.58
2766 vertices more than 2 sigmas from mean.
Averaging target values for 5 iterations...
Positioning Surface: tspring = 0.3, nspring = 0.3, spring = 0, niters = 100 l_repulse = 5, l_surf_repulse = 0, checktol = 0
Positioning pial surface
Entering MRISpositionSurface()
  max_mm = 0.3
  MAX_REDUCTIONS = 2, REDUCTION_PCT = 0.5
  parms->check_tol = 0, niterations = 100
tol=1.0e-04, sigma=1.0, host=dna07, nav=2, nbrs=2, l_repulse=5.000, l_tspring=0.300, l_nspring=0.300, l_intensity=0.200, l_curv=1.000
mom=0.00, dt=0.50
000: dt: 0.0000, sse=659105.9, rms=4.213
014: dt: 0.5000, sse=359160.5, rms=2.470 (41.360%)
015: dt: 0.5000, sse=317916.0, rms=2.130 (13.776%)
016: dt: 0.5000, sse=307886.3, rms=1.998 (6.211%)
rms = 2.0793/1.9978, sse=316006.4/307886.3, time step reduction 1 of 3 to 0.250  0 1 1
   RMS increased, rejecting step
017: dt: 0.2500, sse=251526.2, rms=1.375 (31.164%)
018: dt: 0.2500, sse=232201.4, rms=1.050 (23.654%)
019: dt: 0.2500, sse=228262.0, rms=0.960 (8.540%)
rms = 0.9313/0.9603, sse=225601.2/228262.0, time step reduction 2 of 3 to 0.125  0 0 1
020: dt: 0.2500, sse=225601.2, rms=0.931 (3.018%)
rms = 0.9106/0.9313, sse=226911.4/225601.2, time step reduction 3 of 3 to 0.062  0 1 1
021: dt: 0.1250, sse=226911.3, rms=0.911 (2.225%)
  maximum number of reductions reached, breaking from loop
positioning took 0.6 minutes
Iteration 2 =========================================
n_averages=1, current_sigma=0.5
Freezing midline and others
Ripping frozen voxels
INFO: rip surface needed but not specified, so using input surface
Freezing midline and others
Entering: MRISripMidline(): inhibiting deformation at non-cortical midline structures...
  which=1, fix_mtl=0, using annot = 0
#FML0# MRISripMidline(): nripped=6477
removing 2 vertices from ripped group in thread:0
removing 4 vertices from ripped group in thread:0
removing 3 vertices from ripped group in thread:0
removing 3 vertices from ripped group in thread:0
removing 1 vertices from ripped group in thread:0
#FML# MRISripMidline(): nmarked=6504, nmarked2=65, nripped=6504
Ripping segs (eg, WMSA, BG, frozen)
Starting MRISripSegs() d = (-2 2 0.5) segnos: 247 247 247 247 
MRISripSegs(): -2 2 0.5 ripped 0
Computing target border values 
Entering MRIScomputeBorderValues_new(): 
  inside_hi   = 120.0000000;
  border_hi   = 111.2350920;
  border_low  =  74.0000000;
  outside_low =  65.2507020;
  outside_hi  = 111.2350920;
  sigma = 0.5;
  max_thickness = 10;
  step_size=0.5;
  STEP_SIZE=0.1;
  which = 1
  thresh = 0
  flags = 0
  CBVfindFirstPeakD1=0
  CBVfindFirstPeakD2=0
  nvertices=135582
  Gdiag_no=-1
  vno start=0, stop=135582
Replacing 255s with 0s
#SI# sigma=0.5 had to be increased for 124 vertices, nripped=6504
mean border=89.1, 69 (3) missing vertices, mean dist -0.1 [0.2 (%72.9)->0.2 (%27.1))]
%88 local maxima, % 7 large gradients and % 0 min vals, 0 gradients ignored
nFirstPeakD1 0
MRIScomputeBorderValues_new() finished in 0.0048 min


Finding expansion regions
mean absolute distance = 0.23 +- 0.41
2933 vertices more than 2 sigmas from mean.
Averaging target values for 5 iterations...
Positioning Surface: tspring = 0.3, nspring = 0.3, spring = 0, niters = 100 l_repulse = 5, l_surf_repulse = 0, checktol = 0
Positioning pial surface
Entering MRISpositionSurface()
  max_mm = 0.3
  MAX_REDUCTIONS = 2, REDUCTION_PCT = 0.5
  parms->check_tol = 0, niterations = 100
tol=1.0e-04, sigma=0.5, host=dna07, nav=1, nbrs=2, l_repulse=5.000, l_tspring=0.300, l_nspring=0.300, l_intensity=0.200, l_curv=1.000
mom=0.00, dt=0.50
000: dt: 0.0000, sse=372414.3, rms=2.563
022: dt: 0.5000, sse=286354.3, rms=1.794 (29.996%)
rms = 1.8220/1.7942, sse=289470.1/286354.3, time step reduction 1 of 3 to 0.250  0 1 1
   RMS increased, rejecting step
023: dt: 0.2500, sse=241634.5, rms=1.257 (29.967%)
024: dt: 0.2500, sse=225761.7, rms=0.932 (25.845%)
025: dt: 0.2500, sse=220143.8, rms=0.855 (8.238%)
rms = 0.8460/0.8550, sse=219000.0/220143.8, time step reduction 2 of 3 to 0.125  0 0 1
026: dt: 0.2500, sse=219000.0, rms=0.846 (1.058%)
rms = 0.8262/0.8460, sse=218808.2/219000.0, time step reduction 3 of 3 to 0.062  0 0 1
027: dt: 0.1250, sse=218808.2, rms=0.826 (2.338%)
  maximum number of reductions reached, breaking from loop
positioning took 0.4 minutes
Iteration 3 =========================================
n_averages=0, current_sigma=0.25
Freezing midline and others
Ripping frozen voxels
INFO: rip surface needed but not specified, so using input surface
Freezing midline and others
Entering: MRISripMidline(): inhibiting deformation at non-cortical midline structures...
  which=1, fix_mtl=0, using annot = 0
#FML0# MRISripMidline(): nripped=6504
removing 4 vertices from ripped group in thread:0
removing 3 vertices from ripped group in thread:0
removing 1 vertices from ripped group in thread:0
removing 2 vertices from ripped group in thread:0
#FML# MRISripMidline(): nmarked=6550, nmarked2=65, nripped=6550
Ripping segs (eg, WMSA, BG, frozen)
Starting MRISripSegs() d = (-2 2 0.5) segnos: 247 247 247 247 247 
MRISripSegs(): -2 2 0.5 ripped 0
Computing target border values 
Entering MRIScomputeBorderValues_new(): 
  inside_hi   = 120.0000000;
  border_hi   = 111.2350920;
  border_low  =  74.0000000;
  outside_low =  65.2507020;
  outside_hi  = 111.2350920;
  sigma = 0.25;
  max_thickness = 10;
  step_size=0.5;
  STEP_SIZE=0.1;
  which = 1
  thresh = 0
  flags = 0
  CBVfindFirstPeakD1=0
  CBVfindFirstPeakD2=0
  nvertices=135582
  Gdiag_no=-1
  vno start=0, stop=135582
Replacing 255s with 0s
#SI# sigma=0.25 had to be increased for 101 vertices, nripped=6550
mean border=89.6, 72 (2) missing vertices, mean dist -0.0 [0.2 (%57.1)->0.2 (%42.9))]
%90 local maxima, % 5 large gradients and % 0 min vals, 0 gradients ignored
nFirstPeakD1 0
MRIScomputeBorderValues_new() finished in 0.0030 min


Finding expansion regions
mean absolute distance = 0.19 +- 0.33
2988 vertices more than 2 sigmas from mean.
Averaging target values for 5 iterations...
Positioning Surface: tspring = 0.3, nspring = 0.3, spring = 0, niters = 100 l_repulse = 5, l_surf_repulse = 0, checktol = 0
Positioning pial surface
Entering MRISpositionSurface()
  max_mm = 0.3
  MAX_REDUCTIONS = 2, REDUCTION_PCT = 0.5
  parms->check_tol = 0, niterations = 100
tol=1.0e-04, sigma=0.2, host=dna07, nav=0, nbrs=2, l_repulse=5.000, l_tspring=0.300, l_nspring=0.300, l_intensity=0.200, l_curv=1.000
mom=0.00, dt=0.50
000: dt: 0.0000, sse=232928.1, rms=1.138
028: dt: 0.5000, sse=227364.8, rms=0.988 (13.169%)
rms = 1.2392/0.9885, sse=238004.5/227364.8, time step reduction 1 of 3 to 0.250  0 1 1
   RMS increased, rejecting step
029: dt: 0.2500, sse=214777.6, rms=0.744 (24.700%)
rms = 0.6897/0.7443, sse=215131.1/214777.6, time step reduction 2 of 3 to 0.125  0 1 0
030: dt: 0.2500, sse=215131.1, rms=0.690 (7.344%)
rms = 0.6635/0.6897, sse=210906.7/215131.1, time step reduction 3 of 3 to 0.062  0 0 1
031: dt: 0.1250, sse=210906.7, rms=0.663 (3.799%)
  maximum number of reductions reached, breaking from loop
positioning took 0.3 minutes


Writing output to ../surf/lh.white.preaparc
#ET# mris_place_surface  2.29 minutes
#VMPC# mris_place_surfaces VmPeak  3083468
mris_place_surface done
#--------------------------------------------
#@# CortexLabel lh Sun Mar 15 12:32:30 CET 2026
cd /out/sourcedata/freesurfer/sub-v2s10x30154_ses-1/mri
mri_label2label --label-cortex ../surf/lh.white.preaparc aseg.presurf.mgz 0 ../label/lh.cortex.label

 Generating cortex label... RemoveHipAmgy=0
 NucAccIsMedialWall=0
 mris->useRealRAS=0
5 non-cortical segments detected
only using segment with 8121 vertices
erasing segment 0 (vno[0] = 28454)
erasing segment 2 (vno[0] = 79382)
erasing segment 3 (vno[0] = 80284)
erasing segment 4 (vno[0] = 83427)
#--------------------------------------------
#@# CortexLabel+HipAmyg lh Sun Mar 15 12:32:39 CET 2026
cd /out/sourcedata/freesurfer/sub-v2s10x30154_ses-1/mri
mri_label2label --label-cortex ../surf/lh.white.preaparc aseg.presurf.mgz 1 ../label/lh.cortex+hipamyg.label

 Generating cortex label... RemoveHipAmgy=1
 NucAccIsMedialWall=0
 mris->useRealRAS=0
10 non-cortical segments detected
only using segment with 5656 vertices
erasing segment 0 (vno[0] = 28454)
erasing segment 2 (vno[0] = 48948)
erasing segment 3 (vno[0] = 54712)
erasing segment 4 (vno[0] = 57727)
erasing segment 5 (vno[0] = 59524)
erasing segment 6 (vno[0] = 71207)
erasing segment 7 (vno[0] = 79382)
erasing segment 8 (vno[0] = 83427)
erasing segment 9 (vno[0] = 127188)
#--------------------------------------------
#@# Smooth2 lh Sun Mar 15 12:32:48 CET 2026
/out/sourcedata/freesurfer/sub-v2s10x30154_ses-1/scripts

 mris_smooth -n 3 -nw -seed 1234 ../surf/lh.white.preaparc ../surf/lh.smoothwm 

smoothing for 3 iterations
setting seed for random number generator to 1234
smoothing surface tessellation for 3 iterations...
smoothing complete - recomputing first and second fundamental forms...
#--------------------------------------------
#@# Inflation2 lh Sun Mar 15 12:32:50 CET 2026
/out/sourcedata/freesurfer/sub-v2s10x30154_ses-1/scripts

 mris_inflate ../surf/lh.smoothwm ../surf/lh.inflated 

Reading ../surf/lh.smoothwm
avg radius = 46.5 mm, total surface area = 84417 mm^2
step 000: RMS=0.165 (target=0.015)   step 005: RMS=0.111 (target=0.015)   step 010: RMS=0.082 (target=0.015)   step 015: RMS=0.068 (target=0.015)   step 020: RMS=0.056 (target=0.015)   step 025: RMS=0.047 (target=0.015)   step 030: RMS=0.039 (target=0.015)   step 035: RMS=0.033 (target=0.015)   step 040: RMS=0.028 (target=0.015)   step 045: RMS=0.024 (target=0.015)   step 050: RMS=0.021 (target=0.015)   step 055: RMS=0.020 (target=0.015)   step 060: RMS=0.018 (target=0.015)   writing inflated surface to ../surf/lh.inflated
writing sulcal depths to ../surf/lh.sulc

inflation complete.
inflation took 0.1 minutes
mris_inflate utimesec    41.125094
mris_inflate stimesec    1.747921
mris_inflate ru_maxrss   209524
mris_inflate ru_ixrss    0
mris_inflate ru_idrss    0
mris_inflate ru_isrss    0
mris_inflate ru_minflt   508489
mris_inflate ru_majflt   10
mris_inflate ru_nswap    0
mris_inflate ru_inblock  130
mris_inflate ru_oublock  10608
mris_inflate ru_msgsnd   0
mris_inflate ru_msgrcv   0
mris_inflate ru_nsignals 0
mris_inflate ru_nvcsw    5661
mris_inflate ru_nivcsw   196
#--------------------------------------------
#@# Curv .H and .K lh Sun Mar 15 12:32:59 CET 2026
/out/sourcedata/freesurfer/sub-v2s10x30154_ses-1/surf

 mris_curvature -w -seed 1234 lh.white.preaparc 

setting seed for random number generator to 1234
total integrated curvature = 20.909*4pi (262.745) --> -20 handles
ICI = 127.2, FI = 1436.6, variation=21950.688
writing Gaussian curvature to ./lh.white.preaparc.K...done.
writing mean curvature to ./lh.white.preaparc.H...done.
rm -f lh.white.H
ln -s lh.white.preaparc.H lh.white.H
rm -f lh.white.K
ln -s lh.white.preaparc.K lh.white.K

 mris_curvature -seed 1234 -thresh .999 -n -a 5 -w -distances 10 10 lh.inflated 

setting seed for random number generator to 1234
normalizing curvature values.
averaging curvature patterns 5 times.
sampling 10 neighbors out to a distance of 10 mm
223 vertices thresholded to be in k1 ~ [-0.24 0.25], k2 ~ [-0.10 0.05]
total integrated curvature = 0.640*4pi (8.043) --> 0 handles
ICI = 1.6, FI = 9.3, variation=161.231
130 vertices thresholded to be in [-0.01 0.02]
writing Gaussian curvature to ./lh.inflated.K...thresholding curvature at 99.90% level
curvature mean = 0.000, std = 0.001
154 vertices thresholded to be in [-0.14 0.13]
done.
writing mean curvature to ./lh.inflated.H...curvature mean = -0.016, std = 0.022
done.
#--------------------------------------------
#@# Sphere lh Sun Mar 15 12:33:34 CET 2026
/out/sourcedata/freesurfer/sub-v2s10x30154_ses-1/scripts

 mris_sphere -seed 1234 ../surf/lh.inflated ../surf/lh.sphere 

setting seed for random number genererator to 1234
version: 7.3.2
available threads: 16
reading original vertex positions...
projecting onto sphere...
surface projected - minimizing metric distortion...
scaling brain by 0.281...
MRISunfold() max_passes = 1 -------
tol=5.0e-01, sigma=0.0, host=dna07, nav=1024, nbrs=2, l_area=1.000, l_dist=1.000
using quadratic fit line minimization
complete_dist_mat 0
rms 0
smooth_averages 0
remove_neg 0
ico_order 0
which_surface 0
target_radius 0.000000
nfields 0
scale 1.000000
desired_rms_height -1.000000
momentum 0.900000
nbhd_size 7
max_nbrs 8
niterations 25
nsurfaces 0
SURFACES 3
flags 0 (0)
use curv 0
no sulc 0
no rigid align 0
mris->nsize 2
mris->hemisphere 0
randomSeed 1234

singular matrix in quadratic form
singular matrix in quadratic form
singular matrix in quadratic form
singular matrix in quadratic form
singular matrix in quadratic form
singular matrix in quadratic form
--------------------
  mrisRemoveNegativeArea()
pass 1: epoch 1 of 3 starting distance error %20.12
pass 1: epoch 2 of 3 starting distance error %20.10
unfolding complete - removing small folds...
starting distance error %20.03
removing remaining folds...
final distance error %20.06
MRISunfold() return, current seed 1234
-01: dt=0.0000,   3 negative triangles  VmPeak 1793304
160: dt=0.9900,   3 negative triangles
writing spherical brain to ../surf/lh.sphere
spherical transformation took 0.0309 hours
FSRUNTIME@ mris_sphere  0.0309 hours 16 threads
#VMPC# mris_sphere VmPeak  1793304
mris_sphere done
#--------------------------------------------
#@# Surf Reg lh Sun Mar 15 12:35:26 CET 2026
/out/sourcedata/freesurfer/sub-v2s10x30154_ses-1/scripts

 mris_register -curv ../surf/lh.sphere /opt/freesurfer/average/lh.folding.atlas.acfb40.noaparc.i12.2016-08-02.tif ../surf/lh.sphere.reg 

using smoothwm curvature for final alignment

cwd /out/sourcedata/freesurfer/sub-v2s10x30154_ses-1/scripts
cmdline mris_register -curv ../surf/lh.sphere /opt/freesurfer/average/lh.folding.atlas.acfb40.noaparc.i12.2016-08-02.tif ../surf/lh.sphere.reg 

0 inflated.H
1 sulc
2 smoothwm (computed)
7.3.2
  7.3.2
reading surface from ../surf/lh.sphere...
reading template parameterization from /opt/freesurfer/average/lh.folding.atlas.acfb40.noaparc.i12.2016-08-02.tif...
MRISregister() -------
max_passes = 4 
min_degrees = 0.500000 
max_degrees = 64.000000 
nangles = 8 
tol=5.0e-01, sigma=0.0, host=dna07, nav=1024, nbrs=1, l_extern=10000.000, l_parea=0.200, l_nlarea=1.000, l_corr=1.000, l_dist=5.000
using quadratic fit line minimization
complete_dist_mat 0
rms 0
smooth_averages 0
remove_neg 0
ico_order 0
which_surface 0
target_radius 0.000000
nfields 0
scale 0.000000
desired_rms_height -1.000000
momentum 0.950000
nbhd_size -10
max_nbrs 10
niterations 25
nsurfaces 0
SURFACES 3
flags 16 (10)
use curv 16
no sulc 0
no rigid align 0
mris->nsize 1
mris->hemisphere 0
randomSeed 0

tol=5.0e-01, sigma=0.0, host=dna07, nav=1024, nbrs=1, l_extern=10000.000, l_parea=0.200, l_nlarea=1.000, l_corr=1.000, l_dist=5.000
using quadratic fit line minimization
--------------------
1 Reading lh.sulc
tol=1.0e+00, sigma=0.5, host=dna07, nav=1024, nbrs=1, l_extern=10000.000, l_parea=0.200, l_nlarea=1.000, l_corr=0.050, l_spring=0.500, l_dist=5.000
using quadratic fit line minimization
curvature mean = 0.000, std = 5.666
curvature mean = 0.038, std = 0.816
curvature mean = 0.013, std = 0.868
Starting MRISrigidBodyAlignGlobal()
Starting new MRISrigidBodyAlignGlobal_findMinSSE()
  new MRISrigidBodyAlignGlobal_findMinSSE min @ (-0.50, -6.50, 5.50) sse = 279399.8, elapsed since starting=0.0507 min
MRISrigidBodyAlignGlobal() done   0.05 min
curvature mean = 0.015, std = 0.830
curvature mean = 0.005, std = 0.949
curvature mean = 0.010, std = 0.839
curvature mean = 0.002, std = 0.980
curvature mean = 0.010, std = 0.842
curvature mean = -0.000, std = 0.992
2 Reading smoothwm
curvature mean = -0.021, std = 0.270
curvature mean = 0.045, std = 0.249
curvature mean = 0.056, std = 0.366
curvature mean = 0.041, std = 0.307
curvature mean = 0.031, std = 0.553
curvature mean = 0.040, std = 0.335
curvature mean = 0.016, std = 0.690
curvature mean = 0.040, std = 0.347
curvature mean = 0.004, std = 0.796
MRISregister() return, current seed 0
-01: dt=0.0000,   2 negative triangles  VmPeak 2377648
110: dt=0.9900,   2 negative triangles
writing registered surface to ../surf/lh.sphere.reg...
registration took 0.04 hours
#VMPC# mris_register VmPeak  2377648
FSRUNTIME@ mris_register  0.0397 hours 16 threads

 ln -sf lh.sphere.reg lh.fsaverage.sphere.reg 

#--------------------------------------------
#@# Jacobian white lh Sun Mar 15 12:37:49 CET 2026
/out/sourcedata/freesurfer/sub-v2s10x30154_ses-1/scripts

 mris_jacobian ../surf/lh.white.preaparc ../surf/lh.sphere.reg ../surf/lh.jacobian_white 

reading surface from ../surf/lh.white.preaparc...
writing curvature file ../surf/lh.jacobian_white
#--------------------------------------------
#@# AvgCurv lh Sun Mar 15 12:37:49 CET 2026
/out/sourcedata/freesurfer/sub-v2s10x30154_ses-1/scripts

 mrisp_paint -a 5 /opt/freesurfer/average/lh.folding.atlas.acfb40.noaparc.i12.2016-08-02.tif#6 ../surf/lh.sphere.reg ../surf/lh.avg_curv 

averaging curvature patterns 5 times...
reading surface from ../surf/lh.sphere.reg...
reading template parameterization from /opt/freesurfer/average/lh.folding.atlas.acfb40.noaparc.i12.2016-08-02.tif...
writing curvature file to ../surf/lh.avg_curv...
#-----------------------------------------
#@# Cortical Parc lh Sun Mar 15 12:37:50 CET 2026
/out/sourcedata/freesurfer/sub-v2s10x30154_ses-1/scripts

 mris_ca_label -l ../label/lh.cortex.label -aseg ../mri/aseg.presurf.mgz -seed 1234 sub-v2s10x30154_ses-1 lh ../surf/lh.sphere.reg /opt/freesurfer/average/lh.DKaparc.atlas.acfb40.noaparc.i12.2016-08-02.gcs ../label/lh.aparc.annot 

setting seed for random number generator to 1234
using ../mri/aseg.presurf.mgz aseg volume to correct midline
7.3.2
  7.3.2
reading atlas from /opt/freesurfer/average/lh.DKaparc.atlas.acfb40.noaparc.i12.2016-08-02.gcs...
reading color table from GCSA file....
average std = 0.8   using min determinant for regularization = 0.006
0 singular and 342 ill-conditioned covariance matrices regularized
input 0: MEAN CURVATURE, flags 0, avgs 5, name mean_curvature
labeling surface...
1855 labels changed using aseg
relabeling using gibbs priors...
000:   3077 changed, 135582 examined...
001:    687 changed, 12951 examined...
002:    136 changed, 3902 examined...
003:     55 changed, 851 examined...
004:     18 changed, 323 examined...
005:      9 changed, 124 examined...
006:      3 changed, 63 examined...
007:      2 changed, 21 examined...
008:      0 changed, 10 examined...
294 labels changed using aseg
000: 138 total segments, 92 labels (287 vertices) changed
001: 45 total segments, 3 labels (11 vertices) changed
002: 42 total segments, 0 labels (0 vertices) changed
10 filter iterations complete (10 requested, 3 changed)
rationalizing unknown annotations with cortex label
relabeling unknown label...
relabeling corpuscallosum label...
2142 vertices marked for relabeling...
2142 labels changed in reclassification.
writing output to ../label/lh.aparc.annot...
classification took 0 minutes and 7 seconds.
#--------------------------------------------
#@# WhiteSurfs lh Sun Mar 15 12:37:57 CET 2026
cd /out/sourcedata/freesurfer/sub-v2s10x30154_ses-1/mri
mris_place_surface --adgws-in ../surf/autodet.gw.stats.lh.dat --seg aseg.presurf.mgz --threads 16 --wm wm.mgz --invol brain.finalsurfs.mgz --lh --i ../surf/lh.white.preaparc --o ../surf/lh.white --white --nsmooth 0 --rip-label ../label/lh.cortex.label --rip-bg --rip-surf ../surf/lh.white.preaparc --aparc ../label/lh.aparc.annot
7.3.2
7.3.2

cd /out/sourcedata/freesurfer/sub-v2s10x30154_ses-1/mri
setenv SUBJECTS_DIR /out/sourcedata/freesurfer
mris_place_surface --adgws-in ../surf/autodet.gw.stats.lh.dat --seg aseg.presurf.mgz --threads 16 --wm wm.mgz --invol brain.finalsurfs.mgz --lh --i ../surf/lh.white.preaparc --o ../surf/lh.white --white --nsmooth 0 --rip-label ../label/lh.cortex.label --rip-bg --rip-surf ../surf/lh.white.preaparc --aparc ../label/lh.aparc.annot 

Reading in input surface ../surf/lh.white.preaparc
Not smoothing input surface
Area    271160  0.33872  0.11453 0.001603   2.9382
Corner  813480 60.00000 13.18002 0.247664 176.3497
Edge    406740  0.89388  0.18788 0.057990   3.9657
Hinge   406740  8.90602 10.33200 0.000020 179.5490
Reading in aparc ../label/lh.aparc.annot
Reading in input volume brain.finalsurfs.mgz
Reading in wm volume wm.mgz
MRIclipBrightWM(): nthresh=16876, wmmin=5, clip=110 
MRIfindBrightNonWM(): 20 bright non-wm voxels segmented.
Masking bright non-wm for white surface
MRImask(): AllowDiffGeom = 1
MRImask(): AllowDiffGeom = 1
Reading in seg volume aseg.presurf.mgz
Ripping frozen voxels
Ripping vertices not in label ../label/lh.cortex.label
MRISripNotLabel() ripped 8297/135582 vertices (127285 unripped)
Reading in ripping surface ../surf/lh.white.preaparc
Reading in aparc ../label/lh.aparc.annot for ripsurf
Ripping BG
MRISripBasalGanglia(): 1 -2 2 0.5 ripped 423
Ripping segs (eg, WMSA, BG, frozen)
Starting MRISripSegs() d = (-2 2 0.5) segnos: 247 
MRISripSegs(): -2 2 0.5 ripped 0
vertex 67791: xyz = (-7.61409,-3.55609,74.7286) oxyz = (-7.61409,-3.55609,74.7286) wxzy = (-7.61409,-3.55609,74.7286) pxyz = (0,0,0) 
CBVO Creating mask 135582
n_averages 4
Iteration 0 =========================================
n_averages=4, current_sigma=2
Computing target border values 
Entering MRIScomputeBorderValues_new(): 
  inside_hi   = 120.0000000;
  border_hi   = 111.2350920;
  border_low  =  74.0000000;
  outside_low =  65.2507020;
  outside_hi  = 111.2350920;
  sigma = 2;
  max_thickness = 10;
  step_size=0.5;
  STEP_SIZE=0.1;
  which = 1
  thresh = 0
  flags = 0
  CBVfindFirstPeakD1=0
  CBVfindFirstPeakD2=0
  nvertices=135582
  Gdiag_no=-1
  vno start=0, stop=135582
Replacing 255s with 0s
#SI# sigma=2 had to be increased for 99 vertices, nripped=8720
mean border=83.9, 57 (57) missing vertices, mean dist 0.4 [1.1 (%10.6)->0.5 (%89.4))]
%68 local maxima, %26 large gradients and % 0 min vals, 0 gradients ignored
nFirstPeakD1 0
MRIScomputeBorderValues_new() finished in 0.0115 min


Finding expansion regions
mean absolute distance = 0.60 +- 0.86
2600 vertices more than 2 sigmas from mean.
Averaging target values for 5 iterations...
Positioning Surface: tspring = 0.3, nspring = 0.3, spring = 0, niters = 100 l_repulse = 5, l_surf_repulse = 0, checktol = 0
Positioning pial surface
Entering MRISpositionSurface()
  max_mm = 0.3
  MAX_REDUCTIONS = 2, REDUCTION_PCT = 0.5
  parms->check_tol = 0, niterations = 100
tol=1.0e-04, sigma=2.0, host=dna07, nav=4, nbrs=2, l_repulse=5.000, l_tspring=0.300, l_nspring=0.300, l_intensity=0.200, l_curv=1.000
mom=0.00, dt=0.50
complete_dist_mat 0
rms 0
smooth_averages 0
remove_neg 0
ico_order 0
which_surface 0
target_radius 0.000000
nfields 0
scale 0.000000
desired_rms_height 0.000000
momentum 0.000000
nbhd_size 0
max_nbrs 0
niterations 100
nsurfaces 0
SURFACES 3
flags 0 (0)
use curv 0
no sulc 0
no rigid align 0
mris->nsize 2
mris->hemisphere 0
randomSeed 0

000: dt: 0.0000, sse=1449256.1, rms=7.036
001: dt: 0.5000, sse=599406.6, rms=3.991 (43.274%)
002: dt: 0.5000, sse=361485.9, rms=2.602 (34.811%)
003: dt: 0.5000, sse=308298.7, rms=2.157 (17.106%)
004: dt: 0.5000, sse=287064.3, rms=1.939 (10.104%)
rms = 1.9655/1.9389, sse=289913.1/287064.3, time step reduction 1 of 3 to 0.250  0 1 1
   RMS increased, rejecting step
005: dt: 0.2500, sse=241508.0, rms=1.389 (28.365%)
006: dt: 0.2500, sse=224143.6, rms=1.110 (20.081%)
007: dt: 0.2500, sse=220342.7, rms=1.029 (7.272%)
rms = 1.0010/1.0293, sse=219438.8/220342.7, time step reduction 2 of 3 to 0.125  0 0 1
008: dt: 0.2500, sse=219438.8, rms=1.001 (2.757%)
rms = 0.9786/1.0010, sse=218439.8/219438.8, time step reduction 3 of 3 to 0.062  0 0 1
009: dt: 0.1250, sse=218439.8, rms=0.979 (2.231%)
  maximum number of reductions reached, breaking from loop
positioning took 0.7 minutes
Iteration 1 =========================================
n_averages=2, current_sigma=1
Computing target border values 
Entering MRIScomputeBorderValues_new(): 
  inside_hi   = 120.0000000;
  border_hi   = 111.2350920;
  border_low  =  74.0000000;
  outside_low =  65.2507020;
  outside_hi  = 111.2350920;
  sigma = 1;
  max_thickness = 10;
  step_size=0.5;
  STEP_SIZE=0.1;
  which = 1
  thresh = 0
  flags = 0
  CBVfindFirstPeakD1=0
  CBVfindFirstPeakD2=0
  nvertices=135582
  Gdiag_no=-1
  vno start=0, stop=135582
Replacing 255s with 0s
#SI# sigma=1 had to be increased for 83 vertices, nripped=8720
mean border=87.0, 57 (4) missing vertices, mean dist -0.2 [0.4 (%79.8)->0.3 (%20.2))]
%81 local maxima, %13 large gradients and % 0 min vals, 0 gradients ignored
nFirstPeakD1 0
MRIScomputeBorderValues_new() finished in 0.0083 min


Finding expansion regions
mean absolute distance = 0.35 +- 0.58
2313 vertices more than 2 sigmas from mean.
Averaging target values for 5 iterations...
Positioning Surface: tspring = 0.3, nspring = 0.3, spring = 0, niters = 100 l_repulse = 5, l_surf_repulse = 0, checktol = 0
Positioning pial surface
Entering MRISpositionSurface()
  max_mm = 0.3
  MAX_REDUCTIONS = 2, REDUCTION_PCT = 0.5
  parms->check_tol = 0, niterations = 100
tol=1.0e-04, sigma=1.0, host=dna07, nav=2, nbrs=2, l_repulse=5.000, l_tspring=0.300, l_nspring=0.300, l_intensity=0.200, l_curv=1.000
mom=0.00, dt=0.50
000: dt: 0.0000, sse=663502.1, rms=4.250
010: dt: 0.5000, sse=355168.9, rms=2.428 (42.866%)
011: dt: 0.5000, sse=309077.7, rms=2.023 (16.706%)
012: dt: 0.5000, sse=297143.1, rms=1.896 (6.267%)
rms = 1.9793/1.8958, sse=305205.0/297143.1, time step reduction 1 of 3 to 0.250  0 1 1
   RMS increased, rejecting step
013: dt: 0.2500, sse=248041.1, rms=1.279 (32.520%)
014: dt: 0.2500, sse=230597.0, rms=0.953 (25.490%)
015: dt: 0.2500, sse=226237.6, rms=0.877 (7.980%)
rms = 0.8644/0.8771, sse=226692.0/226237.6, time step reduction 2 of 3 to 0.125  0 1 1
016: dt: 0.2500, sse=226692.0, rms=0.864 (1.455%)
rms = 0.8477/0.8644, sse=226570.3/226692.0, time step reduction 3 of 3 to 0.062  0 0 1
017: dt: 0.1250, sse=226570.3, rms=0.848 (1.927%)
  maximum number of reductions reached, breaking from loop
positioning took 0.6 minutes
Iteration 2 =========================================
n_averages=1, current_sigma=0.5
Computing target border values 
Entering MRIScomputeBorderValues_new(): 
  inside_hi   = 120.0000000;
  border_hi   = 111.2350920;
  border_low  =  74.0000000;
  outside_low =  65.2507020;
  outside_hi  = 111.2350920;
  sigma = 0.5;
  max_thickness = 10;
  step_size=0.5;
  STEP_SIZE=0.1;
  which = 1
  thresh = 0
  flags = 0
  CBVfindFirstPeakD1=0
  CBVfindFirstPeakD2=0
  nvertices=135582
  Gdiag_no=-1
  vno start=0, stop=135582
Replacing 255s with 0s
#SI# sigma=0.5 had to be increased for 93 vertices, nripped=8720
mean border=88.9, 65 (2) missing vertices, mean dist -0.1 [0.2 (%73.4)->0.2 (%26.6))]
%86 local maxima, % 7 large gradients and % 0 min vals, 0 gradients ignored
nFirstPeakD1 0
MRIScomputeBorderValues_new() finished in 0.0049 min


Finding expansion regions
mean absolute distance = 0.24 +- 0.40
2867 vertices more than 2 sigmas from mean.
Averaging target values for 5 iterations...
Positioning Surface: tspring = 0.3, nspring = 0.3, spring = 0, niters = 100 l_repulse = 5, l_surf_repulse = 0, checktol = 0
Positioning pial surface
Entering MRISpositionSurface()
  max_mm = 0.3
  MAX_REDUCTIONS = 2, REDUCTION_PCT = 0.5
  parms->check_tol = 0, niterations = 100
tol=1.0e-04, sigma=0.5, host=dna07, nav=1, nbrs=2, l_repulse=5.000, l_tspring=0.300, l_nspring=0.300, l_intensity=0.200, l_curv=1.000
mom=0.00, dt=0.50
000: dt: 0.0000, sse=372379.6, rms=2.586
018: dt: 0.5000, sse=294004.5, rms=1.784 (31.012%)
rms = 1.7903/1.7840, sse=284237.8/294004.5, time step reduction 1 of 3 to 0.250  0 0 1
   RMS increased, rejecting step
019: dt: 0.2500, sse=243673.7, rms=1.239 (30.524%)
020: dt: 0.2500, sse=223892.8, rms=0.897 (27.617%)
021: dt: 0.2500, sse=218906.2, rms=0.813 (9.356%)
rms = 0.8013/0.8132, sse=218753.0/218906.2, time step reduction 2 of 3 to 0.125  0 0 1
022: dt: 0.2500, sse=218753.0, rms=0.801 (1.467%)
rms = 0.7827/0.8013, sse=218052.9/218753.0, time step reduction 3 of 3 to 0.062  0 0 1
023: dt: 0.1250, sse=218052.9, rms=0.783 (2.312%)
  maximum number of reductions reached, breaking from loop
positioning took 0.4 minutes
Iteration 3 =========================================
n_averages=0, current_sigma=0.25
Computing target border values 
Entering MRIScomputeBorderValues_new(): 
  inside_hi   = 120.0000000;
  border_hi   = 111.2350920;
  border_low  =  74.0000000;
  outside_low =  65.2507020;
  outside_hi  = 111.2350920;
  sigma = 0.25;
  max_thickness = 10;
  step_size=0.5;
  STEP_SIZE=0.1;
  which = 1
  thresh = 0
  flags = 0
  CBVfindFirstPeakD1=0
  CBVfindFirstPeakD2=0
  nvertices=135582
  Gdiag_no=-1
  vno start=0, stop=135582
Replacing 255s with 0s
#SI# sigma=0.25 had to be increased for 76 vertices, nripped=8720
mean border=89.5, 90 (2) missing vertices, mean dist -0.0 [0.2 (%57.2)->0.2 (%42.8))]
%88 local maxima, % 5 large gradients and % 0 min vals, 0 gradients ignored
nFirstPeakD1 0
MRIScomputeBorderValues_new() finished in 0.0031 min


Finding expansion regions
mean absolute distance = 0.19 +- 0.34
2365 vertices more than 2 sigmas from mean.
Averaging target values for 5 iterations...
Positioning Surface: tspring = 0.3, nspring = 0.3, spring = 0, niters = 100 l_repulse = 5, l_surf_repulse = 0, checktol = 0
Positioning pial surface
Entering MRISpositionSurface()
  max_mm = 0.3
  MAX_REDUCTIONS = 2, REDUCTION_PCT = 0.5
  parms->check_tol = 0, niterations = 100
tol=1.0e-04, sigma=0.2, host=dna07, nav=0, nbrs=2, l_repulse=5.000, l_tspring=0.300, l_nspring=0.300, l_intensity=0.200, l_curv=1.000
mom=0.00, dt=0.50
000: dt: 0.0000, sse=232862.9, rms=1.131
024: dt: 0.5000, sse=230093.0, rms=0.971 (14.189%)
rms = 1.2004/0.9709, sse=239199.6/230093.0, time step reduction 1 of 3 to 0.250  0 1 1
   RMS increased, rejecting step
025: dt: 0.2500, sse=217250.1, rms=0.716 (26.226%)
026: dt: 0.2500, sse=214171.9, rms=0.656 (8.364%)
rms = 0.6270/0.6563, sse=213060.2/214171.9, time step reduction 2 of 3 to 0.125  0 0 1
027: dt: 0.2500, sse=213060.2, rms=0.627 (4.466%)
rms = 0.6148/0.6270, sse=212186.3/213060.2, time step reduction 3 of 3 to 0.062  0 0 1
028: dt: 0.1250, sse=212186.3, rms=0.615 (1.950%)
  maximum number of reductions reached, breaking from loop
positioning took 0.4 minutes


Writing output to ../surf/lh.white
#ET# mris_place_surface  2.08 minutes
#VMPC# mris_place_surfaces VmPeak  3060500
mris_place_surface done
#--------------------------------------------
#@# T1PialSurf lh Sun Mar 15 12:40:05 CET 2026
cd /out/sourcedata/freesurfer/sub-v2s10x30154_ses-1/mri
mris_place_surface --adgws-in ../surf/autodet.gw.stats.lh.dat --seg aseg.presurf.mgz --threads 16 --wm wm.mgz --invol brain.finalsurfs.mgz --lh --i ../surf/lh.white --o ../surf/lh.pial.T1 --pial --nsmooth 0 --rip-label ../label/lh.cortex+hipamyg.label --pin-medial-wall ../label/lh.cortex.label --aparc ../label/lh.aparc.annot --repulse-surf ../surf/lh.white --white-surf ../surf/lh.white
7.3.2
7.3.2

cd /out/sourcedata/freesurfer/sub-v2s10x30154_ses-1/mri
setenv SUBJECTS_DIR /out/sourcedata/freesurfer
mris_place_surface --adgws-in ../surf/autodet.gw.stats.lh.dat --seg aseg.presurf.mgz --threads 16 --wm wm.mgz --invol brain.finalsurfs.mgz --lh --i ../surf/lh.white --o ../surf/lh.pial.T1 --pial --nsmooth 0 --rip-label ../label/lh.cortex+hipamyg.label --pin-medial-wall ../label/lh.cortex.label --aparc ../label/lh.aparc.annot --repulse-surf ../surf/lh.white --white-surf ../surf/lh.white 

Reading in input surface ../surf/lh.white
Not smoothing input surface
Area    271160  0.34170  0.12967 0.000467   4.1526
Corner  813480 60.00000 14.39748 0.126553 179.7012
Edge    406740  0.89864  0.20598 0.017725   3.9657
Hinge   406740  8.98967 10.52865 0.000016 179.8098
Reading white surface coordinates from ../surf/lh.white
Reading repulsion surface coordinates from ../surf/lh.white
Reading in aparc ../label/lh.aparc.annot
Reading in input volume brain.finalsurfs.mgz
Reading in wm volume wm.mgz
MRIclipBrightWM(): nthresh=16876, wmmin=5, clip=110 
MRIfindBrightNonWM(): 20 bright non-wm voxels segmented.
Masking bright non-wm for pial surface mid_gray = 72.2585
MRImask(): AllowDiffGeom = 1
MRImask(): AllowDiffGeom = 1
MRImask(): AllowDiffGeom = 1
Reading in seg volume aseg.presurf.mgz
Ripping frozen voxels
Ripping vertices not in label ../label/lh.cortex+hipamyg.label
MRISripNotLabel() ripped 5994/135582 vertices (129588 unripped)
INFO: rip surface needed but not specified, so using input surface
Ripping segs (eg, WMSA, BG, frozen)
Starting MRISripSegs() d = (-2 2 0.5) segnos: 247 
MRISripSegs(): -2 2 0.5 ripped 0
vertex 67791: xyz = (-7.60724,-3.53435,74.7373) oxyz = (-7.60724,-3.53435,74.7373) wxzy = (-7.60724,-3.53435,74.7373) pxyz = (-7.60724,-3.53435,74.7373) 
CBVO Creating mask 135582
n_averages 16
Iteration 0 =========================================
n_averages=16, current_sigma=2
Computing target border values 
Entering MRIScomputeBorderValues_new(): 
  inside_hi   =  96.7649080;
  border_hi   =  65.2507020;
  border_low  =  47.7520980;
  outside_low =  10.0000000;
  outside_hi  =  60.8760490;
  sigma = 2;
  max_thickness = 10;
  step_size=0.5;
  STEP_SIZE=0.1;
  which = 2
  thresh = 0
  flags = 0
  CBVfindFirstPeakD1=0
  CBVfindFirstPeakD2=0
  nvertices=135582
  Gdiag_no=-1
  vno start=0, stop=135582
Replacing 255s with 0s
#SI# sigma=2 had to be increased for 124 vertices, nripped=5994
mean border=63.6, 103 (103) missing vertices, mean dist 1.8 [0.0 (%0.0)->3.0 (%100.0))]
%14 local maxima, %43 large gradients and %39 min vals, 0 gradients ignored
nFirstPeakD1 0
MRIScomputeBorderValues_new() finished in 0.0099 min


Averaging target values for 5 iterations...
Positioning Surface: tspring = 0.3, nspring = 0.3, spring = 0, niters = 100 l_repulse = 0, l_surf_repulse = 5, checktol = 0
Positioning pial surface
Entering MRISpositionSurface()
  max_mm = 0.3
  MAX_REDUCTIONS = 2, REDUCTION_PCT = 0.5
  parms->check_tol = 0, niterations = 100
tol=1.0e-04, sigma=2.0, host=dna07, nav=16, nbrs=2, l_surf_repulse=5.000, l_tspring=0.300, l_nspring=0.300, l_intensity=0.200, l_curv=1.000
mom=0.00, dt=0.50
complete_dist_mat 0
rms 0
smooth_averages 0
remove_neg 0
ico_order 0
which_surface 0
target_radius 0.000000
nfields 0
scale 0.000000
desired_rms_height 0.000000
momentum 0.000000
nbhd_size 0
max_nbrs 0
niterations 100
nsurfaces 0
SURFACES 3
flags 0 (0)
use curv 0
no sulc 0
no rigid align 0
mris->nsize 2
mris->hemisphere 0
randomSeed 0

000: dt: 0.0000, sse=18358866.0, rms=26.483
001: dt: 0.5000, sse=12771694.0, rms=22.036 (16.791%)
002: dt: 0.5000, sse=8826005.0, rms=18.253 (17.166%)
003: dt: 0.5000, sse=6283208.0, rms=15.327 (16.031%)
004: dt: 0.5000, sse=4685347.0, rms=13.158 (14.154%)
005: dt: 0.5000, sse=3626431.0, rms=11.495 (12.641%)
006: dt: 0.5000, sse=2857362.0, rms=10.114 (12.009%)
007: dt: 0.5000, sse=2274679.2, rms=8.925 (11.761%)
008: dt: 0.5000, sse=1820474.5, rms=7.871 (11.801%)
009: dt: 0.5000, sse=1468157.8, rms=6.943 (11.792%)
010: dt: 0.5000, sse=1183362.6, rms=6.089 (12.308%)
011: dt: 0.5000, sse=968064.1, rms=5.351 (12.118%)
012: dt: 0.5000, sse=803761.5, rms=4.709 (11.986%)
013: dt: 0.5000, sse=692018.9, rms=4.216 (10.476%)
014: dt: 0.5000, sse=613692.4, rms=3.832 (9.115%)
015: dt: 0.5000, sse=564822.9, rms=3.569 (6.855%)
016: dt: 0.5000, sse=529308.1, rms=3.366 (5.706%)
017: dt: 0.5000, sse=507658.6, rms=3.233 (3.948%)
018: dt: 0.5000, sse=492261.3, rms=3.135 (3.016%)
019: dt: 0.5000, sse=484772.2, rms=3.085 (1.615%)
020: dt: 0.5000, sse=477399.2, rms=3.034 (1.621%)
rms = 3.0115/3.0345, sse=474313.9/477399.2, time step reduction 1 of 3 to 0.250  0 0 1
021: dt: 0.5000, sse=474313.9, rms=3.012 (0.757%)
022: dt: 0.2500, sse=411327.2, rms=2.553 (15.229%)
023: dt: 0.2500, sse=399312.5, rms=2.457 (3.748%)
rms = 2.4465/2.4572, sse=398193.2/399312.5, time step reduction 2 of 3 to 0.125  0 0 1
024: dt: 0.2500, sse=398193.2, rms=2.447 (0.435%)
025: dt: 0.1250, sse=390858.8, rms=2.384 (2.543%)
rms = 2.3693/2.3843, sse=389119.5/390858.7, time step reduction 3 of 3 to 0.062  0 0 1
026: dt: 0.1250, sse=389119.5, rms=2.369 (0.631%)
  maximum number of reductions reached, breaking from loop
positioning took 1.5 minutes
Iteration 1 =========================================
n_averages=8, current_sigma=1
Computing target border values 
Entering MRIScomputeBorderValues_new(): 
  inside_hi   =  96.7649080;
  border_hi   =  65.2507020;
  border_low  =  47.7520980;
  outside_low =  10.0000000;
  outside_hi  =  60.8760490;
  sigma = 1;
  max_thickness = 10;
  step_size=0.5;
  STEP_SIZE=0.1;
  which = 2
  thresh = 0
  flags = 0
  CBVfindFirstPeakD1=0
  CBVfindFirstPeakD2=0
  nvertices=135582
  Gdiag_no=-1
  vno start=0, stop=135582
Replacing 255s with 0s
#SI# sigma=1 had to be increased for 11938 vertices, nripped=5994
mean border=62.4, 1607 (24) missing vertices, mean dist 0.1 [0.2 (%44.2)->0.5 (%55.8))]
%27 local maxima, %34 large gradients and %34 min vals, 0 gradients ignored
nFirstPeakD1 0
MRIScomputeBorderValues_new() finished in 0.0045 min


Averaging target values for 5 iterations...
Positioning Surface: tspring = 0.3, nspring = 0.3, spring = 0, niters = 100 l_repulse = 0, l_surf_repulse = 5, checktol = 0
Positioning pial surface
Entering MRISpositionSurface()
  max_mm = 0.3
  MAX_REDUCTIONS = 2, REDUCTION_PCT = 0.5
  parms->check_tol = 0, niterations = 100
tol=1.0e-04, sigma=1.0, host=dna07, nav=8, nbrs=2, l_surf_repulse=5.000, l_tspring=0.300, l_nspring=0.300, l_intensity=0.200, l_curv=1.000
mom=0.00, dt=0.50
000: dt: 0.0000, sse=569358.8, rms=3.231
027: dt: 0.5000, sse=521499.2, rms=2.925 (9.496%)
028: dt: 0.5000, sse=508922.6, rms=2.853 (2.437%)
rms = 2.9291/2.8533, sse=520583.7/508922.6, time step reduction 1 of 3 to 0.250  0 1 1
   RMS increased, rejecting step
029: dt: 0.2500, sse=462180.6, rms=2.504 (12.233%)
030: dt: 0.2500, sse=446168.9, rms=2.369 (5.387%)
rms = 2.3566/2.3694, sse=444794.7/446168.9, time step reduction 2 of 3 to 0.125  0 0 1
031: dt: 0.2500, sse=444794.7, rms=2.357 (0.541%)
032: dt: 0.1250, sse=436470.2, rms=2.284 (3.100%)
rms = 2.2636/2.2835, sse=434229.5/436470.2, time step reduction 3 of 3 to 0.062  0 0 1
033: dt: 0.1250, sse=434229.5, rms=2.264 (0.873%)
  maximum number of reductions reached, breaking from loop
positioning took 0.4 minutes
Iteration 2 =========================================
n_averages=4, current_sigma=0.5
Computing target border values 
Entering MRIScomputeBorderValues_new(): 
  inside_hi   =  96.7649080;
  border_hi   =  65.2507020;
  border_low  =  47.7520980;
  outside_low =  10.0000000;
  outside_hi  =  60.8760490;
  sigma = 0.5;
  max_thickness = 10;
  step_size=0.5;
  STEP_SIZE=0.1;
  which = 2
  thresh = 0
  flags = 0
  CBVfindFirstPeakD1=0
  CBVfindFirstPeakD2=0
  nvertices=135582
  Gdiag_no=-1
  vno start=0, stop=135582
Replacing 255s with 0s
#SI# sigma=0.5 had to be increased for 13112 vertices, nripped=5994
mean border=61.6, 1959 (15) missing vertices, mean dist 0.1 [0.2 (%37.4)->0.4 (%62.6))]
%40 local maxima, %20 large gradients and %34 min vals, 0 gradients ignored
nFirstPeakD1 0
MRIScomputeBorderValues_new() finished in 0.0027 min


Averaging target values for 5 iterations...
Positioning Surface: tspring = 0.3, nspring = 0.3, spring = 0, niters = 100 l_repulse = 0, l_surf_repulse = 5, checktol = 0
Positioning pial surface
Entering MRISpositionSurface()
  max_mm = 0.3
  MAX_REDUCTIONS = 2, REDUCTION_PCT = 0.5
  parms->check_tol = 0, niterations = 100
tol=1.0e-04, sigma=0.5, host=dna07, nav=4, nbrs=2, l_surf_repulse=5.000, l_tspring=0.300, l_nspring=0.300, l_intensity=0.200, l_curv=1.000
mom=0.00, dt=0.50
000: dt: 0.0000, sse=497285.2, rms=2.716
rms = 2.7435/2.7164, sse=501666.5/497285.2, time step reduction 1 of 3 to 0.250  0 1 1
   RMS increased, rejecting step
034: dt: 0.2500, sse=468642.1, rms=2.501 (7.947%)
035: dt: 0.2500, sse=450420.8, rms=2.352 (5.943%)
rms = 2.3180/2.3520, sse=446239.9/450420.7, time step reduction 2 of 3 to 0.125  0 0 1
036: dt: 0.2500, sse=446239.9, rms=2.318 (1.446%)
037: dt: 0.1250, sse=439142.3, rms=2.256 (2.694%)
rms = 2.2320/2.2555, sse=436371.3/439142.3, time step reduction 3 of 3 to 0.062  0 0 1
038: dt: 0.1250, sse=436371.3, rms=2.232 (1.044%)
  maximum number of reductions reached, breaking from loop
positioning took 0.3 minutes
Iteration 3 =========================================
n_averages=2, current_sigma=0.25
Computing target border values 
Entering MRIScomputeBorderValues_new(): 
  inside_hi   =  96.7649080;
  border_hi   =  65.2507020;
  border_low  =  47.7520980;
  outside_low =  10.0000000;
  outside_hi  =  60.8760490;
  sigma = 0.25;
  max_thickness = 10;
  step_size=0.5;
  STEP_SIZE=0.1;
  which = 2
  thresh = 0
  flags = 0
  CBVfindFirstPeakD1=0
  CBVfindFirstPeakD2=0
  nvertices=135582
  Gdiag_no=-1
  vno start=0, stop=135582
Replacing 255s with 0s
#SI# sigma=0.25 had to be increased for 11349 vertices, nripped=5994
mean border=61.0, 4482 (14) missing vertices, mean dist 0.1 [0.2 (%40.7)->0.3 (%59.3))]
%45 local maxima, %15 large gradients and %33 min vals, 0 gradients ignored
nFirstPeakD1 0
MRIScomputeBorderValues_new() finished in 0.0019 min


Averaging target values for 5 iterations...
Positioning Surface: tspring = 0.3, nspring = 0.3, spring = 0, niters = 100 l_repulse = 0, l_surf_repulse = 5, checktol = 0
Positioning pial surface
Entering MRISpositionSurface()
  max_mm = 0.3
  MAX_REDUCTIONS = 2, REDUCTION_PCT = 0.5
  parms->check_tol = 0, niterations = 100
tol=1.0e-04, sigma=0.2, host=dna07, nav=2, nbrs=2, l_surf_repulse=5.000, l_tspring=0.300, l_nspring=0.300, l_intensity=0.200, l_curv=1.000
mom=0.00, dt=0.50
000: dt: 0.0000, sse=456402.5, rms=2.398
rms = 2.5214/2.3979, sse=471177.7/456402.5, time step reduction 1 of 3 to 0.250  0 1 1
   RMS increased, rejecting step
039: dt: 0.2500, sse=444688.4, rms=2.300 (4.083%)
040: dt: 0.2500, sse=438199.5, rms=2.248 (2.255%)
rms = 2.2443/2.2482, sse=437403.2/438199.5, time step reduction 2 of 3 to 0.125  0 0 1
041: dt: 0.2500, sse=437403.2, rms=2.244 (0.173%)
042: dt: 0.1250, sse=428968.6, rms=2.169 (3.337%)
rms = 2.1459/2.1694, sse=426161.5/428968.6, time step reduction 3 of 3 to 0.062  0 0 1
043: dt: 0.1250, sse=426161.5, rms=2.146 (1.081%)
  maximum number of reductions reached, breaking from loop
positioning took 0.3 minutes
Pinning medial wall to white surface
removing intersecting faces
000: 14 intersecting
001: 5 intersecting
terminating search with 0 intersecting


Writing output to ../surf/lh.pial.T1
#ET# mris_place_surface  2.75 minutes
#VMPC# mris_place_surfaces VmPeak  2412216
mris_place_surface done
#@# white curv lh Sun Mar 15 12:42:54 CET 2026
cd /out/sourcedata/freesurfer/sub-v2s10x30154_ses-1/mri
mris_place_surface --curv-map ../surf/lh.white 2 10 ../surf/lh.curv
insurf  ../surf/lh.white, nbrs 2, curvature_avgs 10
writing curvature file ../surf/lh.curv
#@# white area lh Sun Mar 15 12:42:55 CET 2026
cd /out/sourcedata/freesurfer/sub-v2s10x30154_ses-1/mri
mris_place_surface --area-map ../surf/lh.white ../surf/lh.area
writing curvature file ../surf/lh.area
#@# pial curv lh Sun Mar 15 12:42:56 CET 2026
cd /out/sourcedata/freesurfer/sub-v2s10x30154_ses-1/mri
mris_place_surface --curv-map ../surf/lh.pial 2 10 ../surf/lh.curv.pial
insurf  ../surf/lh.pial, nbrs 2, curvature_avgs 10
writing curvature file ../surf/lh.curv.pial
#@# pial area lh Sun Mar 15 12:42:57 CET 2026
cd /out/sourcedata/freesurfer/sub-v2s10x30154_ses-1/mri
mris_place_surface --area-map ../surf/lh.pial ../surf/lh.area.pial
writing curvature file ../surf/lh.area.pial
#@# thickness lh Sun Mar 15 12:42:57 CET 2026
cd /out/sourcedata/freesurfer/sub-v2s10x30154_ses-1/mri
mris_place_surface --thickness ../surf/lh.white ../surf/lh.pial 20 5 ../surf/lh.thickness
0 of 135582 vertices processed
25000 of 135582 vertices processed
50000 of 135582 vertices processed
75000 of 135582 vertices processed
100000 of 135582 vertices processed
125000 of 135582 vertices processed
0 of 135582 vertices processed
25000 of 135582 vertices processed
50000 of 135582 vertices processed
75000 of 135582 vertices processed
100000 of 135582 vertices processed
125000 of 135582 vertices processed
thickness calculation complete, 668:2374 truncations.
59725 vertices at 0 distance
105264 vertices at 1 distance
65213 vertices at 2 distance
24805 vertices at 3 distance
9378 vertices at 4 distance
3788 vertices at 5 distance
1520 vertices at 6 distance
660 vertices at 7 distance
310 vertices at 8 distance
154 vertices at 9 distance
99 vertices at 10 distance
57 vertices at 11 distance
44 vertices at 12 distance
29 vertices at 13 distance
16 vertices at 14 distance
15 vertices at 15 distance
21 vertices at 16 distance
18 vertices at 17 distance
12 vertices at 18 distance
19 vertices at 19 distance
17 vertices at 20 distance
writing curvature file ../surf/lh.thickness
#@# area and vertex vol lh Sun Mar 15 12:43:16 CET 2026
cd /out/sourcedata/freesurfer/sub-v2s10x30154_ses-1/mri
mris_place_surface --thickness ../surf/lh.white ../surf/lh.pial 20 5 ../surf/lh.thickness
/out/sourcedata/freesurfer/sub-v2s10x30154_ses-1/surf
mris_calc -o lh.area.mid lh.area add lh.area.pial
Saving result to 'lh.area.mid' (type = MRI_CURV_FILE)                       [ ok ]
mris_calc -o lh.area.mid lh.area.mid div 2
Saving result to 'lh.area.mid' (type = MRI_CURV_FILE)                       [ ok ]
mris_convert --volume sub-v2s10x30154_ses-1 lh /out/sourcedata/freesurfer/sub-v2s10x30154_ses-1/surf/lh.volume
masking with /out/sourcedata/freesurfer/sub-v2s10x30154_ses-1/label/lh.cortex.label
Total face volume 282908
Total vertex volume 282691 (mask=0)
#@# sub-v2s10x30154_ses-1 lh 282691
 
vertexvol Done

#-----------------------------------------
#@# Curvature Stats lh Sun Mar 15 12:43:17 CET 2026
/out/sourcedata/freesurfer/sub-v2s10x30154_ses-1/surf

 mris_curvature_stats -m --writeCurvatureFiles -G -o ../stats/lh.curv.stats -F smoothwm sub-v2s10x30154_ses-1 lh curv sulc 

             Toggling save flag on curvature files                       [ ok ]
                 Outputting results using filestem   [ ../stats/lh.curv.stats ]
             Toggling save flag on curvature files                       [ ok ]
                                   Setting surface [ sub-v2s10x30154_ses-1/lh.smoothwm ]
                                Reading surface...                       [ ok ]
                                   Setting texture                     [ curv ]
                                Reading texture...                       [ ok ]
                                   Setting texture                     [ sulc ]
                                Reading texture...Gb_filter = 0
                       [ ok ]
      Calculating Discrete Principal Curvatures...
      Determining geometric order for vno faces... [####################] [ ok ]
                      Determining KH curvatures... [####################] [ ok ]
                    Determining k1k2 curvatures... [####################] [ ok ]
                                   deltaViolations                      [ 213 ]
Gb_filter = 0

WARN:    S lookup   min:                          -0.185424
WARN:    S explicit min:                          0.000000	vertex = 1173
#-----------------------------------------
#@# Cortical Parc 2 lh Sun Mar 15 12:43:18 CET 2026
/out/sourcedata/freesurfer/sub-v2s10x30154_ses-1/scripts

 mris_ca_label -l ../label/lh.cortex.label -aseg ../mri/aseg.presurf.mgz -seed 1234 sub-v2s10x30154_ses-1 lh ../surf/lh.sphere.reg /opt/freesurfer/average/lh.CDaparc.atlas.acfb40.noaparc.i12.2016-08-02.gcs ../label/lh.aparc.a2009s.annot 

setting seed for random number generator to 1234
using ../mri/aseg.presurf.mgz aseg volume to correct midline
7.3.2
  7.3.2
reading atlas from /opt/freesurfer/average/lh.CDaparc.atlas.acfb40.noaparc.i12.2016-08-02.gcs...
reading color table from GCSA file....
average std = 3.0   using min determinant for regularization = 0.088
0 singular and 0 ill-conditioned covariance matrices regularized
input 0: MEAN CURVATURE, flags 0, avgs 5, name mean_curvature
labeling surface...
8 labels changed using aseg
relabeling using gibbs priors...
000:   8826 changed, 135582 examined...
001:   1969 changed, 34650 examined...
002:    578 changed, 10651 examined...
003:    257 changed, 3365 examined...
004:    129 changed, 1434 examined...
005:     71 changed, 712 examined...
006:     27 changed, 394 examined...
007:     17 changed, 155 examined...
008:      5 changed, 99 examined...
009:      1 changed, 30 examined...
010:      1 changed, 7 examined...
011:      0 changed, 7 examined...
1 labels changed using aseg
000: 224 total segments, 143 labels (1490 vertices) changed
001: 85 total segments, 6 labels (69 vertices) changed
002: 79 total segments, 0 labels (0 vertices) changed
10 filter iterations complete (10 requested, 31 changed)
rationalizing unknown annotations with cortex label
relabeling Medial_wall label...
1472 vertices marked for relabeling...
1472 labels changed in reclassification.
writing output to ../label/lh.aparc.a2009s.annot...
classification took 0 minutes and 9 seconds.
#-----------------------------------------
#@# Cortical Parc 3 lh Sun Mar 15 12:43:27 CET 2026
/out/sourcedata/freesurfer/sub-v2s10x30154_ses-1/scripts

 mris_ca_label -l ../label/lh.cortex.label -aseg ../mri/aseg.presurf.mgz -seed 1234 sub-v2s10x30154_ses-1 lh ../surf/lh.sphere.reg /opt/freesurfer/average/lh.DKTaparc.atlas.acfb40.noaparc.i12.2016-08-02.gcs ../label/lh.aparc.DKTatlas.annot 

setting seed for random number generator to 1234
using ../mri/aseg.presurf.mgz aseg volume to correct midline
7.3.2
  7.3.2
reading atlas from /opt/freesurfer/average/lh.DKTaparc.atlas.acfb40.noaparc.i12.2016-08-02.gcs...
reading color table from GCSA file....
average std = 1.4   using min determinant for regularization = 0.020
0 singular and 383 ill-conditioned covariance matrices regularized
input 0: MEAN CURVATURE, flags 0, avgs 5, name mean_curvature
labeling surface...
1800 labels changed using aseg
relabeling using gibbs priors...
000:   1931 changed, 135582 examined...
001:    443 changed, 9018 examined...
002:    133 changed, 2542 examined...
003:     68 changed, 801 examined...
004:     36 changed, 396 examined...
005:     17 changed, 215 examined...
006:     10 changed, 97 examined...
007:      7 changed, 55 examined...
008:      4 changed, 41 examined...
009:      6 changed, 25 examined...
010:      3 changed, 29 examined...
011:      2 changed, 17 examined...
012:      2 changed, 13 examined...
013:      1 changed, 14 examined...
014:      1 changed, 7 examined...
015:      0 changed, 8 examined...
260 labels changed using aseg
000: 54 total segments, 21 labels (109 vertices) changed
001: 35 total segments, 2 labels (4 vertices) changed
002: 33 total segments, 0 labels (0 vertices) changed
10 filter iterations complete (10 requested, 5 changed)
rationalizing unknown annotations with cortex label
relabeling unknown label...
relabeling corpuscallosum label...
1135 vertices marked for relabeling...
1135 labels changed in reclassification.
writing output to ../label/lh.aparc.DKTatlas.annot...
classification took 0 minutes and 7 seconds.
#-----------------------------------------
#@# WM/GM Contrast lh Sun Mar 15 12:43:35 CET 2026
/out/sourcedata/freesurfer/sub-v2s10x30154_ses-1/scripts

 pctsurfcon --s sub-v2s10x30154_ses-1 --lh-only 

Log file is /out/sourcedata/freesurfer/sub-v2s10x30154_ses-1/scripts/pctsurfcon.log
Sun Mar 15 12:43:35 CET 2026
setenv SUBJECTS_DIR /out/sourcedata/freesurfer
cd /out/sourcedata/freesurfer/sub-v2s10x30154_ses-1/scripts
/opt/freesurfer/bin/pctsurfcon
pctsurfcon 7.3.2
Linux dna078 5.14.0-427.37.1.el9_4.x86_64 #1 SMP PREEMPT_DYNAMIC Fri Sep 13 12:41:50 EDT 2024 x86_64 x86_64 x86_64 GNU/Linux
FREESURFER_HOME /opt/freesurfer
mri_vol2surf --mov /out/sourcedata/freesurfer/sub-v2s10x30154_ses-1/mri/rawavg.mgz --hemi lh --noreshape --interp trilinear --projdist -1 --o /out/sourcedata/freesurfer/sub-v2s10x30154_ses-1/surf/tmp.pctsurfcon.3879239/lh.wm.mgh --regheader sub-v2s10x30154_ses-1 --cortex
srcvol = /out/sourcedata/freesurfer/sub-v2s10x30154_ses-1/mri/rawavg.mgz
srcreg unspecified
srcregold = 0
srcwarp unspecified
surf = white
hemi = lh
ProjDist = -1
reshape = 0
interp = trilinear
float2int = round
GetProjMax = 0
INFO: float2int code = 0
Done loading volume
Computing registration from header.
  Using /out/sourcedata/freesurfer/sub-v2s10x30154_ses-1/mri/orig.mgz as target reference.
-------- original matrix -----------
-0.99960   0.02618   0.01046  -0.00003;
 0.01046  -0.00027   0.99995  -0.00002;
-0.02618  -0.99966  -0.00000  -0.00002;
 0.00000   0.00000   0.00000   1.00000;
-------- original matrix -----------
Loading label /out/sourcedata/freesurfer/sub-v2s10x30154_ses-1/label/lh.cortex.label
Reading surface /out/sourcedata/freesurfer/sub-v2s10x30154_ses-1/surf/lh.white
Done reading source surface
Mapping Source Volume onto Source Subject Surface
Projecting -1 -1 1
 1 -1 -1 -1
using old
Done mapping volume to surface
Number of source voxels hit = 78790
Masking with /out/sourcedata/freesurfer/sub-v2s10x30154_ses-1/label/lh.cortex.label
Writing to /out/sourcedata/freesurfer/sub-v2s10x30154_ses-1/surf/tmp.pctsurfcon.3879239/lh.wm.mgh
Dim: 135582 1 1
mri_vol2surf --mov /out/sourcedata/freesurfer/sub-v2s10x30154_ses-1/mri/rawavg.mgz --hemi lh --noreshape --interp trilinear --o /out/sourcedata/freesurfer/sub-v2s10x30154_ses-1/surf/tmp.pctsurfcon.3879239/lh.gm.mgh --projfrac 0.3 --regheader sub-v2s10x30154_ses-1 --cortex
srcvol = /out/sourcedata/freesurfer/sub-v2s10x30154_ses-1/mri/rawavg.mgz
srcreg unspecified
srcregold = 0
srcwarp unspecified
surf = white
hemi = lh
ProjFrac = 0.3
thickness = thickness
reshape = 0
interp = trilinear
float2int = round
GetProjMax = 0
INFO: float2int code = 0
Done loading volume
Computing registration from header.
  Using /out/sourcedata/freesurfer/sub-v2s10x30154_ses-1/mri/orig.mgz as target reference.
-------- original matrix -----------
-0.99960   0.02618   0.01046  -0.00003;
 0.01046  -0.00027   0.99995  -0.00002;
-0.02618  -0.99966  -0.00000  -0.00002;
 0.00000   0.00000   0.00000   1.00000;
-------- original matrix -----------
Loading label /out/sourcedata/freesurfer/sub-v2s10x30154_ses-1/label/lh.cortex.label
Reading surface /out/sourcedata/freesurfer/sub-v2s10x30154_ses-1/surf/lh.white
Done reading source surface
Reading thickness /out/sourcedata/freesurfer/sub-v2s10x30154_ses-1/surf/lh.thickness
Done
Mapping Source Volume onto Source Subject Surface
Projecting 0.3 0.3 1
 1 0.3 0.3 0.3
using old
Done mapping volume to surface
Number of source voxels hit = 92269
Masking with /out/sourcedata/freesurfer/sub-v2s10x30154_ses-1/label/lh.cortex.label
Writing to /out/sourcedata/freesurfer/sub-v2s10x30154_ses-1/surf/tmp.pctsurfcon.3879239/lh.gm.mgh
Dim: 135582 1 1
mri_concat /out/sourcedata/freesurfer/sub-v2s10x30154_ses-1/surf/tmp.pctsurfcon.3879239/lh.wm.mgh /out/sourcedata/freesurfer/sub-v2s10x30154_ses-1/surf/tmp.pctsurfcon.3879239/lh.gm.mgh --paired-diff-norm --mul 100 --o /out/sourcedata/freesurfer/sub-v2s10x30154_ses-1/surf/lh.w-g.pct.mgh
ninputs = 2
Checking inputs
nframestot = 2
Allocing output
Done allocing
Combining pairs
nframes = 1
Multiplying by 100.000000
Writing to /out/sourcedata/freesurfer/sub-v2s10x30154_ses-1/surf/lh.w-g.pct.mgh
mri_segstats --in /out/sourcedata/freesurfer/sub-v2s10x30154_ses-1/surf/lh.w-g.pct.mgh --annot sub-v2s10x30154_ses-1 lh aparc --sum /out/sourcedata/freesurfer/sub-v2s10x30154_ses-1/stats/lh.w-g.pct.stats --snr

7.3.2
cwd 
cmdline mri_segstats --in /out/sourcedata/freesurfer/sub-v2s10x30154_ses-1/surf/lh.w-g.pct.mgh --annot sub-v2s10x30154_ses-1 lh aparc --sum /out/sourcedata/freesurfer/sub-v2s10x30154_ses-1/stats/lh.w-g.pct.stats --snr 
sysname  Linux
hostname dna078
machine  x86_64
user     oesteban
whitesurfname  white
UseRobust  0
Constructing seg from annotation

Reading annotation /out/sourcedata/freesurfer/sub-v2s10x30154_ses-1/label/lh.aparc.annot
Seg base 1000
Loading /out/sourcedata/freesurfer/sub-v2s10x30154_ses-1/surf/lh.w-g.pct.mgh
Vertex Area is 0.683393 mm^3
Generating list of segmentation ids
Found  36 segmentations
Computing statistics for each segmentation

Reporting on  35 segmentations
Using PrintSegStat
mri_segstats done
Cleaning up

Started at Sun Mar 15 12:26:04 CET 2026 
Ended   at Sun Mar 15 12:43:36 CET 2026
#@#%# recon-all-run-time-hours 0.292
recon-all -s sub-v2s10x30154_ses-1 finished without error at Sun Mar 15 12:43:36 CET 2026



#New# invocation of recon-all 




Sun Mar 15 13:01:21 CET 2026
cd /out/sourcedata/freesurfer/sub-v2s10x30154_ses-1
setenv SUBJECTS_DIR /out/sourcedata/freesurfer
/opt/freesurfer/bin/recon-all -autorecon-hemi lh -nohyporelabel -lh-only -openmp 16 -subjid sub-v2s10x30154_ses-1 -sd /out/sourcedata/freesurfer -notessellate -nosmooth1 -noinflate1 -noqsphere -nofix -nowhite -nosmooth2 -noinflate2 -nocurvHK -nocurvstats -nosphere -nosurfreg -nojacobian_white -noavgcurv -nocortparc -nopial -nocortparc2 -nocortparc3 -nopctsurfcon

subjid sub-v2s10x30154_ses-1
setenv SUBJECTS_DIR /out/sourcedata/freesurfer
FREESURFER_HOME /opt/freesurfer
Actual FREESURFER_HOME /opt/freesurfer
build-stamp.txt: freesurfer-linux-ubuntu22_x86_64-7.3.2-20220804-6354275
Linux dna078 5.14.0-427.37.1.el9_4.x86_64 #1 SMP PREEMPT_DYNAMIC Fri Sep 13 12:41:50 EDT 2024 x86_64 x86_64 x86_64 GNU/Linux
cputime      unlimited
filesize     unlimited
datasize     unlimited
stacksize    8192 kbytes
coredumpsize 0 kbytes
memoryuse    67108864 kbytes
vmemoryuse   unlimited
descriptors  1024 
memorylocked unlimited
maxproc      2061970 
maxlocks     unlimited
maxsignal    2062029 
maxmessage   819200 
maxnice      0 
maxrtprio    0 
maxrttime    unlimited

               total        used        free      shared  buff/cache   available
Mem:           503Gi        57Gi       384Gi       9.2Gi        61Gi       433Gi
Swap:             0B          0B          0B

########################################
program versions used
7.3.2 (freesurfer-linux-ubuntu22_x86_64-7.3.2-20220804-6354275)
7.3.2

ProgramName: lta_convert  ProgramArguments: lta_convert -all-info  ProgramVersion: 7.3.2  TimeStamp: 2026/03/15-12:01:21-GMT  BuildTime: Aug  4 2022 06:17:15  BuildStamp: freesurfer-linux-ubuntu22_x86_64-7.3.2-20220804-6354275  User: oesteban  Machine: dna078  Platform: Linux  PlatformVersion: 5.14.0-427.37.1.el9_4.x86_64  CompilerName: GCC  CompilerVersion: 8.4.0
ProgramName: mri_and  ProgramArguments: mri_and -all-info  ProgramVersion: 7.3.2  TimeStamp: 2026/03/15-12:01:21-GMT  BuildTime: Aug  4 2022 06:17:15  BuildStamp: freesurfer-linux-ubuntu22_x86_64-7.3.2-20220804-6354275  User: oesteban  Machine: dna078  Platform: Linux  PlatformVersion: 5.14.0-427.37.1.el9_4.x86_64  CompilerName: GCC  CompilerVersion: 8.4.0
ProgramName: mri_annotation2label  ProgramArguments: mri_annotation2label -all-info  ProgramVersion: 7.3.2  TimeStamp: 2026/03/15-12:01:21-GMT  BuildTime: Aug  4 2022 06:17:15  BuildStamp: freesurfer-linux-ubuntu22_x86_64-7.3.2-20220804-6354275  User: oesteban  Machine: dna078  Platform: Linux  PlatformVersion: 5.14.0-427.37.1.el9_4.x86_64  CompilerName: GCC  CompilerVersion: 8.4.0
ProgramName: mri_aparc2aseg  ProgramArguments: mri_aparc2aseg -all-info  ProgramVersion: 7.3.2  TimeStamp: 2026/03/15-12:01:21-GMT  BuildTime: Aug  4 2022 06:17:15  BuildStamp: freesurfer-linux-ubuntu22_x86_64-7.3.2-20220804-6354275  User: oesteban  Machine: dna078  Platform: Linux  PlatformVersion: 5.14.0-427.37.1.el9_4.x86_64  CompilerName: GCC  CompilerVersion: 8.4.0
ProgramName: mri_surf2volseg  ProgramArguments: mri_surf2volseg -all-info  ProgramVersion: 7.3.2  TimeStamp: 2026/03/15-12:01:21-GMT  BuildTime: Aug  4 2022 06:17:15  BuildStamp: freesurfer-linux-ubuntu22_x86_64-7.3.2-20220804-6354275  User: oesteban  Machine: dna078  Platform: Linux  PlatformVersion: 5.14.0-427.37.1.el9_4.x86_64  CompilerName: GCC  CompilerVersion: 8.4.0
ProgramName: mri_binarize  ProgramArguments: mri_binarize -all-info  ProgramVersion: 7.3.2  TimeStamp: 2026/03/15-12:01:21-GMT  BuildTime: Aug  4 2022 06:17:15  BuildStamp: freesurfer-linux-ubuntu22_x86_64-7.3.2-20220804-6354275  User: oesteban  Machine: dna078  Platform: Linux  PlatformVersion: 5.14.0-427.37.1.el9_4.x86_64  CompilerName: GCC  CompilerVersion: 8.4.0
ProgramName: mri_ca_label  ProgramArguments: mri_ca_label -all-info  ProgramVersion: 7.3.2  TimeStamp: 2026/03/15-12:01:21-GMT  BuildTime: Aug  4 2022 06:17:15  BuildStamp: freesurfer-linux-ubuntu22_x86_64-7.3.2-20220804-6354275  User: oesteban  Machine: dna078  Platform: Linux  PlatformVersion: 5.14.0-427.37.1.el9_4.x86_64  CompilerName: GCC  CompilerVersion: 8.4.0
ProgramName: mri_ca_normalize  ProgramArguments: mri_ca_normalize -all-info  ProgramVersion: 7.3.2  TimeStamp: 2026/03/15-12:01:21-GMT  BuildTime: Aug  4 2022 06:17:15  BuildStamp: freesurfer-linux-ubuntu22_x86_64-7.3.2-20220804-6354275  User: oesteban  Machine: dna078  Platform: Linux  PlatformVersion: 5.14.0-427.37.1.el9_4.x86_64  CompilerName: GCC  CompilerVersion: 8.4.0
ProgramName: mri_ca_register  ProgramArguments: mri_ca_register -all-info  ProgramVersion: 7.3.2  TimeStamp: 2026/03/15-12:01:21-GMT  BuildTime: Aug  4 2022 06:17:15  BuildStamp: freesurfer-linux-ubuntu22_x86_64-7.3.2-20220804-6354275  User: oesteban  Machine: dna078  Platform: Linux  PlatformVersion: 5.14.0-427.37.1.el9_4.x86_64  CompilerName: GCC  CompilerVersion: 8.4.0
ProgramName: mri_cc  ProgramArguments: mri_cc -all-info  ProgramVersion: 7.3.2  TimeStamp: 2026/03/15-12:01:21-GMT  BuildTime: Aug  4 2022 06:17:15  BuildStamp: freesurfer-linux-ubuntu22_x86_64-7.3.2-20220804-6354275  User: oesteban  Machine: dna078  Platform: Linux  PlatformVersion: 5.14.0-427.37.1.el9_4.x86_64  CompilerName: GCC  CompilerVersion: 8.4.0
ProgramName: mri_compute_overlap  ProgramArguments: mri_compute_overlap -all-info  ProgramVersion: 7.3.2  TimeStamp: 2026/03/15-12:01:21-GMT  BuildTime: Aug  4 2022 06:17:15  BuildStamp: freesurfer-linux-ubuntu22_x86_64-7.3.2-20220804-6354275  User: oesteban  Machine: dna078  Platform: Linux  PlatformVersion: 5.14.0-427.37.1.el9_4.x86_64  CompilerName: GCC  CompilerVersion: 8.4.0
ProgramName: mri_compute_seg_overlap  ProgramArguments: mri_compute_seg_overlap -all-info  ProgramVersion: 7.3.2  TimeStamp: 2026/03/15-12:01:21-GMT  BuildTime: Aug  4 2022 06:17:15  BuildStamp: freesurfer-linux-ubuntu22_x86_64-7.3.2-20220804-6354275  User: oesteban  Machine: dna078  Platform: Linux  PlatformVersion: 5.14.0-427.37.1.el9_4.x86_64  CompilerName: GCC  CompilerVersion: 8.4.0
ProgramName: mri_concat  ProgramArguments: mri_concat -all-info  ProgramVersion: 7.3.2  TimeStamp: 2026/03/15-12:01:21-GMT  BuildTime: Aug  4 2022 06:17:15  BuildStamp: freesurfer-linux-ubuntu22_x86_64-7.3.2-20220804-6354275  User: oesteban  Machine: dna078  Platform: Linux  PlatformVersion: 5.14.0-427.37.1.el9_4.x86_64  CompilerName: GCC  CompilerVersion: 8.4.0
ProgramName: mri_concatenate_lta  ProgramArguments: mri_concatenate_lta -all-info  ProgramVersion: 7.3.2  TimeStamp: 2026/03/15-12:01:21-GMT  BuildTime: Aug  4 2022 06:17:15  BuildStamp: freesurfer-linux-ubuntu22_x86_64-7.3.2-20220804-6354275  User: oesteban  Machine: dna078  Platform: Linux  PlatformVersion: 5.14.0-427.37.1.el9_4.x86_64  CompilerName: GCC  CompilerVersion: 8.4.0
mri_convert -all-info 
ProgramName: mri_convert  ProgramArguments: mri_convert -all-info  ProgramVersion: 7.3.2  TimeStamp: 2026/03/15-12:01:21-GMT  BuildTime: Aug  4 2022 06:17:15  BuildStamp: freesurfer-linux-ubuntu22_x86_64-7.3.2-20220804-6354275  User: oesteban  Machine: dna078  Platform: Linux  PlatformVersion: 5.14.0-427.37.1.el9_4.x86_64  CompilerName: GCC  CompilerVersion: 8.4.0
ProgramName: mri_diff  ProgramArguments: mri_diff -all-info  ProgramVersion: 7.3.2  TimeStamp: 2026/03/15-12:01:21-GMT  BuildTime: Aug  4 2022 06:17:15  BuildStamp: freesurfer-linux-ubuntu22_x86_64-7.3.2-20220804-6354275  User: oesteban  Machine: dna078  Platform: Linux  PlatformVersion: 5.14.0-427.37.1.el9_4.x86_64  CompilerName: GCC  CompilerVersion: 8.4.0
ProgramName: mri_edit_wm_with_aseg  ProgramArguments: mri_edit_wm_with_aseg -all-info  ProgramVersion: 7.3.2  TimeStamp: 2026/03/15-12:01:21-GMT  BuildTime: Aug  4 2022 06:17:15  BuildStamp: freesurfer-linux-ubuntu22_x86_64-7.3.2-20220804-6354275  User: oesteban  Machine: dna078  Platform: Linux  PlatformVersion: 5.14.0-427.37.1.el9_4.x86_64  CompilerName: GCC  CompilerVersion: 8.4.0
ProgramName: mri_em_register  ProgramArguments: mri_em_register -all-info  ProgramVersion: 7.3.2  TimeStamp: 2026/03/15-12:01:21-GMT  BuildTime: Aug  4 2022 06:17:15  BuildStamp: freesurfer-linux-ubuntu22_x86_64-7.3.2-20220804-6354275  User: oesteban  Machine: dna078  Platform: Linux  PlatformVersion: 5.14.0-427.37.1.el9_4.x86_64  CompilerName: GCC  CompilerVersion: 8.4.0
ProgramName: mri_fill  ProgramArguments: mri_fill -all-info  ProgramVersion: 7.3.2  TimeStamp: 2026/03/15-12:01:21-GMT  BuildTime: Aug  4 2022 06:17:15  BuildStamp: freesurfer-linux-ubuntu22_x86_64-7.3.2-20220804-6354275  User: oesteban  Machine: dna078  Platform: Linux  PlatformVersion: 5.14.0-427.37.1.el9_4.x86_64  CompilerName: GCC  CompilerVersion: 8.4.0
ProgramName: mri_fuse_segmentations  ProgramArguments: mri_fuse_segmentations -all-info  ProgramVersion: 7.3.2  TimeStamp: 2026/03/15-12:01:21-GMT  BuildTime: Aug  4 2022 06:17:15  BuildStamp: freesurfer-linux-ubuntu22_x86_64-7.3.2-20220804-6354275  User: oesteban  Machine: dna078  Platform: Linux  PlatformVersion: 5.14.0-427.37.1.el9_4.x86_64  CompilerName: GCC  CompilerVersion: 8.4.0
ProgramName: mri_fwhm  ProgramArguments: mri_fwhm -all-info  ProgramVersion: 7.3.2  TimeStamp: 2026/03/15-12:01:21-GMT  BuildTime: Aug  4 2022 06:17:15  BuildStamp: freesurfer-linux-ubuntu22_x86_64-7.3.2-20220804-6354275  User: oesteban  Machine: dna078  Platform: Linux  PlatformVersion: 5.14.0-427.37.1.el9_4.x86_64  CompilerName: GCC  CompilerVersion: 8.4.0
ProgramName: mri_gcut  ProgramArguments: mri_gcut -all-info  ProgramVersion: 7.3.2  TimeStamp: 2026/03/15-12:01:21-GMT  BuildTime: Aug  4 2022 06:17:15  BuildStamp: freesurfer-linux-ubuntu22_x86_64-7.3.2-20220804-6354275  User: oesteban  Machine: dna078  Platform: Linux  PlatformVersion: 5.14.0-427.37.1.el9_4.x86_64  CompilerName: GCC  CompilerVersion: 8.4.0
ProgramName: mri_info  ProgramArguments: mri_info -all-info  ProgramVersion: 7.3.2  TimeStamp: 2026/03/15-12:01:21-GMT  BuildTime: Aug  4 2022 06:17:15  BuildStamp: freesurfer-linux-ubuntu22_x86_64-7.3.2-20220804-6354275  User: oesteban  Machine: dna078  Platform: Linux  PlatformVersion: 5.14.0-427.37.1.el9_4.x86_64  CompilerName: GCC  CompilerVersion: 8.4.0
ProgramName: mri_label2label  ProgramArguments: mri_label2label -all-info  ProgramVersion: 7.3.2  TimeStamp: 2026/03/15-12:01:21-GMT  BuildTime: Aug  4 2022 06:17:15  BuildStamp: freesurfer-linux-ubuntu22_x86_64-7.3.2-20220804-6354275  User: oesteban  Machine: dna078  Platform: Linux  PlatformVersion: 5.14.0-427.37.1.el9_4.x86_64  CompilerName: GCC  CompilerVersion: 8.4.0
ProgramName: mri_label2vol  ProgramArguments: mri_label2vol -all-info  ProgramVersion: 7.3.2  TimeStamp: 2026/03/15-12:01:21-GMT  BuildTime: Aug  4 2022 06:17:15  BuildStamp: freesurfer-linux-ubuntu22_x86_64-7.3.2-20220804-6354275  User: oesteban  Machine: dna078  Platform: Linux  PlatformVersion: 5.14.0-427.37.1.el9_4.x86_64  CompilerName: GCC  CompilerVersion: 8.4.0
ProgramName: mri_log_likelihood  ProgramArguments: mri_log_likelihood -all-info  ProgramVersion: 7.3.2  TimeStamp: 2026/03/15-12:01:21-GMT  BuildTime: Aug  4 2022 06:17:15  BuildStamp: freesurfer-linux-ubuntu22_x86_64-7.3.2-20220804-6354275  User: oesteban  Machine: dna078  Platform: Linux  PlatformVersion: 5.14.0-427.37.1.el9_4.x86_64  CompilerName: GCC  CompilerVersion: 8.4.0
ProgramName: mri_mask  ProgramArguments: mri_mask -all-info  ProgramVersion: 7.3.2  TimeStamp: 2026/03/15-12:01:21-GMT  BuildTime: Aug  4 2022 06:17:15  BuildStamp: freesurfer-linux-ubuntu22_x86_64-7.3.2-20220804-6354275  User: oesteban  Machine: dna078  Platform: Linux  PlatformVersion: 5.14.0-427.37.1.el9_4.x86_64  CompilerName: GCC  CompilerVersion: 8.4.0
ProgramName: mri_matrix_multiply  ProgramArguments: mri_matrix_multiply -all-info  ProgramVersion: 7.3.2  TimeStamp: 2026/03/15-12:01:21-GMT  BuildTime: Aug  4 2022 06:17:15  BuildStamp: freesurfer-linux-ubuntu22_x86_64-7.3.2-20220804-6354275  User: oesteban  Machine: dna078  Platform: Linux  PlatformVersion: 5.14.0-427.37.1.el9_4.x86_64  CompilerName: GCC  CompilerVersion: 8.4.0
ProgramName: mri_normalize  ProgramArguments: mri_normalize -all-info  ProgramVersion: 7.3.2  TimeStamp: 2026/03/15-12:01:21-GMT  BuildTime: Aug  4 2022 06:17:15  BuildStamp: freesurfer-linux-ubuntu22_x86_64-7.3.2-20220804-6354275  User: oesteban  Machine: dna078  Platform: Linux  PlatformVersion: 5.14.0-427.37.1.el9_4.x86_64  CompilerName: GCC  CompilerVersion: 8.4.0
ProgramName: mri_normalize_tp2  ProgramArguments: mri_normalize_tp2 -all-info  ProgramVersion: 7.3.2  TimeStamp: 2026/03/15-12:01:21-GMT  BuildTime: Aug  4 2022 06:17:15  BuildStamp: freesurfer-linux-ubuntu22_x86_64-7.3.2-20220804-6354275  User: oesteban  Machine: dna078  Platform: Linux  PlatformVersion: 5.14.0-427.37.1.el9_4.x86_64  CompilerName: GCC  CompilerVersion: 8.4.0
ProgramName: mri_or  ProgramArguments: mri_or -all-info  ProgramVersion: 7.3.2  TimeStamp: 2026/03/15-12:01:21-GMT  BuildTime: Aug  4 2022 06:17:15  BuildStamp: freesurfer-linux-ubuntu22_x86_64-7.3.2-20220804-6354275  User: oesteban  Machine: dna078  Platform: Linux  PlatformVersion: 5.14.0-427.37.1.el9_4.x86_64  CompilerName: GCC  CompilerVersion: 8.4.0
ProgramName: mri_relabel_hypointensities  ProgramArguments: mri_relabel_hypointensities -all-info  ProgramVersion: 7.3.2  TimeStamp: 2026/03/15-12:01:21-GMT  BuildTime: Aug  4 2022 06:17:15  BuildStamp: freesurfer-linux-ubuntu22_x86_64-7.3.2-20220804-6354275  User: oesteban  Machine: dna078  Platform: Linux  PlatformVersion: 5.14.0-427.37.1.el9_4.x86_64  CompilerName: GCC  CompilerVersion: 8.4.0
ProgramName: mri_relabel_nonwm_hypos  ProgramArguments: mri_relabel_nonwm_hypos -all-info  ProgramVersion: 7.3.2  TimeStamp: 2026/03/15-12:01:21-GMT  BuildTime: Aug  4 2022 06:17:15  BuildStamp: freesurfer-linux-ubuntu22_x86_64-7.3.2-20220804-6354275  User: oesteban  Machine: dna078  Platform: Linux  PlatformVersion: 5.14.0-427.37.1.el9_4.x86_64  CompilerName: GCC  CompilerVersion: 8.4.0
ProgramName: mri_remove_neck  ProgramArguments: mri_remove_neck -all-info  ProgramVersion: 7.3.2  TimeStamp: 2026/03/15-12:01:21-GMT  BuildTime: Aug  4 2022 06:17:15  BuildStamp: freesurfer-linux-ubuntu22_x86_64-7.3.2-20220804-6354275  User: oesteban  Machine: dna078  Platform: Linux  PlatformVersion: 5.14.0-427.37.1.el9_4.x86_64  CompilerName: GCC  CompilerVersion: 8.4.0
7.3.2

ProgramName: mri_robust_register  ProgramArguments: mri_robust_register -all-info  ProgramVersion: 7.3.2  TimeStamp: 2026/03/15-12:01:21-GMT  BuildTime: Aug  4 2022 06:17:15  BuildStamp: freesurfer-linux-ubuntu22_x86_64-7.3.2-20220804-6354275  User: oesteban  Machine: dna078  Platform: Linux  PlatformVersion: 5.14.0-427.37.1.el9_4.x86_64  CompilerName: GCC  CompilerVersion: 8.4.0
7.3.2

ProgramName: mri_robust_template  ProgramArguments: mri_robust_template -all-info  ProgramVersion: 7.3.2  TimeStamp: 2026/03/15-12:01:21-GMT  BuildTime: Aug  4 2022 06:17:15  BuildStamp: freesurfer-linux-ubuntu22_x86_64-7.3.2-20220804-6354275  User: oesteban  Machine: dna078  Platform: Linux  PlatformVersion: 5.14.0-427.37.1.el9_4.x86_64  CompilerName: GCC  CompilerVersion: 8.4.0
ProgramName: mris_anatomical_stats  ProgramArguments: mris_anatomical_stats -all-info  ProgramVersion: 7.3.2  TimeStamp: 2026/03/15-12:01:21-GMT  BuildTime: Aug  4 2022 06:17:15  BuildStamp: freesurfer-linux-ubuntu22_x86_64-7.3.2-20220804-6354275  User: oesteban  Machine: dna078  Platform: Linux  PlatformVersion: 5.14.0-427.37.1.el9_4.x86_64  CompilerName: GCC  CompilerVersion: 8.4.0
ProgramName: mris_ca_label  ProgramArguments: mris_ca_label -all-info  ProgramVersion: 7.3.2  TimeStamp: 2026/03/15-12:01:21-GMT  BuildTime: Aug  4 2022 06:17:15  BuildStamp: freesurfer-linux-ubuntu22_x86_64-7.3.2-20220804-6354275  User: oesteban  Machine: dna078  Platform: Linux  PlatformVersion: 5.14.0-427.37.1.el9_4.x86_64  CompilerName: GCC  CompilerVersion: 8.4.0
ProgramName: mris_calc  ProgramArguments: mris_calc -all-info  ProgramVersion: 7.3.2  TimeStamp: 2026/03/15-12:01:21-GMT  BuildTime: Aug  4 2022 06:17:15  BuildStamp: freesurfer-linux-ubuntu22_x86_64-7.3.2-20220804-6354275  User: oesteban  Machine: dna078  Platform: Linux  PlatformVersion: 5.14.0-427.37.1.el9_4.x86_64  CompilerName: GCC  CompilerVersion: 8.4.0
ProgramName: mris_convert  ProgramArguments: mris_convert -all-info  ProgramVersion: 7.3.2  TimeStamp: 2026/03/15-12:01:21-GMT  BuildTime: Aug  4 2022 06:17:15  BuildStamp: freesurfer-linux-ubuntu22_x86_64-7.3.2-20220804-6354275  User: oesteban  Machine: dna078  Platform: Linux  PlatformVersion: 5.14.0-427.37.1.el9_4.x86_64  CompilerName: GCC  CompilerVersion: 8.4.0
ProgramName: mris_curvature  ProgramArguments: mris_curvature -all-info  ProgramVersion: 7.3.2  TimeStamp: 2026/03/15-12:01:21-GMT  BuildTime: Aug  4 2022 06:17:15  BuildStamp: freesurfer-linux-ubuntu22_x86_64-7.3.2-20220804-6354275  User: oesteban  Machine: dna078  Platform: Linux  PlatformVersion: 5.14.0-427.37.1.el9_4.x86_64  CompilerName: GCC  CompilerVersion: 8.4.0
ProgramName: mris_curvature_stats  ProgramArguments: mris_curvature_stats -all-info  ProgramVersion: 7.3.2  TimeStamp: 2026/03/15-12:01:21-GMT  BuildTime: Aug  4 2022 06:17:15  BuildStamp: freesurfer-linux-ubuntu22_x86_64-7.3.2-20220804-6354275  User: oesteban  Machine: dna078  Platform: Linux  PlatformVersion: 5.14.0-427.37.1.el9_4.x86_64  CompilerName: GCC  CompilerVersion: 8.4.0
ProgramName: mris_diff  ProgramArguments: mris_diff -all-info  ProgramVersion: 7.3.2  TimeStamp: 2026/03/15-12:01:21-GMT  BuildTime: Aug  4 2022 06:17:15  BuildStamp: freesurfer-linux-ubuntu22_x86_64-7.3.2-20220804-6354275  User: oesteban  Machine: dna078  Platform: Linux  PlatformVersion: 5.14.0-427.37.1.el9_4.x86_64  CompilerName: GCC  CompilerVersion: 8.4.0
ProgramName: mris_divide_parcellation  ProgramArguments: mris_divide_parcellation -all-info  ProgramVersion: 7.3.2  TimeStamp: 2026/03/15-12:01:21-GMT  BuildTime: Aug  4 2022 06:17:15  BuildStamp: freesurfer-linux-ubuntu22_x86_64-7.3.2-20220804-6354275  User: oesteban  Machine: dna078  Platform: Linux  PlatformVersion: 5.14.0-427.37.1.el9_4.x86_64  CompilerName: GCC  CompilerVersion: 8.4.0
ProgramName: mri_segment  ProgramArguments: mri_segment -all-info  ProgramVersion: 7.3.2  TimeStamp: 2026/03/15-12:01:21-GMT  BuildTime: Aug  4 2022 06:17:15  BuildStamp: freesurfer-linux-ubuntu22_x86_64-7.3.2-20220804-6354275  User: oesteban  Machine: dna078  Platform: Linux  PlatformVersion: 5.14.0-427.37.1.el9_4.x86_64  CompilerName: GCC  CompilerVersion: 8.4.0
ProgramName: mri_segstats  ProgramArguments: mri_segstats -all-info  ProgramVersion: 7.3.2  TimeStamp: 2026/03/15-12:01:21-GMT  BuildTime: Aug  4 2022 06:17:15  BuildStamp: freesurfer-linux-ubuntu22_x86_64-7.3.2-20220804-6354275  User: oesteban  Machine: dna078  Platform: Linux  PlatformVersion: 5.14.0-427.37.1.el9_4.x86_64  CompilerName: GCC  CompilerVersion: 8.4.0
ProgramName: mris_euler_number  ProgramArguments: mris_euler_number -all-info  ProgramVersion: 7.3.2  TimeStamp: 2026/03/15-12:01:21-GMT  BuildTime: Aug  4 2022 06:17:15  BuildStamp: freesurfer-linux-ubuntu22_x86_64-7.3.2-20220804-6354275  User: oesteban  Machine: dna078  Platform: Linux  PlatformVersion: 5.14.0-427.37.1.el9_4.x86_64  CompilerName: GCC  CompilerVersion: 8.4.0
ProgramName: mris_fix_topology  ProgramArguments: mris_fix_topology -all-info  ProgramVersion: 7.3.2  TimeStamp: 2026/03/15-12:01:21-GMT  BuildTime: Aug  4 2022 06:17:15  BuildStamp: freesurfer-linux-ubuntu22_x86_64-7.3.2-20220804-6354275  User: oesteban  Machine: dna078  Platform: Linux  PlatformVersion: 5.14.0-427.37.1.el9_4.x86_64  CompilerName: GCC  CompilerVersion: 8.4.0
ProgramName: mris_topo_fixer  ProgramArguments: mris_topo_fixer -all-info  ProgramVersion: 7.3.2  TimeStamp: 2026/03/15-12:01:21-GMT  BuildTime: Aug  4 2022 06:17:15  BuildStamp: freesurfer-linux-ubuntu22_x86_64-7.3.2-20220804-6354275  User: oesteban  Machine: dna078  Platform: Linux  PlatformVersion: 5.14.0-427.37.1.el9_4.x86_64  CompilerName: GCC  CompilerVersion: 8.4.0
ProgramName: mris_jacobian  ProgramArguments: mris_jacobian -all-info  ProgramVersion: 7.3.2  TimeStamp: 2026/03/15-12:01:21-GMT  BuildTime: Aug  4 2022 06:17:15  BuildStamp: freesurfer-linux-ubuntu22_x86_64-7.3.2-20220804-6354275  User: oesteban  Machine: dna078  Platform: Linux  PlatformVersion: 5.14.0-427.37.1.el9_4.x86_64  CompilerName: GCC  CompilerVersion: 8.4.0
ProgramName: mris_label2annot  ProgramArguments: mris_label2annot -all-info  ProgramVersion: 7.3.2  TimeStamp: 2026/03/15-12:01:21-GMT  BuildTime: Aug  4 2022 06:17:15  BuildStamp: freesurfer-linux-ubuntu22_x86_64-7.3.2-20220804-6354275  User: oesteban  Machine: dna078  Platform: Linux  PlatformVersion: 5.14.0-427.37.1.el9_4.x86_64  CompilerName: GCC  CompilerVersion: 8.4.0
ProgramName: mris_left_right_register  ProgramArguments: mris_left_right_register -all-info  ProgramVersion: 7.3.2  TimeStamp: 2026/03/15-12:01:21-GMT  BuildTime: Aug  4 2022 06:17:15  BuildStamp: freesurfer-linux-ubuntu22_x86_64-7.3.2-20220804-6354275  User: oesteban  Machine: dna078  Platform: Linux  PlatformVersion: 5.14.0-427.37.1.el9_4.x86_64  CompilerName: GCC  CompilerVersion: 8.4.0
ProgramName: mris_place_surface  ProgramArguments: mris_place_surface -all-info  ProgramVersion: 7.3.2  TimeStamp: 2026/03/15-12:01:21-GMT  BuildTime: Aug  4 2022 06:17:15  BuildStamp: freesurfer-linux-ubuntu22_x86_64-7.3.2-20220804-6354275  User: oesteban  Machine: dna078  Platform: Linux  PlatformVersion: 5.14.0-427.37.1.el9_4.x86_64  CompilerName: GCC  CompilerVersion: 8.4.0
ProgramName: mrisp_paint  ProgramArguments: mrisp_paint -all-info  ProgramVersion: 7.3.2  TimeStamp: 2026/03/15-12:01:21-GMT  BuildTime: Aug  4 2022 06:17:15  BuildStamp: freesurfer-linux-ubuntu22_x86_64-7.3.2-20220804-6354275  User: oesteban  Machine: dna078  Platform: Linux  PlatformVersion: 5.14.0-427.37.1.el9_4.x86_64  CompilerName: GCC  CompilerVersion: 8.4.0
ProgramName: mris_register  ProgramArguments: mris_register -all-info  ProgramVersion: 7.3.2  TimeStamp: 2026/03/15-12:01:21-GMT  BuildTime: Aug  4 2022 06:17:15  BuildStamp: freesurfer-linux-ubuntu22_x86_64-7.3.2-20220804-6354275  User: oesteban  Machine: dna078  Platform: Linux  PlatformVersion: 5.14.0-427.37.1.el9_4.x86_64  CompilerName: GCC  CompilerVersion: 8.4.0
ProgramName: mris_smooth  ProgramArguments: mris_smooth -all-info  ProgramVersion: 7.3.2  TimeStamp: 2026/03/15-12:01:21-GMT  BuildTime: Aug  4 2022 06:17:15  BuildStamp: freesurfer-linux-ubuntu22_x86_64-7.3.2-20220804-6354275  User: oesteban  Machine: dna078  Platform: Linux  PlatformVersion: 5.14.0-427.37.1.el9_4.x86_64  CompilerName: GCC  CompilerVersion: 8.4.0
ProgramName: mris_sphere  ProgramArguments: mris_sphere -all-info  ProgramVersion: 7.3.2  TimeStamp: 2026/03/15-12:01:21-GMT  BuildTime: Aug  4 2022 06:17:15  BuildStamp: freesurfer-linux-ubuntu22_x86_64-7.3.2-20220804-6354275  User: oesteban  Machine: dna078  Platform: Linux  PlatformVersion: 5.14.0-427.37.1.el9_4.x86_64  CompilerName: GCC  CompilerVersion: 8.4.0
ProgramName: mris_surface_stats  ProgramArguments: mris_surface_stats -all-info  ProgramVersion: 7.3.2  TimeStamp: 2026/03/15-12:01:21-GMT  BuildTime: Aug  4 2022 06:17:15  BuildStamp: freesurfer-linux-ubuntu22_x86_64-7.3.2-20220804-6354275  User: oesteban  Machine: dna078  Platform: Linux  PlatformVersion: 5.14.0-427.37.1.el9_4.x86_64  CompilerName: GCC  CompilerVersion: 8.4.0
ProgramName: mri_stats2seg  ProgramArguments: mri_stats2seg -all-info  ProgramVersion: 7.3.2  TimeStamp: 2026/03/15-12:01:21-GMT  BuildTime: Aug  4 2022 06:17:15  BuildStamp: freesurfer-linux-ubuntu22_x86_64-7.3.2-20220804-6354275  User: oesteban  Machine: dna078  Platform: Linux  PlatformVersion: 5.14.0-427.37.1.el9_4.x86_64  CompilerName: GCC  CompilerVersion: 8.4.0
ProgramName: mris_thickness  ProgramArguments: mris_thickness -all-info  ProgramVersion: 7.3.2  TimeStamp: 2026/03/15-12:01:21-GMT  BuildTime: Aug  4 2022 06:17:15  BuildStamp: freesurfer-linux-ubuntu22_x86_64-7.3.2-20220804-6354275  User: oesteban  Machine: dna078  Platform: Linux  PlatformVersion: 5.14.0-427.37.1.el9_4.x86_64  CompilerName: GCC  CompilerVersion: 8.4.0
ProgramName: mris_thickness_diff  ProgramArguments: mris_thickness_diff -all-info  ProgramVersion: 7.3.2  TimeStamp: 2026/03/15-12:01:21-GMT  BuildTime: Aug  4 2022 06:17:15  BuildStamp: freesurfer-linux-ubuntu22_x86_64-7.3.2-20220804-6354275  User: oesteban  Machine: dna078  Platform: Linux  PlatformVersion: 5.14.0-427.37.1.el9_4.x86_64  CompilerName: GCC  CompilerVersion: 8.4.0
ProgramName: mris_topo_fixer  ProgramArguments: mris_topo_fixer -all-info  ProgramVersion: 7.3.2  TimeStamp: 2026/03/15-12:01:21-GMT  BuildTime: Aug  4 2022 06:17:15  BuildStamp: freesurfer-linux-ubuntu22_x86_64-7.3.2-20220804-6354275  User: oesteban  Machine: dna078  Platform: Linux  PlatformVersion: 5.14.0-427.37.1.el9_4.x86_64  CompilerName: GCC  CompilerVersion: 8.4.0
ProgramName: mri_surf2surf  ProgramArguments: mri_surf2surf -all-info  ProgramVersion: 7.3.2  TimeStamp: 2026/03/15-12:01:21-GMT  BuildTime: Aug  4 2022 06:17:15  BuildStamp: freesurfer-linux-ubuntu22_x86_64-7.3.2-20220804-6354275  User: oesteban  Machine: dna078  Platform: Linux  PlatformVersion: 5.14.0-427.37.1.el9_4.x86_64  CompilerName: GCC  CompilerVersion: 8.4.0
ProgramName: mri_surf2vol  ProgramArguments: mri_surf2vol -all-info  ProgramVersion: 7.3.2  TimeStamp: 2026/03/15-12:01:21-GMT  BuildTime: Aug  4 2022 06:17:15  BuildStamp: freesurfer-linux-ubuntu22_x86_64-7.3.2-20220804-6354275  User: oesteban  Machine: dna078  Platform: Linux  PlatformVersion: 5.14.0-427.37.1.el9_4.x86_64  CompilerName: GCC  CompilerVersion: 8.4.0
ProgramName: mri_surfcluster  ProgramArguments: mri_surfcluster -all-info  ProgramVersion: 7.3.2  TimeStamp: 2026/03/15-12:01:21-GMT  BuildTime: Aug  4 2022 06:17:15  BuildStamp: freesurfer-linux-ubuntu22_x86_64-7.3.2-20220804-6354275  User: oesteban  Machine: dna078  Platform: Linux  PlatformVersion: 5.14.0-427.37.1.el9_4.x86_64  CompilerName: GCC  CompilerVersion: 8.4.0
ProgramName: mris_volmask  ProgramArguments: mris_volmask -all-info  ProgramVersion: 7.3.2  TimeStamp: 2026/03/15-12:01:21-GMT  BuildTime: Aug  4 2022 06:17:15  BuildStamp: freesurfer-linux-ubuntu22_x86_64-7.3.2-20220804-6354275  User: oesteban  Machine: dna078  Platform: Linux  PlatformVersion: 5.14.0-427.37.1.el9_4.x86_64  CompilerName: GCC  CompilerVersion: 8.4.0
ProgramName: mri_tessellate  ProgramArguments: mri_tessellate -all-info  ProgramVersion: 7.3.2  TimeStamp: 2026/03/15-12:01:21-GMT  BuildTime: Aug  4 2022 06:17:15  BuildStamp: freesurfer-linux-ubuntu22_x86_64-7.3.2-20220804-6354275  User: oesteban  Machine: dna078  Platform: Linux  PlatformVersion: 5.14.0-427.37.1.el9_4.x86_64  CompilerName: GCC  CompilerVersion: 8.4.0
ProgramName: mri_vol2surf  ProgramArguments: mri_vol2surf -all-info  ProgramVersion: 7.3.2  TimeStamp: 2026/03/15-12:01:21-GMT  BuildTime: Aug  4 2022 06:17:15  BuildStamp: freesurfer-linux-ubuntu22_x86_64-7.3.2-20220804-6354275  User: oesteban  Machine: dna078  Platform: Linux  PlatformVersion: 5.14.0-427.37.1.el9_4.x86_64  CompilerName: GCC  CompilerVersion: 8.4.0
ProgramName: mri_vol2vol  ProgramArguments: mri_vol2vol -all-info  ProgramVersion: 7.3.2  TimeStamp: 2026/03/15-12:01:21-GMT  BuildTime: Aug  4 2022 06:17:15  BuildStamp: freesurfer-linux-ubuntu22_x86_64-7.3.2-20220804-6354275  User: oesteban  Machine: dna078  Platform: Linux  PlatformVersion: 5.14.0-427.37.1.el9_4.x86_64  CompilerName: GCC  CompilerVersion: 8.4.0
ProgramName: mri_voldiff  ProgramArguments: mri_voldiff -all-info  ProgramVersion: 7.3.2  TimeStamp: 2026/03/15-12:01:21-GMT  BuildTime: Aug  4 2022 06:17:15  BuildStamp: freesurfer-linux-ubuntu22_x86_64-7.3.2-20220804-6354275  User: oesteban  Machine: dna078  Platform: Linux  PlatformVersion: 5.14.0-427.37.1.el9_4.x86_64  CompilerName: GCC  CompilerVersion: 8.4.0
ProgramName: mri_watershed  ProgramArguments: mri_watershed -all-info  ProgramVersion: 7.3.2  TimeStamp: 2026/03/15-12:01:21-GMT  BuildTime: Aug  4 2022 06:17:15  BuildStamp: freesurfer-linux-ubuntu22_x86_64-7.3.2-20220804-6354275  User: oesteban  Machine: dna078  Platform: Linux  PlatformVersion: 5.14.0-427.37.1.el9_4.x86_64  CompilerName: GCC  CompilerVersion: 8.4.0
ProgramName: tkregister2  ProgramArguments: tkregister2_cmdl -all-info  ProgramVersion: 7.3.2  TimeStamp: 2026/03/15-12:01:21-GMT  BuildTime: Aug  4 2022 06:17:15  BuildStamp: freesurfer-linux-ubuntu22_x86_64-7.3.2-20220804-6354275  User: oesteban  Machine: dna078  Platform: Linux  PlatformVersion: 5.14.0-427.37.1.el9_4.x86_64  CompilerName: GCC  CompilerVersion: 8.4.0
mri_motion_correct.fsl 7.3.2
mri_convert -all-info 
ProgramName: mri_convert  ProgramArguments: mri_convert -all-info  ProgramVersion: 7.3.2  TimeStamp: 2026/03/15-12:01:21-GMT  BuildTime: Aug  4 2022 06:17:15  BuildStamp: freesurfer-linux-ubuntu22_x86_64-7.3.2-20220804-6354275  User: oesteban  Machine: dna078  Platform: Linux  PlatformVersion: 5.14.0-427.37.1.el9_4.x86_64  CompilerName: GCC  CompilerVersion: 8.4.0
Program nu_correct, built from:
Package MNI N3, version 1.12.0, compiled by nicks@terrier (x86_64-unknown-linux-gnu) on 2015-06-19 at 01:25:34
#######################################
GCADIR /opt/freesurfer/average
GCA RB_all_2020-01-02.gca
GCASkull RB_all_withskull_2020_01_02.gca
AvgCurvTif folding.atlas.acfb40.noaparc.i12.2016-08-02.tif
GCSDIR /opt/freesurfer/average
GCS DKaparc.atlas.acfb40.noaparc.i12.2016-08-02.gcs
#######################################
#--------------------------------------------
#@# AutoDetGWStats lh Sun Mar 15 13:01:21 CET 2026
cd /out/sourcedata/freesurfer/sub-v2s10x30154_ses-1/mri
mris_autodet_gwstats --o ../surf/autodet.gw.stats.lh.dat --i brain.finalsurfs.mgz --wm wm.mgz --surf ../surf/lh.orig.premesh
  Update not needed
#--------------------------------------------
#@# WhitePreAparc lh Sun Mar 15 13:01:21 CET 2026
cd /out/sourcedata/freesurfer/sub-v2s10x30154_ses-1/mri
mris_place_surface --adgws-in ../surf/autodet.gw.stats.lh.dat --wm wm.mgz --threads 16 --invol brain.finalsurfs.mgz --lh --i ../surf/lh.orig --o ../surf/lh.white.preaparc --white --seg aseg.presurf.mgz --nsmooth 5
   Update not needed
#--------------------------------------------
#@# CortexLabel lh Sun Mar 15 13:01:21 CET 2026
cd /out/sourcedata/freesurfer/sub-v2s10x30154_ses-1/mri
mri_label2label --label-cortex ../surf/lh.white.preaparc aseg.presurf.mgz 0 ../label/lh.cortex.label
   Update not needed
#--------------------------------------------
#@# CortexLabel+HipAmyg lh Sun Mar 15 13:01:21 CET 2026
cd /out/sourcedata/freesurfer/sub-v2s10x30154_ses-1/mri
mri_label2label --label-cortex ../surf/lh.white.preaparc aseg.presurf.mgz 1 ../label/lh.cortex+hipamyg.label
   Update not needed
#@# white curv lh Sun Mar 15 13:01:21 CET 2026
cd /out/sourcedata/freesurfer/sub-v2s10x30154_ses-1/mri
mris_place_surface --curv-map ../surf/lh.white 2 10 ../surf/lh.curv
   Update not needed
#@# white area lh Sun Mar 15 13:01:21 CET 2026
cd /out/sourcedata/freesurfer/sub-v2s10x30154_ses-1/mri
mris_place_surface --area-map ../surf/lh.white ../surf/lh.area
   Update not needed
#@# pial curv lh Sun Mar 15 13:01:21 CET 2026
cd /out/sourcedata/freesurfer/sub-v2s10x30154_ses-1/mri
mris_place_surface --curv-map ../surf/lh.pial 2 10 ../surf/lh.curv.pial
   Update not needed
#@# pial area lh Sun Mar 15 13:01:21 CET 2026
cd /out/sourcedata/freesurfer/sub-v2s10x30154_ses-1/mri
mris_place_surface --area-map ../surf/lh.pial ../surf/lh.area.pial
   Update not needed
#@# thickness lh Sun Mar 15 13:01:21 CET 2026
cd /out/sourcedata/freesurfer/sub-v2s10x30154_ses-1/mri
mris_place_surface --thickness ../surf/lh.white ../surf/lh.pial 20 5 ../surf/lh.thickness
   Update not needed
#@# area and vertex vol lh Sun Mar 15 13:01:21 CET 2026
cd /out/sourcedata/freesurfer/sub-v2s10x30154_ses-1/mri
mris_place_surface --thickness ../surf/lh.white ../surf/lh.pial 20 5 ../surf/lh.thickness
   Update not needed
#-----------------------------------------
#@# Parcellation Stats lh Sun Mar 15 13:01:21 CET 2026
/out/sourcedata/freesurfer/sub-v2s10x30154_ses-1/scripts

 mris_anatomical_stats -th3 -mgz -noglobal -cortex ../label/lh.cortex.label -f ../stats/lh.aparc.stats -b -a ../label/lh.aparc.annot -c ../label/aparc.annot.ctab sub-v2s10x30154_ses-1 lh white 

computing statistics for each annotation in ../label/lh.aparc.annot.
reading volume /out/sourcedata/freesurfer/sub-v2s10x30154_ses-1/mri/wm.mgz...
reading input surface /out/sourcedata/freesurfer/sub-v2s10x30154_ses-1/surf/lh.white...
reading input pial surface /out/sourcedata/freesurfer/sub-v2s10x30154_ses-1/surf/lh.pial...
reading input white surface /out/sourcedata/freesurfer/sub-v2s10x30154_ses-1/surf/lh.white...
INFO: using TH3 volume calc
INFO: assuming MGZ format for volumes.
INFO: not computing global stats
INFO: using ../label/lh.cortex.label as mask to calc cortex NumVert, SurfArea and MeanThickness.
Using TH3 vertex volume calc
Total face volume 282908
Total vertex volume 282691 (mask=0)
Saving annotation colortable ../label/aparc.annot.ctab

table columns are:
    number of vertices
    total surface area (mm^2)
    total gray matter volume (mm^3)
    average cortical thickness +- standard deviation (mm)
    integrated rectified mean curvature
    integrated rectified Gaussian curvature
    folding index
    intrinsic curvature index
    structure name

 1671   1101   2704  2.696 0.357     0.072     0.009        6     0.7  bankssts
 1389    972   3361  2.918 0.837     0.124     0.019       20     1.3  caudalanteriorcingulate
 2942   2077   6553  2.818 0.466     0.109     0.018       27     2.3  caudalmiddlefrontal
 2331   1527   3896  2.283 0.532     0.123     0.024       26     2.2  cuneus
  737    476   2137  3.638 0.874     0.107     0.033        5     1.0  entorhinal
 4403   2994  10611  3.057 0.653     0.118     0.021       45     3.9  fusiform
 6681   4703  15795  2.904 0.532     0.112     0.020       69     5.5  inferiorparietal
 5927   4006  15824  3.191 0.729     0.108     0.021       61     5.4  inferiortemporal
 2016   1343   4174  2.696 1.023     0.107     0.020       23     1.7  isthmuscingulate
 8835   5973  16635  2.487 0.539     0.129     0.025      101     9.5  lateraloccipital
 3815   2743   8603  2.965 0.719     0.124     0.026       46     4.5  lateralorbitofrontal
 4580   3094   7853  2.376 0.714     0.123     0.028       50     5.6  lingual
 2886   2007   5302  2.418 0.833     0.142     0.042       55     5.9  medialorbitofrontal
 5132   3435  14164  3.308 0.687     0.104     0.017       45     3.7  middletemporal
  965    633   2564  3.191 0.810     0.104     0.020       13     0.7  parahippocampal
 1930   1256   3968  2.853 0.544     0.110     0.016       17     1.2  paracentral
 2364   1668   5732  2.970 0.538     0.099     0.018       22     1.7  parsopercularis
  966    668   2791  2.972 0.679     0.108     0.020        9     0.8  parsorbitalis
 2343   1653   5277  2.704 0.548     0.104     0.017       25     1.8  parstriangularis
 1968   1331   2190  1.786 0.504     0.121     0.023       18     2.1  pericalcarine
 6053   3989  10687  2.363 0.786     0.098     0.014       49     3.9  postcentral
 1803   1207   3684  2.637 0.866     0.114     0.017       20     1.4  posteriorcingulate
 6824   4635  14764  2.866 0.571     0.104     0.017       52     4.8  precentral
 5936   4076  12866  2.756 0.636     0.110     0.020       55     4.9  precuneus
 1247    950   3529  3.035 0.669     0.134     0.028       20     1.7  rostralanteriorcingulate
 7644   5406  16514  2.539 0.644     0.117     0.025      120     7.7  rostralmiddlefrontal
 9931   7156  25012  3.069 0.613     0.119     0.023      108     9.5  superiorfrontal
 8040   5577  15677  2.554 0.504     0.108     0.018       73     6.0  superiorparietal
 5379   3591  13261  3.162 0.716     0.089     0.014       41     3.3  superiortemporal
 5299   3669  12566  2.961 0.610     0.109     0.018       51     3.9  supramarginal
  338    241   1071  2.960 0.607     0.159     0.039       11     0.6  frontalpole
  706    527   3383  4.251 0.541     0.135     0.026       10     0.9  temporalpole
  547    328   1014  2.792 0.353     0.113     0.023        5     0.4  transversetemporal
 3657   2554   8531  3.354 0.976     0.123     0.032       36     5.4  insula

 mris_anatomical_stats -th3 -mgz -noglobal -cortex ../label/lh.cortex.label -f ../stats/lh.aparc.pial.stats -b -a ../label/lh.aparc.annot -c ../label/aparc.annot.ctab sub-v2s10x30154_ses-1 lh pial 

computing statistics for each annotation in ../label/lh.aparc.annot.
reading volume /out/sourcedata/freesurfer/sub-v2s10x30154_ses-1/mri/wm.mgz...
reading input surface /out/sourcedata/freesurfer/sub-v2s10x30154_ses-1/surf/lh.pial...
reading input pial surface /out/sourcedata/freesurfer/sub-v2s10x30154_ses-1/surf/lh.pial...
reading input white surface /out/sourcedata/freesurfer/sub-v2s10x30154_ses-1/surf/lh.white...
INFO: using TH3 volume calc
INFO: assuming MGZ format for volumes.
INFO: not computing global stats
INFO: using ../label/lh.cortex.label as mask to calc cortex NumVert, SurfArea and MeanThickness.
Using TH3 vertex volume calc
Total face volume 282908
Total vertex volume 282691 (mask=0)
Saving annotation colortable ../label/aparc.annot.ctab

table columns are:
    number of vertices
    total surface area (mm^2)
    total gray matter volume (mm^3)
    average cortical thickness +- standard deviation (mm)
    integrated rectified mean curvature
    integrated rectified Gaussian curvature
    folding index
    intrinsic curvature index
    structure name

 1671    925   2704  2.696 0.357     0.091     0.021       17     1.6  bankssts
 1389   1318   3361  2.918 0.837     0.178     0.046       63     2.5  caudalanteriorcingulate
 2942   2481   6553  2.818 0.466     0.127     0.024       35     3.0  caudalmiddlefrontal
 2331   1966   3896  2.283 0.532     0.145     0.035       55     3.1  cuneus
  737    789   2137  3.638 0.874     0.245     0.075       34     2.7  entorhinal
 4403   3784  10611  3.057 0.653     0.148     0.046     5088     6.4  fusiform
 6681   6038  15795  2.904 0.532     0.149     0.030       88     8.8  inferiorparietal
 5927   5622  15824  3.191 0.729     0.139     0.030       94     7.3  inferiortemporal
 2016   1711   4174  2.696 1.023     0.157     0.046       43     3.6  isthmuscingulate
 8835   7484  16635  2.487 0.539     0.137     0.045      241    10.9  lateraloccipital
 3815   3111   8603  2.965 0.719     0.141     0.044       59     5.1  lateralorbitofrontal
 4580   3821   7853  2.376 0.714     0.145     0.037       70     7.3  lingual
 2886   2412   5302  2.418 0.833     0.162     0.045     2103     5.4  medialorbitofrontal
 5132   4851  14164  3.308 0.687     0.138     0.029      252     5.7  middletemporal
  965    962   2564  3.191 0.810     0.189     0.047       26     2.1  parahippocampal
 1930   1528   3968  2.853 0.544     0.122     0.022       33     1.8  paracentral
 2364   2124   5732  2.970 0.538     0.141     0.027       34     2.9  parsopercularis
  966   1148   2791  2.972 0.679     0.168     0.030       11     1.2  parsorbitalis
 2343   2141   5277  2.704 0.548     0.143     0.025       27     2.6  parstriangularis
 1968   1188   2190  1.786 0.504     0.125     0.030       30     2.5  pericalcarine
 6053   4977  10687  2.363 0.786     0.115     0.021       78     5.2  postcentral
 1803   1551   3684  2.637 0.866     0.166     0.044       83     3.4  posteriorcingulate
 6824   5428  14764  2.866 0.571     0.114     0.024       72     6.5  precentral
 5936   5010  12866  2.756 0.636     0.145     0.034      109     7.7  precuneus
 1247   1390   3529  3.035 0.669     0.224     0.063       86     3.1  rostralanteriorcingulate
 7644   7137  16514  2.539 0.644     0.156     0.031      104    11.1  rostralmiddlefrontal
 9931   8831  25012  3.069 0.613     0.148     0.034      389    12.9  superiorfrontal
 8040   6512  15677  2.554 0.504     0.126     0.024       91     7.6  superiorparietal
 5379   4643  13261  3.162 0.716     0.140     0.033     1949     7.2  superiortemporal
 5299   4614  12566  2.961 0.610     0.139     0.041      499     6.4  supramarginal
  338    478   1071  2.960 0.607     0.223     0.037        4     0.6  frontalpole
  706   1031   3383  4.251 0.541     0.194     0.036        9     1.2  temporalpole
  547    423   1014  2.792 0.353     0.129     0.035        6     0.8  transversetemporal
 3657   2416   8531  3.354 0.976     0.144     0.047      121     6.1  insula
#-----------------------------------------
#@# Parcellation Stats 2 lh Sun Mar 15 13:01:35 CET 2026
/out/sourcedata/freesurfer/sub-v2s10x30154_ses-1/scripts

 mris_anatomical_stats -th3 -mgz -noglobal -cortex ../label/lh.cortex.label -f ../stats/lh.aparc.a2009s.stats -b -a ../label/lh.aparc.a2009s.annot -c ../label/aparc.annot.a2009s.ctab sub-v2s10x30154_ses-1 lh white 

computing statistics for each annotation in ../label/lh.aparc.a2009s.annot.
reading volume /out/sourcedata/freesurfer/sub-v2s10x30154_ses-1/mri/wm.mgz...
reading input surface /out/sourcedata/freesurfer/sub-v2s10x30154_ses-1/surf/lh.white...
reading input pial surface /out/sourcedata/freesurfer/sub-v2s10x30154_ses-1/surf/lh.pial...
reading input white surface /out/sourcedata/freesurfer/sub-v2s10x30154_ses-1/surf/lh.white...
INFO: using TH3 volume calc
INFO: assuming MGZ format for volumes.
INFO: not computing global stats
INFO: using ../label/lh.cortex.label as mask to calc cortex NumVert, SurfArea and MeanThickness.
Using TH3 vertex volume calc
Total face volume 282908
Total vertex volume 282691 (mask=0)
Saving annotation colortable ../label/aparc.annot.a2009s.ctab

table columns are:
    number of vertices
    total surface area (mm^2)
    total gray matter volume (mm^3)
    average cortical thickness +- standard deviation (mm)
    integrated rectified mean curvature
    integrated rectified Gaussian curvature
    folding index
    intrinsic curvature index
    structure name

  999    697   2195  2.478 0.733     0.122     0.032       26     1.1  G_and_S_frontomargin
 1703   1231   3996  2.718 0.576     0.138     0.026       23     2.0  G_and_S_occipital_inf
 1493    946   3259  2.755 0.616     0.110     0.017       14     1.1  G_and_S_paracentral
 1712   1194   4509  3.264 0.627     0.132     0.021       23     1.6  G_and_S_subcentral
  582    429   1789  2.839 0.603     0.145     0.036       14     0.9  G_and_S_transv_frontopol
 2245   1664   5665  3.072 0.562     0.121     0.025       25     2.6  G_and_S_cingul-Ant
 1461   1027   3360  3.213 0.511     0.119     0.022       14     1.5  G_and_S_cingul-Mid-Ant
 1592   1093   3455  2.844 0.635     0.110     0.018       16     1.3  G_and_S_cingul-Mid-Post
  691    474   2137  3.294 0.791     0.120     0.025        9     0.7  G_cingul-Post-dorsal
  377    247    868  2.928 0.759     0.113     0.021        5     0.3  G_cingul-Post-ventral
 2188   1451   3708  2.159 0.555     0.140     0.029       29     2.6  G_cuneus
 1228    868   3990  3.313 0.388     0.111     0.022       16     1.0  G_front_inf-Opercular
  446    307   1531  3.259 0.364     0.128     0.020        6     0.4  G_front_inf-Orbital
 1250    921   3634  2.837 0.620     0.123     0.021       22     1.2  G_front_inf-Triangul
 4180   3125  11871  2.792 0.603     0.132     0.029       83     4.9  G_front_middle
 6530   4805  19557  3.252 0.577     0.130     0.026       99     7.1  G_front_sup
  664    494   1909  3.531 0.976     0.151     0.043        8     1.5  G_Ins_lg_and_S_cent_ins
  740    476   2780  4.025 0.755     0.095     0.022        6     0.7  G_insular_short
 2712   1858   7663  2.973 0.599     0.126     0.023       36     2.9  G_occipital_middle
 1660   1165   3589  2.566 0.513     0.152     0.031       25     2.3  G_occipital_sup
 1508   1025   4012  3.115 0.558     0.126     0.027       20     1.7  G_oc-temp_lat-fusifor
 3185   2095   5745  2.302 0.725     0.133     0.032       43     4.5  G_oc-temp_med-Lingual
 1515    985   4821  3.525 0.903     0.118     0.031       20     1.8  G_oc-temp_med-Parahip
 2255   1567   6505  3.019 0.815     0.117     0.028       30     2.6  G_orbital
 2328   1722   7021  2.995 0.552     0.129     0.024       37     2.3  G_pariet_inf-Angular
 2637   1842   7813  3.216 0.529     0.119     0.023       34     2.5  G_pariet_inf-Supramar
 2726   1996   6827  2.653 0.566     0.126     0.022       38     2.5  G_parietal_sup
 2195   1408   4404  2.400 0.597     0.102     0.016       21     1.5  G_postcentral
 2440   1699   6931  3.059 0.523     0.116     0.022       25     2.2  G_precentral
 2949   2058   8266  2.965 0.659     0.128     0.026       40     3.2  G_precuneus
 1015    654   2082  2.333 0.886     0.131     0.047       22     1.8  G_rectus
  818    586   1057  2.065 0.907     0.183     0.070       22     3.1  G_subcallosal
  416    227    917  2.987 0.437     0.110     0.024        4     0.3  G_temp_sup-G_T_transv
 1805   1226   6151  3.303 0.813     0.116     0.022       26     1.7  G_temp_sup-Lateral
  890    583   2481  3.966 0.627     0.065     0.010        2     0.3  G_temp_sup-Plan_polar
  792    524   1466  2.684 0.366     0.064     0.010        2     0.3  G_temp_sup-Plan_tempo
 3164   2142  10200  3.406 0.739     0.128     0.029       46     3.7  G_temporal_inf
 2818   1855  10277  3.606 0.659     0.109     0.020       33     2.4  G_temporal_middle
  446    285    568  2.412 0.338     0.073     0.008        1     0.1  Lat_Fis-ant-Horizont
  509    339    698  2.530 0.371     0.076     0.012        1     0.2  Lat_Fis-ant-Vertical
 1046    692   1534  2.740 0.749     0.091     0.014        4     0.6  Lat_Fis-post
 2145   1423   3460  2.161 0.478     0.143     0.029       30     2.6  Pole_occipital
 1646   1204   6852  3.865 0.666     0.130     0.024       23     1.8  Pole_temporal
 2785   1902   3597  2.134 0.767     0.103     0.019       20     2.3  S_calcarine
 2914   1958   3440  2.028 0.670     0.088     0.013       13     1.5  S_central
  939    635   1438  2.637 0.426     0.099     0.016        5     0.6  S_cingul-Marginalis
  449    309    836  3.346 0.522     0.086     0.015        1     0.3  S_circular_insula_ant
 1415    939   2477  3.227 0.883     0.080     0.012        6     0.7  S_circular_insula_inf
 1826   1194   2913  3.051 0.446     0.091     0.014        7     1.1  S_circular_insula_sup
 1267    827   1968  2.874 0.434     0.094     0.010        7     0.6  S_collat_transv_ant
  542    380    806  2.600 0.572     0.141     0.025        6     0.6  S_collat_transv_post
 2429   1665   4257  2.482 0.478     0.098     0.017       19     1.7  S_front_inf
 1232    838   1647  2.154 0.601     0.106     0.017        6     1.0  S_front_middle
 2679   1807   4502  2.607 0.478     0.086     0.013       14     1.4  S_front_sup
  453    307    595  2.212 0.305     0.088     0.010        2     0.2  S_interm_prim-Jensen
 2828   1887   4565  2.634 0.424     0.093     0.013       16     1.6  S_intrapariet_and_P_trans
 1516   1025   1963  2.317 0.418     0.107     0.020        8     1.3  S_oc_middle_and_Lunatus
 1579   1058   2584  2.653 0.466     0.108     0.017       10     1.3  S_oc_sup_and_transversal
  620    405    912  2.536 0.264     0.077     0.011        2     0.3  S_occipital_ant
 1168    793   1742  2.535 0.421     0.094     0.014        6     0.7  S_oc-temp_lat
 1929   1320   3460  2.800 0.587     0.100     0.016       12     1.2  S_oc-temp_med_and_Lingual
  354    248    596  2.644 0.573     0.099     0.019        1     0.3  S_orbital_lateral
  821    759   1374  2.252 0.707     0.223     0.062       14     2.9  S_orbital_med-olfact
 1395    992   2768  2.958 0.582     0.114     0.020       14     1.3  S_orbital-H_Shaped
 2137   1451   3388  2.493 0.506     0.095     0.015       12     1.3  S_parieto_occipital
 1889   1182   2004  1.931 0.741     0.106     0.014       23     1.2  S_pericallosal
 3146   2092   4907  2.499 0.447     0.084     0.012       16     1.4  S_postcentral
 1671   1138   2698  2.774 0.389     0.093     0.014       10     1.0  S_precentral-inf-part
 1159    767   1809  2.658 0.468     0.092     0.012        5     0.6  S_precentral-sup-part
  708    509   1267  2.665 0.718     0.110     0.014        5     0.5  S_suborbital
 1314    894   2251  2.688 0.551     0.099     0.015        8     0.8  S_subparietal
 1959   1346   3226  2.850 0.480     0.095     0.013        9     1.2  S_temporal_inf
 6224   4160  10676  2.811 0.446     0.085     0.013       30     3.2  S_temporal_sup
  237    172    472  3.036 0.380     0.108     0.015        1     0.2  S_temporal_transverse
#-----------------------------------------
#@# Parcellation Stats 3 lh Sun Mar 15 13:01:42 CET 2026
/out/sourcedata/freesurfer/sub-v2s10x30154_ses-1/scripts

 mris_anatomical_stats -th3 -mgz -noglobal -cortex ../label/lh.cortex.label -f ../stats/lh.aparc.DKTatlas.stats -b -a ../label/lh.aparc.DKTatlas.annot -c ../label/aparc.annot.DKTatlas.ctab sub-v2s10x30154_ses-1 lh white 

computing statistics for each annotation in ../label/lh.aparc.DKTatlas.annot.
reading volume /out/sourcedata/freesurfer/sub-v2s10x30154_ses-1/mri/wm.mgz...
reading input surface /out/sourcedata/freesurfer/sub-v2s10x30154_ses-1/surf/lh.white...
reading input pial surface /out/sourcedata/freesurfer/sub-v2s10x30154_ses-1/surf/lh.pial...
reading input white surface /out/sourcedata/freesurfer/sub-v2s10x30154_ses-1/surf/lh.white...
INFO: using TH3 volume calc
INFO: assuming MGZ format for volumes.
INFO: not computing global stats
INFO: using ../label/lh.cortex.label as mask to calc cortex NumVert, SurfArea and MeanThickness.
Using TH3 vertex volume calc
Total face volume 282908
Total vertex volume 282691 (mask=0)
Saving annotation colortable ../label/aparc.annot.DKTatlas.ctab

table columns are:
    number of vertices
    total surface area (mm^2)
    total gray matter volume (mm^3)
    average cortical thickness +- standard deviation (mm)
    integrated rectified mean curvature
    integrated rectified Gaussian curvature
    folding index
    intrinsic curvature index
    structure name

 1905   1326   4229  2.946 0.768     0.122     0.020       24     1.8  caudalanteriorcingulate
 3205   2255   6956  2.795 0.467     0.109     0.019       29     2.5  caudalmiddlefrontal
 3207   2129   5430  2.330 0.533     0.121     0.023       33     3.1  cuneus
  657    423   1908  3.620 0.877     0.107     0.034        5     0.9  entorhinal
 3930   2658   8729  2.983 0.577     0.115     0.020       39     3.4  fusiform
 6848   4818  15914  2.873 0.549     0.113     0.019       70     5.8  inferiorparietal
 5943   4036  17012  3.285 0.758     0.113     0.022       64     5.7  inferiortemporal
 1974   1318   4102  2.732 1.004     0.110     0.021       23     1.8  isthmuscingulate
 8755   5933  16583  2.485 0.535     0.129     0.025      101     9.4  lateraloccipital
 4146   3057   9725  2.901 0.771     0.137     0.034       76     6.1  lateralorbitofrontal
 4694   3172   8006  2.364 0.710     0.123     0.028       52     5.7  lingual
 2606   1860   4827  2.349 0.837     0.159     0.050       58     6.6  medialorbitofrontal
 6813   4551  17052  3.156 0.678     0.099     0.016       54     4.5  middletemporal
 1059    699   2858  3.203 0.838     0.103     0.019       14     0.7  parahippocampal
 2248   1479   4943  2.919 0.553     0.109     0.016       19     1.5  paracentral
 2146   1516   5339  3.052 0.474     0.101     0.019       20     1.6  parsopercularis
 1088    716   2672  3.028 0.541     0.094     0.016        8     0.7  parsorbitalis
 2876   2024   6278  2.660 0.565     0.106     0.017       30     2.2  parstriangularis
 1957   1321   2164  1.786 0.497     0.120     0.023       18     2.0  pericalcarine
 6841   4541  11969  2.405 0.774     0.101     0.015       56     4.5  postcentral
 2090   1410   4179  2.583 0.833     0.112     0.017       23     1.7  posteriorcingulate
 6772   4590  14669  2.878 0.572     0.104     0.017       51     4.8  precentral
 5770   3994  12836  2.770 0.638     0.111     0.021       56     4.7  precuneus
 1787   1301   4323  2.983 0.745     0.127     0.028       23     2.2  rostralanteriorcingulate
 5516   3932  12311  2.551 0.660     0.114     0.024       76     5.3  rostralmiddlefrontal
10641   7658  26550  2.969 0.662     0.120     0.024      128    10.5  superiorfrontal
 6472   4458  12779  2.562 0.506     0.103     0.016       56     4.5  superiorparietal
 7254   4888  18676  3.207 0.756     0.093     0.016       59     5.0  superiortemporal
 4769   3307  11483  3.011 0.599     0.109     0.019       46     3.5  supramarginal
  550    329   1015  2.791 0.355     0.113     0.023        5     0.4  transversetemporal
 2766   1869   7172  3.600 0.835     0.101     0.021       18     2.6  insula
/out/sourcedata/freesurfer/sub-v2s10x30154_ses-1/label
#--------------------------------------------
#@# BA_exvivo Labels lh Sun Mar 15 13:01:49 CET 2026

 mri_label2label --srcsubject fsaverage --srclabel /out/sourcedata/freesurfer/fsaverage/label/lh.BA1_exvivo.label --trgsubject sub-v2s10x30154_ses-1 --trglabel ./lh.BA1_exvivo.label --hemi lh --regmethod surface 


srclabel = /out/sourcedata/freesurfer/fsaverage/label/lh.BA1_exvivo.label
srcsubject = fsaverage
trgsubject = sub-v2s10x30154_ses-1
trglabel = ./lh.BA1_exvivo.label
regmethod = surface

srchemi = lh
trghemi = lh
trgsurface = white
srcsurfreg = sphere.reg
trgsurfreg = sphere.reg
usehash = 1
Use ProjAbs  = 0, 0
Use ProjFrac = 0, 0
DoPaint 0

SUBJECTS_DIR    /out/sourcedata/freesurfer
FREESURFER_HOME /opt/freesurfer
Loading source label.
Found 4129 points in source label.
Starting surface-based mapping
Reading source registration 
 /out/sourcedata/freesurfer/fsaverage/surf/lh.sphere.reg
Rescaling ...  original radius = 100
Reading target surface 
 /out/sourcedata/freesurfer/sub-v2s10x30154_ses-1/surf/lh.white
Reading target registration 
 /out/sourcedata/freesurfer/sub-v2s10x30154_ses-1/surf/lh.sphere.reg
Rescaling ...  original radius = 100
Building target registration hash (res=16).
Building source registration hash (res=16).
INFO: found  4129 nlabel points
Performing mapping from target back to the source label 135582
Number of reverse mapping hits = 76
Checking for and removing duplicates
Writing label file ./lh.BA1_exvivo.label 4205
mri_label2label: Done


 mri_label2label --srcsubject fsaverage --srclabel /out/sourcedata/freesurfer/fsaverage/label/lh.BA2_exvivo.label --trgsubject sub-v2s10x30154_ses-1 --trglabel ./lh.BA2_exvivo.label --hemi lh --regmethod surface 


srclabel = /out/sourcedata/freesurfer/fsaverage/label/lh.BA2_exvivo.label
srcsubject = fsaverage
trgsubject = sub-v2s10x30154_ses-1
trglabel = ./lh.BA2_exvivo.label
regmethod = surface

srchemi = lh
trghemi = lh
trgsurface = white
srcsurfreg = sphere.reg
trgsurfreg = sphere.reg
usehash = 1
Use ProjAbs  = 0, 0
Use ProjFrac = 0, 0
DoPaint 0

SUBJECTS_DIR    /out/sourcedata/freesurfer
FREESURFER_HOME /opt/freesurfer
Loading source label.
Found 7909 points in source label.
Starting surface-based mapping
Reading source registration 
 /out/sourcedata/freesurfer/fsaverage/surf/lh.sphere.reg
Rescaling ...  original radius = 100
Reading target surface 
 /out/sourcedata/freesurfer/sub-v2s10x30154_ses-1/surf/lh.white
Reading target registration 
 /out/sourcedata/freesurfer/sub-v2s10x30154_ses-1/surf/lh.sphere.reg
Rescaling ...  original radius = 100
Building target registration hash (res=16).
Building source registration hash (res=16).
INFO: found  7909 nlabel points
Performing mapping from target back to the source label 135582
Number of reverse mapping hits = 310
Checking for and removing duplicates
Writing label file ./lh.BA2_exvivo.label 8219
mri_label2label: Done


 mri_label2label --srcsubject fsaverage --srclabel /out/sourcedata/freesurfer/fsaverage/label/lh.BA3a_exvivo.label --trgsubject sub-v2s10x30154_ses-1 --trglabel ./lh.BA3a_exvivo.label --hemi lh --regmethod surface 


srclabel = /out/sourcedata/freesurfer/fsaverage/label/lh.BA3a_exvivo.label
srcsubject = fsaverage
trgsubject = sub-v2s10x30154_ses-1
trglabel = ./lh.BA3a_exvivo.label
regmethod = surface

srchemi = lh
trghemi = lh
trgsurface = white
srcsurfreg = sphere.reg
trgsurfreg = sphere.reg
usehash = 1
Use ProjAbs  = 0, 0
Use ProjFrac = 0, 0
DoPaint 0

SUBJECTS_DIR    /out/sourcedata/freesurfer
FREESURFER_HOME /opt/freesurfer
Loading source label.
Found 4077 points in source label.
Starting surface-based mapping
Reading source registration 
 /out/sourcedata/freesurfer/fsaverage/surf/lh.sphere.reg
Rescaling ...  original radius = 100
Reading target surface 
 /out/sourcedata/freesurfer/sub-v2s10x30154_ses-1/surf/lh.white
Reading target registration 
 /out/sourcedata/freesurfer/sub-v2s10x30154_ses-1/surf/lh.sphere.reg
Rescaling ...  original radius = 100
Building target registration hash (res=16).
Building source registration hash (res=16).
INFO: found  4077 nlabel points
Performing mapping from target back to the source label 135582
Number of reverse mapping hits = 21
Checking for and removing duplicates
Writing label file ./lh.BA3a_exvivo.label 4098
mri_label2label: Done


 mri_label2label --srcsubject fsaverage --srclabel /out/sourcedata/freesurfer/fsaverage/label/lh.BA3b_exvivo.label --trgsubject sub-v2s10x30154_ses-1 --trglabel ./lh.BA3b_exvivo.label --hemi lh --regmethod surface 


srclabel = /out/sourcedata/freesurfer/fsaverage/label/lh.BA3b_exvivo.label
srcsubject = fsaverage
trgsubject = sub-v2s10x30154_ses-1
trglabel = ./lh.BA3b_exvivo.label
regmethod = surface

srchemi = lh
trghemi = lh
trgsurface = white
srcsurfreg = sphere.reg
trgsurfreg = sphere.reg
usehash = 1
Use ProjAbs  = 0, 0
Use ProjFrac = 0, 0
DoPaint 0

SUBJECTS_DIR    /out/sourcedata/freesurfer
FREESURFER_HOME /opt/freesurfer
Loading source label.
Found 5983 points in source label.
Starting surface-based mapping
Reading source registration 
 /out/sourcedata/freesurfer/fsaverage/surf/lh.sphere.reg
Rescaling ...  original radius = 100
Reading target surface 
 /out/sourcedata/freesurfer/sub-v2s10x30154_ses-1/surf/lh.white
Reading target registration 
 /out/sourcedata/freesurfer/sub-v2s10x30154_ses-1/surf/lh.sphere.reg
Rescaling ...  original radius = 100
Building target registration hash (res=16).
Building source registration hash (res=16).
INFO: found  5983 nlabel points
Performing mapping from target back to the source label 135582
Number of reverse mapping hits = 60
Checking for and removing duplicates
Writing label file ./lh.BA3b_exvivo.label 6043
mri_label2label: Done


 mri_label2label --srcsubject fsaverage --srclabel /out/sourcedata/freesurfer/fsaverage/label/lh.BA4a_exvivo.label --trgsubject sub-v2s10x30154_ses-1 --trglabel ./lh.BA4a_exvivo.label --hemi lh --regmethod surface 


srclabel = /out/sourcedata/freesurfer/fsaverage/label/lh.BA4a_exvivo.label
srcsubject = fsaverage
trgsubject = sub-v2s10x30154_ses-1
trglabel = ./lh.BA4a_exvivo.label
regmethod = surface

srchemi = lh
trghemi = lh
trgsurface = white
srcsurfreg = sphere.reg
trgsurfreg = sphere.reg
usehash = 1
Use ProjAbs  = 0, 0
Use ProjFrac = 0, 0
DoPaint 0

SUBJECTS_DIR    /out/sourcedata/freesurfer
FREESURFER_HOME /opt/freesurfer
Loading source label.
Found 5784 points in source label.
Starting surface-based mapping
Reading source registration 
 /out/sourcedata/freesurfer/fsaverage/surf/lh.sphere.reg
Rescaling ...  original radius = 100
Reading target surface 
 /out/sourcedata/freesurfer/sub-v2s10x30154_ses-1/surf/lh.white
Reading target registration 
 /out/sourcedata/freesurfer/sub-v2s10x30154_ses-1/surf/lh.sphere.reg
Rescaling ...  original radius = 100
Building target registration hash (res=16).
Building source registration hash (res=16).
INFO: found  5784 nlabel points
Performing mapping from target back to the source label 135582
Number of reverse mapping hits = 89
Checking for and removing duplicates
Writing label file ./lh.BA4a_exvivo.label 5873
mri_label2label: Done


 mri_label2label --srcsubject fsaverage --srclabel /out/sourcedata/freesurfer/fsaverage/label/lh.BA4p_exvivo.label --trgsubject sub-v2s10x30154_ses-1 --trglabel ./lh.BA4p_exvivo.label --hemi lh --regmethod surface 


srclabel = /out/sourcedata/freesurfer/fsaverage/label/lh.BA4p_exvivo.label
srcsubject = fsaverage
trgsubject = sub-v2s10x30154_ses-1
trglabel = ./lh.BA4p_exvivo.label
regmethod = surface

srchemi = lh
trghemi = lh
trgsurface = white
srcsurfreg = sphere.reg
trgsurfreg = sphere.reg
usehash = 1
Use ProjAbs  = 0, 0
Use ProjFrac = 0, 0
DoPaint 0

SUBJECTS_DIR    /out/sourcedata/freesurfer
FREESURFER_HOME /opt/freesurfer
Loading source label.
Found 4070 points in source label.
Starting surface-based mapping
Reading source registration 
 /out/sourcedata/freesurfer/fsaverage/surf/lh.sphere.reg
Rescaling ...  original radius = 100
Reading target surface 
 /out/sourcedata/freesurfer/sub-v2s10x30154_ses-1/surf/lh.white
Reading target registration 
 /out/sourcedata/freesurfer/sub-v2s10x30154_ses-1/surf/lh.sphere.reg
Rescaling ...  original radius = 100
Building target registration hash (res=16).
Building source registration hash (res=16).
INFO: found  4070 nlabel points
Performing mapping from target back to the source label 135582
Number of reverse mapping hits = 45
Checking for and removing duplicates
Writing label file ./lh.BA4p_exvivo.label 4115
mri_label2label: Done


 mri_label2label --srcsubject fsaverage --srclabel /out/sourcedata/freesurfer/fsaverage/label/lh.BA6_exvivo.label --trgsubject sub-v2s10x30154_ses-1 --trglabel ./lh.BA6_exvivo.label --hemi lh --regmethod surface 


srclabel = /out/sourcedata/freesurfer/fsaverage/label/lh.BA6_exvivo.label
srcsubject = fsaverage
trgsubject = sub-v2s10x30154_ses-1
trglabel = ./lh.BA6_exvivo.label
regmethod = surface

srchemi = lh
trghemi = lh
trgsurface = white
srcsurfreg = sphere.reg
trgsurfreg = sphere.reg
usehash = 1
Use ProjAbs  = 0, 0
Use ProjFrac = 0, 0
DoPaint 0

SUBJECTS_DIR    /out/sourcedata/freesurfer
FREESURFER_HOME /opt/freesurfer
Loading source label.
Found 13589 points in source label.
Starting surface-based mapping
Reading source registration 
 /out/sourcedata/freesurfer/fsaverage/surf/lh.sphere.reg
Rescaling ...  original radius = 100
Reading target surface 
 /out/sourcedata/freesurfer/sub-v2s10x30154_ses-1/surf/lh.white
Reading target registration 
 /out/sourcedata/freesurfer/sub-v2s10x30154_ses-1/surf/lh.sphere.reg
Rescaling ...  original radius = 100
Building target registration hash (res=16).
Building source registration hash (res=16).
INFO: found  13589 nlabel points
Performing mapping from target back to the source label 135582
Number of reverse mapping hits = 312
Checking for and removing duplicates
Writing label file ./lh.BA6_exvivo.label 13901
mri_label2label: Done


 mri_label2label --srcsubject fsaverage --srclabel /out/sourcedata/freesurfer/fsaverage/label/lh.BA44_exvivo.label --trgsubject sub-v2s10x30154_ses-1 --trglabel ./lh.BA44_exvivo.label --hemi lh --regmethod surface 


srclabel = /out/sourcedata/freesurfer/fsaverage/label/lh.BA44_exvivo.label
srcsubject = fsaverage
trgsubject = sub-v2s10x30154_ses-1
trglabel = ./lh.BA44_exvivo.label
regmethod = surface

srchemi = lh
trghemi = lh
trgsurface = white
srcsurfreg = sphere.reg
trgsurfreg = sphere.reg
usehash = 1
Use ProjAbs  = 0, 0
Use ProjFrac = 0, 0
DoPaint 0

SUBJECTS_DIR    /out/sourcedata/freesurfer
FREESURFER_HOME /opt/freesurfer
Loading source label.
Found 4181 points in source label.
Starting surface-based mapping
Reading source registration 
 /out/sourcedata/freesurfer/fsaverage/surf/lh.sphere.reg
Rescaling ...  original radius = 100
Reading target surface 
 /out/sourcedata/freesurfer/sub-v2s10x30154_ses-1/surf/lh.white
Reading target registration 
 /out/sourcedata/freesurfer/sub-v2s10x30154_ses-1/surf/lh.sphere.reg
Rescaling ...  original radius = 100
Building target registration hash (res=16).
Building source registration hash (res=16).
INFO: found  4181 nlabel points
Performing mapping from target back to the source label 135582
Number of reverse mapping hits = 108
Checking for and removing duplicates
Writing label file ./lh.BA44_exvivo.label 4289
mri_label2label: Done


 mri_label2label --srcsubject fsaverage --srclabel /out/sourcedata/freesurfer/fsaverage/label/lh.BA45_exvivo.label --trgsubject sub-v2s10x30154_ses-1 --trglabel ./lh.BA45_exvivo.label --hemi lh --regmethod surface 


srclabel = /out/sourcedata/freesurfer/fsaverage/label/lh.BA45_exvivo.label
srcsubject = fsaverage
trgsubject = sub-v2s10x30154_ses-1
trglabel = ./lh.BA45_exvivo.label
regmethod = surface

srchemi = lh
trghemi = lh
trgsurface = white
srcsurfreg = sphere.reg
trgsurfreg = sphere.reg
usehash = 1
Use ProjAbs  = 0, 0
Use ProjFrac = 0, 0
DoPaint 0

SUBJECTS_DIR    /out/sourcedata/freesurfer
FREESURFER_HOME /opt/freesurfer
Loading source label.
Found 3422 points in source label.
Starting surface-based mapping
Reading source registration 
 /out/sourcedata/freesurfer/fsaverage/surf/lh.sphere.reg
Rescaling ...  original radius = 100
Reading target surface 
 /out/sourcedata/freesurfer/sub-v2s10x30154_ses-1/surf/lh.white
Reading target registration 
 /out/sourcedata/freesurfer/sub-v2s10x30154_ses-1/surf/lh.sphere.reg
Rescaling ...  original radius = 100
Building target registration hash (res=16).
Building source registration hash (res=16).
INFO: found  3422 nlabel points
Performing mapping from target back to the source label 135582
Number of reverse mapping hits = 798
Checking for and removing duplicates
Writing label file ./lh.BA45_exvivo.label 4220
mri_label2label: Done


 mri_label2label --srcsubject fsaverage --srclabel /out/sourcedata/freesurfer/fsaverage/label/lh.V1_exvivo.label --trgsubject sub-v2s10x30154_ses-1 --trglabel ./lh.V1_exvivo.label --hemi lh --regmethod surface 


srclabel = /out/sourcedata/freesurfer/fsaverage/label/lh.V1_exvivo.label
srcsubject = fsaverage
trgsubject = sub-v2s10x30154_ses-1
trglabel = ./lh.V1_exvivo.label
regmethod = surface

srchemi = lh
trghemi = lh
trgsurface = white
srcsurfreg = sphere.reg
trgsurfreg = sphere.reg
usehash = 1
Use ProjAbs  = 0, 0
Use ProjFrac = 0, 0
DoPaint 0

SUBJECTS_DIR    /out/sourcedata/freesurfer
FREESURFER_HOME /opt/freesurfer
Loading source label.
Found 4641 points in source label.
Starting surface-based mapping
Reading source registration 
 /out/sourcedata/freesurfer/fsaverage/surf/lh.sphere.reg
Rescaling ...  original radius = 100
Reading target surface 
 /out/sourcedata/freesurfer/sub-v2s10x30154_ses-1/surf/lh.white
Reading target registration 
 /out/sourcedata/freesurfer/sub-v2s10x30154_ses-1/surf/lh.sphere.reg
Rescaling ...  original radius = 100
Building target registration hash (res=16).
Building source registration hash (res=16).
INFO: found  4641 nlabel points
Performing mapping from target back to the source label 135582
Number of reverse mapping hits = 1162
Checking for and removing duplicates
Writing label file ./lh.V1_exvivo.label 5803
mri_label2label: Done


 mri_label2label --srcsubject fsaverage --srclabel /out/sourcedata/freesurfer/fsaverage/label/lh.V2_exvivo.label --trgsubject sub-v2s10x30154_ses-1 --trglabel ./lh.V2_exvivo.label --hemi lh --regmethod surface 


srclabel = /out/sourcedata/freesurfer/fsaverage/label/lh.V2_exvivo.label
srcsubject = fsaverage
trgsubject = sub-v2s10x30154_ses-1
trglabel = ./lh.V2_exvivo.label
regmethod = surface

srchemi = lh
trghemi = lh
trgsurface = white
srcsurfreg = sphere.reg
trgsurfreg = sphere.reg
usehash = 1
Use ProjAbs  = 0, 0
Use ProjFrac = 0, 0
DoPaint 0

SUBJECTS_DIR    /out/sourcedata/freesurfer
FREESURFER_HOME /opt/freesurfer
Loading source label.
Found 8114 points in source label.
Starting surface-based mapping
Reading source registration 
 /out/sourcedata/freesurfer/fsaverage/surf/lh.sphere.reg
Rescaling ...  original radius = 100
Reading target surface 
 /out/sourcedata/freesurfer/sub-v2s10x30154_ses-1/surf/lh.white
Reading target registration 
 /out/sourcedata/freesurfer/sub-v2s10x30154_ses-1/surf/lh.sphere.reg
Rescaling ...  original radius = 100
Building target registration hash (res=16).
Building source registration hash (res=16).
INFO: found  8114 nlabel points
Performing mapping from target back to the source label 135582
Number of reverse mapping hits = 2775
Checking for and removing duplicates
Writing label file ./lh.V2_exvivo.label 10889
mri_label2label: Done


 mri_label2label --srcsubject fsaverage --srclabel /out/sourcedata/freesurfer/fsaverage/label/lh.MT_exvivo.label --trgsubject sub-v2s10x30154_ses-1 --trglabel ./lh.MT_exvivo.label --hemi lh --regmethod surface 


srclabel = /out/sourcedata/freesurfer/fsaverage/label/lh.MT_exvivo.label
srcsubject = fsaverage
trgsubject = sub-v2s10x30154_ses-1
trglabel = ./lh.MT_exvivo.label
regmethod = surface

srchemi = lh
trghemi = lh
trgsurface = white
srcsurfreg = sphere.reg
trgsurfreg = sphere.reg
usehash = 1
Use ProjAbs  = 0, 0
Use ProjFrac = 0, 0
DoPaint 0

SUBJECTS_DIR    /out/sourcedata/freesurfer
FREESURFER_HOME /opt/freesurfer
Loading source label.
Found 2018 points in source label.
Starting surface-based mapping
Reading source registration 
 /out/sourcedata/freesurfer/fsaverage/surf/lh.sphere.reg
Rescaling ...  original radius = 100
Reading target surface 
 /out/sourcedata/freesurfer/sub-v2s10x30154_ses-1/surf/lh.white
Reading target registration 
 /out/sourcedata/freesurfer/sub-v2s10x30154_ses-1/surf/lh.sphere.reg
Rescaling ...  original radius = 100
Building target registration hash (res=16).
Building source registration hash (res=16).
INFO: found  2018 nlabel points
Performing mapping from target back to the source label 135582
Number of reverse mapping hits = 430
Checking for and removing duplicates
Writing label file ./lh.MT_exvivo.label 2448
mri_label2label: Done


 mri_label2label --srcsubject fsaverage --srclabel /out/sourcedata/freesurfer/fsaverage/label/lh.entorhinal_exvivo.label --trgsubject sub-v2s10x30154_ses-1 --trglabel ./lh.entorhinal_exvivo.label --hemi lh --regmethod surface 


srclabel = /out/sourcedata/freesurfer/fsaverage/label/lh.entorhinal_exvivo.label
srcsubject = fsaverage
trgsubject = sub-v2s10x30154_ses-1
trglabel = ./lh.entorhinal_exvivo.label
regmethod = surface

srchemi = lh
trghemi = lh
trgsurface = white
srcsurfreg = sphere.reg
trgsurfreg = sphere.reg
usehash = 1
Use ProjAbs  = 0, 0
Use ProjFrac = 0, 0
DoPaint 0

SUBJECTS_DIR    /out/sourcedata/freesurfer
FREESURFER_HOME /opt/freesurfer
Loading source label.
Found 1290 points in source label.
Starting surface-based mapping
Reading source registration 
 /out/sourcedata/freesurfer/fsaverage/surf/lh.sphere.reg
Rescaling ...  original radius = 100
Reading target surface 
 /out/sourcedata/freesurfer/sub-v2s10x30154_ses-1/surf/lh.white
Reading target registration 
 /out/sourcedata/freesurfer/sub-v2s10x30154_ses-1/surf/lh.sphere.reg
Rescaling ...  original radius = 100
Building target registration hash (res=16).
Building source registration hash (res=16).
INFO: found  1290 nlabel points
Performing mapping from target back to the source label 135582
Number of reverse mapping hits = 108
Checking for and removing duplicates
Writing label file ./lh.entorhinal_exvivo.label 1398
mri_label2label: Done


 mri_label2label --srcsubject fsaverage --srclabel /out/sourcedata/freesurfer/fsaverage/label/lh.perirhinal_exvivo.label --trgsubject sub-v2s10x30154_ses-1 --trglabel ./lh.perirhinal_exvivo.label --hemi lh --regmethod surface 


srclabel = /out/sourcedata/freesurfer/fsaverage/label/lh.perirhinal_exvivo.label
srcsubject = fsaverage
trgsubject = sub-v2s10x30154_ses-1
trglabel = ./lh.perirhinal_exvivo.label
regmethod = surface

srchemi = lh
trghemi = lh
trgsurface = white
srcsurfreg = sphere.reg
trgsurfreg = sphere.reg
usehash = 1
Use ProjAbs  = 0, 0
Use ProjFrac = 0, 0
DoPaint 0

SUBJECTS_DIR    /out/sourcedata/freesurfer
FREESURFER_HOME /opt/freesurfer
Loading source label.
Found 1199 points in source label.
Starting surface-based mapping
Reading source registration 
 /out/sourcedata/freesurfer/fsaverage/surf/lh.sphere.reg
Rescaling ...  original radius = 100
Reading target surface 
 /out/sourcedata/freesurfer/sub-v2s10x30154_ses-1/surf/lh.white
Reading target registration 
 /out/sourcedata/freesurfer/sub-v2s10x30154_ses-1/surf/lh.sphere.reg
Rescaling ...  original radius = 100
Building target registration hash (res=16).
Building source registration hash (res=16).
INFO: found  1199 nlabel points
Performing mapping from target back to the source label 135582
Number of reverse mapping hits = 117
Checking for and removing duplicates
Writing label file ./lh.perirhinal_exvivo.label 1316
mri_label2label: Done


 mri_label2label --srcsubject fsaverage --srclabel /out/sourcedata/freesurfer/fsaverage/label/lh.FG1.mpm.vpnl.label --trgsubject sub-v2s10x30154_ses-1 --trglabel ./lh.FG1.mpm.vpnl.label --hemi lh --regmethod surface 


srclabel = /out/sourcedata/freesurfer/fsaverage/label/lh.FG1.mpm.vpnl.label
srcsubject = fsaverage
trgsubject = sub-v2s10x30154_ses-1
trglabel = ./lh.FG1.mpm.vpnl.label
regmethod = surface

srchemi = lh
trghemi = lh
trgsurface = white
srcsurfreg = sphere.reg
trgsurfreg = sphere.reg
usehash = 1
Use ProjAbs  = 0, 0
Use ProjFrac = 0, 0
DoPaint 0

SUBJECTS_DIR    /out/sourcedata/freesurfer
FREESURFER_HOME /opt/freesurfer
Loading source label.
Found 414 points in source label.
Starting surface-based mapping
Reading source registration 
 /out/sourcedata/freesurfer/fsaverage/surf/lh.sphere.reg
Rescaling ...  original radius = 100
Reading target surface 
 /out/sourcedata/freesurfer/sub-v2s10x30154_ses-1/surf/lh.white
Reading target registration 
 /out/sourcedata/freesurfer/sub-v2s10x30154_ses-1/surf/lh.sphere.reg
Rescaling ...  original radius = 100
Building target registration hash (res=16).
Building source registration hash (res=16).
INFO: found  414 nlabel points
Performing mapping from target back to the source label 135582
Number of reverse mapping hits = 63
Checking for and removing duplicates
Writing label file ./lh.FG1.mpm.vpnl.label 477
mri_label2label: Done


 mri_label2label --srcsubject fsaverage --srclabel /out/sourcedata/freesurfer/fsaverage/label/lh.FG2.mpm.vpnl.label --trgsubject sub-v2s10x30154_ses-1 --trglabel ./lh.FG2.mpm.vpnl.label --hemi lh --regmethod surface 


srclabel = /out/sourcedata/freesurfer/fsaverage/label/lh.FG2.mpm.vpnl.label
srcsubject = fsaverage
trgsubject = sub-v2s10x30154_ses-1
trglabel = ./lh.FG2.mpm.vpnl.label
regmethod = surface

srchemi = lh
trghemi = lh
trgsurface = white
srcsurfreg = sphere.reg
trgsurfreg = sphere.reg
usehash = 1
Use ProjAbs  = 0, 0
Use ProjFrac = 0, 0
DoPaint 0

SUBJECTS_DIR    /out/sourcedata/freesurfer
FREESURFER_HOME /opt/freesurfer
Loading source label.
Found 703 points in source label.
Starting surface-based mapping
Reading source registration 
 /out/sourcedata/freesurfer/fsaverage/surf/lh.sphere.reg
Rescaling ...  original radius = 100
Reading target surface 
 /out/sourcedata/freesurfer/sub-v2s10x30154_ses-1/surf/lh.white
Reading target registration 
 /out/sourcedata/freesurfer/sub-v2s10x30154_ses-1/surf/lh.sphere.reg
Rescaling ...  original radius = 100
Building target registration hash (res=16).
Building source registration hash (res=16).
INFO: found  703 nlabel points
Performing mapping from target back to the source label 135582
Number of reverse mapping hits = 88
Checking for and removing duplicates
Writing label file ./lh.FG2.mpm.vpnl.label 791
mri_label2label: Done


 mri_label2label --srcsubject fsaverage --srclabel /out/sourcedata/freesurfer/fsaverage/label/lh.FG3.mpm.vpnl.label --trgsubject sub-v2s10x30154_ses-1 --trglabel ./lh.FG3.mpm.vpnl.label --hemi lh --regmethod surface 


srclabel = /out/sourcedata/freesurfer/fsaverage/label/lh.FG3.mpm.vpnl.label
srcsubject = fsaverage
trgsubject = sub-v2s10x30154_ses-1
trglabel = ./lh.FG3.mpm.vpnl.label
regmethod = surface

srchemi = lh
trghemi = lh
trgsurface = white
srcsurfreg = sphere.reg
trgsurfreg = sphere.reg
usehash = 1
Use ProjAbs  = 0, 0
Use ProjFrac = 0, 0
DoPaint 0

SUBJECTS_DIR    /out/sourcedata/freesurfer
FREESURFER_HOME /opt/freesurfer
Loading source label.
Found 1873 points in source label.
Starting surface-based mapping
Reading source registration 
 /out/sourcedata/freesurfer/fsaverage/surf/lh.sphere.reg
Rescaling ...  original radius = 100
Reading target surface 
 /out/sourcedata/freesurfer/sub-v2s10x30154_ses-1/surf/lh.white
Reading target registration 
 /out/sourcedata/freesurfer/sub-v2s10x30154_ses-1/surf/lh.sphere.reg
Rescaling ...  original radius = 100
Building target registration hash (res=16).
Building source registration hash (res=16).
INFO: found  1873 nlabel points
Performing mapping from target back to the source label 135582
Number of reverse mapping hits = 42
Checking for and removing duplicates
Writing label file ./lh.FG3.mpm.vpnl.label 1915
mri_label2label: Done


 mri_label2label --srcsubject fsaverage --srclabel /out/sourcedata/freesurfer/fsaverage/label/lh.FG4.mpm.vpnl.label --trgsubject sub-v2s10x30154_ses-1 --trglabel ./lh.FG4.mpm.vpnl.label --hemi lh --regmethod surface 


srclabel = /out/sourcedata/freesurfer/fsaverage/label/lh.FG4.mpm.vpnl.label
srcsubject = fsaverage
trgsubject = sub-v2s10x30154_ses-1
trglabel = ./lh.FG4.mpm.vpnl.label
regmethod = surface

srchemi = lh
trghemi = lh
trgsurface = white
srcsurfreg = sphere.reg
trgsurfreg = sphere.reg
usehash = 1
Use ProjAbs  = 0, 0
Use ProjFrac = 0, 0
DoPaint 0

SUBJECTS_DIR    /out/sourcedata/freesurfer
FREESURFER_HOME /opt/freesurfer
Loading source label.
Found 2101 points in source label.
Starting surface-based mapping
Reading source registration 
 /out/sourcedata/freesurfer/fsaverage/surf/lh.sphere.reg
Rescaling ...  original radius = 100
Reading target surface 
 /out/sourcedata/freesurfer/sub-v2s10x30154_ses-1/surf/lh.white
Reading target registration 
 /out/sourcedata/freesurfer/sub-v2s10x30154_ses-1/surf/lh.sphere.reg
Rescaling ...  original radius = 100
Building target registration hash (res=16).
Building source registration hash (res=16).
INFO: found  2101 nlabel points
Performing mapping from target back to the source label 135582
Number of reverse mapping hits = 375
Checking for and removing duplicates
Writing label file ./lh.FG4.mpm.vpnl.label 2476
mri_label2label: Done


 mri_label2label --srcsubject fsaverage --srclabel /out/sourcedata/freesurfer/fsaverage/label/lh.hOc1.mpm.vpnl.label --trgsubject sub-v2s10x30154_ses-1 --trglabel ./lh.hOc1.mpm.vpnl.label --hemi lh --regmethod surface 


srclabel = /out/sourcedata/freesurfer/fsaverage/label/lh.hOc1.mpm.vpnl.label
srcsubject = fsaverage
trgsubject = sub-v2s10x30154_ses-1
trglabel = ./lh.hOc1.mpm.vpnl.label
regmethod = surface

srchemi = lh
trghemi = lh
trgsurface = white
srcsurfreg = sphere.reg
trgsurfreg = sphere.reg
usehash = 1
Use ProjAbs  = 0, 0
Use ProjFrac = 0, 0
DoPaint 0

SUBJECTS_DIR    /out/sourcedata/freesurfer
FREESURFER_HOME /opt/freesurfer
Loading source label.
Found 3877 points in source label.
Starting surface-based mapping
Reading source registration 
 /out/sourcedata/freesurfer/fsaverage/surf/lh.sphere.reg
Rescaling ...  original radius = 100
Reading target surface 
 /out/sourcedata/freesurfer/sub-v2s10x30154_ses-1/surf/lh.white
Reading target registration 
 /out/sourcedata/freesurfer/sub-v2s10x30154_ses-1/surf/lh.sphere.reg
Rescaling ...  original radius = 100
Building target registration hash (res=16).
Building source registration hash (res=16).
INFO: found  3877 nlabel points
Performing mapping from target back to the source label 135582
Number of reverse mapping hits = 961
Checking for and removing duplicates
Writing label file ./lh.hOc1.mpm.vpnl.label 4838
mri_label2label: Done


 mri_label2label --srcsubject fsaverage --srclabel /out/sourcedata/freesurfer/fsaverage/label/lh.hOc2.mpm.vpnl.label --trgsubject sub-v2s10x30154_ses-1 --trglabel ./lh.hOc2.mpm.vpnl.label --hemi lh --regmethod surface 


srclabel = /out/sourcedata/freesurfer/fsaverage/label/lh.hOc2.mpm.vpnl.label
srcsubject = fsaverage
trgsubject = sub-v2s10x30154_ses-1
trglabel = ./lh.hOc2.mpm.vpnl.label
regmethod = surface

srchemi = lh
trghemi = lh
trgsurface = white
srcsurfreg = sphere.reg
trgsurfreg = sphere.reg
usehash = 1
Use ProjAbs  = 0, 0
Use ProjFrac = 0, 0
DoPaint 0

SUBJECTS_DIR    /out/sourcedata/freesurfer
FREESURFER_HOME /opt/freesurfer
Loading source label.
Found 2919 points in source label.
Starting surface-based mapping
Reading source registration 
 /out/sourcedata/freesurfer/fsaverage/surf/lh.sphere.reg
Rescaling ...  original radius = 100
Reading target surface 
 /out/sourcedata/freesurfer/sub-v2s10x30154_ses-1/surf/lh.white
Reading target registration 
 /out/sourcedata/freesurfer/sub-v2s10x30154_ses-1/surf/lh.sphere.reg
Rescaling ...  original radius = 100
Building target registration hash (res=16).
Building source registration hash (res=16).
INFO: found  2919 nlabel points
Performing mapping from target back to the source label 135582
Number of reverse mapping hits = 1082
Checking for and removing duplicates
Writing label file ./lh.hOc2.mpm.vpnl.label 4001
mri_label2label: Done


 mri_label2label --srcsubject fsaverage --srclabel /out/sourcedata/freesurfer/fsaverage/label/lh.hOc3v.mpm.vpnl.label --trgsubject sub-v2s10x30154_ses-1 --trglabel ./lh.hOc3v.mpm.vpnl.label --hemi lh --regmethod surface 


srclabel = /out/sourcedata/freesurfer/fsaverage/label/lh.hOc3v.mpm.vpnl.label
srcsubject = fsaverage
trgsubject = sub-v2s10x30154_ses-1
trglabel = ./lh.hOc3v.mpm.vpnl.label
regmethod = surface

srchemi = lh
trghemi = lh
trgsurface = white
srcsurfreg = sphere.reg
trgsurfreg = sphere.reg
usehash = 1
Use ProjAbs  = 0, 0
Use ProjFrac = 0, 0
DoPaint 0

SUBJECTS_DIR    /out/sourcedata/freesurfer
FREESURFER_HOME /opt/freesurfer
Loading source label.
Found 1286 points in source label.
Starting surface-based mapping
Reading source registration 
 /out/sourcedata/freesurfer/fsaverage/surf/lh.sphere.reg
Rescaling ...  original radius = 100
Reading target surface 
 /out/sourcedata/freesurfer/sub-v2s10x30154_ses-1/surf/lh.white
Reading target registration 
 /out/sourcedata/freesurfer/sub-v2s10x30154_ses-1/surf/lh.sphere.reg
Rescaling ...  original radius = 100
Building target registration hash (res=16).
Building source registration hash (res=16).
INFO: found  1286 nlabel points
Performing mapping from target back to the source label 135582
Number of reverse mapping hits = 525
Checking for and removing duplicates
Writing label file ./lh.hOc3v.mpm.vpnl.label 1811
mri_label2label: Done


 mri_label2label --srcsubject fsaverage --srclabel /out/sourcedata/freesurfer/fsaverage/label/lh.hOc4v.mpm.vpnl.label --trgsubject sub-v2s10x30154_ses-1 --trglabel ./lh.hOc4v.mpm.vpnl.label --hemi lh --regmethod surface 


srclabel = /out/sourcedata/freesurfer/fsaverage/label/lh.hOc4v.mpm.vpnl.label
srcsubject = fsaverage
trgsubject = sub-v2s10x30154_ses-1
trglabel = ./lh.hOc4v.mpm.vpnl.label
regmethod = surface

srchemi = lh
trghemi = lh
trgsurface = white
srcsurfreg = sphere.reg
trgsurfreg = sphere.reg
usehash = 1
Use ProjAbs  = 0, 0
Use ProjFrac = 0, 0
DoPaint 0

SUBJECTS_DIR    /out/sourcedata/freesurfer
FREESURFER_HOME /opt/freesurfer
Loading source label.
Found 1006 points in source label.
Starting surface-based mapping
Reading source registration 
 /out/sourcedata/freesurfer/fsaverage/surf/lh.sphere.reg
Rescaling ...  original radius = 100
Reading target surface 
 /out/sourcedata/freesurfer/sub-v2s10x30154_ses-1/surf/lh.white
Reading target registration 
 /out/sourcedata/freesurfer/sub-v2s10x30154_ses-1/surf/lh.sphere.reg
Rescaling ...  original radius = 100
Building target registration hash (res=16).
Building source registration hash (res=16).
INFO: found  1006 nlabel points
Performing mapping from target back to the source label 135582
Number of reverse mapping hits = 337
Checking for and removing duplicates
Writing label file ./lh.hOc4v.mpm.vpnl.label 1343
mri_label2label: Done


 mris_label2annot --s sub-v2s10x30154_ses-1 --ctab /opt/freesurfer/average/colortable_vpnl.txt --hemi lh --a mpm.vpnl --maxstatwinner --noverbose --l lh.FG1.mpm.vpnl.label --l lh.FG2.mpm.vpnl.label --l lh.FG3.mpm.vpnl.label --l lh.FG4.mpm.vpnl.label --l lh.hOc1.mpm.vpnl.label --l lh.hOc2.mpm.vpnl.label --l lh.hOc3v.mpm.vpnl.label --l lh.hOc4v.mpm.vpnl.label 

Reading ctab /opt/freesurfer/average/colortable_vpnl.txt
Number of ctab entries 9

7.3.2
cwd /out/sourcedata/freesurfer/sub-v2s10x30154_ses-1/label
cmdline mris_label2annot --s sub-v2s10x30154_ses-1 --ctab /opt/freesurfer/average/colortable_vpnl.txt --hemi lh --a mpm.vpnl --maxstatwinner --noverbose --l lh.FG1.mpm.vpnl.label --l lh.FG2.mpm.vpnl.label --l lh.FG3.mpm.vpnl.label --l lh.FG4.mpm.vpnl.label --l lh.hOc1.mpm.vpnl.label --l lh.hOc2.mpm.vpnl.label --l lh.hOc3v.mpm.vpnl.label --l lh.hOc4v.mpm.vpnl.label 
sysname  Linux
hostname dna078
machine  x86_64
user     oesteban

subject sub-v2s10x30154_ses-1
hemi    lh
SUBJECTS_DIR /out/sourcedata/freesurfer
ColorTable /opt/freesurfer/average/colortable_vpnl.txt
AnnotName  mpm.vpnl
nlables 8
LabelThresh 0 0.000000
Loading /out/sourcedata/freesurfer/sub-v2s10x30154_ses-1/surf/lh.orig
 1 1376057 FG1
 2 16711935 FG2
 3 16711680 FG3
 4 1705837 FG4
 5 25600 hOc1
 6 255 hOc2
 7 16776960 hOc3v
 8 65535 hOc4v
Mapping unhit to unknown
Found 119571 unhit vertices
Writing annot to /out/sourcedata/freesurfer/sub-v2s10x30154_ses-1/label/lh.mpm.vpnl.annot

 mri_label2label --srcsubject fsaverage --srclabel /out/sourcedata/freesurfer/fsaverage/label/lh.BA1_exvivo.thresh.label --trgsubject sub-v2s10x30154_ses-1 --trglabel ./lh.BA1_exvivo.thresh.label --hemi lh --regmethod surface 


srclabel = /out/sourcedata/freesurfer/fsaverage/label/lh.BA1_exvivo.thresh.label
srcsubject = fsaverage
trgsubject = sub-v2s10x30154_ses-1
trglabel = ./lh.BA1_exvivo.thresh.label
regmethod = surface

srchemi = lh
trghemi = lh
trgsurface = white
srcsurfreg = sphere.reg
trgsurfreg = sphere.reg
usehash = 1
Use ProjAbs  = 0, 0
Use ProjFrac = 0, 0
DoPaint 0

SUBJECTS_DIR    /out/sourcedata/freesurfer
FREESURFER_HOME /opt/freesurfer
Loading source label.
Found 1014 points in source label.
Starting surface-based mapping
Reading source registration 
 /out/sourcedata/freesurfer/fsaverage/surf/lh.sphere.reg
Rescaling ...  original radius = 100
Reading target surface 
 /out/sourcedata/freesurfer/sub-v2s10x30154_ses-1/surf/lh.white
Reading target registration 
 /out/sourcedata/freesurfer/sub-v2s10x30154_ses-1/surf/lh.sphere.reg
Rescaling ...  original radius = 100
Building target registration hash (res=16).
Building source registration hash (res=16).
INFO: found  1014 nlabel points
Performing mapping from target back to the source label 135582
Number of reverse mapping hits = 18
Checking for and removing duplicates
Writing label file ./lh.BA1_exvivo.thresh.label 1032
mri_label2label: Done


 mri_label2label --srcsubject fsaverage --srclabel /out/sourcedata/freesurfer/fsaverage/label/lh.BA2_exvivo.thresh.label --trgsubject sub-v2s10x30154_ses-1 --trglabel ./lh.BA2_exvivo.thresh.label --hemi lh --regmethod surface 


srclabel = /out/sourcedata/freesurfer/fsaverage/label/lh.BA2_exvivo.thresh.label
srcsubject = fsaverage
trgsubject = sub-v2s10x30154_ses-1
trglabel = ./lh.BA2_exvivo.thresh.label
regmethod = surface

srchemi = lh
trghemi = lh
trgsurface = white
srcsurfreg = sphere.reg
trgsurfreg = sphere.reg
usehash = 1
Use ProjAbs  = 0, 0
Use ProjFrac = 0, 0
DoPaint 0

SUBJECTS_DIR    /out/sourcedata/freesurfer
FREESURFER_HOME /opt/freesurfer
Loading source label.
Found 2092 points in source label.
Starting surface-based mapping
Reading source registration 
 /out/sourcedata/freesurfer/fsaverage/surf/lh.sphere.reg
Rescaling ...  original radius = 100
Reading target surface 
 /out/sourcedata/freesurfer/sub-v2s10x30154_ses-1/surf/lh.white
Reading target registration 
 /out/sourcedata/freesurfer/sub-v2s10x30154_ses-1/surf/lh.sphere.reg
Rescaling ...  original radius = 100
Building target registration hash (res=16).
Building source registration hash (res=16).
INFO: found  2092 nlabel points
Performing mapping from target back to the source label 135582
Number of reverse mapping hits = 66
Checking for and removing duplicates
Writing label file ./lh.BA2_exvivo.thresh.label 2158
mri_label2label: Done


 mri_label2label --srcsubject fsaverage --srclabel /out/sourcedata/freesurfer/fsaverage/label/lh.BA3a_exvivo.thresh.label --trgsubject sub-v2s10x30154_ses-1 --trglabel ./lh.BA3a_exvivo.thresh.label --hemi lh --regmethod surface 


srclabel = /out/sourcedata/freesurfer/fsaverage/label/lh.BA3a_exvivo.thresh.label
srcsubject = fsaverage
trgsubject = sub-v2s10x30154_ses-1
trglabel = ./lh.BA3a_exvivo.thresh.label
regmethod = surface

srchemi = lh
trghemi = lh
trgsurface = white
srcsurfreg = sphere.reg
trgsurfreg = sphere.reg
usehash = 1
Use ProjAbs  = 0, 0
Use ProjFrac = 0, 0
DoPaint 0

SUBJECTS_DIR    /out/sourcedata/freesurfer
FREESURFER_HOME /opt/freesurfer
Loading source label.
Found 1504 points in source label.
Starting surface-based mapping
Reading source registration 
 /out/sourcedata/freesurfer/fsaverage/surf/lh.sphere.reg
Rescaling ...  original radius = 100
Reading target surface 
 /out/sourcedata/freesurfer/sub-v2s10x30154_ses-1/surf/lh.white
Reading target registration 
 /out/sourcedata/freesurfer/sub-v2s10x30154_ses-1/surf/lh.sphere.reg
Rescaling ...  original radius = 100
Building target registration hash (res=16).
Building source registration hash (res=16).
INFO: found  1504 nlabel points
Performing mapping from target back to the source label 135582
Number of reverse mapping hits = 6
Checking for and removing duplicates
Writing label file ./lh.BA3a_exvivo.thresh.label 1510
mri_label2label: Done


 mri_label2label --srcsubject fsaverage --srclabel /out/sourcedata/freesurfer/fsaverage/label/lh.BA3b_exvivo.thresh.label --trgsubject sub-v2s10x30154_ses-1 --trglabel ./lh.BA3b_exvivo.thresh.label --hemi lh --regmethod surface 


srclabel = /out/sourcedata/freesurfer/fsaverage/label/lh.BA3b_exvivo.thresh.label
srcsubject = fsaverage
trgsubject = sub-v2s10x30154_ses-1
trglabel = ./lh.BA3b_exvivo.thresh.label
regmethod = surface

srchemi = lh
trghemi = lh
trgsurface = white
srcsurfreg = sphere.reg
trgsurfreg = sphere.reg
usehash = 1
Use ProjAbs  = 0, 0
Use ProjFrac = 0, 0
DoPaint 0

SUBJECTS_DIR    /out/sourcedata/freesurfer
FREESURFER_HOME /opt/freesurfer
Loading source label.
Found 1996 points in source label.
Starting surface-based mapping
Reading source registration 
 /out/sourcedata/freesurfer/fsaverage/surf/lh.sphere.reg
Rescaling ...  original radius = 100
Reading target surface 
 /out/sourcedata/freesurfer/sub-v2s10x30154_ses-1/surf/lh.white
Reading target registration 
 /out/sourcedata/freesurfer/sub-v2s10x30154_ses-1/surf/lh.sphere.reg
Rescaling ...  original radius = 100
Building target registration hash (res=16).
Building source registration hash (res=16).
INFO: found  1996 nlabel points
Performing mapping from target back to the source label 135582
Number of reverse mapping hits = 23
Checking for and removing duplicates
Writing label file ./lh.BA3b_exvivo.thresh.label 2019
mri_label2label: Done


 mri_label2label --srcsubject fsaverage --srclabel /out/sourcedata/freesurfer/fsaverage/label/lh.BA4a_exvivo.thresh.label --trgsubject sub-v2s10x30154_ses-1 --trglabel ./lh.BA4a_exvivo.thresh.label --hemi lh --regmethod surface 


srclabel = /out/sourcedata/freesurfer/fsaverage/label/lh.BA4a_exvivo.thresh.label
srcsubject = fsaverage
trgsubject = sub-v2s10x30154_ses-1
trglabel = ./lh.BA4a_exvivo.thresh.label
regmethod = surface

srchemi = lh
trghemi = lh
trgsurface = white
srcsurfreg = sphere.reg
trgsurfreg = sphere.reg
usehash = 1
Use ProjAbs  = 0, 0
Use ProjFrac = 0, 0
DoPaint 0

SUBJECTS_DIR    /out/sourcedata/freesurfer
FREESURFER_HOME /opt/freesurfer
Loading source label.
Found 2319 points in source label.
Starting surface-based mapping
Reading source registration 
 /out/sourcedata/freesurfer/fsaverage/surf/lh.sphere.reg
Rescaling ...  original radius = 100
Reading target surface 
 /out/sourcedata/freesurfer/sub-v2s10x30154_ses-1/surf/lh.white
Reading target registration 
 /out/sourcedata/freesurfer/sub-v2s10x30154_ses-1/surf/lh.sphere.reg
Rescaling ...  original radius = 100
Building target registration hash (res=16).
Building source registration hash (res=16).
INFO: found  2319 nlabel points
Performing mapping from target back to the source label 135582
Number of reverse mapping hits = 48
Checking for and removing duplicates
Writing label file ./lh.BA4a_exvivo.thresh.label 2367
mri_label2label: Done


 mri_label2label --srcsubject fsaverage --srclabel /out/sourcedata/freesurfer/fsaverage/label/lh.BA4p_exvivo.thresh.label --trgsubject sub-v2s10x30154_ses-1 --trglabel ./lh.BA4p_exvivo.thresh.label --hemi lh --regmethod surface 


srclabel = /out/sourcedata/freesurfer/fsaverage/label/lh.BA4p_exvivo.thresh.label
srcsubject = fsaverage
trgsubject = sub-v2s10x30154_ses-1
trglabel = ./lh.BA4p_exvivo.thresh.label
regmethod = surface

srchemi = lh
trghemi = lh
trgsurface = white
srcsurfreg = sphere.reg
trgsurfreg = sphere.reg
usehash = 1
Use ProjAbs  = 0, 0
Use ProjFrac = 0, 0
DoPaint 0

SUBJECTS_DIR    /out/sourcedata/freesurfer
FREESURFER_HOME /opt/freesurfer
Loading source label.
Found 1549 points in source label.
Starting surface-based mapping
Reading source registration 
 /out/sourcedata/freesurfer/fsaverage/surf/lh.sphere.reg
Rescaling ...  original radius = 100
Reading target surface 
 /out/sourcedata/freesurfer/sub-v2s10x30154_ses-1/surf/lh.white
Reading target registration 
 /out/sourcedata/freesurfer/sub-v2s10x30154_ses-1/surf/lh.sphere.reg
Rescaling ...  original radius = 100
Building target registration hash (res=16).
Building source registration hash (res=16).
INFO: found  1549 nlabel points
Performing mapping from target back to the source label 135582
Number of reverse mapping hits = 10
Checking for and removing duplicates
Writing label file ./lh.BA4p_exvivo.thresh.label 1559
mri_label2label: Done


 mri_label2label --srcsubject fsaverage --srclabel /out/sourcedata/freesurfer/fsaverage/label/lh.BA6_exvivo.thresh.label --trgsubject sub-v2s10x30154_ses-1 --trglabel ./lh.BA6_exvivo.thresh.label --hemi lh --regmethod surface 


srclabel = /out/sourcedata/freesurfer/fsaverage/label/lh.BA6_exvivo.thresh.label
srcsubject = fsaverage
trgsubject = sub-v2s10x30154_ses-1
trglabel = ./lh.BA6_exvivo.thresh.label
regmethod = surface

srchemi = lh
trghemi = lh
trgsurface = white
srcsurfreg = sphere.reg
trgsurfreg = sphere.reg
usehash = 1
Use ProjAbs  = 0, 0
Use ProjFrac = 0, 0
DoPaint 0

SUBJECTS_DIR    /out/sourcedata/freesurfer
FREESURFER_HOME /opt/freesurfer
Loading source label.
Found 7035 points in source label.
Starting surface-based mapping
Reading source registration 
 /out/sourcedata/freesurfer/fsaverage/surf/lh.sphere.reg
Rescaling ...  original radius = 100
Reading target surface 
 /out/sourcedata/freesurfer/sub-v2s10x30154_ses-1/surf/lh.white
Reading target registration 
 /out/sourcedata/freesurfer/sub-v2s10x30154_ses-1/surf/lh.sphere.reg
Rescaling ...  original radius = 100
Building target registration hash (res=16).
Building source registration hash (res=16).
INFO: found  7035 nlabel points
Performing mapping from target back to the source label 135582
Number of reverse mapping hits = 98
Checking for and removing duplicates
Writing label file ./lh.BA6_exvivo.thresh.label 7133
mri_label2label: Done


 mri_label2label --srcsubject fsaverage --srclabel /out/sourcedata/freesurfer/fsaverage/label/lh.BA44_exvivo.thresh.label --trgsubject sub-v2s10x30154_ses-1 --trglabel ./lh.BA44_exvivo.thresh.label --hemi lh --regmethod surface 


srclabel = /out/sourcedata/freesurfer/fsaverage/label/lh.BA44_exvivo.thresh.label
srcsubject = fsaverage
trgsubject = sub-v2s10x30154_ses-1
trglabel = ./lh.BA44_exvivo.thresh.label
regmethod = surface

srchemi = lh
trghemi = lh
trgsurface = white
srcsurfreg = sphere.reg
trgsurfreg = sphere.reg
usehash = 1
Use ProjAbs  = 0, 0
Use ProjFrac = 0, 0
DoPaint 0

SUBJECTS_DIR    /out/sourcedata/freesurfer
FREESURFER_HOME /opt/freesurfer
Loading source label.
Found 1912 points in source label.
Starting surface-based mapping
Reading source registration 
 /out/sourcedata/freesurfer/fsaverage/surf/lh.sphere.reg
Rescaling ...  original radius = 100
Reading target surface 
 /out/sourcedata/freesurfer/sub-v2s10x30154_ses-1/surf/lh.white
Reading target registration 
 /out/sourcedata/freesurfer/sub-v2s10x30154_ses-1/surf/lh.sphere.reg
Rescaling ...  original radius = 100
Building target registration hash (res=16).
Building source registration hash (res=16).
INFO: found  1912 nlabel points
Performing mapping from target back to the source label 135582
Number of reverse mapping hits = 56
Checking for and removing duplicates
Writing label file ./lh.BA44_exvivo.thresh.label 1968
mri_label2label: Done


 mri_label2label --srcsubject fsaverage --srclabel /out/sourcedata/freesurfer/fsaverage/label/lh.BA45_exvivo.thresh.label --trgsubject sub-v2s10x30154_ses-1 --trglabel ./lh.BA45_exvivo.thresh.label --hemi lh --regmethod surface 


srclabel = /out/sourcedata/freesurfer/fsaverage/label/lh.BA45_exvivo.thresh.label
srcsubject = fsaverage
trgsubject = sub-v2s10x30154_ses-1
trglabel = ./lh.BA45_exvivo.thresh.label
regmethod = surface

srchemi = lh
trghemi = lh
trgsurface = white
srcsurfreg = sphere.reg
trgsurfreg = sphere.reg
usehash = 1
Use ProjAbs  = 0, 0
Use ProjFrac = 0, 0
DoPaint 0

SUBJECTS_DIR    /out/sourcedata/freesurfer
FREESURFER_HOME /opt/freesurfer
Loading source label.
Found 1151 points in source label.
Starting surface-based mapping
Reading source registration 
 /out/sourcedata/freesurfer/fsaverage/surf/lh.sphere.reg
Rescaling ...  original radius = 100
Reading target surface 
 /out/sourcedata/freesurfer/sub-v2s10x30154_ses-1/surf/lh.white
Reading target registration 
 /out/sourcedata/freesurfer/sub-v2s10x30154_ses-1/surf/lh.sphere.reg
Rescaling ...  original radius = 100
Building target registration hash (res=16).
Building source registration hash (res=16).
INFO: found  1151 nlabel points
Performing mapping from target back to the source label 135582
Number of reverse mapping hits = 321
Checking for and removing duplicates
Writing label file ./lh.BA45_exvivo.thresh.label 1472
mri_label2label: Done


 mri_label2label --srcsubject fsaverage --srclabel /out/sourcedata/freesurfer/fsaverage/label/lh.V1_exvivo.thresh.label --trgsubject sub-v2s10x30154_ses-1 --trglabel ./lh.V1_exvivo.thresh.label --hemi lh --regmethod surface 


srclabel = /out/sourcedata/freesurfer/fsaverage/label/lh.V1_exvivo.thresh.label
srcsubject = fsaverage
trgsubject = sub-v2s10x30154_ses-1
trglabel = ./lh.V1_exvivo.thresh.label
regmethod = surface

srchemi = lh
trghemi = lh
trgsurface = white
srcsurfreg = sphere.reg
trgsurfreg = sphere.reg
usehash = 1
Use ProjAbs  = 0, 0
Use ProjFrac = 0, 0
DoPaint 0

SUBJECTS_DIR    /out/sourcedata/freesurfer
FREESURFER_HOME /opt/freesurfer
Loading source label.
Found 3405 points in source label.
Starting surface-based mapping
Reading source registration 
 /out/sourcedata/freesurfer/fsaverage/surf/lh.sphere.reg
Rescaling ...  original radius = 100
Reading target surface 
 /out/sourcedata/freesurfer/sub-v2s10x30154_ses-1/surf/lh.white
Reading target registration 
 /out/sourcedata/freesurfer/sub-v2s10x30154_ses-1/surf/lh.sphere.reg
Rescaling ...  original radius = 100
Building target registration hash (res=16).
Building source registration hash (res=16).
INFO: found  3405 nlabel points
Performing mapping from target back to the source label 135582
Number of reverse mapping hits = 768
Checking for and removing duplicates
Writing label file ./lh.V1_exvivo.thresh.label 4173
mri_label2label: Done


 mri_label2label --srcsubject fsaverage --srclabel /out/sourcedata/freesurfer/fsaverage/label/lh.V2_exvivo.thresh.label --trgsubject sub-v2s10x30154_ses-1 --trglabel ./lh.V2_exvivo.thresh.label --hemi lh --regmethod surface 


srclabel = /out/sourcedata/freesurfer/fsaverage/label/lh.V2_exvivo.thresh.label
srcsubject = fsaverage
trgsubject = sub-v2s10x30154_ses-1
trglabel = ./lh.V2_exvivo.thresh.label
regmethod = surface

srchemi = lh
trghemi = lh
trgsurface = white
srcsurfreg = sphere.reg
trgsurfreg = sphere.reg
usehash = 1
Use ProjAbs  = 0, 0
Use ProjFrac = 0, 0
DoPaint 0

SUBJECTS_DIR    /out/sourcedata/freesurfer
FREESURFER_HOME /opt/freesurfer
Loading source label.
Found 3334 points in source label.
Starting surface-based mapping
Reading source registration 
 /out/sourcedata/freesurfer/fsaverage/surf/lh.sphere.reg
Rescaling ...  original radius = 100
Reading target surface 
 /out/sourcedata/freesurfer/sub-v2s10x30154_ses-1/surf/lh.white
Reading target registration 
 /out/sourcedata/freesurfer/sub-v2s10x30154_ses-1/surf/lh.sphere.reg
Rescaling ...  original radius = 100
Building target registration hash (res=16).
Building source registration hash (res=16).
INFO: found  3334 nlabel points
Performing mapping from target back to the source label 135582
Number of reverse mapping hits = 1226
Checking for and removing duplicates
Writing label file ./lh.V2_exvivo.thresh.label 4560
mri_label2label: Done


 mri_label2label --srcsubject fsaverage --srclabel /out/sourcedata/freesurfer/fsaverage/label/lh.MT_exvivo.thresh.label --trgsubject sub-v2s10x30154_ses-1 --trglabel ./lh.MT_exvivo.thresh.label --hemi lh --regmethod surface 


srclabel = /out/sourcedata/freesurfer/fsaverage/label/lh.MT_exvivo.thresh.label
srcsubject = fsaverage
trgsubject = sub-v2s10x30154_ses-1
trglabel = ./lh.MT_exvivo.thresh.label
regmethod = surface

srchemi = lh
trghemi = lh
trgsurface = white
srcsurfreg = sphere.reg
trgsurfreg = sphere.reg
usehash = 1
Use ProjAbs  = 0, 0
Use ProjFrac = 0, 0
DoPaint 0

SUBJECTS_DIR    /out/sourcedata/freesurfer
FREESURFER_HOME /opt/freesurfer
Loading source label.
Found 513 points in source label.
Starting surface-based mapping
Reading source registration 
 /out/sourcedata/freesurfer/fsaverage/surf/lh.sphere.reg
Rescaling ...  original radius = 100
Reading target surface 
 /out/sourcedata/freesurfer/sub-v2s10x30154_ses-1/surf/lh.white
Reading target registration 
 /out/sourcedata/freesurfer/sub-v2s10x30154_ses-1/surf/lh.sphere.reg
Rescaling ...  original radius = 100
Building target registration hash (res=16).
Building source registration hash (res=16).
INFO: found  513 nlabel points
Performing mapping from target back to the source label 135582
Number of reverse mapping hits = 100
Checking for and removing duplicates
Writing label file ./lh.MT_exvivo.thresh.label 613
mri_label2label: Done


 mri_label2label --srcsubject fsaverage --srclabel /out/sourcedata/freesurfer/fsaverage/label/lh.entorhinal_exvivo.thresh.label --trgsubject sub-v2s10x30154_ses-1 --trglabel ./lh.entorhinal_exvivo.thresh.label --hemi lh --regmethod surface 


srclabel = /out/sourcedata/freesurfer/fsaverage/label/lh.entorhinal_exvivo.thresh.label
srcsubject = fsaverage
trgsubject = sub-v2s10x30154_ses-1
trglabel = ./lh.entorhinal_exvivo.thresh.label
regmethod = surface

srchemi = lh
trghemi = lh
trgsurface = white
srcsurfreg = sphere.reg
trgsurfreg = sphere.reg
usehash = 1
Use ProjAbs  = 0, 0
Use ProjFrac = 0, 0
DoPaint 0

SUBJECTS_DIR    /out/sourcedata/freesurfer
FREESURFER_HOME /opt/freesurfer
Loading source label.
Found 470 points in source label.
Starting surface-based mapping
Reading source registration 
 /out/sourcedata/freesurfer/fsaverage/surf/lh.sphere.reg
Rescaling ...  original radius = 100
Reading target surface 
 /out/sourcedata/freesurfer/sub-v2s10x30154_ses-1/surf/lh.white
Reading target registration 
 /out/sourcedata/freesurfer/sub-v2s10x30154_ses-1/surf/lh.sphere.reg
Rescaling ...  original radius = 100
Building target registration hash (res=16).
Building source registration hash (res=16).
INFO: found  470 nlabel points
Performing mapping from target back to the source label 135582
Number of reverse mapping hits = 40
Checking for and removing duplicates
Writing label file ./lh.entorhinal_exvivo.thresh.label 510
mri_label2label: Done


 mri_label2label --srcsubject fsaverage --srclabel /out/sourcedata/freesurfer/fsaverage/label/lh.perirhinal_exvivo.thresh.label --trgsubject sub-v2s10x30154_ses-1 --trglabel ./lh.perirhinal_exvivo.thresh.label --hemi lh --regmethod surface 


srclabel = /out/sourcedata/freesurfer/fsaverage/label/lh.perirhinal_exvivo.thresh.label
srcsubject = fsaverage
trgsubject = sub-v2s10x30154_ses-1
trglabel = ./lh.perirhinal_exvivo.thresh.label
regmethod = surface

srchemi = lh
trghemi = lh
trgsurface = white
srcsurfreg = sphere.reg
trgsurfreg = sphere.reg
usehash = 1
Use ProjAbs  = 0, 0
Use ProjFrac = 0, 0
DoPaint 0

SUBJECTS_DIR    /out/sourcedata/freesurfer
FREESURFER_HOME /opt/freesurfer
Loading source label.
Found 450 points in source label.
Starting surface-based mapping
Reading source registration 
 /out/sourcedata/freesurfer/fsaverage/surf/lh.sphere.reg
Rescaling ...  original radius = 100
Reading target surface 
 /out/sourcedata/freesurfer/sub-v2s10x30154_ses-1/surf/lh.white
Reading target registration 
 /out/sourcedata/freesurfer/sub-v2s10x30154_ses-1/surf/lh.sphere.reg
Rescaling ...  original radius = 100
Building target registration hash (res=16).
Building source registration hash (res=16).
INFO: found  450 nlabel points
Performing mapping from target back to the source label 135582
Number of reverse mapping hits = 52
Checking for and removing duplicates
Writing label file ./lh.perirhinal_exvivo.thresh.label 502
mri_label2label: Done


 mris_label2annot --s sub-v2s10x30154_ses-1 --hemi lh --ctab /opt/freesurfer/average/colortable_BA.txt --l lh.BA1_exvivo.label --l lh.BA2_exvivo.label --l lh.BA3a_exvivo.label --l lh.BA3b_exvivo.label --l lh.BA4a_exvivo.label --l lh.BA4p_exvivo.label --l lh.BA6_exvivo.label --l lh.BA44_exvivo.label --l lh.BA45_exvivo.label --l lh.V1_exvivo.label --l lh.V2_exvivo.label --l lh.MT_exvivo.label --l lh.perirhinal_exvivo.label --l lh.entorhinal_exvivo.label --a BA_exvivo --maxstatwinner --noverbose 

Reading ctab /opt/freesurfer/average/colortable_BA.txt
Number of ctab entries 15

7.3.2
cwd /out/sourcedata/freesurfer/sub-v2s10x30154_ses-1/label
cmdline mris_label2annot --s sub-v2s10x30154_ses-1 --hemi lh --ctab /opt/freesurfer/average/colortable_BA.txt --l lh.BA1_exvivo.label --l lh.BA2_exvivo.label --l lh.BA3a_exvivo.label --l lh.BA3b_exvivo.label --l lh.BA4a_exvivo.label --l lh.BA4p_exvivo.label --l lh.BA6_exvivo.label --l lh.BA44_exvivo.label --l lh.BA45_exvivo.label --l lh.V1_exvivo.label --l lh.V2_exvivo.label --l lh.MT_exvivo.label --l lh.perirhinal_exvivo.label --l lh.entorhinal_exvivo.label --a BA_exvivo --maxstatwinner --noverbose 
sysname  Linux
hostname dna078
machine  x86_64
user     oesteban

subject sub-v2s10x30154_ses-1
hemi    lh
SUBJECTS_DIR /out/sourcedata/freesurfer
ColorTable /opt/freesurfer/average/colortable_BA.txt
AnnotName  BA_exvivo
nlables 14
LabelThresh 0 0.000000
Loading /out/sourcedata/freesurfer/sub-v2s10x30154_ses-1/surf/lh.orig
 1 1530880 BA1_exvivo
 2 16749699 BA2_exvivo
 3 16711680 BA3a_exvivo
 4 3368703 BA3b_exvivo
 5 1376196 BA4a_exvivo
 6 13382655 BA4p_exvivo
 7 10036737 BA6_exvivo
 8 2490521 BA44_exvivo
 9 39283 BA45_exvivo
10 3993 V1_exvivo
11 8508928 V2_exvivo
12 10027163 MT_exvivo
13 16422433 perirhinal_exvivo
14 16392598 entorhinal_exvivo
Mapping unhit to unknown
Found 94424 unhit vertices
Writing annot to /out/sourcedata/freesurfer/sub-v2s10x30154_ses-1/label/lh.BA_exvivo.annot

 mris_label2annot --s sub-v2s10x30154_ses-1 --hemi lh --ctab /opt/freesurfer/average/colortable_BA.txt --l lh.BA1_exvivo.thresh.label --l lh.BA2_exvivo.thresh.label --l lh.BA3a_exvivo.thresh.label --l lh.BA3b_exvivo.thresh.label --l lh.BA4a_exvivo.thresh.label --l lh.BA4p_exvivo.thresh.label --l lh.BA6_exvivo.thresh.label --l lh.BA44_exvivo.thresh.label --l lh.BA45_exvivo.thresh.label --l lh.V1_exvivo.thresh.label --l lh.V2_exvivo.thresh.label --l lh.MT_exvivo.thresh.label --l lh.perirhinal_exvivo.thresh.label --l lh.entorhinal_exvivo.thresh.label --a BA_exvivo.thresh --maxstatwinner --noverbose 

Reading ctab /opt/freesurfer/average/colortable_BA.txt
Number of ctab entries 15

7.3.2
cwd /out/sourcedata/freesurfer/sub-v2s10x30154_ses-1/label
cmdline mris_label2annot --s sub-v2s10x30154_ses-1 --hemi lh --ctab /opt/freesurfer/average/colortable_BA.txt --l lh.BA1_exvivo.thresh.label --l lh.BA2_exvivo.thresh.label --l lh.BA3a_exvivo.thresh.label --l lh.BA3b_exvivo.thresh.label --l lh.BA4a_exvivo.thresh.label --l lh.BA4p_exvivo.thresh.label --l lh.BA6_exvivo.thresh.label --l lh.BA44_exvivo.thresh.label --l lh.BA45_exvivo.thresh.label --l lh.V1_exvivo.thresh.label --l lh.V2_exvivo.thresh.label --l lh.MT_exvivo.thresh.label --l lh.perirhinal_exvivo.thresh.label --l lh.entorhinal_exvivo.thresh.label --a BA_exvivo.thresh --maxstatwinner --noverbose 
sysname  Linux
hostname dna078
machine  x86_64
user     oesteban

subject sub-v2s10x30154_ses-1
hemi    lh
SUBJECTS_DIR /out/sourcedata/freesurfer
ColorTable /opt/freesurfer/average/colortable_BA.txt
AnnotName  BA_exvivo.thresh
nlables 14
LabelThresh 0 0.000000
Loading /out/sourcedata/freesurfer/sub-v2s10x30154_ses-1/surf/lh.orig
 1 1530880 BA1_exvivo
 2 16749699 BA2_exvivo
 3 16711680 BA3a_exvivo
 4 3368703 BA3b_exvivo
 5 1376196 BA4a_exvivo
 6 13382655 BA4p_exvivo
 7 10036737 BA6_exvivo
 8 2490521 BA44_exvivo
 9 39283 BA45_exvivo
10 3993 V1_exvivo
11 8508928 V2_exvivo
12 10027163 MT_exvivo
13 16422433 perirhinal_exvivo
14 16392598 entorhinal_exvivo
Mapping unhit to unknown
Found 111699 unhit vertices
Writing annot to /out/sourcedata/freesurfer/sub-v2s10x30154_ses-1/label/lh.BA_exvivo.thresh.annot

 mris_anatomical_stats -th3 -mgz -noglobal -f ../stats/lh.BA_exvivo.stats -b -a ./lh.BA_exvivo.annot -c ./BA_exvivo.ctab sub-v2s10x30154_ses-1 lh white 

computing statistics for each annotation in ./lh.BA_exvivo.annot.
reading volume /out/sourcedata/freesurfer/sub-v2s10x30154_ses-1/mri/wm.mgz...
reading input surface /out/sourcedata/freesurfer/sub-v2s10x30154_ses-1/surf/lh.white...
reading input pial surface /out/sourcedata/freesurfer/sub-v2s10x30154_ses-1/surf/lh.pial...
reading input white surface /out/sourcedata/freesurfer/sub-v2s10x30154_ses-1/surf/lh.white...
INFO: using TH3 volume calc
INFO: assuming MGZ format for volumes.
INFO: not computing global stats
Using TH3 vertex volume calc
Total face volume 282908
Total vertex volume 282691 (mask=0)
Saving annotation colortable ./BA_exvivo.ctab

table columns are:
    number of vertices
    total surface area (mm^2)
    total gray matter volume (mm^3)
    average cortical thickness +- standard deviation (mm)
    integrated rectified mean curvature
    integrated rectified Gaussian curvature
    folding index
    intrinsic curvature index
    structure name

 1086    675   2267  2.508 0.629     0.130     0.022       16     1.1  BA1_exvivo
 4136   2725   7504  2.586 0.529     0.088     0.011       24     2.1  BA2_exvivo
  993    676    994  1.899 0.512     0.121     0.018        7     0.7  BA3a_exvivo
 2220   1476   3530  2.088 0.833     0.087     0.013       14     1.2  BA3b_exvivo
 1585    954   3586  3.085 0.445     0.090     0.013        9     0.9  BA4a_exvivo
 1188    788   1967  2.619 0.509     0.092     0.018        6     0.9  BA4p_exvivo
 8177   5938  21854  3.082 0.596     0.116     0.021       81     7.1  BA6_exvivo
 2169   1491   5453  3.099 0.439     0.095     0.016       18     1.6  BA44_exvivo
 3430   2438   7620  2.638 0.570     0.106     0.018       38     2.7  BA45_exvivo
 3582   2376   4602  1.890 0.543     0.123     0.025       38     3.8  V1_exvivo
 8860   5977  15108  2.314 0.567     0.134     0.029      110    11.1  V2_exvivo
 2210   1523   4438  2.721 0.512     0.110     0.018       20     1.7  MT_exvivo
  842    606   2865  3.787 0.738     0.108     0.019        9     0.7  perirhinal_exvivo
  680    419   1903  3.372 1.042     0.102     0.033        6     0.8  entorhinal_exvivo

 mris_anatomical_stats -th3 -mgz -f ../stats/lh.BA_exvivo.thresh.stats -noglobal -b -a ./lh.BA_exvivo.thresh.annot -c ./BA_exvivo.thresh.ctab sub-v2s10x30154_ses-1 lh white 

computing statistics for each annotation in ./lh.BA_exvivo.thresh.annot.
reading volume /out/sourcedata/freesurfer/sub-v2s10x30154_ses-1/mri/wm.mgz...
reading input surface /out/sourcedata/freesurfer/sub-v2s10x30154_ses-1/surf/lh.white...
reading input pial surface /out/sourcedata/freesurfer/sub-v2s10x30154_ses-1/surf/lh.pial...
reading input white surface /out/sourcedata/freesurfer/sub-v2s10x30154_ses-1/surf/lh.white...
INFO: using TH3 volume calc
INFO: assuming MGZ format for volumes.
INFO: not computing global stats
Using TH3 vertex volume calc
Total face volume 282908
Total vertex volume 282691 (mask=0)
Saving annotation colortable ./BA_exvivo.thresh.ctab

table columns are:
    number of vertices
    total surface area (mm^2)
    total gray matter volume (mm^3)
    average cortical thickness +- standard deviation (mm)
    integrated rectified mean curvature
    integrated rectified Gaussian curvature
    folding index
    intrinsic curvature index
    structure name

  691    408   1445  2.482 0.531     0.129     0.022        9     0.6  BA1_exvivo
 1526   1015   2878  2.517 0.485     0.083     0.012        7     0.8  BA2_exvivo
  821    560    766  1.859 0.492     0.128     0.021        6     0.7  BA3a_exvivo
 1347    884   1511  1.613 0.446     0.064     0.008        4     0.4  BA3b_exvivo
 1550    934   3382  3.055 0.440     0.086     0.012        8     0.8  BA4a_exvivo
  965    648   1583  2.563 0.540     0.093     0.019        5     0.8  BA4p_exvivo
 4599   3278  12158  3.055 0.593     0.111     0.020       42     3.9  BA6_exvivo
 1415    974   3623  3.121 0.383     0.097     0.017       13     1.1  BA44_exvivo
 1354    971   3297  2.706 0.623     0.107     0.018       16     0.9  BA45_exvivo
 3858   2543   5114  1.935 0.575     0.122     0.025       40     4.0  V1_exvivo
 4375   2936   7015  2.179 0.556     0.143     0.033       61     6.2  V2_exvivo
  583    394    900  2.656 0.449     0.084     0.015        2     0.3  MT_exvivo
  363    264   1318  4.144 0.506     0.126     0.025        4     0.4  perirhinal_exvivo
  436    292   1208  3.569 0.948     0.101     0.030        3     0.6  entorhinal_exvivo

Started at Sun Mar 15 13:01:21 CET 2026 
Ended   at Sun Mar 15 13:03:33 CET 2026
#@#%# recon-all-run-time-hours 0.037
recon-all -s sub-v2s10x30154_ses-1 finished without error at Sun Mar 15 13:03:33 CET 2026
